2026-09-07 12:12:00.288 UTC [1102] LOG:  execute <unnamed>: select "id", "expires_at", "token", "created_at", "updated_at", "ip_address", "user_agent", "user_id", "active_organization_id" from "sessions" where "sessions"."token" = $1
2026-09-07 12:12:00.289 UTC [1102] LOG:  execute <unnamed>: select "id", "name", "email", "email_verified", "image", "created_at", "updated_at", "two_factor_enabled", "onboarding_completed_at" from "users" where "users"."id" = $1
2026-09-07 12:12:00.290 UTC [1102] LOG:  execute <unnamed>: select "id", "public_key", "private_key", "created_at", "expires_at" from "jwkss" limit $1
2026-09-07 12:12:00.292 UTC [1102] LOG:  execute <unnamed>: select "id", "expires_at", "token", "created_at", "updated_at", "ip_address", "user_agent", "user_id", "active_organization_id" from "sessions" where "sessions"."token" = $1
2026-09-07 12:12:00.293 UTC [1102] LOG:  execute <unnamed>: select "id", "name", "email", "email_verified", "image", "created_at", "updated_at", "two_factor_enabled", "onboarding_completed_at" from "users" where "users"."id" = $1
2026-09-07 12:12:00.295 UTC [1102] LOG:  execute <unnamed>: select "id", "public_key", "private_key", "created_at", "expires_at" from "jwkss" limit $1
2026-09-07 12:12:00.296 UTC [1102] LOG:  execute <unnamed>: select "organizations"."id" from "organizations" inner join "members" on (("members"."organization_id" = "organizations"."id") and ("members"."user_id" = $1)) where "organizations"."slug" = $2 limit $3
2026-09-07 12:12:00.297 UTC [1102] LOG:  statement: begin
2026-09-07 12:12:00.298 UTC [1102] LOG:  execute <unnamed>: select set_config('app.organization_id', $1, true)
2026-09-07 12:12:00.299 UTC [1102] LOG:  execute <unnamed>: select "id", "org_id", "slug", "display_name", "workspace_repository_url", "github_connection_id", "desired_generation", "desired_sha", "active_projection_url", "active_projection_sha", "indexed_sha", "write_status", "hydrate_status", "hydrate_error", "last_job_at", "hydrate_phases", "read_only_reason", "created_at", "updated_at" from "workspaces" where (("workspaces"."org_id" = $1) and ("workspaces"."slug" = $2)) limit $3
2026-09-07 12:12:00.300 UTC [1102] LOG:  statement: commit
2026-09-07 12:12:00.301 UTC [1102] LOG:  statement: begin
2026-09-07 12:12:00.302 UTC [1102] LOG:  execute <unnamed>: select set_config('app.organization_id', $1, true)
2026-09-07 12:12:00.303 UTC [1102] LOG:  execute <unnamed>: select "id", "org_id", "slug", "display_name", "workspace_repository_url", "github_connection_id", "desired_generation", "desired_sha", "active_projection_url", "active_projection_sha", "indexed_sha", "write_status", "hydrate_status", "hydrate_error", "last_job_at", "hydrate_phases", "read_only_reason", "created_at", "updated_at" from "workspaces" where (("workspaces"."org_id" = $1) and ("workspaces"."id" = $2)) limit $3
2026-09-07 12:12:00.304 UTC [1102] LOG:  execute <unnamed>: select "id", "org_id", "workspace_id", "git_url", "desired_ref", "desired_sha", "indexed_sha", "created_at" from "workspace_linked_repositories" where "workspace_linked_repositories"."workspace_id" = $1 order by "workspace_linked_repositories"."created_at"
2026-09-07 12:12:00.305 UTC [1102] LOG:  statement: commit
2026-09-07 12:12:00.305 UTC [1102] LOG:  statement: begin
2026-09-07 12:12:00.306 UTC [1102] LOG:  execute <unnamed>: select set_config('app.organization_id', $1, true)
2026-09-07 12:12:00.307 UTC [1102] LOG:  execute <unnamed>: select "commit_sha" from "workspace_write_jobs" where (("workspace_write_jobs"."workspace_id" = $1) and ("workspace_write_jobs"."kind" = $2) and (("workspace_write_jobs"."commit_sha" is not null))) order by "workspace_write_jobs"."created_at" asc limit $3
2026-09-07 12:12:00.308 UTC [1102] LOG:  statement: commit
2026-09-07 12:12:00.311 UTC [1102] LOG:  execute <unnamed>: select "id", "expires_at", "token", "created_at", "updated_at", "ip_address", "user_agent", "user_id", "active_organization_id" from "sessions" where "sessions"."token" = $1
2026-09-07 12:12:00.314 UTC [1102] LOG:  execute <unnamed>: select "id", "name", "email", "email_verified", "image", "created_at", "updated_at", "two_factor_enabled", "onboarding_completed_at" from "users" where "users"."id" = $1
2026-09-07 12:12:00.315 UTC [1102] LOG:  execute <unnamed>: select "id", "public_key", "private_key", "created_at", "expires_at" from "jwkss" limit $1
2026-09-07 12:12:00.317 UTC [1102] LOG:  execute <unnamed>: select "id", "expires_at", "token", "created_at", "updated_at", "ip_address", "user_agent", "user_id", "active_organization_id" from "sessions" where "sessions"."token" = $1
2026-09-07 12:12:00.318 UTC [1102] LOG:  execute <unnamed>: select "id", "name", "email", "email_verified", "image", "created_at", "updated_at", "two_factor_enabled", "onboarding_completed_at" from "users" where "users"."id" = $1
2026-09-07 12:12:00.319 UTC [1102] LOG:  execute <unnamed>: select "id", "public_key", "private_key", "created_at", "expires_at" from "jwkss" limit $1
2026-09-07 12:12:00.321 UTC [1102] LOG:  execute <unnamed>: select "organizations"."id" from "organizations" inner join "members" on (("members"."organization_id" = "organizations"."id") and ("members"."user_id" = $1)) where "organizations"."slug" = $2 limit $3
2026-09-07 12:12:00.322 UTC [1102] LOG:  statement: begin
2026-09-07 12:12:00.323 UTC [1102] LOG:  execute <unnamed>: select set_config('app.organization_id', $1, true)
2026-09-07 12:12:00.324 UTC [1102] LOG:  execute <unnamed>: select "id" from "workspaces" where (("workspaces"."id" = $1) and ("workspaces"."org_id" = $2)) limit $3
2026-09-07 12:12:00.325 UTC [1102] LOG:  execute <unnamed>: select "id", "org_id", "user_id", "workspace_id", "name", "source", "last_branch", "last_chat_pr_number", "last_message_at", "created_at", "updated_at" from "conversations" where (("conversations"."id" = $1) and ("conversations"."org_id" = $2) and ("conversations"."user_id" = $3)) limit $4
2026-09-07 12:12:00.326 UTC [1102] LOG:  execute <unnamed>: select "id" from "conversations" where (("conversations"."id" = $1) and ("conversations"."org_id" = $2)) limit $3
2026-09-07 12:12:00.326 UTC [1102] LOG:  execute <unnamed>: insert into "conversations" ("id", "org_id", "user_id", "workspace_id", "name", "source", "last_branch", "last_chat_pr_number", "last_message_at", "created_at", "updated_at") values ($1, $2, $3, $4, $5, $6, default, default, default, default, default) returning "id", "org_id", "user_id", "workspace_id", "name", "source", "last_branch", "last_chat_pr_number", "last_message_at", "created_at", "updated_at"
2026-09-07 12:12:00.327 UTC [1102] LOG:  statement: commit
2026-09-07 12:12:00.328 UTC [1102] LOG:  statement: begin
2026-09-07 12:12:00.328 UTC [1102] LOG:  execute <unnamed>: select set_config('app.organization_id', $1, true)
2026-09-07 12:12:00.328 UTC [1102] LOG:  execute <unnamed>: select "id", "org_id", "slug", "display_name", "workspace_repository_url", "github_connection_id", "desired_generation", "desired_sha", "active_projection_url", "active_projection_sha", "indexed_sha", "write_status", "hydrate_status", "hydrate_error", "last_job_at", "hydrate_phases", "read_only_reason", "created_at", "updated_at" from "workspaces" where (("workspaces"."org_id" = $1) and ("workspaces"."id" = $2)) limit $3
2026-09-07 12:12:00.329 UTC [1102] LOG:  statement: commit
2026-09-07 12:12:00.330 UTC [1102] LOG:  statement: begin
2026-09-07 12:12:00.330 UTC [1102] LOG:  execute <unnamed>: select set_config('app.organization_id', $1, true)
2026-09-07 12:12:00.331 UTC [1102] LOG:  execute <unnamed>: update "conversations" set "last_branch" = $1, "updated_at" = $2 where (("conversations"."id" = $3) and ("conversations"."org_id" = $4) and ("conversations"."user_id" = $5))
2026-09-07 12:12:00.331 UTC [1102] LOG:  statement: commit
2026-09-07 12:12:00.332 UTC [1102] LOG:  statement: begin
2026-09-07 12:12:00.335 UTC [1102] LOG:  execute <unnamed>: select set_config('app.organization_id', $1, true)
2026-09-07 12:12:00.336 UTC [1102] LOG:  execute <unnamed>: select "id", "kind", "org_id", "workspace_id", "conversation_id", "desired_url", "desired_generation", "desired_sha", "provider", "provider_sandbox_id", "latest_snapshot_id", "latest_run_id", "state", "last_heartbeat_at", "created_at", "updated_at" from "workspace_sandbox_instances" where (("workspace_sandbox_instances"."conversation_id" = $1) and ("workspace_sandbox_instances"."kind" = $2))
2026-09-07 12:12:00.336 UTC [1102] LOG:  statement: commit
2026-09-07 12:12:00.337 UTC [1102] LOG:  execute <unnamed>: select "slug" from "organizations" where "organizations"."id" = $1 limit $2
2026-09-07 12:12:00.338 UTC [1102] LOG:  statement: begin
2026-09-07 12:12:00.339 UTC [1102] LOG:  execute <unnamed>: select set_config('app.organization_id', $1, true)
2026-09-07 12:12:00.339 UTC [1102] LOG:  execute <unnamed>: select "id", "kind", "org_id", "workspace_id", "conversation_id", "desired_url", "desired_generation", "desired_sha", "provider", "provider_sandbox_id", "latest_snapshot_id", "latest_run_id", "state", "last_heartbeat_at", "created_at", "updated_at" from "workspace_sandbox_instances" where (("workspace_sandbox_instances"."id" = $1) and ("workspace_sandbox_instances"."org_id" = $2)) limit $3
2026-09-07 12:12:00.339 UTC [1102] LOG:  statement: commit
2026-09-07 12:12:00.339 UTC [1102] LOG:  statement: begin
2026-09-07 12:12:00.340 UTC [1102] LOG:  execute <unnamed>: select set_config('app.organization_id', $1, true)
2026-09-07 12:12:00.340 UTC [1102] LOG:  execute <unnamed>: select "id", "kind", "org_id", "workspace_id", "conversation_id", "desired_url", "desired_generation", "desired_sha", "provider", "provider_sandbox_id", "latest_snapshot_id", "latest_run_id", "state", "last_heartbeat_at", "created_at", "updated_at" from "workspace_sandbox_instances" where (("workspace_sandbox_instances"."conversation_id" = $1) and ("workspace_sandbox_instances"."kind" = $2) and ("workspace_sandbox_instances"."state" = $3))
2026-09-07 12:12:00.340 UTC [1102] LOG:  statement: commit
2026-09-07 12:12:00.499 UTC [1102] LOG:  statement: begin
2026-09-07 12:12:00.500 UTC [1102] LOG:  execute <unnamed>: select set_config('app.organization_id', $1, true)
2026-09-07 12:12:00.501 UTC [1102] LOG:  statement: savepoint sp1
2026-09-07 12:12:00.503 UTC [1102] LOG:  execute <unnamed>: select "id", "kind", "org_id", "workspace_id", "conversation_id", "desired_url", "desired_generation", "desired_sha", "provider", "provider_sandbox_id", "latest_snapshot_id", "latest_run_id", "state", "last_heartbeat_at", "created_at", "updated_at" from "workspace_sandbox_instances" where (("workspace_sandbox_instances"."org_id" = $1) and ("workspace_sandbox_instances"."kind" = $2) and ("workspace_sandbox_instances"."conversation_id" = $3) and ((("workspace_sandbox_instances"."state" = $4) or ("workspace_sandbox_instances"."state" = $5)))) order by ("workspace_sandbox_instances"."provider_sandbox_id" is not null) desc, "workspace_sandbox_instances"."created_at" asc, "workspace_sandbox_instances"."id" asc limit $6
2026-09-07 12:12:00.505 UTC [1102] LOG:  execute <unnamed>: insert into "workspace_sandbox_instances" ("id", "kind", "org_id", "workspace_id", "conversation_id", "desired_url", "desired_generation", "desired_sha", "provider", "provider_sandbox_id", "latest_snapshot_id", "latest_run_id", "state", "last_heartbeat_at", "created_at", "updated_at") values ($1, $2, $3, $4, $5, $6, $7, $8, $9, $10, $11, $12, $13, $14, $15, $16) on conflict ("id") do update set "kind" = $17, "conversation_id" = $18, "desired_url" = $19, "desired_generation" = $20, "desired_sha" = $21, "provider" = $22, "provider_sandbox_id" = $23, "latest_snapshot_id" = $24, "latest_run_id" = $25, "state" = $26, "last_heartbeat_at" = $27, "updated_at" = $28
2026-09-07 12:12:00.507 UTC [1102] LOG:  statement: release savepoint sp1
2026-09-07 12:12:00.508 UTC [1102] LOG:  statement: commit
2026-09-07 12:12:00.529 UTC [1102] LOG:  statement: begin
2026-09-07 12:12:00.530 UTC [1102] LOG:  execute <unnamed>: select set_config('app.organization_id', $1, true)
2026-09-07 12:12:00.531 UTC [1102] LOG:  execute <unnamed>: update "conversations" set "last_branch" = $1, "updated_at" = $2 where (("conversations"."id" = $3) and ("conversations"."org_id" = $4) and ("conversations"."user_id" = $5))
2026-09-07 12:12:00.535 UTC [1102] LOG:  statement: commit
2026-09-07 12:12:00.536 UTC [1102] LOG:  statement: begin
2026-09-07 12:12:00.537 UTC [1102] LOG:  execute <unnamed>: select set_config('app.organization_id', $1, true)
2026-09-07 12:12:00.538 UTC [1102] LOG:  execute <unnamed>: select "id", "kind", "org_id", "workspace_id", "conversation_id", "desired_url", "desired_generation", "desired_sha", "provider", "provider_sandbox_id", "latest_snapshot_id", "latest_run_id", "state", "last_heartbeat_at", "created_at", "updated_at" from "workspace_sandbox_instances" where (("workspace_sandbox_instances"."conversation_id" = $1) and ("workspace_sandbox_instances"."kind" = $2))
2026-09-07 12:12:00.539 UTC [1102] LOG:  statement: commit
2026-09-07 12:12:00.541 UTC [1102] LOG:  execute <unnamed>: select "id", "expires_at", "token", "created_at", "updated_at", "ip_address", "user_agent", "user_id", "active_organization_id" from "sessions" where "sessions"."token" = $1
2026-09-07 12:12:00.543 UTC [1102] LOG:  execute <unnamed>: select "id", "name", "email", "email_verified", "image", "created_at", "updated_at", "two_factor_enabled", "onboarding_completed_at" from "users" where "users"."id" = $1
2026-09-07 12:12:00.544 UTC [1102] LOG:  execute <unnamed>: select "id", "public_key", "private_key", "created_at", "expires_at" from "jwkss" limit $1
2026-09-07 12:12:00.546 UTC [1102] LOG:  execute <unnamed>: select "id", "expires_at", "token", "created_at", "updated_at", "ip_address", "user_agent", "user_id", "active_organization_id" from "sessions" where "sessions"."token" = $1
2026-09-07 12:12:00.547 UTC [1102] LOG:  execute <unnamed>: select "id", "name", "email", "email_verified", "image", "created_at", "updated_at", "two_factor_enabled", "onboarding_completed_at" from "users" where "users"."id" = $1
2026-09-07 12:12:00.548 UTC [1102] LOG:  execute <unnamed>: select "id", "public_key", "private_key", "created_at", "expires_at" from "jwkss" limit $1
2026-09-07 12:12:00.550 UTC [1102] LOG:  execute <unnamed>: select "organizations"."id" from "organizations" inner join "members" on (("members"."organization_id" = "organizations"."id") and ("members"."user_id" = $1)) where "organizations"."slug" = $2 limit $3
2026-09-07 12:12:00.553 UTC [1102] LOG:  statement: begin
2026-09-07 12:12:00.556 UTC [1102] LOG:  execute <unnamed>: select set_config('app.organization_id', $1, true)
2026-09-07 12:12:00.557 UTC [1102] LOG:  execute <unnamed>: select "id" from "workspaces" where (("workspaces"."id" = $1) and ("workspaces"."org_id" = $2)) limit $3
2026-09-07 12:12:00.559 UTC [1102] LOG:  execute <unnamed>: select "id", "org_id", "user_id", "workspace_id", "name", "source", "last_branch", "last_chat_pr_number", "last_message_at", "created_at", "updated_at" from "conversations" where (("conversations"."id" = $1) and ("conversations"."org_id" = $2) and ("conversations"."user_id" = $3)) limit $4
2026-09-07 12:12:00.560 UTC [1102] LOG:  statement: commit
2026-09-07 12:12:00.561 UTC [1102] LOG:  statement: begin
2026-09-07 12:12:00.561 UTC [1102] LOG:  execute <unnamed>: select set_config('app.organization_id', $1, true)
2026-09-07 12:12:00.563 UTC [1102] LOG:  execute <unnamed>: select "id", "org_id", "slug", "display_name", "workspace_repository_url", "github_connection_id", "desired_generation", "desired_sha", "active_projection_url", "active_projection_sha", "indexed_sha", "write_status", "hydrate_status", "hydrate_error", "last_job_at", "hydrate_phases", "read_only_reason", "created_at", "updated_at" from "workspaces" where (("workspaces"."org_id" = $1) and ("workspaces"."id" = $2)) limit $3
2026-09-07 12:12:00.563 UTC [1102] LOG:  statement: commit
2026-09-07 12:12:00.564 UTC [1102] LOG:  statement: begin
2026-09-07 12:12:00.565 UTC [1102] LOG:  execute <unnamed>: select set_config('app.organization_id', $1, true)
2026-09-07 12:12:00.566 UTC [1102] LOG:  execute <unnamed>: update "conversations" set "last_branch" = $1, "updated_at" = $2 where (("conversations"."id" = $3) and ("conversations"."org_id" = $4) and ("conversations"."user_id" = $5))
2026-09-07 12:12:00.567 UTC [1102] LOG:  statement: commit
2026-09-07 12:12:00.569 UTC [1102] LOG:  statement: begin
2026-09-07 12:12:00.570 UTC [1102] LOG:  execute <unnamed>: select set_config('app.organization_id', $1, true)
2026-09-07 12:12:00.571 UTC [1102] LOG:  execute <unnamed>: update "conversations" set "last_message_at" = $1, "updated_at" = $2 where (("conversations"."id" = $3) and ("conversations"."org_id" = $4) and ("conversations"."user_id" = $5))
2026-09-07 12:12:00.571 UTC [1102] LOG:  statement: commit
2026-09-07 12:12:00.574 UTC [1102] LOG:  statement: begin
2026-09-07 12:12:00.575 UTC [1102] LOG:  execute <unnamed>: select set_config('app.organization_id', $1, true)
2026-09-07 12:12:00.578 UTC [1102] LOG:  execute <unnamed>: select "id", "kind", "org_id", "workspace_id", "conversation_id", "desired_url", "desired_generation", "desired_sha", "provider", "provider_sandbox_id", "latest_snapshot_id", "latest_run_id", "state", "last_heartbeat_at", "created_at", "updated_at" from "workspace_sandbox_instances" where (("workspace_sandbox_instances"."conversation_id" = $1) and ("workspace_sandbox_instances"."kind" = $2))
2026-09-07 12:12:00.579 UTC [1102] LOG:  statement: commit
2026-09-07 12:12:00.580 UTC [1102] LOG:  statement: begin
2026-09-07 12:12:00.580 UTC [1102] LOG:  execute <unnamed>: select set_config('app.organization_id', $1, true)
2026-09-07 12:12:00.581 UTC [1102] LOG:  execute <unnamed>: select "id", "kind", "org_id", "workspace_id", "conversation_id", "desired_url", "desired_generation", "desired_sha", "provider", "provider_sandbox_id", "latest_snapshot_id", "latest_run_id", "state", "last_heartbeat_at", "created_at", "updated_at" from "workspace_sandbox_instances" where (("workspace_sandbox_instances"."conversation_id" = $1) and ("workspace_sandbox_instances"."kind" = $2))
2026-09-07 12:12:00.582 UTC [1102] LOG:  statement: commit
2026-09-07 12:12:00.583 UTC [1102] LOG:  statement: begin
2026-09-07 12:12:00.584 UTC [1102] LOG:  execute <unnamed>: select set_config('app.organization_id', $1, true)
2026-09-07 12:12:00.585 UTC [1102] LOG:  execute <unnamed>: select "id", "kind", "org_id", "workspace_id", "conversation_id", "desired_url", "desired_generation", "desired_sha", "provider", "provider_sandbox_id", "latest_snapshot_id", "latest_run_id", "state", "last_heartbeat_at", "created_at", "updated_at" from "workspace_sandbox_instances" where (("workspace_sandbox_instances"."id" = $1) and ("workspace_sandbox_instances"."org_id" = $2)) limit $3
2026-09-07 12:12:00.586 UTC [1102] LOG:  statement: commit
2026-09-07 12:12:00.587 UTC [1102] LOG:  statement: begin
2026-09-07 12:12:00.587 UTC [1102] LOG:  execute <unnamed>: select set_config('app.organization_id', $1, true)
2026-09-07 12:12:00.588 UTC [1102] LOG:  execute <unnamed>: delete from "workspace_sandbox_instances" where (("workspace_sandbox_instances"."id" = $1) and ("workspace_sandbox_instances"."org_id" = $2))
2026-09-07 12:12:00.588 UTC [1102] LOG:  statement: commit
2026-09-07 12:12:00.595 UTC [1102] LOG:  statement: begin
2026-09-07 12:12:00.596 UTC [1102] LOG:  execute <unnamed>: select set_config('app.organization_id', $1, true)
2026-09-07 12:12:00.597 UTC [1102] LOG:  execute <unnamed>: select "id", "org_id", "slug", "display_name", "workspace_repository_url", "github_connection_id", "desired_generation", "desired_sha", "active_projection_url", "active_projection_sha", "indexed_sha", "write_status", "hydrate_status", "hydrate_error", "last_job_at", "hydrate_phases", "read_only_reason", "created_at", "updated_at" from "workspaces" where (("workspaces"."org_id" = $1) and ("workspaces"."id" = $2)) limit $3
2026-09-07 12:12:00.598 UTC [1102] LOG:  statement: commit
2026-09-07 12:12:00.598 UTC [1102] LOG:  statement: begin
2026-09-07 12:12:00.601 UTC [1102] LOG:  execute <unnamed>: select set_config('app.organization_id', $1, true)
2026-09-07 12:12:00.602 UTC [1102] LOG:  execute <unnamed>: select "id", "org_id", "slug", "display_name", "workspace_repository_url", "github_connection_id", "desired_generation", "desired_sha", "active_projection_url", "active_projection_sha", "indexed_sha", "write_status", "hydrate_status", "hydrate_error", "last_job_at", "hydrate_phases", "read_only_reason", "created_at", "updated_at" from "workspaces" where (("workspaces"."org_id" = $1) and ("workspaces"."id" = $2)) limit $3
2026-09-07 12:12:00.603 UTC [1102] LOG:  execute <unnamed>: select "id", "org_id", "slug", "display_name", "workspace_repository_url", "github_connection_id", "desired_generation", "desired_sha", "active_projection_url", "active_projection_sha", "indexed_sha", "write_status", "hydrate_status", "hydrate_error", "last_job_at", "hydrate_phases", "read_only_reason", "created_at", "updated_at" from "workspaces" where (("workspaces"."org_id" = $1) and ("workspaces"."id" = $2)) limit $3
2026-09-07 12:12:00.604 UTC [1102] LOG:  execute <unnamed>: select "id", "org_id", "workspace_id", "git_url", "desired_ref", "desired_sha", "indexed_sha", "created_at" from "workspace_linked_repositories" where "workspace_linked_repositories"."workspace_id" = $1 order by "workspace_linked_repositories"."created_at"
2026-09-07 12:12:00.606 UTC [1102] LOG:  execute <unnamed>: select "id", "git_url" from "repositories" where "repositories"."org_id" = $1
2026-09-07 12:12:00.606 UTC [1102] LOG:  statement: commit
2026-09-07 12:12:00.614 UTC [1102] LOG:  statement: begin
2026-09-07 12:12:00.615 UTC [1102] LOG:  execute <unnamed>: select set_config('app.organization_id', $1, true)
2026-09-07 12:12:00.617 UTC [1102] LOG:  execute <unnamed>: select "id", "kind", "org_id", "workspace_id", "conversation_id", "desired_url", "desired_generation", "desired_sha", "provider", "provider_sandbox_id", "latest_snapshot_id", "latest_run_id", "state", "last_heartbeat_at", "created_at", "updated_at" from "workspace_sandbox_instances" where (("workspace_sandbox_instances"."conversation_id" = $1) and ("workspace_sandbox_instances"."kind" = $2))
2026-09-07 12:12:00.617 UTC [1102] LOG:  statement: commit
2026-09-07 12:12:00.622 UTC [1103] LOG:  statement: begin
2026-09-07 12:12:00.623 UTC [1103] LOG:  execute <unnamed>: select set_config('app.organization_id', $1, true)
2026-09-07 12:12:00.624 UTC [1103] LOG:  execute <unnamed>: select "id", "kind", "org_id", "workspace_id", "conversation_id", "desired_url", "desired_generation", "desired_sha", "provider", "provider_sandbox_id", "latest_snapshot_id", "latest_run_id", "state", "last_heartbeat_at", "created_at", "updated_at" from "workspace_sandbox_instances" where (("workspace_sandbox_instances"."id" = $1) and ("workspace_sandbox_instances"."org_id" = $2)) limit $3
2026-09-07 12:12:00.625 UTC [1103] LOG:  statement: commit
2026-09-07 12:12:00.625 UTC [1103] LOG:  statement: begin
2026-09-07 12:12:00.626 UTC [1103] LOG:  execute <unnamed>: select set_config('app.organization_id', $1, true)
2026-09-07 12:12:00.626 UTC [1103] LOG:  execute <unnamed>: select "id", "kind", "org_id", "workspace_id", "conversation_id", "desired_url", "desired_generation", "desired_sha", "provider", "provider_sandbox_id", "latest_snapshot_id", "latest_run_id", "state", "last_heartbeat_at", "created_at", "updated_at" from "workspace_sandbox_instances" where (("workspace_sandbox_instances"."conversation_id" = $1) and ("workspace_sandbox_instances"."kind" = $2) and ("workspace_sandbox_instances"."state" = $3))
2026-09-07 12:12:00.626 UTC [1103] LOG:  statement: commit
2026-09-07 12:12:00.783 UTC [1103] LOG:  statement: begin
2026-09-07 12:12:00.784 UTC [1103] LOG:  execute <unnamed>: select set_config('app.organization_id', $1, true)
2026-09-07 12:12:00.785 UTC [1103] LOG:  statement: savepoint sp1
2026-09-07 12:12:00.787 UTC [1103] LOG:  execute <unnamed>: select "id", "kind", "org_id", "workspace_id", "conversation_id", "desired_url", "desired_generation", "desired_sha", "provider", "provider_sandbox_id", "latest_snapshot_id", "latest_run_id", "state", "last_heartbeat_at", "created_at", "updated_at" from "workspace_sandbox_instances" where (("workspace_sandbox_instances"."org_id" = $1) and ("workspace_sandbox_instances"."kind" = $2) and ("workspace_sandbox_instances"."conversation_id" = $3) and ((("workspace_sandbox_instances"."state" = $4) or ("workspace_sandbox_instances"."state" = $5)))) order by ("workspace_sandbox_instances"."provider_sandbox_id" is not null) desc, "workspace_sandbox_instances"."created_at" asc, "workspace_sandbox_instances"."id" asc limit $6
2026-09-07 12:12:00.788 UTC [1103] LOG:  execute <unnamed>: insert into "workspace_sandbox_instances" ("id", "kind", "org_id", "workspace_id", "conversation_id", "desired_url", "desired_generation", "desired_sha", "provider", "provider_sandbox_id", "latest_snapshot_id", "latest_run_id", "state", "last_heartbeat_at", "created_at", "updated_at") values ($1, $2, $3, $4, $5, $6, $7, $8, $9, $10, $11, $12, $13, $14, $15, $16) on conflict ("id") do update set "kind" = $17, "conversation_id" = $18, "desired_url" = $19, "desired_generation" = $20, "desired_sha" = $21, "provider" = $22, "provider_sandbox_id" = $23, "latest_snapshot_id" = $24, "latest_run_id" = $25, "state" = $26, "last_heartbeat_at" = $27, "updated_at" = $28
2026-09-07 12:12:00.791 UTC [1103] LOG:  statement: release savepoint sp1
2026-09-07 12:12:00.791 UTC [1103] LOG:  statement: commit
2026-09-07 12:12:00.837 UTC [1103] LOG:  statement: begin
2026-09-07 12:12:00.840 UTC [1103] LOG:  execute <unnamed>: select set_config('app.organization_id', $1, true)
2026-09-07 12:12:00.842 UTC [1103] LOG:  execute <unnamed>: select "interrupt_id", "run_id", "thread_id", "org_id", "status", "requested_at", "resolved_at", "payload_json", "response_json" from "chat_interrupts" where (("chat_interrupts"."thread_id" = $1) and ("chat_interrupts"."status" = $2)) order by "chat_interrupts"."requested_at" asc
2026-09-07 12:12:00.843 UTC [1103] LOG:  statement: commit
2026-09-07 12:12:00.844 UTC [1103] LOG:  statement: begin
2026-09-07 12:12:00.845 UTC [1103] LOG:  execute <unnamed>: select set_config('app.organization_id', $1, true)
2026-09-07 12:12:00.847 UTC [1103] LOG:  execute <unnamed>: select "run_id", "thread_id", "org_id", "status", "started_at", "finished_at", "error", "error_code", "usage_json", "sandbox_key", "detached_since", "cancel_requested", "driver_epoch" from "chat_runs" where "chat_runs"."run_id" = $1 limit $2
2026-09-07 12:12:00.847 UTC [1103] LOG:  statement: commit
2026-09-07 12:12:00.848 UTC [1103] LOG:  statement: begin
2026-09-07 12:12:00.849 UTC [1103] LOG:  execute <unnamed>: select set_config('app.organization_id', $1, true)
2026-09-07 12:12:00.851 UTC [1103] LOG:  execute <unnamed>: insert into "chat_runs" ("run_id", "thread_id", "org_id", "status", "started_at", "finished_at", "error", "error_code", "usage_json", "sandbox_key", "detached_since", "cancel_requested", "driver_epoch") values ($1, $2, $3, $4, $5, default, default, default, default, default, default, default, default) on conflict ("run_id") do nothing
2026-09-07 12:12:00.853 UTC [1103] LOG:  statement: commit
2026-09-07 12:12:00.854 UTC [1103] LOG:  statement: begin
2026-09-07 12:12:00.855 UTC [1103] LOG:  execute <unnamed>: select set_config('app.organization_id', $1, true)
2026-09-07 12:12:00.856 UTC [1103] LOG:  execute <unnamed>: select "run_id", "thread_id", "org_id", "status", "started_at", "finished_at", "error", "error_code", "usage_json", "sandbox_key", "detached_since", "cancel_requested", "driver_epoch" from "chat_runs" where "chat_runs"."run_id" = $1 limit $2
2026-09-07 12:12:00.857 UTC [1103] LOG:  statement: commit
2026-09-07 12:12:00.858 UTC [1103] LOG:  statement: begin
2026-09-07 12:12:00.859 UTC [1103] LOG:  execute <unnamed>: select set_config('app.organization_id', $1, true)
2026-09-07 12:12:00.860 UTC [1103] LOG:  execute <unnamed>: select "messages_json" from "chat_threads" where "chat_threads"."thread_id" = $1 limit $2
2026-09-07 12:12:00.863 UTC [1103] LOG:  statement: commit
2026-09-07 12:12:00.866 UTC [1103] LOG:  statement: begin
2026-09-07 12:12:00.867 UTC [1103] LOG:  execute <unnamed>: select set_config('app.organization_id', $1, true)
2026-09-07 12:12:00.868 UTC [1103] LOG:  execute <unnamed>: insert into "chat_threads" ("thread_id", "org_id", "messages_json", "updated_at") values ($1, $2, $3, $4) on conflict ("thread_id") do update set "messages_json" = $5, "updated_at" = $6
2026-09-07 12:12:00.872 UTC [1103] LOG:  statement: commit
2026-09-07 12:12:02.152 UTC [1103] LOG:  statement: begin
2026-09-07 12:12:02.153 UTC [1103] LOG:  execute <unnamed>: select set_config('app.organization_id', $1, true)
2026-09-07 12:12:02.154 UTC [1103] LOG:  execute <unnamed>: insert into "chat_threads" ("thread_id", "org_id", "messages_json", "updated_at") values ($1, $2, $3, $4) on conflict ("thread_id") do update set "messages_json" = $5, "updated_at" = $6
2026-09-07 12:12:02.159 UTC [1103] LOG:  statement: commit
2026-09-07 12:12:06.639 UTC [1103] LOG:  statement: begin
2026-09-07 12:12:06.641 UTC [1103] LOG:  execute <unnamed>: select set_config('app.organization_id', $1, true)
2026-09-07 12:12:06.642 UTC [1103] LOG:  execute <unnamed>: insert into "chat_threads" ("thread_id", "org_id", "messages_json", "updated_at") values ($1, $2, $3, $4) on conflict ("thread_id") do update set "messages_json" = $5, "updated_at" = $6
2026-09-07 12:12:06.644 UTC [1103] LOG:  statement: commit
2026-09-07 12:12:06.756 UTC [1103] LOG:  statement: begin
2026-09-07 12:12:06.758 UTC [1103] LOG:  execute <unnamed>: select set_config('app.organization_id', $1, true)
2026-09-07 12:12:06.761 UTC [1103] LOG:  execute <unnamed>: insert into "chat_threads" ("thread_id", "org_id", "messages_json", "updated_at") values ($1, $2, $3, $4) on conflict ("thread_id") do update set "messages_json" = $5, "updated_at" = $6
2026-09-07 12:12:06.762 UTC [1103] LOG:  statement: commit
2026-09-07 12:12:06.764 UTC [1103] LOG:  statement: begin
2026-09-07 12:12:06.765 UTC [1103] LOG:  execute <unnamed>: select set_config('app.organization_id', $1, true)
2026-09-07 12:12:06.767 UTC [1103] LOG:  execute <unnamed>: update "chat_runs" set "status" = $1, "finished_at" = $2, "usage_json" = $3 where "chat_runs"."run_id" = $4
2026-09-07 12:12:06.768 UTC [1103] LOG:  statement: commit
2026-09-07 12:12:06.770 UTC [1103] LOG:  statement: begin
2026-09-07 12:12:06.771 UTC [1103] LOG:  execute <unnamed>: select set_config('app.organization_id', $1, true)
2026-09-07 12:12:06.773 UTC [1103] LOG:  execute <unnamed>: select "messages_json" from "chat_threads" where "chat_threads"."thread_id" = $1 limit $2
2026-09-07 12:12:06.774 UTC [1103] LOG:  statement: commit
2026-09-07 12:12:06.779 UTC [1103] LOG:  statement: begin
2026-09-07 12:12:06.782 UTC [1103] LOG:  execute <unnamed>: select set_config('app.organization_id', $1, true)
2026-09-07 12:12:06.784 UTC [1103] LOG:  execute <unnamed>: select "run_id", "thread_id", "org_id", "status", "started_at", "finished_at", "error", "error_code", "usage_json", "sandbox_key", "detached_since", "cancel_requested", "driver_epoch" from "chat_runs" where (("chat_runs"."thread_id" = $1) and ("chat_runs"."status" = $2)) order by "chat_runs"."started_at" desc limit $3
2026-09-07 12:12:06.785 UTC [1103] LOG:  statement: commit
2026-09-07 12:12:06.787 UTC [1103] LOG:  statement: begin
2026-09-07 12:12:06.787 UTC [1103] LOG:  execute <unnamed>: select set_config('app.organization_id', $1, true)
2026-09-07 12:12:06.789 UTC [1103] LOG:  execute <unnamed>: select "d0"."id" as "id", "d0"."org_id" as "orgId", "d0"."user_id" as "userId", "d0"."workspace_id" as "workspaceId", "d0"."name" as "name", "d0"."source" as "source", "d0"."last_branch" as "lastBranch", "d0"."last_chat_pr_number" as "lastChatPrNumber", "d0"."last_message_at" as "lastMessageAt", "d0"."created_at" as "createdAt", "d0"."updated_at" as "updatedAt" from "conversations" as "d0" where (("d0"."id" = $1) and ("d0"."org_id" = $2) and ("d0"."user_id" = $3)) limit $4
2026-09-07 12:12:06.791 UTC [1103] LOG:  statement: commit
2026-09-07 12:12:10.204 UTC [1103] LOG:  statement: begin
2026-09-07 12:12:10.205 UTC [1103] LOG:  execute <unnamed>: select set_config('app.organization_id', $1, true)
2026-09-07 12:12:10.206 UTC [1103] LOG:  execute <unnamed>: update "conversations" set "name" = $1, "updated_at" = $2 where (("conversations"."id" = $3) and ("conversations"."org_id" = $4) and ("conversations"."user_id" = $5)) returning "id", "org_id", "user_id", "workspace_id", "name", "source", "last_branch", "last_chat_pr_number", "last_message_at", "created_at", "updated_at"
2026-09-07 12:12:10.208 UTC [1103] LOG:  statement: commit
2026-09-07 12:12:10.219 UTC [1103] LOG:  execute <unnamed>: select "id", "expires_at", "token", "created_at", "updated_at", "ip_address", "user_agent", "user_id", "active_organization_id" from "sessions" where "sessions"."token" = $1
2026-09-07 12:12:10.221 UTC [1103] LOG:  execute <unnamed>: select "id", "name", "email", "email_verified", "image", "created_at", "updated_at", "two_factor_enabled", "onboarding_completed_at" from "users" where "users"."id" = $1
2026-09-07 12:12:10.222 UTC [1103] LOG:  execute <unnamed>: select "id", "public_key", "private_key", "created_at", "expires_at" from "jwkss" limit $1
2026-09-07 12:12:10.227 UTC [1103] LOG:  execute <unnamed>: select "id", "expires_at", "token", "created_at", "updated_at", "ip_address", "user_agent", "user_id", "active_organization_id" from "sessions" where "sessions"."token" = $1
2026-09-07 12:12:10.229 UTC [1103] LOG:  execute <unnamed>: select "id", "name", "email", "email_verified", "image", "created_at", "updated_at", "two_factor_enabled", "onboarding_completed_at" from "users" where "users"."id" = $1
2026-09-07 12:12:10.230 UTC [1103] LOG:  execute <unnamed>: select "id", "public_key", "private_key", "created_at", "expires_at" from "jwkss" limit $1
2026-09-07 12:12:10.233 UTC [1103] LOG:  execute <unnamed>: select "organizations"."id" from "organizations" inner join "members" on (("members"."organization_id" = "organizations"."id") and ("members"."user_id" = $1)) where "organizations"."slug" = $2 limit $3
2026-09-07 12:12:10.234 UTC [1103] LOG:  statement: begin
2026-09-07 12:12:10.235 UTC [1103] LOG:  execute <unnamed>: select set_config('app.organization_id', $1, true)
2026-09-07 12:12:10.236 UTC [1103] LOG:  execute <unnamed>: select "d0"."id" as "id", "d0"."org_id" as "orgId", "d0"."user_id" as "userId", "d0"."workspace_id" as "workspaceId", "d0"."name" as "name", "d0"."source" as "source", "d0"."last_branch" as "lastBranch", "d0"."last_chat_pr_number" as "lastChatPrNumber", "d0"."last_message_at" as "lastMessageAt", "d0"."created_at" as "createdAt", "d0"."updated_at" as "updatedAt" from "conversations" as "d0" where (("d0"."id" = $1) and ("d0"."org_id" = $2) and ("d0"."user_id" = $3)) limit $4
2026-09-07 12:12:10.237 UTC [1103] LOG:  statement: commit
2026-09-07 12:12:10.238 UTC [1103] LOG:  statement: begin
2026-09-07 12:12:10.239 UTC [1103] LOG:  execute <unnamed>: select set_config('app.organization_id', $1, true)
2026-09-07 12:12:10.240 UTC [1103] LOG:  execute <unnamed>: select "messages_json" from "chat_threads" where "chat_threads"."thread_id" = $1 limit $2
2026-09-07 12:12:10.241 UTC [1103] LOG:  statement: commit
2026-09-07 12:12:10.242 UTC [1103] LOG:  statement: begin
2026-09-07 12:12:10.243 UTC [1103] LOG:  execute <unnamed>: select set_config('app.organization_id', $1, true)
2026-09-07 12:12:10.244 UTC [1103] LOG:  execute <unnamed>: select "id", "org_id", "slug", "display_name", "workspace_repository_url", "github_connection_id", "desired_generation", "desired_sha", "active_projection_url", "active_projection_sha", "indexed_sha", "write_status", "hydrate_status", "hydrate_error", "last_job_at", "hydrate_phases", "read_only_reason", "created_at", "updated_at" from "workspaces" where (("workspaces"."org_id" = $1) and ("workspaces"."id" = $2)) limit $3
2026-09-07 12:12:10.245 UTC [1103] LOG:  statement: commit
2026-09-07 12:12:10.313 UTC [1103] LOG:  execute <unnamed>: select "id", "expires_at", "token", "created_at", "updated_at", "ip_address", "user_agent", "user_id", "active_organization_id" from "sessions" where "sessions"."token" = $1
2026-09-07 12:12:10.315 UTC [1103] LOG:  execute <unnamed>: select "id", "name", "email", "email_verified", "image", "created_at", "updated_at", "two_factor_enabled", "onboarding_completed_at" from "users" where "users"."id" = $1
2026-09-07 12:12:10.316 UTC [1103] LOG:  execute <unnamed>: select "id", "public_key", "private_key", "created_at", "expires_at" from "jwkss" limit $1
2026-09-07 12:12:10.318 UTC [1103] LOG:  execute <unnamed>: select "id", "expires_at", "token", "created_at", "updated_at", "ip_address", "user_agent", "user_id", "active_organization_id" from "sessions" where "sessions"."token" = $1
2026-09-07 12:12:10.319 UTC [1103] LOG:  execute <unnamed>: select "id", "name", "email", "email_verified", "image", "created_at", "updated_at", "two_factor_enabled", "onboarding_completed_at" from "users" where "users"."id" = $1
2026-09-07 12:12:10.320 UTC [1103] LOG:  execute <unnamed>: select "id", "public_key", "private_key", "created_at", "expires_at" from "jwkss" limit $1
2026-09-07 12:12:10.322 UTC [1103] LOG:  execute <unnamed>: select "organizations"."id" from "organizations" inner join "members" on (("members"."organization_id" = "organizations"."id") and ("members"."user_id" = $1)) where "organizations"."slug" = $2 limit $3
2026-09-07 12:12:10.323 UTC [1103] LOG:  statement: begin
2026-09-07 12:12:10.324 UTC [1103] LOG:  execute <unnamed>: select set_config('app.organization_id', $1, true)
2026-09-07 12:12:10.325 UTC [1103] LOG:  execute <unnamed>: select "id", "org_id", "slug", "display_name", "workspace_repository_url", "github_connection_id", "desired_generation", "desired_sha", "active_projection_url", "active_projection_sha", "indexed_sha", "write_status", "hydrate_status", "hydrate_error", "last_job_at", "hydrate_phases", "read_only_reason", "created_at", "updated_at" from "workspaces" where (("workspaces"."org_id" = $1) and ("workspaces"."slug" = $2)) limit $3
2026-09-07 12:12:10.326 UTC [1103] LOG:  statement: commit
2026-09-07 12:12:10.327 UTC [1103] LOG:  statement: begin
2026-09-07 12:12:10.328 UTC [1103] LOG:  execute <unnamed>: select set_config('app.organization_id', $1, true)
2026-09-07 12:12:10.329 UTC [1103] LOG:  execute <unnamed>: select "id", "org_id", "slug", "display_name", "workspace_repository_url", "github_connection_id", "desired_generation", "desired_sha", "active_projection_url", "active_projection_sha", "indexed_sha", "write_status", "hydrate_status", "hydrate_error", "last_job_at", "hydrate_phases", "read_only_reason", "created_at", "updated_at" from "workspaces" where (("workspaces"."org_id" = $1) and ("workspaces"."id" = $2)) limit $3
2026-09-07 12:12:10.330 UTC [1103] LOG:  execute <unnamed>: select "id", "org_id", "workspace_id", "git_url", "desired_ref", "desired_sha", "indexed_sha", "created_at" from "workspace_linked_repositories" where "workspace_linked_repositories"."workspace_id" = $1 order by "workspace_linked_repositories"."created_at"
2026-09-07 12:12:10.331 UTC [1103] LOG:  statement: commit
2026-09-07 12:12:10.332 UTC [1103] LOG:  statement: begin
2026-09-07 12:12:10.333 UTC [1103] LOG:  execute <unnamed>: select set_config('app.organization_id', $1, true)
2026-09-07 12:12:10.335 UTC [1103] LOG:  execute <unnamed>: select "commit_sha" from "workspace_write_jobs" where (("workspace_write_jobs"."workspace_id" = $1) and ("workspace_write_jobs"."kind" = $2) and (("workspace_write_jobs"."commit_sha" is not null))) order by "workspace_write_jobs"."created_at" asc limit $3
2026-09-07 12:12:10.335 UTC [1103] LOG:  statement: commit
2026-09-07 12:12:10.341 UTC [1103] LOG:  execute <unnamed>: select "id", "expires_at", "token", "created_at", "updated_at", "ip_address", "user_agent", "user_id", "active_organization_id" from "sessions" where "sessions"."token" = $1
2026-09-07 12:12:10.343 UTC [1103] LOG:  execute <unnamed>: select "id", "name", "email", "email_verified", "image", "created_at", "updated_at", "two_factor_enabled", "onboarding_completed_at" from "users" where "users"."id" = $1
2026-09-07 12:12:10.344 UTC [1103] LOG:  execute <unnamed>: select "id", "public_key", "private_key", "created_at", "expires_at" from "jwkss" limit $1
2026-09-07 12:12:10.346 UTC [1103] LOG:  execute <unnamed>: select "id", "expires_at", "token", "created_at", "updated_at", "ip_address", "user_agent", "user_id", "active_organization_id" from "sessions" where "sessions"."token" = $1
2026-09-07 12:12:10.347 UTC [1103] LOG:  execute <unnamed>: select "id", "name", "email", "email_verified", "image", "created_at", "updated_at", "two_factor_enabled", "onboarding_completed_at" from "users" where "users"."id" = $1
2026-09-07 12:12:10.348 UTC [1103] LOG:  execute <unnamed>: select "id", "public_key", "private_key", "created_at", "expires_at" from "jwkss" limit $1
2026-09-07 12:12:10.350 UTC [1103] LOG:  execute <unnamed>: select "organizations"."id" from "organizations" inner join "members" on (("members"."organization_id" = "organizations"."id") and ("members"."user_id" = $1)) where "organizations"."slug" = $2 limit $3
2026-09-07 12:12:10.351 UTC [1103] LOG:  statement: begin
2026-09-07 12:12:10.352 UTC [1103] LOG:  execute <unnamed>: select set_config('app.organization_id', $1, true)
2026-09-07 12:12:10.353 UTC [1103] LOG:  execute <unnamed>: select "id" from "workspaces" where (("workspaces"."id" = $1) and ("workspaces"."org_id" = $2)) limit $3
2026-09-07 12:12:10.354 UTC [1103] LOG:  execute <unnamed>: select "id", "org_id", "user_id", "workspace_id", "name", "source", "last_branch", "last_chat_pr_number", "last_message_at", "created_at", "updated_at" from "conversations" where (("conversations"."id" = $1) and ("conversations"."org_id" = $2) and ("conversations"."user_id" = $3)) limit $4
2026-09-07 12:12:10.355 UTC [1103] LOG:  statement: commit
2026-09-07 12:12:10.355 UTC [1103] LOG:  statement: begin
2026-09-07 12:12:10.356 UTC [1103] LOG:  execute <unnamed>: select set_config('app.organization_id', $1, true)
2026-09-07 12:12:10.357 UTC [1103] LOG:  execute <unnamed>: select "id", "org_id", "slug", "display_name", "workspace_repository_url", "github_connection_id", "desired_generation", "desired_sha", "active_projection_url", "active_projection_sha", "indexed_sha", "write_status", "hydrate_status", "hydrate_error", "last_job_at", "hydrate_phases", "read_only_reason", "created_at", "updated_at" from "workspaces" where (("workspaces"."org_id" = $1) and ("workspaces"."id" = $2)) limit $3
2026-09-07 12:12:10.358 UTC [1103] LOG:  statement: commit
2026-09-07 12:12:10.359 UTC [1103] LOG:  statement: begin
2026-09-07 12:12:10.362 UTC [1103] LOG:  execute <unnamed>: select set_config('app.organization_id', $1, true)
2026-09-07 12:12:10.363 UTC [1103] LOG:  execute <unnamed>: update "conversations" set "last_branch" = $1, "updated_at" = $2 where (("conversations"."id" = $3) and ("conversations"."org_id" = $4) and ("conversations"."user_id" = $5))
2026-09-07 12:12:10.363 UTC [1103] LOG:  statement: commit
2026-09-07 12:12:10.364 UTC [1103] LOG:  statement: begin
2026-09-07 12:12:10.365 UTC [1103] LOG:  execute <unnamed>: select set_config('app.organization_id', $1, true)
2026-09-07 12:12:10.365 UTC [1103] LOG:  execute <unnamed>: select "id", "kind", "org_id", "workspace_id", "conversation_id", "desired_url", "desired_generation", "desired_sha", "provider", "provider_sandbox_id", "latest_snapshot_id", "latest_run_id", "state", "last_heartbeat_at", "created_at", "updated_at" from "workspace_sandbox_instances" where (("workspace_sandbox_instances"."conversation_id" = $1) and ("workspace_sandbox_instances"."kind" = $2))
2026-09-07 12:12:10.366 UTC [1103] LOG:  statement: commit
2026-09-07 12:12:10.367 UTC [1103] LOG:  statement: begin
2026-09-07 12:12:10.367 UTC [1103] LOG:  execute <unnamed>: select set_config('app.organization_id', $1, true)
2026-09-07 12:12:10.367 UTC [1103] LOG:  execute <unnamed>: select "id", "kind", "org_id", "workspace_id", "conversation_id", "desired_url", "desired_generation", "desired_sha", "provider", "provider_sandbox_id", "latest_snapshot_id", "latest_run_id", "state", "last_heartbeat_at", "created_at", "updated_at" from "workspace_sandbox_instances" where (("workspace_sandbox_instances"."conversation_id" = $1) and ("workspace_sandbox_instances"."kind" = $2))
2026-09-07 12:12:10.368 UTC [1103] LOG:  statement: commit
2026-09-07 12:12:10.368 UTC [1103] LOG:  statement: begin
2026-09-07 12:12:10.368 UTC [1103] LOG:  execute <unnamed>: select set_config('app.organization_id', $1, true)
2026-09-07 12:12:10.369 UTC [1103] LOG:  execute <unnamed>: select "id", "kind", "org_id", "workspace_id", "conversation_id", "desired_url", "desired_generation", "desired_sha", "provider", "provider_sandbox_id", "latest_snapshot_id", "latest_run_id", "state", "last_heartbeat_at", "created_at", "updated_at" from "workspace_sandbox_instances" where (("workspace_sandbox_instances"."id" = $1) and ("workspace_sandbox_instances"."org_id" = $2)) limit $3
2026-09-07 12:12:10.369 UTC [1103] LOG:  statement: commit
2026-09-07 12:12:10.373 UTC [1103] LOG:  statement: begin
2026-09-07 12:12:10.373 UTC [1103] LOG:  execute <unnamed>: select set_config('app.organization_id', $1, true)
2026-09-07 12:12:10.374 UTC [1103] LOG:  execute <unnamed>: delete from "workspace_sandbox_instances" where (("workspace_sandbox_instances"."id" = $1) and ("workspace_sandbox_instances"."org_id" = $2))
2026-09-07 12:12:10.374 UTC [1103] LOG:  statement: commit
2026-09-07 12:12:10.375 UTC [1103] LOG:  execute <unnamed>: select "slug" from "organizations" where "organizations"."id" = $1 limit $2
2026-09-07 12:12:10.376 UTC [1103] LOG:  statement: begin
2026-09-07 12:12:10.376 UTC [1103] LOG:  execute <unnamed>: select set_config('app.organization_id', $1, true)
2026-09-07 12:12:10.377 UTC [1103] LOG:  execute <unnamed>: select "id", "kind", "org_id", "workspace_id", "conversation_id", "desired_url", "desired_generation", "desired_sha", "provider", "provider_sandbox_id", "latest_snapshot_id", "latest_run_id", "state", "last_heartbeat_at", "created_at", "updated_at" from "workspace_sandbox_instances" where (("workspace_sandbox_instances"."id" = $1) and ("workspace_sandbox_instances"."org_id" = $2)) limit $3
2026-09-07 12:12:10.377 UTC [1103] LOG:  statement: commit
2026-09-07 12:12:10.377 UTC [1103] LOG:  statement: begin
2026-09-07 12:12:10.377 UTC [1103] LOG:  execute <unnamed>: select set_config('app.organization_id', $1, true)
2026-09-07 12:12:10.378 UTC [1103] LOG:  execute <unnamed>: select "id", "kind", "org_id", "workspace_id", "conversation_id", "desired_url", "desired_generation", "desired_sha", "provider", "provider_sandbox_id", "latest_snapshot_id", "latest_run_id", "state", "last_heartbeat_at", "created_at", "updated_at" from "workspace_sandbox_instances" where (("workspace_sandbox_instances"."conversation_id" = $1) and ("workspace_sandbox_instances"."kind" = $2) and ("workspace_sandbox_instances"."state" = $3))
2026-09-07 12:12:10.378 UTC [1103] LOG:  statement: commit
2026-09-07 12:12:10.528 UTC [1103] LOG:  statement: begin
2026-09-07 12:12:10.529 UTC [1103] LOG:  execute <unnamed>: select set_config('app.organization_id', $1, true)
2026-09-07 12:12:10.531 UTC [1103] LOG:  statement: savepoint sp1
2026-09-07 12:12:10.535 UTC [1103] LOG:  execute <unnamed>: select "id", "kind", "org_id", "workspace_id", "conversation_id", "desired_url", "desired_generation", "desired_sha", "provider", "provider_sandbox_id", "latest_snapshot_id", "latest_run_id", "state", "last_heartbeat_at", "created_at", "updated_at" from "workspace_sandbox_instances" where (("workspace_sandbox_instances"."org_id" = $1) and ("workspace_sandbox_instances"."kind" = $2) and ("workspace_sandbox_instances"."conversation_id" = $3) and ((("workspace_sandbox_instances"."state" = $4) or ("workspace_sandbox_instances"."state" = $5)))) order by ("workspace_sandbox_instances"."provider_sandbox_id" is not null) desc, "workspace_sandbox_instances"."created_at" asc, "workspace_sandbox_instances"."id" asc limit $6
2026-09-07 12:12:10.536 UTC [1103] LOG:  execute <unnamed>: insert into "workspace_sandbox_instances" ("id", "kind", "org_id", "workspace_id", "conversation_id", "desired_url", "desired_generation", "desired_sha", "provider", "provider_sandbox_id", "latest_snapshot_id", "latest_run_id", "state", "last_heartbeat_at", "created_at", "updated_at") values ($1, $2, $3, $4, $5, $6, $7, $8, $9, $10, $11, $12, $13, $14, $15, $16) on conflict ("id") do update set "kind" = $17, "conversation_id" = $18, "desired_url" = $19, "desired_generation" = $20, "desired_sha" = $21, "provider" = $22, "provider_sandbox_id" = $23, "latest_snapshot_id" = $24, "latest_run_id" = $25, "state" = $26, "last_heartbeat_at" = $27, "updated_at" = $28
2026-09-07 12:12:10.537 UTC [1103] LOG:  statement: release savepoint sp1
2026-09-07 12:12:10.538 UTC [1103] LOG:  statement: commit
2026-09-07 12:12:10.557 UTC [1103] LOG:  statement: begin
2026-09-07 12:12:10.558 UTC [1103] LOG:  execute <unnamed>: select set_config('app.organization_id', $1, true)
2026-09-07 12:12:10.559 UTC [1103] LOG:  execute <unnamed>: update "conversations" set "last_branch" = $1, "updated_at" = $2 where (("conversations"."id" = $3) and ("conversations"."org_id" = $4) and ("conversations"."user_id" = $5))
2026-09-07 12:12:10.560 UTC [1103] LOG:  statement: commit
2026-09-07 12:12:10.561 UTC [1103] LOG:  statement: begin
2026-09-07 12:12:10.562 UTC [1103] LOG:  execute <unnamed>: select set_config('app.organization_id', $1, true)
2026-09-07 12:12:10.563 UTC [1103] LOG:  execute <unnamed>: select "id", "kind", "org_id", "workspace_id", "conversation_id", "desired_url", "desired_generation", "desired_sha", "provider", "provider_sandbox_id", "latest_snapshot_id", "latest_run_id", "state", "last_heartbeat_at", "created_at", "updated_at" from "workspace_sandbox_instances" where (("workspace_sandbox_instances"."conversation_id" = $1) and ("workspace_sandbox_instances"."kind" = $2))
2026-09-07 12:12:10.563 UTC [1103] LOG:  statement: commit
2026-09-07 12:12:10.566 UTC [1103] LOG:  execute <unnamed>: select "id", "expires_at", "token", "created_at", "updated_at", "ip_address", "user_agent", "user_id", "active_organization_id" from "sessions" where "sessions"."token" = $1
2026-09-07 12:12:10.567 UTC [1103] LOG:  execute <unnamed>: select "id", "name", "email", "email_verified", "image", "created_at", "updated_at", "two_factor_enabled", "onboarding_completed_at" from "users" where "users"."id" = $1
2026-09-07 12:12:10.568 UTC [1103] LOG:  execute <unnamed>: select "id", "public_key", "private_key", "created_at", "expires_at" from "jwkss" limit $1
2026-09-07 12:12:10.570 UTC [1103] LOG:  execute <unnamed>: select "id", "expires_at", "token", "created_at", "updated_at", "ip_address", "user_agent", "user_id", "active_organization_id" from "sessions" where "sessions"."token" = $1
2026-09-07 12:12:10.571 UTC [1103] LOG:  execute <unnamed>: select "id", "name", "email", "email_verified", "image", "created_at", "updated_at", "two_factor_enabled", "onboarding_completed_at" from "users" where "users"."id" = $1
2026-09-07 12:12:10.571 UTC [1103] LOG:  execute <unnamed>: select "id", "public_key", "private_key", "created_at", "expires_at" from "jwkss" limit $1
2026-09-07 12:12:10.573 UTC [1103] LOG:  execute <unnamed>: select "organizations"."id" from "organizations" inner join "members" on (("members"."organization_id" = "organizations"."id") and ("members"."user_id" = $1)) where "organizations"."slug" = $2 limit $3
2026-09-07 12:12:10.574 UTC [1103] LOG:  statement: begin
2026-09-07 12:12:10.575 UTC [1103] LOG:  execute <unnamed>: select set_config('app.organization_id', $1, true)
2026-09-07 12:12:10.579 UTC [1103] LOG:  execute <unnamed>: select "id" from "workspaces" where (("workspaces"."id" = $1) and ("workspaces"."org_id" = $2)) limit $3
2026-09-07 12:12:10.580 UTC [1103] LOG:  execute <unnamed>: select "id", "org_id", "user_id", "workspace_id", "name", "source", "last_branch", "last_chat_pr_number", "last_message_at", "created_at", "updated_at" from "conversations" where (("conversations"."id" = $1) and ("conversations"."org_id" = $2) and ("conversations"."user_id" = $3)) limit $4
2026-09-07 12:12:10.580 UTC [1103] LOG:  statement: commit
2026-09-07 12:12:10.581 UTC [1103] LOG:  statement: begin
2026-09-07 12:12:10.582 UTC [1103] LOG:  execute <unnamed>: select set_config('app.organization_id', $1, true)
2026-09-07 12:12:10.584 UTC [1103] LOG:  execute <unnamed>: select "id", "org_id", "slug", "display_name", "workspace_repository_url", "github_connection_id", "desired_generation", "desired_sha", "active_projection_url", "active_projection_sha", "indexed_sha", "write_status", "hydrate_status", "hydrate_error", "last_job_at", "hydrate_phases", "read_only_reason", "created_at", "updated_at" from "workspaces" where (("workspaces"."org_id" = $1) and ("workspaces"."id" = $2)) limit $3
2026-09-07 12:12:10.584 UTC [1103] LOG:  statement: commit
2026-09-07 12:12:10.586 UTC [1103] LOG:  statement: begin
2026-09-07 12:12:10.586 UTC [1103] LOG:  execute <unnamed>: select set_config('app.organization_id', $1, true)
2026-09-07 12:12:10.587 UTC [1103] LOG:  execute <unnamed>: update "conversations" set "last_branch" = $1, "updated_at" = $2 where (("conversations"."id" = $3) and ("conversations"."org_id" = $4) and ("conversations"."user_id" = $5))
2026-09-07 12:12:10.588 UTC [1103] LOG:  statement: commit
2026-09-07 12:12:10.589 UTC [1103] LOG:  statement: begin
2026-09-07 12:12:10.590 UTC [1103] LOG:  execute <unnamed>: select set_config('app.organization_id', $1, true)
2026-09-07 12:12:10.591 UTC [1103] LOG:  execute <unnamed>: update "conversations" set "last_message_at" = $1, "updated_at" = $2 where (("conversations"."id" = $3) and ("conversations"."org_id" = $4) and ("conversations"."user_id" = $5))
2026-09-07 12:12:10.592 UTC [1103] LOG:  statement: commit
2026-09-07 12:12:10.594 UTC [1103] LOG:  statement: begin
2026-09-07 12:12:10.594 UTC [1103] LOG:  execute <unnamed>: select set_config('app.organization_id', $1, true)
2026-09-07 12:12:10.595 UTC [1103] LOG:  execute <unnamed>: select "id", "kind", "org_id", "workspace_id", "conversation_id", "desired_url", "desired_generation", "desired_sha", "provider", "provider_sandbox_id", "latest_snapshot_id", "latest_run_id", "state", "last_heartbeat_at", "created_at", "updated_at" from "workspace_sandbox_instances" where (("workspace_sandbox_instances"."conversation_id" = $1) and ("workspace_sandbox_instances"."kind" = $2))
2026-09-07 12:12:10.595 UTC [1103] LOG:  statement: commit
2026-09-07 12:12:10.595 UTC [1103] LOG:  statement: begin
2026-09-07 12:12:10.595 UTC [1103] LOG:  execute <unnamed>: select set_config('app.organization_id', $1, true)
2026-09-07 12:12:10.596 UTC [1103] LOG:  execute <unnamed>: select "id", "kind", "org_id", "workspace_id", "conversation_id", "desired_url", "desired_generation", "desired_sha", "provider", "provider_sandbox_id", "latest_snapshot_id", "latest_run_id", "state", "last_heartbeat_at", "created_at", "updated_at" from "workspace_sandbox_instances" where (("workspace_sandbox_instances"."conversation_id" = $1) and ("workspace_sandbox_instances"."kind" = $2))
2026-09-07 12:12:10.596 UTC [1103] LOG:  statement: commit
2026-09-07 12:12:10.596 UTC [1103] LOG:  statement: begin
2026-09-07 12:12:10.597 UTC [1103] LOG:  execute <unnamed>: select set_config('app.organization_id', $1, true)
2026-09-07 12:12:10.597 UTC [1103] LOG:  execute <unnamed>: select "id", "kind", "org_id", "workspace_id", "conversation_id", "desired_url", "desired_generation", "desired_sha", "provider", "provider_sandbox_id", "latest_snapshot_id", "latest_run_id", "state", "last_heartbeat_at", "created_at", "updated_at" from "workspace_sandbox_instances" where (("workspace_sandbox_instances"."id" = $1) and ("workspace_sandbox_instances"."org_id" = $2)) limit $3
2026-09-07 12:12:10.597 UTC [1103] LOG:  statement: commit
2026-09-07 12:12:10.598 UTC [1103] LOG:  statement: begin
2026-09-07 12:12:10.598 UTC [1103] LOG:  execute <unnamed>: select set_config('app.organization_id', $1, true)
2026-09-07 12:12:10.598 UTC [1103] LOG:  execute <unnamed>: delete from "workspace_sandbox_instances" where (("workspace_sandbox_instances"."id" = $1) and ("workspace_sandbox_instances"."org_id" = $2))
2026-09-07 12:12:10.602 UTC [1103] LOG:  statement: commit
2026-09-07 12:12:10.607 UTC [1103] LOG:  statement: begin
2026-09-07 12:12:10.608 UTC [1103] LOG:  execute <unnamed>: select set_config('app.organization_id', $1, true)
2026-09-07 12:12:10.609 UTC [1103] LOG:  execute <unnamed>: select "id", "org_id", "slug", "display_name", "workspace_repository_url", "github_connection_id", "desired_generation", "desired_sha", "active_projection_url", "active_projection_sha", "indexed_sha", "write_status", "hydrate_status", "hydrate_error", "last_job_at", "hydrate_phases", "read_only_reason", "created_at", "updated_at" from "workspaces" where (("workspaces"."org_id" = $1) and ("workspaces"."id" = $2)) limit $3
2026-09-07 12:12:10.609 UTC [1103] LOG:  statement: commit
2026-09-07 12:12:10.609 UTC [1103] LOG:  statement: begin
2026-09-07 12:12:10.609 UTC [1103] LOG:  execute <unnamed>: select set_config('app.organization_id', $1, true)
2026-09-07 12:12:10.610 UTC [1103] LOG:  execute <unnamed>: select "id", "org_id", "slug", "display_name", "workspace_repository_url", "github_connection_id", "desired_generation", "desired_sha", "active_projection_url", "active_projection_sha", "indexed_sha", "write_status", "hydrate_status", "hydrate_error", "last_job_at", "hydrate_phases", "read_only_reason", "created_at", "updated_at" from "workspaces" where (("workspaces"."org_id" = $1) and ("workspaces"."id" = $2)) limit $3
2026-09-07 12:12:10.610 UTC [1103] LOG:  execute <unnamed>: select "id", "org_id", "slug", "display_name", "workspace_repository_url", "github_connection_id", "desired_generation", "desired_sha", "active_projection_url", "active_projection_sha", "indexed_sha", "write_status", "hydrate_status", "hydrate_error", "last_job_at", "hydrate_phases", "read_only_reason", "created_at", "updated_at" from "workspaces" where (("workspaces"."org_id" = $1) and ("workspaces"."id" = $2)) limit $3
2026-09-07 12:12:10.611 UTC [1103] LOG:  execute <unnamed>: select "id", "org_id", "workspace_id", "git_url", "desired_ref", "desired_sha", "indexed_sha", "created_at" from "workspace_linked_repositories" where "workspace_linked_repositories"."workspace_id" = $1 order by "workspace_linked_repositories"."created_at"
2026-09-07 12:12:10.612 UTC [1103] LOG:  execute <unnamed>: select "id", "git_url" from "repositories" where "repositories"."org_id" = $1
2026-09-07 12:12:10.612 UTC [1103] LOG:  statement: commit
2026-09-07 12:12:10.613 UTC [1103] LOG:  statement: begin
2026-09-07 12:12:10.613 UTC [1102] LOG:  statement: begin
2026-09-07 12:12:10.613 UTC [1103] LOG:  execute <unnamed>: select set_config('app.organization_id', $1, true)
2026-09-07 12:12:10.613 UTC [1102] LOG:  execute <unnamed>: select set_config('app.organization_id', $1, true)
2026-09-07 12:12:10.614 UTC [1103] LOG:  execute <unnamed>: select "id", "kind", "org_id", "workspace_id", "conversation_id", "desired_url", "desired_generation", "desired_sha", "provider", "provider_sandbox_id", "latest_snapshot_id", "latest_run_id", "state", "last_heartbeat_at", "created_at", "updated_at" from "workspace_sandbox_instances" where (("workspace_sandbox_instances"."conversation_id" = $1) and ("workspace_sandbox_instances"."kind" = $2))
2026-09-07 12:12:10.614 UTC [1102] LOG:  execute <unnamed>: select "id", "kind", "org_id", "workspace_id", "conversation_id", "desired_url", "desired_generation", "desired_sha", "provider", "provider_sandbox_id", "latest_snapshot_id", "latest_run_id", "state", "last_heartbeat_at", "created_at", "updated_at" from "workspace_sandbox_instances" where (("workspace_sandbox_instances"."id" = $1) and ("workspace_sandbox_instances"."org_id" = $2)) limit $3
2026-09-07 12:12:10.614 UTC [1103] LOG:  statement: commit
2026-09-07 12:12:10.615 UTC [1102] LOG:  statement: commit
2026-09-07 12:12:10.616 UTC [1102] LOG:  statement: begin
2026-09-07 12:12:10.616 UTC [1102] LOG:  execute <unnamed>: select set_config('app.organization_id', $1, true)
2026-09-07 12:12:10.617 UTC [1102] LOG:  execute <unnamed>: select "id", "kind", "org_id", "workspace_id", "conversation_id", "desired_url", "desired_generation", "desired_sha", "provider", "provider_sandbox_id", "latest_snapshot_id", "latest_run_id", "state", "last_heartbeat_at", "created_at", "updated_at" from "workspace_sandbox_instances" where (("workspace_sandbox_instances"."conversation_id" = $1) and ("workspace_sandbox_instances"."kind" = $2) and ("workspace_sandbox_instances"."state" = $3))
2026-09-07 12:12:10.617 UTC [1102] LOG:  statement: commit
2026-09-07 12:12:10.774 UTC [1102] LOG:  statement: begin
2026-09-07 12:12:10.775 UTC [1102] LOG:  execute <unnamed>: select set_config('app.organization_id', $1, true)
2026-09-07 12:12:10.776 UTC [1102] LOG:  statement: savepoint sp1
2026-09-07 12:12:10.778 UTC [1102] LOG:  execute <unnamed>: select "id", "kind", "org_id", "workspace_id", "conversation_id", "desired_url", "desired_generation", "desired_sha", "provider", "provider_sandbox_id", "latest_snapshot_id", "latest_run_id", "state", "last_heartbeat_at", "created_at", "updated_at" from "workspace_sandbox_instances" where (("workspace_sandbox_instances"."org_id" = $1) and ("workspace_sandbox_instances"."kind" = $2) and ("workspace_sandbox_instances"."conversation_id" = $3) and ((("workspace_sandbox_instances"."state" = $4) or ("workspace_sandbox_instances"."state" = $5)))) order by ("workspace_sandbox_instances"."provider_sandbox_id" is not null) desc, "workspace_sandbox_instances"."created_at" asc, "workspace_sandbox_instances"."id" asc limit $6
2026-09-07 12:12:10.779 UTC [1102] LOG:  execute <unnamed>: insert into "workspace_sandbox_instances" ("id", "kind", "org_id", "workspace_id", "conversation_id", "desired_url", "desired_generation", "desired_sha", "provider", "provider_sandbox_id", "latest_snapshot_id", "latest_run_id", "state", "last_heartbeat_at", "created_at", "updated_at") values ($1, $2, $3, $4, $5, $6, $7, $8, $9, $10, $11, $12, $13, $14, $15, $16) on conflict ("id") do update set "kind" = $17, "conversation_id" = $18, "desired_url" = $19, "desired_generation" = $20, "desired_sha" = $21, "provider" = $22, "provider_sandbox_id" = $23, "latest_snapshot_id" = $24, "latest_run_id" = $25, "state" = $26, "last_heartbeat_at" = $27, "updated_at" = $28
2026-09-07 12:12:10.780 UTC [1102] LOG:  statement: release savepoint sp1
2026-09-07 12:12:10.781 UTC [1102] LOG:  statement: commit
2026-09-07 12:12:10.823 UTC [1102] LOG:  statement: begin
2026-09-07 12:12:10.824 UTC [1102] LOG:  execute <unnamed>: select set_config('app.organization_id', $1, true)
2026-09-07 12:12:10.827 UTC [1102] LOG:  execute <unnamed>: select "interrupt_id", "run_id", "thread_id", "org_id", "status", "requested_at", "resolved_at", "payload_json", "response_json" from "chat_interrupts" where (("chat_interrupts"."thread_id" = $1) and ("chat_interrupts"."status" = $2)) order by "chat_interrupts"."requested_at" asc
2026-09-07 12:12:10.828 UTC [1102] LOG:  statement: commit
2026-09-07 12:12:10.828 UTC [1102] LOG:  statement: begin
2026-09-07 12:12:10.829 UTC [1102] LOG:  execute <unnamed>: select set_config('app.organization_id', $1, true)
2026-09-07 12:12:10.830 UTC [1102] LOG:  execute <unnamed>: select "run_id", "thread_id", "org_id", "status", "started_at", "finished_at", "error", "error_code", "usage_json", "sandbox_key", "detached_since", "cancel_requested", "driver_epoch" from "chat_runs" where "chat_runs"."run_id" = $1 limit $2
2026-09-07 12:12:10.831 UTC [1102] LOG:  statement: commit
2026-09-07 12:12:10.832 UTC [1102] LOG:  statement: begin
2026-09-07 12:12:10.834 UTC [1102] LOG:  execute <unnamed>: select set_config('app.organization_id', $1, true)
2026-09-07 12:12:10.835 UTC [1102] LOG:  execute <unnamed>: insert into "chat_runs" ("run_id", "thread_id", "org_id", "status", "started_at", "finished_at", "error", "error_code", "usage_json", "sandbox_key", "detached_since", "cancel_requested", "driver_epoch") values ($1, $2, $3, $4, $5, default, default, default, default, default, default, default, default) on conflict ("run_id") do nothing
2026-09-07 12:12:10.836 UTC [1102] LOG:  statement: commit
2026-09-07 12:12:10.837 UTC [1102] LOG:  statement: begin
2026-09-07 12:12:10.838 UTC [1102] LOG:  execute <unnamed>: select set_config('app.organization_id', $1, true)
2026-09-07 12:12:10.839 UTC [1102] LOG:  execute <unnamed>: select "run_id", "thread_id", "org_id", "status", "started_at", "finished_at", "error", "error_code", "usage_json", "sandbox_key", "detached_since", "cancel_requested", "driver_epoch" from "chat_runs" where "chat_runs"."run_id" = $1 limit $2
2026-09-07 12:12:10.840 UTC [1102] LOG:  statement: commit
2026-09-07 12:12:10.843 UTC [1102] LOG:  statement: begin
2026-09-07 12:12:10.844 UTC [1102] LOG:  execute <unnamed>: select set_config('app.organization_id', $1, true)
2026-09-07 12:12:10.845 UTC [1102] LOG:  execute <unnamed>: select "messages_json" from "chat_threads" where "chat_threads"."thread_id" = $1 limit $2
2026-09-07 12:12:10.846 UTC [1102] LOG:  statement: commit
2026-09-07 12:12:10.847 UTC [1102] LOG:  statement: begin
2026-09-07 12:12:10.847 UTC [1102] LOG:  execute <unnamed>: select set_config('app.organization_id', $1, true)
2026-09-07 12:12:10.848 UTC [1102] LOG:  execute <unnamed>: insert into "chat_threads" ("thread_id", "org_id", "messages_json", "updated_at") values ($1, $2, $3, $4) on conflict ("thread_id") do update set "messages_json" = $5, "updated_at" = $6
2026-09-07 12:12:10.848 UTC [1102] LOG:  statement: commit
2026-09-07 12:12:11.962 UTC [1102] LOG:  statement: begin
2026-09-07 12:12:11.963 UTC [1102] LOG:  execute <unnamed>: select set_config('app.organization_id', $1, true)
2026-09-07 12:12:11.964 UTC [1102] LOG:  execute <unnamed>: insert into "chat_threads" ("thread_id", "org_id", "messages_json", "updated_at") values ($1, $2, $3, $4) on conflict ("thread_id") do update set "messages_json" = $5, "updated_at" = $6
2026-09-07 12:12:11.964 UTC [1102] LOG:  statement: commit
2026-09-07 12:12:15.897 UTC [1102] LOG:  statement: begin
2026-09-07 12:12:15.898 UTC [1102] LOG:  execute <unnamed>: select set_config('app.organization_id', $1, true)
2026-09-07 12:12:15.900 UTC [1102] LOG:  execute <unnamed>: insert into "chat_threads" ("thread_id", "org_id", "messages_json", "updated_at") values ($1, $2, $3, $4) on conflict ("thread_id") do update set "messages_json" = $5, "updated_at" = $6
2026-09-07 12:12:15.901 UTC [1102] LOG:  statement: commit
2026-09-07 12:12:16.015 UTC [1102] LOG:  statement: begin
2026-09-07 12:12:16.017 UTC [1102] LOG:  execute <unnamed>: select set_config('app.organization_id', $1, true)
2026-09-07 12:12:16.019 UTC [1102] LOG:  execute <unnamed>: insert into "chat_threads" ("thread_id", "org_id", "messages_json", "updated_at") values ($1, $2, $3, $4) on conflict ("thread_id") do update set "messages_json" = $5, "updated_at" = $6
2026-09-07 12:12:16.020 UTC [1102] LOG:  statement: commit
2026-09-07 12:12:16.022 UTC [1102] LOG:  statement: begin
2026-09-07 12:12:16.023 UTC [1102] LOG:  execute <unnamed>: select set_config('app.organization_id', $1, true)
2026-09-07 12:12:16.025 UTC [1102] LOG:  execute <unnamed>: update "chat_runs" set "status" = $1, "finished_at" = $2, "usage_json" = $3 where "chat_runs"."run_id" = $4
2026-09-07 12:12:16.027 UTC [1102] LOG:  statement: commit
2026-09-07 12:12:16.029 UTC [1102] LOG:  statement: begin
2026-09-07 12:12:16.030 UTC [1102] LOG:  execute <unnamed>: select set_config('app.organization_id', $1, true)
2026-09-07 12:12:16.031 UTC [1102] LOG:  execute <unnamed>: select "messages_json" from "chat_threads" where "chat_threads"."thread_id" = $1 limit $2
2026-09-07 12:12:16.032 UTC [1102] LOG:  statement: commit
2026-09-07 12:12:16.035 UTC [1102] LOG:  statement: begin
2026-09-07 12:12:16.035 UTC [1102] LOG:  execute <unnamed>: select set_config('app.organization_id', $1, true)
2026-09-07 12:12:16.037 UTC [1102] LOG:  execute <unnamed>: select "run_id", "thread_id", "org_id", "status", "started_at", "finished_at", "error", "error_code", "usage_json", "sandbox_key", "detached_since", "cancel_requested", "driver_epoch" from "chat_runs" where (("chat_runs"."thread_id" = $1) and ("chat_runs"."status" = $2)) order by "chat_runs"."started_at" desc limit $3
2026-09-07 12:12:16.038 UTC [1102] LOG:  statement: commit
2026-09-07 12:12:16.039 UTC [1102] LOG:  statement: begin
2026-09-07 12:12:16.039 UTC [1102] LOG:  execute <unnamed>: select set_config('app.organization_id', $1, true)
2026-09-07 12:12:16.041 UTC [1102] LOG:  execute <unnamed>: select "d0"."id" as "id", "d0"."org_id" as "orgId", "d0"."user_id" as "userId", "d0"."workspace_id" as "workspaceId", "d0"."name" as "name", "d0"."source" as "source", "d0"."last_branch" as "lastBranch", "d0"."last_chat_pr_number" as "lastChatPrNumber", "d0"."last_message_at" as "lastMessageAt", "d0"."created_at" as "createdAt", "d0"."updated_at" as "updatedAt" from "conversations" as "d0" where (("d0"."id" = $1) and ("d0"."org_id" = $2) and ("d0"."user_id" = $3)) limit $4
2026-09-07 12:12:16.042 UTC [1102] LOG:  statement: commit
2026-09-07 12:12:16.052 UTC [1102] LOG:  execute <unnamed>: select "id", "expires_at", "token", "created_at", "updated_at", "ip_address", "user_agent", "user_id", "active_organization_id" from "sessions" where "sessions"."token" = $1
2026-09-07 12:12:16.053 UTC [1102] LOG:  execute <unnamed>: select "id", "name", "email", "email_verified", "image", "created_at", "updated_at", "two_factor_enabled", "onboarding_completed_at" from "users" where "users"."id" = $1
2026-09-07 12:12:16.054 UTC [1102] LOG:  execute <unnamed>: select "id", "public_key", "private_key", "created_at", "expires_at" from "jwkss" limit $1
2026-09-07 12:12:16.056 UTC [1102] LOG:  execute <unnamed>: select "id", "expires_at", "token", "created_at", "updated_at", "ip_address", "user_agent", "user_id", "active_organization_id" from "sessions" where "sessions"."token" = $1
2026-09-07 12:12:16.058 UTC [1102] LOG:  execute <unnamed>: select "id", "name", "email", "email_verified", "image", "created_at", "updated_at", "two_factor_enabled", "onboarding_completed_at" from "users" where "users"."id" = $1
2026-09-07 12:12:16.059 UTC [1102] LOG:  execute <unnamed>: select "id", "public_key", "private_key", "created_at", "expires_at" from "jwkss" limit $1
2026-09-07 12:12:16.060 UTC [1102] LOG:  execute <unnamed>: select "organizations"."id" from "organizations" inner join "members" on (("members"."organization_id" = "organizations"."id") and ("members"."user_id" = $1)) where "organizations"."slug" = $2 limit $3
2026-09-07 12:12:16.062 UTC [1102] LOG:  statement: begin
2026-09-07 12:12:16.063 UTC [1102] LOG:  execute <unnamed>: select set_config('app.organization_id', $1, true)
2026-09-07 12:12:16.064 UTC [1102] LOG:  execute <unnamed>: select "d0"."id" as "id", "d0"."org_id" as "orgId", "d0"."user_id" as "userId", "d0"."workspace_id" as "workspaceId", "d0"."name" as "name", "d0"."source" as "source", "d0"."last_branch" as "lastBranch", "d0"."last_chat_pr_number" as "lastChatPrNumber", "d0"."last_message_at" as "lastMessageAt", "d0"."created_at" as "createdAt", "d0"."updated_at" as "updatedAt" from "conversations" as "d0" where (("d0"."id" = $1) and ("d0"."org_id" = $2) and ("d0"."user_id" = $3)) limit $4
2026-09-07 12:12:16.064 UTC [1102] LOG:  statement: commit
2026-09-07 12:12:16.065 UTC [1102] LOG:  statement: begin
2026-09-07 12:12:16.066 UTC [1102] LOG:  execute <unnamed>: select set_config('app.organization_id', $1, true)
2026-09-07 12:12:16.067 UTC [1102] LOG:  execute <unnamed>: select "messages_json" from "chat_threads" where "chat_threads"."thread_id" = $1 limit $2
2026-09-07 12:12:16.067 UTC [1102] LOG:  statement: commit
2026-09-07 12:12:16.068 UTC [1102] LOG:  statement: begin
2026-09-07 12:12:16.068 UTC [1102] LOG:  execute <unnamed>: select set_config('app.organization_id', $1, true)
2026-09-07 12:12:16.069 UTC [1102] LOG:  execute <unnamed>: select "id", "org_id", "slug", "display_name", "workspace_repository_url", "github_connection_id", "desired_generation", "desired_sha", "active_projection_url", "active_projection_sha", "indexed_sha", "write_status", "hydrate_status", "hydrate_error", "last_job_at", "hydrate_phases", "read_only_reason", "created_at", "updated_at" from "workspaces" where (("workspaces"."org_id" = $1) and ("workspaces"."id" = $2)) limit $3
2026-09-07 12:12:16.069 UTC [1102] LOG:  statement: commit
2026-09-07 12:12:16.123 UTC [1102] LOG:  execute <unnamed>: select "id", "expires_at", "token", "created_at", "updated_at", "ip_address", "user_agent", "user_id", "active_organization_id" from "sessions" where "sessions"."token" = $1
2026-09-07 12:12:16.125 UTC [1102] LOG:  execute <unnamed>: select "id", "name", "email", "email_verified", "image", "created_at", "updated_at", "two_factor_enabled", "onboarding_completed_at" from "users" where "users"."id" = $1
2026-09-07 12:12:16.126 UTC [1102] LOG:  execute <unnamed>: select "id", "public_key", "private_key", "created_at", "expires_at" from "jwkss" limit $1
2026-09-07 12:12:16.128 UTC [1102] LOG:  execute <unnamed>: select "id", "expires_at", "token", "created_at", "updated_at", "ip_address", "user_agent", "user_id", "active_organization_id" from "sessions" where "sessions"."token" = $1
2026-09-07 12:12:16.129 UTC [1102] LOG:  execute <unnamed>: select "id", "name", "email", "email_verified", "image", "created_at", "updated_at", "two_factor_enabled", "onboarding_completed_at" from "users" where "users"."id" = $1
2026-09-07 12:12:16.129 UTC [1102] LOG:  execute <unnamed>: select "id", "public_key", "private_key", "created_at", "expires_at" from "jwkss" limit $1
2026-09-07 12:12:16.131 UTC [1102] LOG:  execute <unnamed>: select "organizations"."id" from "organizations" inner join "members" on (("members"."organization_id" = "organizations"."id") and ("members"."user_id" = $1)) where "organizations"."slug" = $2 limit $3
2026-09-07 12:12:16.132 UTC [1102] LOG:  statement: begin
2026-09-07 12:12:16.133 UTC [1102] LOG:  execute <unnamed>: select set_config('app.organization_id', $1, true)
2026-09-07 12:12:16.134 UTC [1102] LOG:  execute <unnamed>: select "id", "org_id", "slug", "display_name", "workspace_repository_url", "github_connection_id", "desired_generation", "desired_sha", "active_projection_url", "active_projection_sha", "indexed_sha", "write_status", "hydrate_status", "hydrate_error", "last_job_at", "hydrate_phases", "read_only_reason", "created_at", "updated_at" from "workspaces" where (("workspaces"."org_id" = $1) and ("workspaces"."slug" = $2)) limit $3
2026-09-07 12:12:16.135 UTC [1102] LOG:  statement: commit
2026-09-07 12:12:16.136 UTC [1102] LOG:  statement: begin
2026-09-07 12:12:16.137 UTC [1102] LOG:  execute <unnamed>: select set_config('app.organization_id', $1, true)
2026-09-07 12:12:16.140 UTC [1102] LOG:  execute <unnamed>: select "id", "org_id", "slug", "display_name", "workspace_repository_url", "github_connection_id", "desired_generation", "desired_sha", "active_projection_url", "active_projection_sha", "indexed_sha", "write_status", "hydrate_status", "hydrate_error", "last_job_at", "hydrate_phases", "read_only_reason", "created_at", "updated_at" from "workspaces" where (("workspaces"."org_id" = $1) and ("workspaces"."id" = $2)) limit $3
2026-09-07 12:12:16.142 UTC [1102] LOG:  execute <unnamed>: select "id", "org_id", "workspace_id", "git_url", "desired_ref", "desired_sha", "indexed_sha", "created_at" from "workspace_linked_repositories" where "workspace_linked_repositories"."workspace_id" = $1 order by "workspace_linked_repositories"."created_at"
2026-09-07 12:12:16.143 UTC [1102] LOG:  statement: commit
2026-09-07 12:12:16.144 UTC [1102] LOG:  statement: begin
2026-09-07 12:12:16.145 UTC [1102] LOG:  execute <unnamed>: select set_config('app.organization_id', $1, true)
2026-09-07 12:12:16.146 UTC [1102] LOG:  execute <unnamed>: select "commit_sha" from "workspace_write_jobs" where (("workspace_write_jobs"."workspace_id" = $1) and ("workspace_write_jobs"."kind" = $2) and (("workspace_write_jobs"."commit_sha" is not null))) order by "workspace_write_jobs"."created_at" asc limit $3
2026-09-07 12:12:16.146 UTC [1102] LOG:  statement: commit
2026-09-07 12:12:16.149 UTC [1102] LOG:  execute <unnamed>: select "id", "expires_at", "token", "created_at", "updated_at", "ip_address", "user_agent", "user_id", "active_organization_id" from "sessions" where "sessions"."token" = $1
2026-09-07 12:12:16.151 UTC [1102] LOG:  execute <unnamed>: select "id", "name", "email", "email_verified", "image", "created_at", "updated_at", "two_factor_enabled", "onboarding_completed_at" from "users" where "users"."id" = $1
2026-09-07 12:12:16.153 UTC [1102] LOG:  execute <unnamed>: select "id", "public_key", "private_key", "created_at", "expires_at" from "jwkss" limit $1
2026-09-07 12:12:16.154 UTC [1102] LOG:  execute <unnamed>: select "id", "expires_at", "token", "created_at", "updated_at", "ip_address", "user_agent", "user_id", "active_organization_id" from "sessions" where "sessions"."token" = $1
2026-09-07 12:12:16.155 UTC [1102] LOG:  execute <unnamed>: select "id", "name", "email", "email_verified", "image", "created_at", "updated_at", "two_factor_enabled", "onboarding_completed_at" from "users" where "users"."id" = $1
2026-09-07 12:12:16.157 UTC [1102] LOG:  execute <unnamed>: select "id", "public_key", "private_key", "created_at", "expires_at" from "jwkss" limit $1
2026-09-07 12:12:16.159 UTC [1102] LOG:  execute <unnamed>: select "organizations"."id" from "organizations" inner join "members" on (("members"."organization_id" = "organizations"."id") and ("members"."user_id" = $1)) where "organizations"."slug" = $2 limit $3
2026-09-07 12:12:16.162 UTC [1102] LOG:  statement: begin
2026-09-07 12:12:16.163 UTC [1102] LOG:  execute <unnamed>: select set_config('app.organization_id', $1, true)
2026-09-07 12:12:16.164 UTC [1102] LOG:  execute <unnamed>: select "id" from "workspaces" where (("workspaces"."id" = $1) and ("workspaces"."org_id" = $2)) limit $3
2026-09-07 12:12:16.165 UTC [1102] LOG:  execute <unnamed>: select "id", "org_id", "user_id", "workspace_id", "name", "source", "last_branch", "last_chat_pr_number", "last_message_at", "created_at", "updated_at" from "conversations" where (("conversations"."id" = $1) and ("conversations"."org_id" = $2) and ("conversations"."user_id" = $3)) limit $4
2026-09-07 12:12:16.166 UTC [1102] LOG:  statement: commit
2026-09-07 12:12:16.167 UTC [1102] LOG:  statement: begin
2026-09-07 12:12:16.168 UTC [1102] LOG:  execute <unnamed>: select set_config('app.organization_id', $1, true)
2026-09-07 12:12:16.169 UTC [1102] LOG:  execute <unnamed>: select "id", "org_id", "slug", "display_name", "workspace_repository_url", "github_connection_id", "desired_generation", "desired_sha", "active_projection_url", "active_projection_sha", "indexed_sha", "write_status", "hydrate_status", "hydrate_error", "last_job_at", "hydrate_phases", "read_only_reason", "created_at", "updated_at" from "workspaces" where (("workspaces"."org_id" = $1) and ("workspaces"."id" = $2)) limit $3
2026-09-07 12:12:16.169 UTC [1102] LOG:  statement: commit
2026-09-07 12:12:16.170 UTC [1102] LOG:  statement: begin
2026-09-07 12:12:16.170 UTC [1102] LOG:  execute <unnamed>: select set_config('app.organization_id', $1, true)
2026-09-07 12:12:16.171 UTC [1102] LOG:  execute <unnamed>: update "conversations" set "last_branch" = $1, "updated_at" = $2 where (("conversations"."id" = $3) and ("conversations"."org_id" = $4) and ("conversations"."user_id" = $5))
2026-09-07 12:12:16.172 UTC [1102] LOG:  statement: commit
2026-09-07 12:12:16.174 UTC [1102] LOG:  statement: begin
2026-09-07 12:12:16.174 UTC [1102] LOG:  execute <unnamed>: select set_config('app.organization_id', $1, true)
2026-09-07 12:12:16.175 UTC [1102] LOG:  execute <unnamed>: select "id", "kind", "org_id", "workspace_id", "conversation_id", "desired_url", "desired_generation", "desired_sha", "provider", "provider_sandbox_id", "latest_snapshot_id", "latest_run_id", "state", "last_heartbeat_at", "created_at", "updated_at" from "workspace_sandbox_instances" where (("workspace_sandbox_instances"."conversation_id" = $1) and ("workspace_sandbox_instances"."kind" = $2))
2026-09-07 12:12:16.175 UTC [1102] LOG:  statement: commit
2026-09-07 12:12:16.176 UTC [1102] LOG:  statement: begin
2026-09-07 12:12:16.176 UTC [1102] LOG:  execute <unnamed>: select set_config('app.organization_id', $1, true)
2026-09-07 12:12:16.176 UTC [1102] LOG:  execute <unnamed>: select "id", "kind", "org_id", "workspace_id", "conversation_id", "desired_url", "desired_generation", "desired_sha", "provider", "provider_sandbox_id", "latest_snapshot_id", "latest_run_id", "state", "last_heartbeat_at", "created_at", "updated_at" from "workspace_sandbox_instances" where (("workspace_sandbox_instances"."conversation_id" = $1) and ("workspace_sandbox_instances"."kind" = $2))
2026-09-07 12:12:16.176 UTC [1102] LOG:  statement: commit
2026-09-07 12:12:16.177 UTC [1102] LOG:  statement: begin
2026-09-07 12:12:16.177 UTC [1102] LOG:  execute <unnamed>: select set_config('app.organization_id', $1, true)
2026-09-07 12:12:16.177 UTC [1102] LOG:  execute <unnamed>: select "id", "kind", "org_id", "workspace_id", "conversation_id", "desired_url", "desired_generation", "desired_sha", "provider", "provider_sandbox_id", "latest_snapshot_id", "latest_run_id", "state", "last_heartbeat_at", "created_at", "updated_at" from "workspace_sandbox_instances" where (("workspace_sandbox_instances"."id" = $1) and ("workspace_sandbox_instances"."org_id" = $2)) limit $3
2026-09-07 12:12:16.178 UTC [1102] LOG:  statement: commit
2026-09-07 12:12:16.185 UTC [1102] LOG:  statement: begin
2026-09-07 12:12:16.185 UTC [1102] LOG:  execute <unnamed>: select set_config('app.organization_id', $1, true)
2026-09-07 12:12:16.186 UTC [1102] LOG:  execute <unnamed>: delete from "workspace_sandbox_instances" where (("workspace_sandbox_instances"."id" = $1) and ("workspace_sandbox_instances"."org_id" = $2))
2026-09-07 12:12:16.186 UTC [1102] LOG:  statement: commit
2026-09-07 12:12:16.187 UTC [1102] LOG:  execute <unnamed>: select "slug" from "organizations" where "organizations"."id" = $1 limit $2
2026-09-07 12:12:16.188 UTC [1102] LOG:  statement: begin
2026-09-07 12:12:16.188 UTC [1102] LOG:  execute <unnamed>: select set_config('app.organization_id', $1, true)
2026-09-07 12:12:16.189 UTC [1102] LOG:  execute <unnamed>: select "id", "kind", "org_id", "workspace_id", "conversation_id", "desired_url", "desired_generation", "desired_sha", "provider", "provider_sandbox_id", "latest_snapshot_id", "latest_run_id", "state", "last_heartbeat_at", "created_at", "updated_at" from "workspace_sandbox_instances" where (("workspace_sandbox_instances"."id" = $1) and ("workspace_sandbox_instances"."org_id" = $2)) limit $3
2026-09-07 12:12:16.189 UTC [1102] LOG:  statement: commit
2026-09-07 12:12:16.189 UTC [1102] LOG:  statement: begin
2026-09-07 12:12:16.189 UTC [1102] LOG:  execute <unnamed>: select set_config('app.organization_id', $1, true)
2026-09-07 12:12:16.190 UTC [1102] LOG:  execute <unnamed>: select "id", "kind", "org_id", "workspace_id", "conversation_id", "desired_url", "desired_generation", "desired_sha", "provider", "provider_sandbox_id", "latest_snapshot_id", "latest_run_id", "state", "last_heartbeat_at", "created_at", "updated_at" from "workspace_sandbox_instances" where (("workspace_sandbox_instances"."conversation_id" = $1) and ("workspace_sandbox_instances"."kind" = $2) and ("workspace_sandbox_instances"."state" = $3))
2026-09-07 12:12:16.190 UTC [1102] LOG:  statement: commit
2026-09-07 12:12:16.340 UTC [1102] LOG:  statement: begin
2026-09-07 12:12:16.341 UTC [1102] LOG:  execute <unnamed>: select set_config('app.organization_id', $1, true)
2026-09-07 12:12:16.342 UTC [1102] LOG:  statement: savepoint sp1
2026-09-07 12:12:16.343 UTC [1102] LOG:  execute <unnamed>: select "id", "kind", "org_id", "workspace_id", "conversation_id", "desired_url", "desired_generation", "desired_sha", "provider", "provider_sandbox_id", "latest_snapshot_id", "latest_run_id", "state", "last_heartbeat_at", "created_at", "updated_at" from "workspace_sandbox_instances" where (("workspace_sandbox_instances"."org_id" = $1) and ("workspace_sandbox_instances"."kind" = $2) and ("workspace_sandbox_instances"."conversation_id" = $3) and ((("workspace_sandbox_instances"."state" = $4) or ("workspace_sandbox_instances"."state" = $5)))) order by ("workspace_sandbox_instances"."provider_sandbox_id" is not null) desc, "workspace_sandbox_instances"."created_at" asc, "workspace_sandbox_instances"."id" asc limit $6
2026-09-07 12:12:16.345 UTC [1102] LOG:  execute <unnamed>: insert into "workspace_sandbox_instances" ("id", "kind", "org_id", "workspace_id", "conversation_id", "desired_url", "desired_generation", "desired_sha", "provider", "provider_sandbox_id", "latest_snapshot_id", "latest_run_id", "state", "last_heartbeat_at", "created_at", "updated_at") values ($1, $2, $3, $4, $5, $6, $7, $8, $9, $10, $11, $12, $13, $14, $15, $16) on conflict ("id") do update set "kind" = $17, "conversation_id" = $18, "desired_url" = $19, "desired_generation" = $20, "desired_sha" = $21, "provider" = $22, "provider_sandbox_id" = $23, "latest_snapshot_id" = $24, "latest_run_id" = $25, "state" = $26, "last_heartbeat_at" = $27, "updated_at" = $28
2026-09-07 12:12:16.346 UTC [1102] LOG:  statement: release savepoint sp1
2026-09-07 12:12:16.346 UTC [1102] LOG:  statement: commit
2026-09-07 12:12:16.366 UTC [1102] LOG:  statement: begin
2026-09-07 12:12:16.367 UTC [1102] LOG:  execute <unnamed>: select set_config('app.organization_id', $1, true)
2026-09-07 12:12:16.368 UTC [1102] LOG:  execute <unnamed>: update "conversations" set "last_branch" = $1, "updated_at" = $2 where (("conversations"."id" = $3) and ("conversations"."org_id" = $4) and ("conversations"."user_id" = $5))
2026-09-07 12:12:16.369 UTC [1102] LOG:  statement: commit
2026-09-07 12:12:16.370 UTC [1102] LOG:  statement: begin
2026-09-07 12:12:16.370 UTC [1102] LOG:  execute <unnamed>: select set_config('app.organization_id', $1, true)
2026-09-07 12:12:16.371 UTC [1102] LOG:  execute <unnamed>: select "id", "kind", "org_id", "workspace_id", "conversation_id", "desired_url", "desired_generation", "desired_sha", "provider", "provider_sandbox_id", "latest_snapshot_id", "latest_run_id", "state", "last_heartbeat_at", "created_at", "updated_at" from "workspace_sandbox_instances" where (("workspace_sandbox_instances"."conversation_id" = $1) and ("workspace_sandbox_instances"."kind" = $2))
2026-09-07 12:12:16.372 UTC [1102] LOG:  statement: commit
2026-09-07 12:12:16.375 UTC [1102] LOG:  execute <unnamed>: select "id", "expires_at", "token", "created_at", "updated_at", "ip_address", "user_agent", "user_id", "active_organization_id" from "sessions" where "sessions"."token" = $1
2026-09-07 12:12:16.376 UTC [1102] LOG:  execute <unnamed>: select "id", "name", "email", "email_verified", "image", "created_at", "updated_at", "two_factor_enabled", "onboarding_completed_at" from "users" where "users"."id" = $1
2026-09-07 12:12:16.377 UTC [1102] LOG:  execute <unnamed>: select "id", "public_key", "private_key", "created_at", "expires_at" from "jwkss" limit $1
2026-09-07 12:12:16.379 UTC [1102] LOG:  execute <unnamed>: select "id", "expires_at", "token", "created_at", "updated_at", "ip_address", "user_agent", "user_id", "active_organization_id" from "sessions" where "sessions"."token" = $1
2026-09-07 12:12:16.379 UTC [1102] LOG:  execute <unnamed>: select "id", "name", "email", "email_verified", "image", "created_at", "updated_at", "two_factor_enabled", "onboarding_completed_at" from "users" where "users"."id" = $1
2026-09-07 12:12:16.380 UTC [1102] LOG:  execute <unnamed>: select "id", "public_key", "private_key", "created_at", "expires_at" from "jwkss" limit $1
2026-09-07 12:12:16.382 UTC [1102] LOG:  execute <unnamed>: select "organizations"."id" from "organizations" inner join "members" on (("members"."organization_id" = "organizations"."id") and ("members"."user_id" = $1)) where "organizations"."slug" = $2 limit $3
2026-09-07 12:12:16.383 UTC [1102] LOG:  statement: begin
2026-09-07 12:12:16.387 UTC [1102] LOG:  execute <unnamed>: select set_config('app.organization_id', $1, true)
2026-09-07 12:12:16.388 UTC [1102] LOG:  execute <unnamed>: select "id" from "workspaces" where (("workspaces"."id" = $1) and ("workspaces"."org_id" = $2)) limit $3
2026-09-07 12:12:16.388 UTC [1102] LOG:  execute <unnamed>: select "id", "org_id", "user_id", "workspace_id", "name", "source", "last_branch", "last_chat_pr_number", "last_message_at", "created_at", "updated_at" from "conversations" where (("conversations"."id" = $1) and ("conversations"."org_id" = $2) and ("conversations"."user_id" = $3)) limit $4
2026-09-07 12:12:16.389 UTC [1102] LOG:  statement: commit
2026-09-07 12:12:16.390 UTC [1102] LOG:  statement: begin
2026-09-07 12:12:16.390 UTC [1102] LOG:  execute <unnamed>: select set_config('app.organization_id', $1, true)
2026-09-07 12:12:16.391 UTC [1102] LOG:  execute <unnamed>: select "id", "org_id", "slug", "display_name", "workspace_repository_url", "github_connection_id", "desired_generation", "desired_sha", "active_projection_url", "active_projection_sha", "indexed_sha", "write_status", "hydrate_status", "hydrate_error", "last_job_at", "hydrate_phases", "read_only_reason", "created_at", "updated_at" from "workspaces" where (("workspaces"."org_id" = $1) and ("workspaces"."id" = $2)) limit $3
2026-09-07 12:12:16.392 UTC [1102] LOG:  statement: commit
2026-09-07 12:12:16.394 UTC [1102] LOG:  statement: begin
2026-09-07 12:12:16.394 UTC [1102] LOG:  execute <unnamed>: select set_config('app.organization_id', $1, true)
2026-09-07 12:12:16.395 UTC [1102] LOG:  execute <unnamed>: update "conversations" set "last_branch" = $1, "updated_at" = $2 where (("conversations"."id" = $3) and ("conversations"."org_id" = $4) and ("conversations"."user_id" = $5))
2026-09-07 12:12:16.396 UTC [1102] LOG:  statement: commit
2026-09-07 12:12:16.397 UTC [1102] LOG:  statement: begin
2026-09-07 12:12:16.397 UTC [1102] LOG:  execute <unnamed>: select set_config('app.organization_id', $1, true)
2026-09-07 12:12:16.398 UTC [1102] LOG:  execute <unnamed>: update "conversations" set "last_message_at" = $1, "updated_at" = $2 where (("conversations"."id" = $3) and ("conversations"."org_id" = $4) and ("conversations"."user_id" = $5))
2026-09-07 12:12:16.399 UTC [1102] LOG:  statement: commit
2026-09-07 12:12:16.400 UTC [1102] LOG:  statement: begin
2026-09-07 12:12:16.401 UTC [1102] LOG:  execute <unnamed>: select set_config('app.organization_id', $1, true)
2026-09-07 12:12:16.402 UTC [1102] LOG:  execute <unnamed>: select "id", "kind", "org_id", "workspace_id", "conversation_id", "desired_url", "desired_generation", "desired_sha", "provider", "provider_sandbox_id", "latest_snapshot_id", "latest_run_id", "state", "last_heartbeat_at", "created_at", "updated_at" from "workspace_sandbox_instances" where (("workspace_sandbox_instances"."conversation_id" = $1) and ("workspace_sandbox_instances"."kind" = $2))
2026-09-07 12:12:16.403 UTC [1102] LOG:  statement: commit
2026-09-07 12:12:16.403 UTC [1102] LOG:  statement: begin
2026-09-07 12:12:16.404 UTC [1102] LOG:  execute <unnamed>: select set_config('app.organization_id', $1, true)
2026-09-07 12:12:16.405 UTC [1102] LOG:  execute <unnamed>: select "id", "kind", "org_id", "workspace_id", "conversation_id", "desired_url", "desired_generation", "desired_sha", "provider", "provider_sandbox_id", "latest_snapshot_id", "latest_run_id", "state", "last_heartbeat_at", "created_at", "updated_at" from "workspace_sandbox_instances" where (("workspace_sandbox_instances"."conversation_id" = $1) and ("workspace_sandbox_instances"."kind" = $2))
2026-09-07 12:12:16.405 UTC [1102] LOG:  statement: commit
2026-09-07 12:12:16.406 UTC [1102] LOG:  statement: begin
2026-09-07 12:12:16.406 UTC [1102] LOG:  execute <unnamed>: select set_config('app.organization_id', $1, true)
2026-09-07 12:12:16.407 UTC [1102] LOG:  execute <unnamed>: select "id", "kind", "org_id", "workspace_id", "conversation_id", "desired_url", "desired_generation", "desired_sha", "provider", "provider_sandbox_id", "latest_snapshot_id", "latest_run_id", "state", "last_heartbeat_at", "created_at", "updated_at" from "workspace_sandbox_instances" where (("workspace_sandbox_instances"."id" = $1) and ("workspace_sandbox_instances"."org_id" = $2)) limit $3
2026-09-07 12:12:16.410 UTC [1102] LOG:  statement: commit
2026-09-07 12:12:16.410 UTC [1102] LOG:  statement: begin
2026-09-07 12:12:16.411 UTC [1102] LOG:  execute <unnamed>: select set_config('app.organization_id', $1, true)
2026-09-07 12:12:16.411 UTC [1102] LOG:  execute <unnamed>: delete from "workspace_sandbox_instances" where (("workspace_sandbox_instances"."id" = $1) and ("workspace_sandbox_instances"."org_id" = $2))
2026-09-07 12:12:16.412 UTC [1102] LOG:  statement: commit
2026-09-07 12:12:16.418 UTC [1102] LOG:  statement: begin
2026-09-07 12:12:16.419 UTC [1102] LOG:  execute <unnamed>: select set_config('app.organization_id', $1, true)
2026-09-07 12:12:16.420 UTC [1102] LOG:  execute <unnamed>: select "id", "org_id", "slug", "display_name", "workspace_repository_url", "github_connection_id", "desired_generation", "desired_sha", "active_projection_url", "active_projection_sha", "indexed_sha", "write_status", "hydrate_status", "hydrate_error", "last_job_at", "hydrate_phases", "read_only_reason", "created_at", "updated_at" from "workspaces" where (("workspaces"."org_id" = $1) and ("workspaces"."id" = $2)) limit $3
2026-09-07 12:12:16.421 UTC [1102] LOG:  statement: commit
2026-09-07 12:12:16.421 UTC [1102] LOG:  statement: begin
2026-09-07 12:12:16.422 UTC [1102] LOG:  execute <unnamed>: select set_config('app.organization_id', $1, true)
2026-09-07 12:12:16.423 UTC [1102] LOG:  execute <unnamed>: select "id", "org_id", "slug", "display_name", "workspace_repository_url", "github_connection_id", "desired_generation", "desired_sha", "active_projection_url", "active_projection_sha", "indexed_sha", "write_status", "hydrate_status", "hydrate_error", "last_job_at", "hydrate_phases", "read_only_reason", "created_at", "updated_at" from "workspaces" where (("workspaces"."org_id" = $1) and ("workspaces"."id" = $2)) limit $3
2026-09-07 12:12:16.424 UTC [1102] LOG:  execute <unnamed>: select "id", "org_id", "slug", "display_name", "workspace_repository_url", "github_connection_id", "desired_generation", "desired_sha", "active_projection_url", "active_projection_sha", "indexed_sha", "write_status", "hydrate_status", "hydrate_error", "last_job_at", "hydrate_phases", "read_only_reason", "created_at", "updated_at" from "workspaces" where (("workspaces"."org_id" = $1) and ("workspaces"."id" = $2)) limit $3
2026-09-07 12:12:16.425 UTC [1102] LOG:  execute <unnamed>: select "id", "org_id", "workspace_id", "git_url", "desired_ref", "desired_sha", "indexed_sha", "created_at" from "workspace_linked_repositories" where "workspace_linked_repositories"."workspace_id" = $1 order by "workspace_linked_repositories"."created_at"
2026-09-07 12:12:16.425 UTC [1102] LOG:  execute <unnamed>: select "id", "git_url" from "repositories" where "repositories"."org_id" = $1
2026-09-07 12:12:16.425 UTC [1102] LOG:  statement: commit
2026-09-07 12:12:16.426 UTC [1102] LOG:  statement: begin
2026-09-07 12:12:16.426 UTC [1103] LOG:  statement: begin
2026-09-07 12:12:16.427 UTC [1103] LOG:  execute <unnamed>: select set_config('app.organization_id', $1, true)
2026-09-07 12:12:16.427 UTC [1102] LOG:  execute <unnamed>: select set_config('app.organization_id', $1, true)
2026-09-07 12:12:16.427 UTC [1102] LOG:  execute <unnamed>: select "id", "kind", "org_id", "workspace_id", "conversation_id", "desired_url", "desired_generation", "desired_sha", "provider", "provider_sandbox_id", "latest_snapshot_id", "latest_run_id", "state", "last_heartbeat_at", "created_at", "updated_at" from "workspace_sandbox_instances" where (("workspace_sandbox_instances"."conversation_id" = $1) and ("workspace_sandbox_instances"."kind" = $2))
2026-09-07 12:12:16.428 UTC [1103] LOG:  execute <unnamed>: select "id", "kind", "org_id", "workspace_id", "conversation_id", "desired_url", "desired_generation", "desired_sha", "provider", "provider_sandbox_id", "latest_snapshot_id", "latest_run_id", "state", "last_heartbeat_at", "created_at", "updated_at" from "workspace_sandbox_instances" where (("workspace_sandbox_instances"."id" = $1) and ("workspace_sandbox_instances"."org_id" = $2)) limit $3
2026-09-07 12:12:16.428 UTC [1102] LOG:  statement: commit
2026-09-07 12:12:16.428 UTC [1103] LOG:  statement: commit
2026-09-07 12:12:16.431 UTC [1103] LOG:  statement: begin
2026-09-07 12:12:16.431 UTC [1103] LOG:  execute <unnamed>: select set_config('app.organization_id', $1, true)
2026-09-07 12:12:16.432 UTC [1103] LOG:  execute <unnamed>: select "id", "kind", "org_id", "workspace_id", "conversation_id", "desired_url", "desired_generation", "desired_sha", "provider", "provider_sandbox_id", "latest_snapshot_id", "latest_run_id", "state", "last_heartbeat_at", "created_at", "updated_at" from "workspace_sandbox_instances" where (("workspace_sandbox_instances"."conversation_id" = $1) and ("workspace_sandbox_instances"."kind" = $2) and ("workspace_sandbox_instances"."state" = $3))
2026-09-07 12:12:16.432 UTC [1103] LOG:  statement: commit
2026-09-07 12:12:16.580 UTC [1103] LOG:  statement: begin
2026-09-07 12:12:16.581 UTC [1103] LOG:  execute <unnamed>: select set_config('app.organization_id', $1, true)
2026-09-07 12:12:16.583 UTC [1103] LOG:  statement: savepoint sp1
2026-09-07 12:12:16.584 UTC [1103] LOG:  execute <unnamed>: select "id", "kind", "org_id", "workspace_id", "conversation_id", "desired_url", "desired_generation", "desired_sha", "provider", "provider_sandbox_id", "latest_snapshot_id", "latest_run_id", "state", "last_heartbeat_at", "created_at", "updated_at" from "workspace_sandbox_instances" where (("workspace_sandbox_instances"."org_id" = $1) and ("workspace_sandbox_instances"."kind" = $2) and ("workspace_sandbox_instances"."conversation_id" = $3) and ((("workspace_sandbox_instances"."state" = $4) or ("workspace_sandbox_instances"."state" = $5)))) order by ("workspace_sandbox_instances"."provider_sandbox_id" is not null) desc, "workspace_sandbox_instances"."created_at" asc, "workspace_sandbox_instances"."id" asc limit $6
2026-09-07 12:12:16.586 UTC [1103] LOG:  execute <unnamed>: insert into "workspace_sandbox_instances" ("id", "kind", "org_id", "workspace_id", "conversation_id", "desired_url", "desired_generation", "desired_sha", "provider", "provider_sandbox_id", "latest_snapshot_id", "latest_run_id", "state", "last_heartbeat_at", "created_at", "updated_at") values ($1, $2, $3, $4, $5, $6, $7, $8, $9, $10, $11, $12, $13, $14, $15, $16) on conflict ("id") do update set "kind" = $17, "conversation_id" = $18, "desired_url" = $19, "desired_generation" = $20, "desired_sha" = $21, "provider" = $22, "provider_sandbox_id" = $23, "latest_snapshot_id" = $24, "latest_run_id" = $25, "state" = $26, "last_heartbeat_at" = $27, "updated_at" = $28
2026-09-07 12:12:16.587 UTC [1103] LOG:  statement: release savepoint sp1
2026-09-07 12:12:16.588 UTC [1103] LOG:  statement: commit
2026-09-07 12:12:16.631 UTC [1103] LOG:  statement: begin
2026-09-07 12:12:16.632 UTC [1103] LOG:  execute <unnamed>: select set_config('app.organization_id', $1, true)
2026-09-07 12:12:16.634 UTC [1103] LOG:  execute <unnamed>: select "interrupt_id", "run_id", "thread_id", "org_id", "status", "requested_at", "resolved_at", "payload_json", "response_json" from "chat_interrupts" where (("chat_interrupts"."thread_id" = $1) and ("chat_interrupts"."status" = $2)) order by "chat_interrupts"."requested_at" asc
2026-09-07 12:12:16.635 UTC [1103] LOG:  statement: commit
2026-09-07 12:12:16.636 UTC [1103] LOG:  statement: begin
2026-09-07 12:12:16.636 UTC [1103] LOG:  execute <unnamed>: select set_config('app.organization_id', $1, true)
2026-09-07 12:12:16.637 UTC [1103] LOG:  execute <unnamed>: select "run_id", "thread_id", "org_id", "status", "started_at", "finished_at", "error", "error_code", "usage_json", "sandbox_key", "detached_since", "cancel_requested", "driver_epoch" from "chat_runs" where "chat_runs"."run_id" = $1 limit $2
2026-09-07 12:12:16.638 UTC [1103] LOG:  statement: commit
2026-09-07 12:12:16.639 UTC [1103] LOG:  statement: begin
2026-09-07 12:12:16.640 UTC [1103] LOG:  execute <unnamed>: select set_config('app.organization_id', $1, true)
2026-09-07 12:12:16.641 UTC [1103] LOG:  execute <unnamed>: insert into "chat_runs" ("run_id", "thread_id", "org_id", "status", "started_at", "finished_at", "error", "error_code", "usage_json", "sandbox_key", "detached_since", "cancel_requested", "driver_epoch") values ($1, $2, $3, $4, $5, default, default, default, default, default, default, default, default) on conflict ("run_id") do nothing
2026-09-07 12:12:16.642 UTC [1103] LOG:  statement: commit
2026-09-07 12:12:16.644 UTC [1103] LOG:  statement: begin
2026-09-07 12:12:16.644 UTC [1103] LOG:  execute <unnamed>: select set_config('app.organization_id', $1, true)
2026-09-07 12:12:16.645 UTC [1103] LOG:  execute <unnamed>: select "run_id", "thread_id", "org_id", "status", "started_at", "finished_at", "error", "error_code", "usage_json", "sandbox_key", "detached_since", "cancel_requested", "driver_epoch" from "chat_runs" where "chat_runs"."run_id" = $1 limit $2
2026-09-07 12:12:16.646 UTC [1103] LOG:  statement: commit
2026-09-07 12:12:16.647 UTC [1103] LOG:  statement: begin
2026-09-07 12:12:16.647 UTC [1103] LOG:  execute <unnamed>: select set_config('app.organization_id', $1, true)
2026-09-07 12:12:16.648 UTC [1103] LOG:  execute <unnamed>: select "messages_json" from "chat_threads" where "chat_threads"."thread_id" = $1 limit $2
2026-09-07 12:12:16.649 UTC [1103] LOG:  statement: commit
2026-09-07 12:12:16.650 UTC [1103] LOG:  statement: begin
2026-09-07 12:12:16.650 UTC [1103] LOG:  execute <unnamed>: select set_config('app.organization_id', $1, true)
2026-09-07 12:12:16.654 UTC [1103] LOG:  execute <unnamed>: insert into "chat_threads" ("thread_id", "org_id", "messages_json", "updated_at") values ($1, $2, $3, $4) on conflict ("thread_id") do update set "messages_json" = $5, "updated_at" = $6
2026-09-07 12:12:16.655 UTC [1103] LOG:  statement: commit
2026-09-07 12:12:17.761 UTC [1103] LOG:  statement: begin
2026-09-07 12:12:17.762 UTC [1103] LOG:  execute <unnamed>: select set_config('app.organization_id', $1, true)
2026-09-07 12:12:17.763 UTC [1103] LOG:  execute <unnamed>: insert into "chat_threads" ("thread_id", "org_id", "messages_json", "updated_at") values ($1, $2, $3, $4) on conflict ("thread_id") do update set "messages_json" = $5, "updated_at" = $6
2026-09-07 12:12:17.764 UTC [1103] LOG:  statement: commit
2026-09-07 12:12:21.912 UTC [1103] LOG:  statement: begin
2026-09-07 12:12:21.913 UTC [1103] LOG:  execute <unnamed>: select set_config('app.organization_id', $1, true)
2026-09-07 12:12:21.915 UTC [1103] LOG:  execute <unnamed>: insert into "chat_threads" ("thread_id", "org_id", "messages_json", "updated_at") values ($1, $2, $3, $4) on conflict ("thread_id") do update set "messages_json" = $5, "updated_at" = $6
2026-09-07 12:12:21.917 UTC [1103] LOG:  statement: commit
2026-09-07 12:12:22.028 UTC [1103] LOG:  statement: begin
2026-09-07 12:12:22.029 UTC [1103] LOG:  execute <unnamed>: select set_config('app.organization_id', $1, true)
2026-09-07 12:12:22.030 UTC [1103] LOG:  execute <unnamed>: insert into "chat_threads" ("thread_id", "org_id", "messages_json", "updated_at") values ($1, $2, $3, $4) on conflict ("thread_id") do update set "messages_json" = $5, "updated_at" = $6
2026-09-07 12:12:22.031 UTC [1103] LOG:  statement: commit
2026-09-07 12:12:22.033 UTC [1103] LOG:  statement: begin
2026-09-07 12:12:22.034 UTC [1103] LOG:  execute <unnamed>: select set_config('app.organization_id', $1, true)
2026-09-07 12:12:22.035 UTC [1103] LOG:  execute <unnamed>: update "chat_runs" set "status" = $1, "finished_at" = $2, "usage_json" = $3 where "chat_runs"."run_id" = $4
2026-09-07 12:12:22.036 UTC [1103] LOG:  statement: commit
2026-09-07 12:12:22.038 UTC [1103] LOG:  statement: begin
2026-09-07 12:12:22.038 UTC [1103] LOG:  execute <unnamed>: select set_config('app.organization_id', $1, true)
2026-09-07 12:12:22.040 UTC [1103] LOG:  execute <unnamed>: select "messages_json" from "chat_threads" where "chat_threads"."thread_id" = $1 limit $2
2026-09-07 12:12:22.041 UTC [1103] LOG:  statement: commit
2026-09-07 12:12:22.046 UTC [1103] LOG:  statement: begin
2026-09-07 12:12:22.047 UTC [1103] LOG:  execute <unnamed>: select set_config('app.organization_id', $1, true)
2026-09-07 12:12:22.049 UTC [1103] LOG:  execute <unnamed>: select "run_id", "thread_id", "org_id", "status", "started_at", "finished_at", "error", "error_code", "usage_json", "sandbox_key", "detached_since", "cancel_requested", "driver_epoch" from "chat_runs" where (("chat_runs"."thread_id" = $1) and ("chat_runs"."status" = $2)) order by "chat_runs"."started_at" desc limit $3
2026-09-07 12:12:22.050 UTC [1103] LOG:  statement: commit
2026-09-07 12:12:22.051 UTC [1103] LOG:  statement: begin
2026-09-07 12:12:22.052 UTC [1103] LOG:  execute <unnamed>: select set_config('app.organization_id', $1, true)
2026-09-07 12:12:22.053 UTC [1103] LOG:  execute <unnamed>: select "d0"."id" as "id", "d0"."org_id" as "orgId", "d0"."user_id" as "userId", "d0"."workspace_id" as "workspaceId", "d0"."name" as "name", "d0"."source" as "source", "d0"."last_branch" as "lastBranch", "d0"."last_chat_pr_number" as "lastChatPrNumber", "d0"."last_message_at" as "lastMessageAt", "d0"."created_at" as "createdAt", "d0"."updated_at" as "updatedAt" from "conversations" as "d0" where (("d0"."id" = $1) and ("d0"."org_id" = $2) and ("d0"."user_id" = $3)) limit $4
2026-09-07 12:12:22.054 UTC [1103] LOG:  statement: commit
2026-09-07 12:12:22.063 UTC [1103] LOG:  execute <unnamed>: select "id", "expires_at", "token", "created_at", "updated_at", "ip_address", "user_agent", "user_id", "active_organization_id" from "sessions" where "sessions"."token" = $1
2026-09-07 12:12:22.064 UTC [1103] LOG:  execute <unnamed>: select "id", "name", "email", "email_verified", "image", "created_at", "updated_at", "two_factor_enabled", "onboarding_completed_at" from "users" where "users"."id" = $1
2026-09-07 12:12:22.069 UTC [1103] LOG:  execute <unnamed>: select "id", "public_key", "private_key", "created_at", "expires_at" from "jwkss" limit $1
2026-09-07 12:12:22.071 UTC [1103] LOG:  execute <unnamed>: select "id", "expires_at", "token", "created_at", "updated_at", "ip_address", "user_agent", "user_id", "active_organization_id" from "sessions" where "sessions"."token" = $1
2026-09-07 12:12:22.073 UTC [1103] LOG:  execute <unnamed>: select "id", "name", "email", "email_verified", "image", "created_at", "updated_at", "two_factor_enabled", "onboarding_completed_at" from "users" where "users"."id" = $1
2026-09-07 12:12:22.074 UTC [1103] LOG:  execute <unnamed>: select "id", "public_key", "private_key", "created_at", "expires_at" from "jwkss" limit $1
2026-09-07 12:12:22.076 UTC [1103] LOG:  execute <unnamed>: select "organizations"."id" from "organizations" inner join "members" on (("members"."organization_id" = "organizations"."id") and ("members"."user_id" = $1)) where "organizations"."slug" = $2 limit $3
2026-09-07 12:12:22.077 UTC [1103] LOG:  statement: begin
2026-09-07 12:12:22.078 UTC [1103] LOG:  execute <unnamed>: select set_config('app.organization_id', $1, true)
2026-09-07 12:12:22.079 UTC [1103] LOG:  execute <unnamed>: select "d0"."id" as "id", "d0"."org_id" as "orgId", "d0"."user_id" as "userId", "d0"."workspace_id" as "workspaceId", "d0"."name" as "name", "d0"."source" as "source", "d0"."last_branch" as "lastBranch", "d0"."last_chat_pr_number" as "lastChatPrNumber", "d0"."last_message_at" as "lastMessageAt", "d0"."created_at" as "createdAt", "d0"."updated_at" as "updatedAt" from "conversations" as "d0" where (("d0"."id" = $1) and ("d0"."org_id" = $2) and ("d0"."user_id" = $3)) limit $4
2026-09-07 12:12:22.080 UTC [1103] LOG:  statement: commit
2026-09-07 12:12:22.081 UTC [1103] LOG:  statement: begin
2026-09-07 12:12:22.082 UTC [1103] LOG:  execute <unnamed>: select set_config('app.organization_id', $1, true)
2026-09-07 12:12:22.083 UTC [1103] LOG:  execute <unnamed>: select "messages_json" from "chat_threads" where "chat_threads"."thread_id" = $1 limit $2
2026-09-07 12:12:22.084 UTC [1103] LOG:  statement: commit
2026-09-07 12:12:22.085 UTC [1103] LOG:  statement: begin
2026-09-07 12:12:22.086 UTC [1103] LOG:  execute <unnamed>: select set_config('app.organization_id', $1, true)
2026-09-07 12:12:22.087 UTC [1103] LOG:  execute <unnamed>: select "id", "org_id", "slug", "display_name", "workspace_repository_url", "github_connection_id", "desired_generation", "desired_sha", "active_projection_url", "active_projection_sha", "indexed_sha", "write_status", "hydrate_status", "hydrate_error", "last_job_at", "hydrate_phases", "read_only_reason", "created_at", "updated_at" from "workspaces" where (("workspaces"."org_id" = $1) and ("workspaces"."id" = $2)) limit $3
2026-09-07 12:12:22.090 UTC [1103] LOG:  statement: commit
2026-09-07 12:12:22.145 UTC [1103] LOG:  execute <unnamed>: select "id", "expires_at", "token", "created_at", "updated_at", "ip_address", "user_agent", "user_id", "active_organization_id" from "sessions" where "sessions"."token" = $1
2026-09-07 12:12:22.146 UTC [1103] LOG:  execute <unnamed>: select "id", "name", "email", "email_verified", "image", "created_at", "updated_at", "two_factor_enabled", "onboarding_completed_at" from "users" where "users"."id" = $1
2026-09-07 12:12:22.147 UTC [1103] LOG:  execute <unnamed>: select "id", "public_key", "private_key", "created_at", "expires_at" from "jwkss" limit $1
2026-09-07 12:12:22.149 UTC [1103] LOG:  execute <unnamed>: select "id", "expires_at", "token", "created_at", "updated_at", "ip_address", "user_agent", "user_id", "active_organization_id" from "sessions" where "sessions"."token" = $1
2026-09-07 12:12:22.152 UTC [1103] LOG:  execute <unnamed>: select "id", "name", "email", "email_verified", "image", "created_at", "updated_at", "two_factor_enabled", "onboarding_completed_at" from "users" where "users"."id" = $1
2026-09-07 12:12:22.153 UTC [1103] LOG:  execute <unnamed>: select "id", "public_key", "private_key", "created_at", "expires_at" from "jwkss" limit $1
2026-09-07 12:12:22.155 UTC [1103] LOG:  execute <unnamed>: select "organizations"."id" from "organizations" inner join "members" on (("members"."organization_id" = "organizations"."id") and ("members"."user_id" = $1)) where "organizations"."slug" = $2 limit $3
2026-09-07 12:12:22.156 UTC [1103] LOG:  statement: begin
2026-09-07 12:12:22.157 UTC [1103] LOG:  execute <unnamed>: select set_config('app.organization_id', $1, true)
2026-09-07 12:12:22.158 UTC [1103] LOG:  execute <unnamed>: select "id", "org_id", "slug", "display_name", "workspace_repository_url", "github_connection_id", "desired_generation", "desired_sha", "active_projection_url", "active_projection_sha", "indexed_sha", "write_status", "hydrate_status", "hydrate_error", "last_job_at", "hydrate_phases", "read_only_reason", "created_at", "updated_at" from "workspaces" where (("workspaces"."org_id" = $1) and ("workspaces"."slug" = $2)) limit $3
2026-09-07 12:12:22.159 UTC [1103] LOG:  statement: commit
2026-09-07 12:12:22.160 UTC [1103] LOG:  statement: begin
2026-09-07 12:12:22.161 UTC [1103] LOG:  execute <unnamed>: select set_config('app.organization_id', $1, true)
2026-09-07 12:12:22.162 UTC [1103] LOG:  execute <unnamed>: select "id", "org_id", "slug", "display_name", "workspace_repository_url", "github_connection_id", "desired_generation", "desired_sha", "active_projection_url", "active_projection_sha", "indexed_sha", "write_status", "hydrate_status", "hydrate_error", "last_job_at", "hydrate_phases", "read_only_reason", "created_at", "updated_at" from "workspaces" where (("workspaces"."org_id" = $1) and ("workspaces"."id" = $2)) limit $3
2026-09-07 12:12:22.163 UTC [1103] LOG:  execute <unnamed>: select "id", "org_id", "workspace_id", "git_url", "desired_ref", "desired_sha", "indexed_sha", "created_at" from "workspace_linked_repositories" where "workspace_linked_repositories"."workspace_id" = $1 order by "workspace_linked_repositories"."created_at"
2026-09-07 12:12:22.164 UTC [1103] LOG:  statement: commit
2026-09-07 12:12:22.165 UTC [1103] LOG:  statement: begin
2026-09-07 12:12:22.166 UTC [1103] LOG:  execute <unnamed>: select set_config('app.organization_id', $1, true)
2026-09-07 12:12:22.167 UTC [1103] LOG:  execute <unnamed>: select "commit_sha" from "workspace_write_jobs" where (("workspace_write_jobs"."workspace_id" = $1) and ("workspace_write_jobs"."kind" = $2) and (("workspace_write_jobs"."commit_sha" is not null))) order by "workspace_write_jobs"."created_at" asc limit $3
2026-09-07 12:12:22.168 UTC [1103] LOG:  statement: commit
2026-09-07 12:12:22.174 UTC [1103] LOG:  execute <unnamed>: select "id", "expires_at", "token", "created_at", "updated_at", "ip_address", "user_agent", "user_id", "active_organization_id" from "sessions" where "sessions"."token" = $1
2026-09-07 12:12:22.175 UTC [1103] LOG:  execute <unnamed>: select "id", "name", "email", "email_verified", "image", "created_at", "updated_at", "two_factor_enabled", "onboarding_completed_at" from "users" where "users"."id" = $1
2026-09-07 12:12:22.177 UTC [1103] LOG:  execute <unnamed>: select "id", "public_key", "private_key", "created_at", "expires_at" from "jwkss" limit $1
2026-09-07 12:12:22.178 UTC [1103] LOG:  execute <unnamed>: select "id", "expires_at", "token", "created_at", "updated_at", "ip_address", "user_agent", "user_id", "active_organization_id" from "sessions" where "sessions"."token" = $1
2026-09-07 12:12:22.180 UTC [1103] LOG:  execute <unnamed>: select "id", "name", "email", "email_verified", "image", "created_at", "updated_at", "two_factor_enabled", "onboarding_completed_at" from "users" where "users"."id" = $1
2026-09-07 12:12:22.180 UTC [1103] LOG:  execute <unnamed>: select "id", "public_key", "private_key", "created_at", "expires_at" from "jwkss" limit $1
2026-09-07 12:12:22.182 UTC [1103] LOG:  execute <unnamed>: select "organizations"."id" from "organizations" inner join "members" on (("members"."organization_id" = "organizations"."id") and ("members"."user_id" = $1)) where "organizations"."slug" = $2 limit $3
2026-09-07 12:12:22.183 UTC [1103] LOG:  statement: begin
2026-09-07 12:12:22.184 UTC [1103] LOG:  execute <unnamed>: select set_config('app.organization_id', $1, true)
2026-09-07 12:12:22.185 UTC [1103] LOG:  execute <unnamed>: select "id" from "workspaces" where (("workspaces"."id" = $1) and ("workspaces"."org_id" = $2)) limit $3
2026-09-07 12:12:22.186 UTC [1103] LOG:  execute <unnamed>: select "id", "org_id", "user_id", "workspace_id", "name", "source", "last_branch", "last_chat_pr_number", "last_message_at", "created_at", "updated_at" from "conversations" where (("conversations"."id" = $1) and ("conversations"."org_id" = $2) and ("conversations"."user_id" = $3)) limit $4
2026-09-07 12:12:22.187 UTC [1103] LOG:  statement: commit
2026-09-07 12:12:22.187 UTC [1103] LOG:  statement: begin
2026-09-07 12:12:22.188 UTC [1103] LOG:  execute <unnamed>: select set_config('app.organization_id', $1, true)
2026-09-07 12:12:22.188 UTC [1103] LOG:  execute <unnamed>: select "id", "org_id", "slug", "display_name", "workspace_repository_url", "github_connection_id", "desired_generation", "desired_sha", "active_projection_url", "active_projection_sha", "indexed_sha", "write_status", "hydrate_status", "hydrate_error", "last_job_at", "hydrate_phases", "read_only_reason", "created_at", "updated_at" from "workspaces" where (("workspaces"."org_id" = $1) and ("workspaces"."id" = $2)) limit $3
2026-09-07 12:12:22.189 UTC [1103] LOG:  statement: commit
2026-09-07 12:12:22.189 UTC [1103] LOG:  statement: begin
2026-09-07 12:12:22.190 UTC [1103] LOG:  execute <unnamed>: select set_config('app.organization_id', $1, true)
2026-09-07 12:12:22.190 UTC [1103] LOG:  execute <unnamed>: update "conversations" set "last_branch" = $1, "updated_at" = $2 where (("conversations"."id" = $3) and ("conversations"."org_id" = $4) and ("conversations"."user_id" = $5))
2026-09-07 12:12:22.192 UTC [1103] LOG:  statement: commit
2026-09-07 12:12:22.195 UTC [1103] LOG:  statement: begin
2026-09-07 12:12:22.196 UTC [1103] LOG:  execute <unnamed>: select set_config('app.organization_id', $1, true)
2026-09-07 12:12:22.196 UTC [1103] LOG:  execute <unnamed>: select "id", "kind", "org_id", "workspace_id", "conversation_id", "desired_url", "desired_generation", "desired_sha", "provider", "provider_sandbox_id", "latest_snapshot_id", "latest_run_id", "state", "last_heartbeat_at", "created_at", "updated_at" from "workspace_sandbox_instances" where (("workspace_sandbox_instances"."conversation_id" = $1) and ("workspace_sandbox_instances"."kind" = $2))
2026-09-07 12:12:22.196 UTC [1103] LOG:  statement: commit
2026-09-07 12:12:22.197 UTC [1103] LOG:  statement: begin
2026-09-07 12:12:22.197 UTC [1103] LOG:  execute <unnamed>: select set_config('app.organization_id', $1, true)
2026-09-07 12:12:22.197 UTC [1103] LOG:  execute <unnamed>: select "id", "kind", "org_id", "workspace_id", "conversation_id", "desired_url", "desired_generation", "desired_sha", "provider", "provider_sandbox_id", "latest_snapshot_id", "latest_run_id", "state", "last_heartbeat_at", "created_at", "updated_at" from "workspace_sandbox_instances" where (("workspace_sandbox_instances"."conversation_id" = $1) and ("workspace_sandbox_instances"."kind" = $2))
2026-09-07 12:12:22.198 UTC [1103] LOG:  statement: commit
2026-09-07 12:12:22.198 UTC [1103] LOG:  statement: begin
2026-09-07 12:12:22.198 UTC [1103] LOG:  execute <unnamed>: select set_config('app.organization_id', $1, true)
2026-09-07 12:12:22.199 UTC [1103] LOG:  execute <unnamed>: select "id", "kind", "org_id", "workspace_id", "conversation_id", "desired_url", "desired_generation", "desired_sha", "provider", "provider_sandbox_id", "latest_snapshot_id", "latest_run_id", "state", "last_heartbeat_at", "created_at", "updated_at" from "workspace_sandbox_instances" where (("workspace_sandbox_instances"."id" = $1) and ("workspace_sandbox_instances"."org_id" = $2)) limit $3
2026-09-07 12:12:22.199 UTC [1103] LOG:  statement: commit
2026-09-07 12:12:22.203 UTC [1103] LOG:  statement: begin
2026-09-07 12:12:22.203 UTC [1103] LOG:  execute <unnamed>: select set_config('app.organization_id', $1, true)
2026-09-07 12:12:22.203 UTC [1103] LOG:  execute <unnamed>: delete from "workspace_sandbox_instances" where (("workspace_sandbox_instances"."id" = $1) and ("workspace_sandbox_instances"."org_id" = $2))
2026-09-07 12:12:22.204 UTC [1103] LOG:  statement: commit
2026-09-07 12:12:22.204 UTC [1103] LOG:  execute <unnamed>: select "slug" from "organizations" where "organizations"."id" = $1 limit $2
2026-09-07 12:12:22.205 UTC [1103] LOG:  statement: begin
2026-09-07 12:12:22.205 UTC [1103] LOG:  execute <unnamed>: select set_config('app.organization_id', $1, true)
2026-09-07 12:12:22.206 UTC [1103] LOG:  execute <unnamed>: select "id", "kind", "org_id", "workspace_id", "conversation_id", "desired_url", "desired_generation", "desired_sha", "provider", "provider_sandbox_id", "latest_snapshot_id", "latest_run_id", "state", "last_heartbeat_at", "created_at", "updated_at" from "workspace_sandbox_instances" where (("workspace_sandbox_instances"."id" = $1) and ("workspace_sandbox_instances"."org_id" = $2)) limit $3
2026-09-07 12:12:22.208 UTC [1103] LOG:  statement: commit
2026-09-07 12:12:22.208 UTC [1103] LOG:  statement: begin
2026-09-07 12:12:22.209 UTC [1103] LOG:  execute <unnamed>: select set_config('app.organization_id', $1, true)
2026-09-07 12:12:22.209 UTC [1103] LOG:  execute <unnamed>: select "id", "kind", "org_id", "workspace_id", "conversation_id", "desired_url", "desired_generation", "desired_sha", "provider", "provider_sandbox_id", "latest_snapshot_id", "latest_run_id", "state", "last_heartbeat_at", "created_at", "updated_at" from "workspace_sandbox_instances" where (("workspace_sandbox_instances"."conversation_id" = $1) and ("workspace_sandbox_instances"."kind" = $2) and ("workspace_sandbox_instances"."state" = $3))
2026-09-07 12:12:22.209 UTC [1103] LOG:  statement: commit
2026-09-07 12:12:22.354 UTC [1103] LOG:  statement: begin
2026-09-07 12:12:22.355 UTC [1103] LOG:  execute <unnamed>: select set_config('app.organization_id', $1, true)
2026-09-07 12:12:22.355 UTC [1103] LOG:  statement: savepoint sp1
2026-09-07 12:12:22.357 UTC [1103] LOG:  execute <unnamed>: select "id", "kind", "org_id", "workspace_id", "conversation_id", "desired_url", "desired_generation", "desired_sha", "provider", "provider_sandbox_id", "latest_snapshot_id", "latest_run_id", "state", "last_heartbeat_at", "created_at", "updated_at" from "workspace_sandbox_instances" where (("workspace_sandbox_instances"."org_id" = $1) and ("workspace_sandbox_instances"."kind" = $2) and ("workspace_sandbox_instances"."conversation_id" = $3) and ((("workspace_sandbox_instances"."state" = $4) or ("workspace_sandbox_instances"."state" = $5)))) order by ("workspace_sandbox_instances"."provider_sandbox_id" is not null) desc, "workspace_sandbox_instances"."created_at" asc, "workspace_sandbox_instances"."id" asc limit $6
2026-09-07 12:12:22.358 UTC [1103] LOG:  execute <unnamed>: insert into "workspace_sandbox_instances" ("id", "kind", "org_id", "workspace_id", "conversation_id", "desired_url", "desired_generation", "desired_sha", "provider", "provider_sandbox_id", "latest_snapshot_id", "latest_run_id", "state", "last_heartbeat_at", "created_at", "updated_at") values ($1, $2, $3, $4, $5, $6, $7, $8, $9, $10, $11, $12, $13, $14, $15, $16) on conflict ("id") do update set "kind" = $17, "conversation_id" = $18, "desired_url" = $19, "desired_generation" = $20, "desired_sha" = $21, "provider" = $22, "provider_sandbox_id" = $23, "latest_snapshot_id" = $24, "latest_run_id" = $25, "state" = $26, "last_heartbeat_at" = $27, "updated_at" = $28
2026-09-07 12:12:22.360 UTC [1103] LOG:  statement: release savepoint sp1
2026-09-07 12:12:22.360 UTC [1103] LOG:  statement: commit
2026-09-07 12:12:22.379 UTC [1103] LOG:  statement: begin
2026-09-07 12:12:22.380 UTC [1103] LOG:  execute <unnamed>: select set_config('app.organization_id', $1, true)
2026-09-07 12:12:22.381 UTC [1103] LOG:  execute <unnamed>: update "conversations" set "last_branch" = $1, "updated_at" = $2 where (("conversations"."id" = $3) and ("conversations"."org_id" = $4) and ("conversations"."user_id" = $5))
2026-09-07 12:12:22.382 UTC [1103] LOG:  statement: commit
2026-09-07 12:12:22.384 UTC [1103] LOG:  statement: begin
2026-09-07 12:12:22.384 UTC [1103] LOG:  execute <unnamed>: select set_config('app.organization_id', $1, true)
2026-09-07 12:12:22.386 UTC [1103] LOG:  execute <unnamed>: select "id", "kind", "org_id", "workspace_id", "conversation_id", "desired_url", "desired_generation", "desired_sha", "provider", "provider_sandbox_id", "latest_snapshot_id", "latest_run_id", "state", "last_heartbeat_at", "created_at", "updated_at" from "workspace_sandbox_instances" where (("workspace_sandbox_instances"."conversation_id" = $1) and ("workspace_sandbox_instances"."kind" = $2))
2026-09-07 12:12:22.386 UTC [1103] LOG:  statement: commit
2026-09-07 12:12:22.389 UTC [1103] LOG:  execute <unnamed>: select "id", "expires_at", "token", "created_at", "updated_at", "ip_address", "user_agent", "user_id", "active_organization_id" from "sessions" where "sessions"."token" = $1
2026-09-07 12:12:22.390 UTC [1103] LOG:  execute <unnamed>: select "id", "name", "email", "email_verified", "image", "created_at", "updated_at", "two_factor_enabled", "onboarding_completed_at" from "users" where "users"."id" = $1
2026-09-07 12:12:22.392 UTC [1103] LOG:  execute <unnamed>: select "id", "public_key", "private_key", "created_at", "expires_at" from "jwkss" limit $1
2026-09-07 12:12:22.394 UTC [1103] LOG:  execute <unnamed>: select "id", "expires_at", "token", "created_at", "updated_at", "ip_address", "user_agent", "user_id", "active_organization_id" from "sessions" where "sessions"."token" = $1
2026-09-07 12:12:22.395 UTC [1103] LOG:  execute <unnamed>: select "id", "name", "email", "email_verified", "image", "created_at", "updated_at", "two_factor_enabled", "onboarding_completed_at" from "users" where "users"."id" = $1
2026-09-07 12:12:22.398 UTC [1103] LOG:  execute <unnamed>: select "id", "public_key", "private_key", "created_at", "expires_at" from "jwkss" limit $1
2026-09-07 12:12:22.400 UTC [1103] LOG:  execute <unnamed>: select "organizations"."id" from "organizations" inner join "members" on (("members"."organization_id" = "organizations"."id") and ("members"."user_id" = $1)) where "organizations"."slug" = $2 limit $3
2026-09-07 12:12:22.402 UTC [1103] LOG:  statement: begin
2026-09-07 12:12:22.403 UTC [1103] LOG:  execute <unnamed>: select set_config('app.organization_id', $1, true)
2026-09-07 12:12:22.404 UTC [1103] LOG:  execute <unnamed>: select "id" from "workspaces" where (("workspaces"."id" = $1) and ("workspaces"."org_id" = $2)) limit $3
2026-09-07 12:12:22.405 UTC [1103] LOG:  execute <unnamed>: select "id", "org_id", "user_id", "workspace_id", "name", "source", "last_branch", "last_chat_pr_number", "last_message_at", "created_at", "updated_at" from "conversations" where (("conversations"."id" = $1) and ("conversations"."org_id" = $2) and ("conversations"."user_id" = $3)) limit $4
2026-09-07 12:12:22.405 UTC [1103] LOG:  statement: commit
2026-09-07 12:12:22.406 UTC [1103] LOG:  statement: begin
2026-09-07 12:12:22.406 UTC [1103] LOG:  execute <unnamed>: select set_config('app.organization_id', $1, true)
2026-09-07 12:12:22.407 UTC [1103] LOG:  execute <unnamed>: select "id", "org_id", "slug", "display_name", "workspace_repository_url", "github_connection_id", "desired_generation", "desired_sha", "active_projection_url", "active_projection_sha", "indexed_sha", "write_status", "hydrate_status", "hydrate_error", "last_job_at", "hydrate_phases", "read_only_reason", "created_at", "updated_at" from "workspaces" where (("workspaces"."org_id" = $1) and ("workspaces"."id" = $2)) limit $3
2026-09-07 12:12:22.408 UTC [1103] LOG:  statement: commit
2026-09-07 12:12:22.408 UTC [1103] LOG:  statement: begin
2026-09-07 12:12:22.409 UTC [1103] LOG:  execute <unnamed>: select set_config('app.organization_id', $1, true)
2026-09-07 12:12:22.410 UTC [1103] LOG:  execute <unnamed>: update "conversations" set "last_branch" = $1, "updated_at" = $2 where (("conversations"."id" = $3) and ("conversations"."org_id" = $4) and ("conversations"."user_id" = $5))
2026-09-07 12:12:22.411 UTC [1103] LOG:  statement: commit
2026-09-07 12:12:22.411 UTC [1103] LOG:  statement: begin
2026-09-07 12:12:22.412 UTC [1103] LOG:  execute <unnamed>: select set_config('app.organization_id', $1, true)
2026-09-07 12:12:22.412 UTC [1103] LOG:  execute <unnamed>: update "conversations" set "last_message_at" = $1, "updated_at" = $2 where (("conversations"."id" = $3) and ("conversations"."org_id" = $4) and ("conversations"."user_id" = $5))
2026-09-07 12:12:22.412 UTC [1103] LOG:  statement: commit
2026-09-07 12:12:22.413 UTC [1103] LOG:  statement: begin
2026-09-07 12:12:22.413 UTC [1103] LOG:  execute <unnamed>: select set_config('app.organization_id', $1, true)
2026-09-07 12:12:22.414 UTC [1103] LOG:  execute <unnamed>: select "id", "kind", "org_id", "workspace_id", "conversation_id", "desired_url", "desired_generation", "desired_sha", "provider", "provider_sandbox_id", "latest_snapshot_id", "latest_run_id", "state", "last_heartbeat_at", "created_at", "updated_at" from "workspace_sandbox_instances" where (("workspace_sandbox_instances"."conversation_id" = $1) and ("workspace_sandbox_instances"."kind" = $2))
2026-09-07 12:12:22.414 UTC [1103] LOG:  statement: commit
2026-09-07 12:12:22.414 UTC [1103] LOG:  statement: begin
2026-09-07 12:12:22.415 UTC [1103] LOG:  execute <unnamed>: select set_config('app.organization_id', $1, true)
2026-09-07 12:12:22.415 UTC [1103] LOG:  execute <unnamed>: select "id", "kind", "org_id", "workspace_id", "conversation_id", "desired_url", "desired_generation", "desired_sha", "provider", "provider_sandbox_id", "latest_snapshot_id", "latest_run_id", "state", "last_heartbeat_at", "created_at", "updated_at" from "workspace_sandbox_instances" where (("workspace_sandbox_instances"."conversation_id" = $1) and ("workspace_sandbox_instances"."kind" = $2))
2026-09-07 12:12:22.418 UTC [1103] LOG:  statement: commit
2026-09-07 12:12:22.419 UTC [1103] LOG:  statement: begin
2026-09-07 12:12:22.419 UTC [1103] LOG:  execute <unnamed>: select set_config('app.organization_id', $1, true)
2026-09-07 12:12:22.419 UTC [1103] LOG:  execute <unnamed>: select "id", "kind", "org_id", "workspace_id", "conversation_id", "desired_url", "desired_generation", "desired_sha", "provider", "provider_sandbox_id", "latest_snapshot_id", "latest_run_id", "state", "last_heartbeat_at", "created_at", "updated_at" from "workspace_sandbox_instances" where (("workspace_sandbox_instances"."id" = $1) and ("workspace_sandbox_instances"."org_id" = $2)) limit $3
2026-09-07 12:12:22.420 UTC [1103] LOG:  statement: commit
2026-09-07 12:12:22.420 UTC [1103] LOG:  statement: begin
2026-09-07 12:12:22.420 UTC [1103] LOG:  execute <unnamed>: select set_config('app.organization_id', $1, true)
2026-09-07 12:12:22.421 UTC [1103] LOG:  execute <unnamed>: delete from "workspace_sandbox_instances" where (("workspace_sandbox_instances"."id" = $1) and ("workspace_sandbox_instances"."org_id" = $2))
2026-09-07 12:12:22.421 UTC [1103] LOG:  statement: commit
2026-09-07 12:12:22.426 UTC [1103] LOG:  statement: begin
2026-09-07 12:12:22.426 UTC [1103] LOG:  execute <unnamed>: select set_config('app.organization_id', $1, true)
2026-09-07 12:12:22.427 UTC [1103] LOG:  execute <unnamed>: select "id", "org_id", "slug", "display_name", "workspace_repository_url", "github_connection_id", "desired_generation", "desired_sha", "active_projection_url", "active_projection_sha", "indexed_sha", "write_status", "hydrate_status", "hydrate_error", "last_job_at", "hydrate_phases", "read_only_reason", "created_at", "updated_at" from "workspaces" where (("workspaces"."org_id" = $1) and ("workspaces"."id" = $2)) limit $3
2026-09-07 12:12:22.427 UTC [1103] LOG:  statement: commit
2026-09-07 12:12:22.428 UTC [1103] LOG:  statement: begin
2026-09-07 12:12:22.428 UTC [1103] LOG:  execute <unnamed>: select set_config('app.organization_id', $1, true)
2026-09-07 12:12:22.428 UTC [1103] LOG:  execute <unnamed>: select "id", "org_id", "slug", "display_name", "workspace_repository_url", "github_connection_id", "desired_generation", "desired_sha", "active_projection_url", "active_projection_sha", "indexed_sha", "write_status", "hydrate_status", "hydrate_error", "last_job_at", "hydrate_phases", "read_only_reason", "created_at", "updated_at" from "workspaces" where (("workspaces"."org_id" = $1) and ("workspaces"."id" = $2)) limit $3
2026-09-07 12:12:22.429 UTC [1103] LOG:  execute <unnamed>: select "id", "org_id", "slug", "display_name", "workspace_repository_url", "github_connection_id", "desired_generation", "desired_sha", "active_projection_url", "active_projection_sha", "indexed_sha", "write_status", "hydrate_status", "hydrate_error", "last_job_at", "hydrate_phases", "read_only_reason", "created_at", "updated_at" from "workspaces" where (("workspaces"."org_id" = $1) and ("workspaces"."id" = $2)) limit $3
2026-09-07 12:12:22.429 UTC [1103] LOG:  execute <unnamed>: select "id", "org_id", "workspace_id", "git_url", "desired_ref", "desired_sha", "indexed_sha", "created_at" from "workspace_linked_repositories" where "workspace_linked_repositories"."workspace_id" = $1 order by "workspace_linked_repositories"."created_at"
2026-09-07 12:12:22.429 UTC [1103] LOG:  execute <unnamed>: select "id", "git_url" from "repositories" where "repositories"."org_id" = $1
2026-09-07 12:12:22.430 UTC [1103] LOG:  statement: commit
2026-09-07 12:12:22.431 UTC [1103] LOG:  statement: begin
2026-09-07 12:12:22.431 UTC [1102] LOG:  statement: begin
2026-09-07 12:12:22.432 UTC [1103] LOG:  execute <unnamed>: select set_config('app.organization_id', $1, true)
2026-09-07 12:12:22.432 UTC [1102] LOG:  execute <unnamed>: select set_config('app.organization_id', $1, true)
2026-09-07 12:12:22.433 UTC [1103] LOG:  execute <unnamed>: select "id", "kind", "org_id", "workspace_id", "conversation_id", "desired_url", "desired_generation", "desired_sha", "provider", "provider_sandbox_id", "latest_snapshot_id", "latest_run_id", "state", "last_heartbeat_at", "created_at", "updated_at" from "workspace_sandbox_instances" where (("workspace_sandbox_instances"."conversation_id" = $1) and ("workspace_sandbox_instances"."kind" = $2))
2026-09-07 12:12:22.433 UTC [1102] LOG:  execute <unnamed>: select "id", "kind", "org_id", "workspace_id", "conversation_id", "desired_url", "desired_generation", "desired_sha", "provider", "provider_sandbox_id", "latest_snapshot_id", "latest_run_id", "state", "last_heartbeat_at", "created_at", "updated_at" from "workspace_sandbox_instances" where (("workspace_sandbox_instances"."id" = $1) and ("workspace_sandbox_instances"."org_id" = $2)) limit $3
2026-09-07 12:12:22.433 UTC [1103] LOG:  statement: commit
2026-09-07 12:12:22.433 UTC [1102] LOG:  statement: commit
2026-09-07 12:12:22.434 UTC [1102] LOG:  statement: begin
2026-09-07 12:12:22.434 UTC [1102] LOG:  execute <unnamed>: select set_config('app.organization_id', $1, true)
2026-09-07 12:12:22.434 UTC [1102] LOG:  execute <unnamed>: select "id", "kind", "org_id", "workspace_id", "conversation_id", "desired_url", "desired_generation", "desired_sha", "provider", "provider_sandbox_id", "latest_snapshot_id", "latest_run_id", "state", "last_heartbeat_at", "created_at", "updated_at" from "workspace_sandbox_instances" where (("workspace_sandbox_instances"."conversation_id" = $1) and ("workspace_sandbox_instances"."kind" = $2) and ("workspace_sandbox_instances"."state" = $3))
2026-09-07 12:12:22.435 UTC [1102] LOG:  statement: commit
2026-09-07 12:12:22.578 UTC [1102] LOG:  statement: begin
2026-09-07 12:12:22.579 UTC [1102] LOG:  execute <unnamed>: select set_config('app.organization_id', $1, true)
2026-09-07 12:12:22.580 UTC [1102] LOG:  statement: savepoint sp1
2026-09-07 12:12:22.581 UTC [1102] LOG:  execute <unnamed>: select "id", "kind", "org_id", "workspace_id", "conversation_id", "desired_url", "desired_generation", "desired_sha", "provider", "provider_sandbox_id", "latest_snapshot_id", "latest_run_id", "state", "last_heartbeat_at", "created_at", "updated_at" from "workspace_sandbox_instances" where (("workspace_sandbox_instances"."org_id" = $1) and ("workspace_sandbox_instances"."kind" = $2) and ("workspace_sandbox_instances"."conversation_id" = $3) and ((("workspace_sandbox_instances"."state" = $4) or ("workspace_sandbox_instances"."state" = $5)))) order by ("workspace_sandbox_instances"."provider_sandbox_id" is not null) desc, "workspace_sandbox_instances"."created_at" asc, "workspace_sandbox_instances"."id" asc limit $6
2026-09-07 12:12:22.583 UTC [1102] LOG:  execute <unnamed>: insert into "workspace_sandbox_instances" ("id", "kind", "org_id", "workspace_id", "conversation_id", "desired_url", "desired_generation", "desired_sha", "provider", "provider_sandbox_id", "latest_snapshot_id", "latest_run_id", "state", "last_heartbeat_at", "created_at", "updated_at") values ($1, $2, $3, $4, $5, $6, $7, $8, $9, $10, $11, $12, $13, $14, $15, $16) on conflict ("id") do update set "kind" = $17, "conversation_id" = $18, "desired_url" = $19, "desired_generation" = $20, "desired_sha" = $21, "provider" = $22, "provider_sandbox_id" = $23, "latest_snapshot_id" = $24, "latest_run_id" = $25, "state" = $26, "last_heartbeat_at" = $27, "updated_at" = $28
2026-09-07 12:12:22.584 UTC [1102] LOG:  statement: release savepoint sp1
2026-09-07 12:12:22.585 UTC [1102] LOG:  statement: commit
2026-09-07 12:12:22.626 UTC [1102] LOG:  statement: begin
2026-09-07 12:12:22.627 UTC [1102] LOG:  execute <unnamed>: select set_config('app.organization_id', $1, true)
2026-09-07 12:12:22.628 UTC [1102] LOG:  execute <unnamed>: select "interrupt_id", "run_id", "thread_id", "org_id", "status", "requested_at", "resolved_at", "payload_json", "response_json" from "chat_interrupts" where (("chat_interrupts"."thread_id" = $1) and ("chat_interrupts"."status" = $2)) order by "chat_interrupts"."requested_at" asc
2026-09-07 12:12:22.629 UTC [1102] LOG:  statement: commit
2026-09-07 12:12:22.630 UTC [1102] LOG:  statement: begin
2026-09-07 12:12:22.630 UTC [1102] LOG:  execute <unnamed>: select set_config('app.organization_id', $1, true)
2026-09-07 12:12:22.631 UTC [1102] LOG:  execute <unnamed>: select "run_id", "thread_id", "org_id", "status", "started_at", "finished_at", "error", "error_code", "usage_json", "sandbox_key", "detached_since", "cancel_requested", "driver_epoch" from "chat_runs" where "chat_runs"."run_id" = $1 limit $2
2026-09-07 12:12:22.635 UTC [1102] LOG:  statement: commit
2026-09-07 12:12:22.636 UTC [1102] LOG:  statement: begin
2026-09-07 12:12:22.636 UTC [1102] LOG:  execute <unnamed>: select set_config('app.organization_id', $1, true)
2026-09-07 12:12:22.637 UTC [1102] LOG:  execute <unnamed>: insert into "chat_runs" ("run_id", "thread_id", "org_id", "status", "started_at", "finished_at", "error", "error_code", "usage_json", "sandbox_key", "detached_since", "cancel_requested", "driver_epoch") values ($1, $2, $3, $4, $5, default, default, default, default, default, default, default, default) on conflict ("run_id") do nothing
2026-09-07 12:12:22.638 UTC [1102] LOG:  statement: commit
2026-09-07 12:12:22.639 UTC [1102] LOG:  statement: begin
2026-09-07 12:12:22.640 UTC [1102] LOG:  execute <unnamed>: select set_config('app.organization_id', $1, true)
2026-09-07 12:12:22.641 UTC [1102] LOG:  execute <unnamed>: select "run_id", "thread_id", "org_id", "status", "started_at", "finished_at", "error", "error_code", "usage_json", "sandbox_key", "detached_since", "cancel_requested", "driver_epoch" from "chat_runs" where "chat_runs"."run_id" = $1 limit $2
2026-09-07 12:12:22.642 UTC [1102] LOG:  statement: commit
2026-09-07 12:12:22.643 UTC [1102] LOG:  statement: begin
2026-09-07 12:12:22.644 UTC [1102] LOG:  execute <unnamed>: select set_config('app.organization_id', $1, true)
2026-09-07 12:12:22.645 UTC [1102] LOG:  execute <unnamed>: select "messages_json" from "chat_threads" where "chat_threads"."thread_id" = $1 limit $2
2026-09-07 12:12:22.646 UTC [1102] LOG:  statement: commit
2026-09-07 12:12:22.647 UTC [1102] LOG:  statement: begin
2026-09-07 12:12:22.647 UTC [1102] LOG:  execute <unnamed>: select set_config('app.organization_id', $1, true)
2026-09-07 12:12:22.649 UTC [1102] LOG:  execute <unnamed>: insert into "chat_threads" ("thread_id", "org_id", "messages_json", "updated_at") values ($1, $2, $3, $4) on conflict ("thread_id") do update set "messages_json" = $5, "updated_at" = $6
2026-09-07 12:12:22.650 UTC [1102] LOG:  statement: commit
2026-09-07 12:12:23.780 UTC [1102] LOG:  statement: begin
2026-09-07 12:12:23.781 UTC [1102] LOG:  execute <unnamed>: select set_config('app.organization_id', $1, true)
2026-09-07 12:12:23.782 UTC [1102] LOG:  execute <unnamed>: insert into "chat_threads" ("thread_id", "org_id", "messages_json", "updated_at") values ($1, $2, $3, $4) on conflict ("thread_id") do update set "messages_json" = $5, "updated_at" = $6
2026-09-07 12:12:23.783 UTC [1102] LOG:  statement: commit
2026-09-07 12:12:28.045 UTC [1102] LOG:  statement: begin
2026-09-07 12:12:28.047 UTC [1102] LOG:  execute <unnamed>: select set_config('app.organization_id', $1, true)
2026-09-07 12:12:28.048 UTC [1102] LOG:  execute <unnamed>: insert into "chat_threads" ("thread_id", "org_id", "messages_json", "updated_at") values ($1, $2, $3, $4) on conflict ("thread_id") do update set "messages_json" = $5, "updated_at" = $6
2026-09-07 12:12:28.050 UTC [1102] LOG:  statement: commit
2026-09-07 12:12:28.151 UTC [1102] LOG:  statement: begin
2026-09-07 12:12:28.152 UTC [1102] LOG:  execute <unnamed>: select set_config('app.organization_id', $1, true)
2026-09-07 12:12:28.153 UTC [1102] LOG:  execute <unnamed>: insert into "chat_threads" ("thread_id", "org_id", "messages_json", "updated_at") values ($1, $2, $3, $4) on conflict ("thread_id") do update set "messages_json" = $5, "updated_at" = $6
2026-09-07 12:12:28.157 UTC [1102] LOG:  statement: commit
2026-09-07 12:12:28.159 UTC [1102] LOG:  statement: begin
2026-09-07 12:12:28.160 UTC [1102] LOG:  execute <unnamed>: select set_config('app.organization_id', $1, true)
2026-09-07 12:12:28.162 UTC [1102] LOG:  execute <unnamed>: update "chat_runs" set "status" = $1, "finished_at" = $2, "usage_json" = $3 where "chat_runs"."run_id" = $4
2026-09-07 12:12:28.163 UTC [1102] LOG:  statement: commit
2026-09-07 12:12:28.164 UTC [1102] LOG:  statement: begin
2026-09-07 12:12:28.165 UTC [1102] LOG:  execute <unnamed>: select set_config('app.organization_id', $1, true)
2026-09-07 12:12:28.166 UTC [1102] LOG:  execute <unnamed>: select "messages_json" from "chat_threads" where "chat_threads"."thread_id" = $1 limit $2
2026-09-07 12:12:28.167 UTC [1102] LOG:  statement: commit
2026-09-07 12:12:28.170 UTC [1102] LOG:  statement: begin
2026-09-07 12:12:28.172 UTC [1102] LOG:  execute <unnamed>: select set_config('app.organization_id', $1, true)
2026-09-07 12:12:28.173 UTC [1102] LOG:  execute <unnamed>: select "run_id", "thread_id", "org_id", "status", "started_at", "finished_at", "error", "error_code", "usage_json", "sandbox_key", "detached_since", "cancel_requested", "driver_epoch" from "chat_runs" where (("chat_runs"."thread_id" = $1) and ("chat_runs"."status" = $2)) order by "chat_runs"."started_at" desc limit $3
2026-09-07 12:12:28.174 UTC [1102] LOG:  statement: commit
2026-09-07 12:12:28.177 UTC [1102] LOG:  statement: begin
2026-09-07 12:12:28.178 UTC [1102] LOG:  execute <unnamed>: select set_config('app.organization_id', $1, true)
2026-09-07 12:12:28.180 UTC [1102] LOG:  execute <unnamed>: select "d0"."id" as "id", "d0"."org_id" as "orgId", "d0"."user_id" as "userId", "d0"."workspace_id" as "workspaceId", "d0"."name" as "name", "d0"."source" as "source", "d0"."last_branch" as "lastBranch", "d0"."last_chat_pr_number" as "lastChatPrNumber", "d0"."last_message_at" as "lastMessageAt", "d0"."created_at" as "createdAt", "d0"."updated_at" as "updatedAt" from "conversations" as "d0" where (("d0"."id" = $1) and ("d0"."org_id" = $2) and ("d0"."user_id" = $3)) limit $4
2026-09-07 12:12:28.181 UTC [1102] LOG:  statement: commit
2026-09-07 12:12:28.189 UTC [1102] LOG:  execute <unnamed>: select "id", "expires_at", "token", "created_at", "updated_at", "ip_address", "user_agent", "user_id", "active_organization_id" from "sessions" where "sessions"."token" = $1
2026-09-07 12:12:28.191 UTC [1102] LOG:  execute <unnamed>: select "id", "name", "email", "email_verified", "image", "created_at", "updated_at", "two_factor_enabled", "onboarding_completed_at" from "users" where "users"."id" = $1
2026-09-07 12:12:28.193 UTC [1102] LOG:  execute <unnamed>: select "id", "public_key", "private_key", "created_at", "expires_at" from "jwkss" limit $1
2026-09-07 12:12:28.195 UTC [1102] LOG:  execute <unnamed>: select "id", "expires_at", "token", "created_at", "updated_at", "ip_address", "user_agent", "user_id", "active_organization_id" from "sessions" where "sessions"."token" = $1
2026-09-07 12:12:28.196 UTC [1102] LOG:  execute <unnamed>: select "id", "name", "email", "email_verified", "image", "created_at", "updated_at", "two_factor_enabled", "onboarding_completed_at" from "users" where "users"."id" = $1
2026-09-07 12:12:28.197 UTC [1102] LOG:  execute <unnamed>: select "id", "public_key", "private_key", "created_at", "expires_at" from "jwkss" limit $1
2026-09-07 12:12:28.199 UTC [1102] LOG:  execute <unnamed>: select "organizations"."id" from "organizations" inner join "members" on (("members"."organization_id" = "organizations"."id") and ("members"."user_id" = $1)) where "organizations"."slug" = $2 limit $3
2026-09-07 12:12:28.201 UTC [1102] LOG:  statement: begin
2026-09-07 12:12:28.202 UTC [1102] LOG:  execute <unnamed>: select set_config('app.organization_id', $1, true)
2026-09-07 12:12:28.204 UTC [1102] LOG:  execute <unnamed>: select "d0"."id" as "id", "d0"."org_id" as "orgId", "d0"."user_id" as "userId", "d0"."workspace_id" as "workspaceId", "d0"."name" as "name", "d0"."source" as "source", "d0"."last_branch" as "lastBranch", "d0"."last_chat_pr_number" as "lastChatPrNumber", "d0"."last_message_at" as "lastMessageAt", "d0"."created_at" as "createdAt", "d0"."updated_at" as "updatedAt" from "conversations" as "d0" where (("d0"."id" = $1) and ("d0"."org_id" = $2) and ("d0"."user_id" = $3)) limit $4
2026-09-07 12:12:28.205 UTC [1102] LOG:  statement: commit
2026-09-07 12:12:28.206 UTC [1102] LOG:  statement: begin
2026-09-07 12:12:28.207 UTC [1102] LOG:  execute <unnamed>: select set_config('app.organization_id', $1, true)
2026-09-07 12:12:28.208 UTC [1102] LOG:  execute <unnamed>: select "messages_json" from "chat_threads" where "chat_threads"."thread_id" = $1 limit $2
2026-09-07 12:12:28.209 UTC [1102] LOG:  statement: commit
2026-09-07 12:12:28.210 UTC [1102] LOG:  statement: begin
2026-09-07 12:12:28.211 UTC [1102] LOG:  execute <unnamed>: select set_config('app.organization_id', $1, true)
2026-09-07 12:12:28.212 UTC [1102] LOG:  execute <unnamed>: select "id", "org_id", "slug", "display_name", "workspace_repository_url", "github_connection_id", "desired_generation", "desired_sha", "active_projection_url", "active_projection_sha", "indexed_sha", "write_status", "hydrate_status", "hydrate_error", "last_job_at", "hydrate_phases", "read_only_reason", "created_at", "updated_at" from "workspaces" where (("workspaces"."org_id" = $1) and ("workspaces"."id" = $2)) limit $3
2026-09-07 12:12:28.213 UTC [1102] LOG:  statement: commit
2026-09-07 12:12:28.262 UTC [1102] LOG:  execute <unnamed>: select "id", "expires_at", "token", "created_at", "updated_at", "ip_address", "user_agent", "user_id", "active_organization_id" from "sessions" where "sessions"."token" = $1
2026-09-07 12:12:28.264 UTC [1102] LOG:  execute <unnamed>: select "id", "name", "email", "email_verified", "image", "created_at", "updated_at", "two_factor_enabled", "onboarding_completed_at" from "users" where "users"."id" = $1
2026-09-07 12:12:28.266 UTC [1102] LOG:  execute <unnamed>: select "id", "public_key", "private_key", "created_at", "expires_at" from "jwkss" limit $1
2026-09-07 12:12:28.268 UTC [1102] LOG:  execute <unnamed>: select "id", "expires_at", "token", "created_at", "updated_at", "ip_address", "user_agent", "user_id", "active_organization_id" from "sessions" where "sessions"."token" = $1
2026-09-07 12:12:28.269 UTC [1102] LOG:  execute <unnamed>: select "id", "name", "email", "email_verified", "image", "created_at", "updated_at", "two_factor_enabled", "onboarding_completed_at" from "users" where "users"."id" = $1
2026-09-07 12:12:28.270 UTC [1102] LOG:  execute <unnamed>: select "id", "public_key", "private_key", "created_at", "expires_at" from "jwkss" limit $1
2026-09-07 12:12:28.271 UTC [1102] LOG:  execute <unnamed>: select "organizations"."id" from "organizations" inner join "members" on (("members"."organization_id" = "organizations"."id") and ("members"."user_id" = $1)) where "organizations"."slug" = $2 limit $3
2026-09-07 12:12:28.272 UTC [1102] LOG:  statement: begin
2026-09-07 12:12:28.272 UTC [1102] LOG:  execute <unnamed>: select set_config('app.organization_id', $1, true)
2026-09-07 12:12:28.273 UTC [1102] LOG:  execute <unnamed>: select "id", "org_id", "slug", "display_name", "workspace_repository_url", "github_connection_id", "desired_generation", "desired_sha", "active_projection_url", "active_projection_sha", "indexed_sha", "write_status", "hydrate_status", "hydrate_error", "last_job_at", "hydrate_phases", "read_only_reason", "created_at", "updated_at" from "workspaces" where (("workspaces"."org_id" = $1) and ("workspaces"."slug" = $2)) limit $3
2026-09-07 12:12:28.273 UTC [1102] LOG:  statement: commit
2026-09-07 12:12:28.274 UTC [1102] LOG:  statement: begin
2026-09-07 12:12:28.274 UTC [1102] LOG:  execute <unnamed>: select set_config('app.organization_id', $1, true)
2026-09-07 12:12:28.275 UTC [1102] LOG:  execute <unnamed>: select "id", "org_id", "slug", "display_name", "workspace_repository_url", "github_connection_id", "desired_generation", "desired_sha", "active_projection_url", "active_projection_sha", "indexed_sha", "write_status", "hydrate_status", "hydrate_error", "last_job_at", "hydrate_phases", "read_only_reason", "created_at", "updated_at" from "workspaces" where (("workspaces"."org_id" = $1) and ("workspaces"."id" = $2)) limit $3
2026-09-07 12:12:28.276 UTC [1102] LOG:  execute <unnamed>: select "id", "org_id", "workspace_id", "git_url", "desired_ref", "desired_sha", "indexed_sha", "created_at" from "workspace_linked_repositories" where "workspace_linked_repositories"."workspace_id" = $1 order by "workspace_linked_repositories"."created_at"
2026-09-07 12:12:28.276 UTC [1102] LOG:  statement: commit
2026-09-07 12:12:28.277 UTC [1102] LOG:  statement: begin
2026-09-07 12:12:28.277 UTC [1102] LOG:  execute <unnamed>: select set_config('app.organization_id', $1, true)
2026-09-07 12:12:28.277 UTC [1102] LOG:  execute <unnamed>: select "commit_sha" from "workspace_write_jobs" where (("workspace_write_jobs"."workspace_id" = $1) and ("workspace_write_jobs"."kind" = $2) and (("workspace_write_jobs"."commit_sha" is not null))) order by "workspace_write_jobs"."created_at" asc limit $3
2026-09-07 12:12:28.278 UTC [1102] LOG:  statement: commit
2026-09-07 12:12:28.280 UTC [1102] LOG:  execute <unnamed>: select "id", "expires_at", "token", "created_at", "updated_at", "ip_address", "user_agent", "user_id", "active_organization_id" from "sessions" where "sessions"."token" = $1
2026-09-07 12:12:28.281 UTC [1102] LOG:  execute <unnamed>: select "id", "name", "email", "email_verified", "image", "created_at", "updated_at", "two_factor_enabled", "onboarding_completed_at" from "users" where "users"."id" = $1
2026-09-07 12:12:28.282 UTC [1102] LOG:  execute <unnamed>: select "id", "public_key", "private_key", "created_at", "expires_at" from "jwkss" limit $1
2026-09-07 12:12:28.286 UTC [1102] LOG:  execute <unnamed>: select "id", "expires_at", "token", "created_at", "updated_at", "ip_address", "user_agent", "user_id", "active_organization_id" from "sessions" where "sessions"."token" = $1
2026-09-07 12:12:28.286 UTC [1102] LOG:  execute <unnamed>: select "id", "name", "email", "email_verified", "image", "created_at", "updated_at", "two_factor_enabled", "onboarding_completed_at" from "users" where "users"."id" = $1
2026-09-07 12:12:28.287 UTC [1102] LOG:  execute <unnamed>: select "id", "public_key", "private_key", "created_at", "expires_at" from "jwkss" limit $1
2026-09-07 12:12:28.288 UTC [1102] LOG:  execute <unnamed>: select "organizations"."id" from "organizations" inner join "members" on (("members"."organization_id" = "organizations"."id") and ("members"."user_id" = $1)) where "organizations"."slug" = $2 limit $3
2026-09-07 12:12:28.289 UTC [1102] LOG:  statement: begin
2026-09-07 12:12:28.289 UTC [1102] LOG:  execute <unnamed>: select set_config('app.organization_id', $1, true)
2026-09-07 12:12:28.289 UTC [1102] LOG:  execute <unnamed>: select "id" from "workspaces" where (("workspaces"."id" = $1) and ("workspaces"."org_id" = $2)) limit $3
2026-09-07 12:12:28.290 UTC [1102] LOG:  execute <unnamed>: select "id", "org_id", "user_id", "workspace_id", "name", "source", "last_branch", "last_chat_pr_number", "last_message_at", "created_at", "updated_at" from "conversations" where (("conversations"."id" = $1) and ("conversations"."org_id" = $2) and ("conversations"."user_id" = $3)) limit $4
2026-09-07 12:12:28.290 UTC [1102] LOG:  statement: commit
2026-09-07 12:12:28.291 UTC [1102] LOG:  statement: begin
2026-09-07 12:12:28.291 UTC [1102] LOG:  execute <unnamed>: select set_config('app.organization_id', $1, true)
2026-09-07 12:12:28.292 UTC [1102] LOG:  execute <unnamed>: select "id", "org_id", "slug", "display_name", "workspace_repository_url", "github_connection_id", "desired_generation", "desired_sha", "active_projection_url", "active_projection_sha", "indexed_sha", "write_status", "hydrate_status", "hydrate_error", "last_job_at", "hydrate_phases", "read_only_reason", "created_at", "updated_at" from "workspaces" where (("workspaces"."org_id" = $1) and ("workspaces"."id" = $2)) limit $3
2026-09-07 12:12:28.292 UTC [1102] LOG:  statement: commit
2026-09-07 12:12:28.294 UTC [1102] LOG:  statement: begin
2026-09-07 12:12:28.294 UTC [1102] LOG:  execute <unnamed>: select set_config('app.organization_id', $1, true)
2026-09-07 12:12:28.294 UTC [1102] LOG:  execute <unnamed>: update "conversations" set "last_branch" = $1, "updated_at" = $2 where (("conversations"."id" = $3) and ("conversations"."org_id" = $4) and ("conversations"."user_id" = $5))
2026-09-07 12:12:28.295 UTC [1102] LOG:  statement: commit
2026-09-07 12:12:28.296 UTC [1102] LOG:  statement: begin
2026-09-07 12:12:28.296 UTC [1102] LOG:  execute <unnamed>: select set_config('app.organization_id', $1, true)
2026-09-07 12:12:28.296 UTC [1102] LOG:  execute <unnamed>: select "id", "kind", "org_id", "workspace_id", "conversation_id", "desired_url", "desired_generation", "desired_sha", "provider", "provider_sandbox_id", "latest_snapshot_id", "latest_run_id", "state", "last_heartbeat_at", "created_at", "updated_at" from "workspace_sandbox_instances" where (("workspace_sandbox_instances"."conversation_id" = $1) and ("workspace_sandbox_instances"."kind" = $2))
2026-09-07 12:12:28.297 UTC [1102] LOG:  statement: commit
2026-09-07 12:12:28.298 UTC [1102] LOG:  statement: begin
2026-09-07 12:12:28.298 UTC [1102] LOG:  execute <unnamed>: select set_config('app.organization_id', $1, true)
2026-09-07 12:12:28.299 UTC [1102] LOG:  execute <unnamed>: select "id", "kind", "org_id", "workspace_id", "conversation_id", "desired_url", "desired_generation", "desired_sha", "provider", "provider_sandbox_id", "latest_snapshot_id", "latest_run_id", "state", "last_heartbeat_at", "created_at", "updated_at" from "workspace_sandbox_instances" where (("workspace_sandbox_instances"."conversation_id" = $1) and ("workspace_sandbox_instances"."kind" = $2))
2026-09-07 12:12:28.299 UTC [1102] LOG:  statement: commit
2026-09-07 12:12:28.300 UTC [1102] LOG:  statement: begin
2026-09-07 12:12:28.300 UTC [1102] LOG:  execute <unnamed>: select set_config('app.organization_id', $1, true)
2026-09-07 12:12:28.301 UTC [1102] LOG:  execute <unnamed>: select "id", "kind", "org_id", "workspace_id", "conversation_id", "desired_url", "desired_generation", "desired_sha", "provider", "provider_sandbox_id", "latest_snapshot_id", "latest_run_id", "state", "last_heartbeat_at", "created_at", "updated_at" from "workspace_sandbox_instances" where (("workspace_sandbox_instances"."id" = $1) and ("workspace_sandbox_instances"."org_id" = $2)) limit $3
2026-09-07 12:12:28.301 UTC [1102] LOG:  statement: commit
2026-09-07 12:12:28.306 UTC [1102] LOG:  statement: begin
2026-09-07 12:12:28.307 UTC [1102] LOG:  execute <unnamed>: select set_config('app.organization_id', $1, true)
2026-09-07 12:12:28.308 UTC [1102] LOG:  execute <unnamed>: delete from "workspace_sandbox_instances" where (("workspace_sandbox_instances"."id" = $1) and ("workspace_sandbox_instances"."org_id" = $2))
2026-09-07 12:12:28.308 UTC [1102] LOG:  statement: commit
2026-09-07 12:12:28.309 UTC [1102] LOG:  execute <unnamed>: select "slug" from "organizations" where "organizations"."id" = $1 limit $2
2026-09-07 12:12:28.310 UTC [1102] LOG:  statement: begin
2026-09-07 12:12:28.311 UTC [1102] LOG:  execute <unnamed>: select set_config('app.organization_id', $1, true)
2026-09-07 12:12:28.311 UTC [1102] LOG:  execute <unnamed>: select "id", "kind", "org_id", "workspace_id", "conversation_id", "desired_url", "desired_generation", "desired_sha", "provider", "provider_sandbox_id", "latest_snapshot_id", "latest_run_id", "state", "last_heartbeat_at", "created_at", "updated_at" from "workspace_sandbox_instances" where (("workspace_sandbox_instances"."id" = $1) and ("workspace_sandbox_instances"."org_id" = $2)) limit $3
2026-09-07 12:12:28.312 UTC [1102] LOG:  statement: commit
2026-09-07 12:12:28.313 UTC [1102] LOG:  statement: begin
2026-09-07 12:12:28.314 UTC [1102] LOG:  execute <unnamed>: select set_config('app.organization_id', $1, true)
2026-09-07 12:12:28.314 UTC [1102] LOG:  execute <unnamed>: select "id", "kind", "org_id", "workspace_id", "conversation_id", "desired_url", "desired_generation", "desired_sha", "provider", "provider_sandbox_id", "latest_snapshot_id", "latest_run_id", "state", "last_heartbeat_at", "created_at", "updated_at" from "workspace_sandbox_instances" where (("workspace_sandbox_instances"."conversation_id" = $1) and ("workspace_sandbox_instances"."kind" = $2) and ("workspace_sandbox_instances"."state" = $3))
2026-09-07 12:12:28.314 UTC [1102] LOG:  statement: commit
2026-09-07 12:12:28.462 UTC [1102] LOG:  statement: begin
2026-09-07 12:12:28.462 UTC [1102] LOG:  execute <unnamed>: select set_config('app.organization_id', $1, true)
2026-09-07 12:12:28.463 UTC [1102] LOG:  statement: savepoint sp1
2026-09-07 12:12:28.464 UTC [1102] LOG:  execute <unnamed>: select "id", "kind", "org_id", "workspace_id", "conversation_id", "desired_url", "desired_generation", "desired_sha", "provider", "provider_sandbox_id", "latest_snapshot_id", "latest_run_id", "state", "last_heartbeat_at", "created_at", "updated_at" from "workspace_sandbox_instances" where (("workspace_sandbox_instances"."org_id" = $1) and ("workspace_sandbox_instances"."kind" = $2) and ("workspace_sandbox_instances"."conversation_id" = $3) and ((("workspace_sandbox_instances"."state" = $4) or ("workspace_sandbox_instances"."state" = $5)))) order by ("workspace_sandbox_instances"."provider_sandbox_id" is not null) desc, "workspace_sandbox_instances"."created_at" asc, "workspace_sandbox_instances"."id" asc limit $6
2026-09-07 12:12:28.466 UTC [1102] LOG:  execute <unnamed>: insert into "workspace_sandbox_instances" ("id", "kind", "org_id", "workspace_id", "conversation_id", "desired_url", "desired_generation", "desired_sha", "provider", "provider_sandbox_id", "latest_snapshot_id", "latest_run_id", "state", "last_heartbeat_at", "created_at", "updated_at") values ($1, $2, $3, $4, $5, $6, $7, $8, $9, $10, $11, $12, $13, $14, $15, $16) on conflict ("id") do update set "kind" = $17, "conversation_id" = $18, "desired_url" = $19, "desired_generation" = $20, "desired_sha" = $21, "provider" = $22, "provider_sandbox_id" = $23, "latest_snapshot_id" = $24, "latest_run_id" = $25, "state" = $26, "last_heartbeat_at" = $27, "updated_at" = $28
2026-09-07 12:12:28.468 UTC [1102] LOG:  statement: release savepoint sp1
2026-09-07 12:12:28.468 UTC [1102] LOG:  statement: commit
2026-09-07 12:12:28.488 UTC [1102] LOG:  statement: begin
2026-09-07 12:12:28.488 UTC [1102] LOG:  execute <unnamed>: select set_config('app.organization_id', $1, true)
2026-09-07 12:12:28.490 UTC [1102] LOG:  execute <unnamed>: update "conversations" set "last_branch" = $1, "updated_at" = $2 where (("conversations"."id" = $3) and ("conversations"."org_id" = $4) and ("conversations"."user_id" = $5))
2026-09-07 12:12:28.491 UTC [1102] LOG:  statement: commit
2026-09-07 12:12:28.493 UTC [1102] LOG:  statement: begin
2026-09-07 12:12:28.493 UTC [1102] LOG:  execute <unnamed>: select set_config('app.organization_id', $1, true)
2026-09-07 12:12:28.494 UTC [1102] LOG:  execute <unnamed>: select "id", "kind", "org_id", "workspace_id", "conversation_id", "desired_url", "desired_generation", "desired_sha", "provider", "provider_sandbox_id", "latest_snapshot_id", "latest_run_id", "state", "last_heartbeat_at", "created_at", "updated_at" from "workspace_sandbox_instances" where (("workspace_sandbox_instances"."conversation_id" = $1) and ("workspace_sandbox_instances"."kind" = $2))
2026-09-07 12:12:28.495 UTC [1102] LOG:  statement: commit
2026-09-07 12:12:28.498 UTC [1102] LOG:  execute <unnamed>: select "id", "expires_at", "token", "created_at", "updated_at", "ip_address", "user_agent", "user_id", "active_organization_id" from "sessions" where "sessions"."token" = $1
2026-09-07 12:12:28.499 UTC [1102] LOG:  execute <unnamed>: select "id", "name", "email", "email_verified", "image", "created_at", "updated_at", "two_factor_enabled", "onboarding_completed_at" from "users" where "users"."id" = $1
2026-09-07 12:12:28.501 UTC [1102] LOG:  execute <unnamed>: select "id", "public_key", "private_key", "created_at", "expires_at" from "jwkss" limit $1
2026-09-07 12:12:28.502 UTC [1102] LOG:  execute <unnamed>: select "id", "expires_at", "token", "created_at", "updated_at", "ip_address", "user_agent", "user_id", "active_organization_id" from "sessions" where "sessions"."token" = $1
2026-09-07 12:12:28.503 UTC [1102] LOG:  execute <unnamed>: select "id", "name", "email", "email_verified", "image", "created_at", "updated_at", "two_factor_enabled", "onboarding_completed_at" from "users" where "users"."id" = $1
2026-09-07 12:12:28.506 UTC [1102] LOG:  execute <unnamed>: select "id", "public_key", "private_key", "created_at", "expires_at" from "jwkss" limit $1
2026-09-07 12:12:28.508 UTC [1102] LOG:  execute <unnamed>: select "organizations"."id" from "organizations" inner join "members" on (("members"."organization_id" = "organizations"."id") and ("members"."user_id" = $1)) where "organizations"."slug" = $2 limit $3
2026-09-07 12:12:28.510 UTC [1102] LOG:  statement: begin
2026-09-07 12:12:28.510 UTC [1102] LOG:  execute <unnamed>: select set_config('app.organization_id', $1, true)
2026-09-07 12:12:28.511 UTC [1102] LOG:  execute <unnamed>: select "id" from "workspaces" where (("workspaces"."id" = $1) and ("workspaces"."org_id" = $2)) limit $3
2026-09-07 12:12:28.512 UTC [1102] LOG:  execute <unnamed>: select "id", "org_id", "user_id", "workspace_id", "name", "source", "last_branch", "last_chat_pr_number", "last_message_at", "created_at", "updated_at" from "conversations" where (("conversations"."id" = $1) and ("conversations"."org_id" = $2) and ("conversations"."user_id" = $3)) limit $4
2026-09-07 12:12:28.513 UTC [1102] LOG:  statement: commit
2026-09-07 12:12:28.514 UTC [1102] LOG:  statement: begin
2026-09-07 12:12:28.514 UTC [1102] LOG:  execute <unnamed>: select set_config('app.organization_id', $1, true)
2026-09-07 12:12:28.515 UTC [1102] LOG:  execute <unnamed>: select "id", "org_id", "slug", "display_name", "workspace_repository_url", "github_connection_id", "desired_generation", "desired_sha", "active_projection_url", "active_projection_sha", "indexed_sha", "write_status", "hydrate_status", "hydrate_error", "last_job_at", "hydrate_phases", "read_only_reason", "created_at", "updated_at" from "workspaces" where (("workspaces"."org_id" = $1) and ("workspaces"."id" = $2)) limit $3
2026-09-07 12:12:28.515 UTC [1102] LOG:  statement: commit
2026-09-07 12:12:28.516 UTC [1102] LOG:  statement: begin
2026-09-07 12:12:28.516 UTC [1102] LOG:  execute <unnamed>: select set_config('app.organization_id', $1, true)
2026-09-07 12:12:28.517 UTC [1102] LOG:  execute <unnamed>: update "conversations" set "last_branch" = $1, "updated_at" = $2 where (("conversations"."id" = $3) and ("conversations"."org_id" = $4) and ("conversations"."user_id" = $5))
2026-09-07 12:12:28.517 UTC [1102] LOG:  statement: commit
2026-09-07 12:12:28.518 UTC [1102] LOG:  statement: begin
2026-09-07 12:12:28.518 UTC [1102] LOG:  execute <unnamed>: select set_config('app.organization_id', $1, true)
2026-09-07 12:12:28.519 UTC [1102] LOG:  execute <unnamed>: update "conversations" set "last_message_at" = $1, "updated_at" = $2 where (("conversations"."id" = $3) and ("conversations"."org_id" = $4) and ("conversations"."user_id" = $5))
2026-09-07 12:12:28.519 UTC [1102] LOG:  statement: commit
2026-09-07 12:12:28.520 UTC [1102] LOG:  statement: begin
2026-09-07 12:12:28.520 UTC [1102] LOG:  execute <unnamed>: select set_config('app.organization_id', $1, true)
2026-09-07 12:12:28.521 UTC [1102] LOG:  execute <unnamed>: select "id", "kind", "org_id", "workspace_id", "conversation_id", "desired_url", "desired_generation", "desired_sha", "provider", "provider_sandbox_id", "latest_snapshot_id", "latest_run_id", "state", "last_heartbeat_at", "created_at", "updated_at" from "workspace_sandbox_instances" where (("workspace_sandbox_instances"."conversation_id" = $1) and ("workspace_sandbox_instances"."kind" = $2))
2026-09-07 12:12:28.521 UTC [1102] LOG:  statement: commit
2026-09-07 12:12:28.522 UTC [1102] LOG:  statement: begin
2026-09-07 12:12:28.522 UTC [1102] LOG:  execute <unnamed>: select set_config('app.organization_id', $1, true)
2026-09-07 12:12:28.522 UTC [1102] LOG:  execute <unnamed>: select "id", "kind", "org_id", "workspace_id", "conversation_id", "desired_url", "desired_generation", "desired_sha", "provider", "provider_sandbox_id", "latest_snapshot_id", "latest_run_id", "state", "last_heartbeat_at", "created_at", "updated_at" from "workspace_sandbox_instances" where (("workspace_sandbox_instances"."conversation_id" = $1) and ("workspace_sandbox_instances"."kind" = $2))
2026-09-07 12:12:28.522 UTC [1102] LOG:  statement: commit
2026-09-07 12:12:28.523 UTC [1102] LOG:  statement: begin
2026-09-07 12:12:28.523 UTC [1102] LOG:  execute <unnamed>: select set_config('app.organization_id', $1, true)
2026-09-07 12:12:28.523 UTC [1102] LOG:  execute <unnamed>: select "id", "kind", "org_id", "workspace_id", "conversation_id", "desired_url", "desired_generation", "desired_sha", "provider", "provider_sandbox_id", "latest_snapshot_id", "latest_run_id", "state", "last_heartbeat_at", "created_at", "updated_at" from "workspace_sandbox_instances" where (("workspace_sandbox_instances"."id" = $1) and ("workspace_sandbox_instances"."org_id" = $2)) limit $3
2026-09-07 12:12:28.524 UTC [1102] LOG:  statement: commit
2026-09-07 12:12:28.524 UTC [1102] LOG:  statement: begin
2026-09-07 12:12:28.524 UTC [1102] LOG:  execute <unnamed>: select set_config('app.organization_id', $1, true)
2026-09-07 12:12:28.527 UTC [1102] LOG:  execute <unnamed>: delete from "workspace_sandbox_instances" where (("workspace_sandbox_instances"."id" = $1) and ("workspace_sandbox_instances"."org_id" = $2))
2026-09-07 12:12:28.528 UTC [1102] LOG:  statement: commit
2026-09-07 12:12:28.535 UTC [1102] LOG:  statement: begin
2026-09-07 12:12:28.535 UTC [1102] LOG:  execute <unnamed>: select set_config('app.organization_id', $1, true)
2026-09-07 12:12:28.535 UTC [1102] LOG:  execute <unnamed>: select "id", "org_id", "slug", "display_name", "workspace_repository_url", "github_connection_id", "desired_generation", "desired_sha", "active_projection_url", "active_projection_sha", "indexed_sha", "write_status", "hydrate_status", "hydrate_error", "last_job_at", "hydrate_phases", "read_only_reason", "created_at", "updated_at" from "workspaces" where (("workspaces"."org_id" = $1) and ("workspaces"."id" = $2)) limit $3
2026-09-07 12:12:28.536 UTC [1102] LOG:  statement: commit
2026-09-07 12:12:28.536 UTC [1102] LOG:  statement: begin
2026-09-07 12:12:28.536 UTC [1102] LOG:  execute <unnamed>: select set_config('app.organization_id', $1, true)
2026-09-07 12:12:28.537 UTC [1102] LOG:  execute <unnamed>: select "id", "org_id", "slug", "display_name", "workspace_repository_url", "github_connection_id", "desired_generation", "desired_sha", "active_projection_url", "active_projection_sha", "indexed_sha", "write_status", "hydrate_status", "hydrate_error", "last_job_at", "hydrate_phases", "read_only_reason", "created_at", "updated_at" from "workspaces" where (("workspaces"."org_id" = $1) and ("workspaces"."id" = $2)) limit $3
2026-09-07 12:12:28.537 UTC [1102] LOG:  execute <unnamed>: select "id", "org_id", "slug", "display_name", "workspace_repository_url", "github_connection_id", "desired_generation", "desired_sha", "active_projection_url", "active_projection_sha", "indexed_sha", "write_status", "hydrate_status", "hydrate_error", "last_job_at", "hydrate_phases", "read_only_reason", "created_at", "updated_at" from "workspaces" where (("workspaces"."org_id" = $1) and ("workspaces"."id" = $2)) limit $3
2026-09-07 12:12:28.538 UTC [1102] LOG:  execute <unnamed>: select "id", "org_id", "workspace_id", "git_url", "desired_ref", "desired_sha", "indexed_sha", "created_at" from "workspace_linked_repositories" where "workspace_linked_repositories"."workspace_id" = $1 order by "workspace_linked_repositories"."created_at"
2026-09-07 12:12:28.538 UTC [1102] LOG:  execute <unnamed>: select "id", "git_url" from "repositories" where "repositories"."org_id" = $1
2026-09-07 12:12:28.539 UTC [1102] LOG:  statement: commit
2026-09-07 12:12:28.540 UTC [1102] LOG:  statement: begin
2026-09-07 12:12:28.540 UTC [1103] LOG:  statement: begin
2026-09-07 12:12:28.540 UTC [1102] LOG:  execute <unnamed>: select set_config('app.organization_id', $1, true)
2026-09-07 12:12:28.540 UTC [1103] LOG:  execute <unnamed>: select set_config('app.organization_id', $1, true)
2026-09-07 12:12:28.541 UTC [1102] LOG:  execute <unnamed>: select "id", "kind", "org_id", "workspace_id", "conversation_id", "desired_url", "desired_generation", "desired_sha", "provider", "provider_sandbox_id", "latest_snapshot_id", "latest_run_id", "state", "last_heartbeat_at", "created_at", "updated_at" from "workspace_sandbox_instances" where (("workspace_sandbox_instances"."conversation_id" = $1) and ("workspace_sandbox_instances"."kind" = $2))
2026-09-07 12:12:28.541 UTC [1103] LOG:  execute <unnamed>: select "id", "kind", "org_id", "workspace_id", "conversation_id", "desired_url", "desired_generation", "desired_sha", "provider", "provider_sandbox_id", "latest_snapshot_id", "latest_run_id", "state", "last_heartbeat_at", "created_at", "updated_at" from "workspace_sandbox_instances" where (("workspace_sandbox_instances"."id" = $1) and ("workspace_sandbox_instances"."org_id" = $2)) limit $3
2026-09-07 12:12:28.541 UTC [1102] LOG:  statement: commit
2026-09-07 12:12:28.542 UTC [1103] LOG:  statement: commit
2026-09-07 12:12:28.542 UTC [1103] LOG:  statement: begin
2026-09-07 12:12:28.542 UTC [1103] LOG:  execute <unnamed>: select set_config('app.organization_id', $1, true)
2026-09-07 12:12:28.543 UTC [1103] LOG:  execute <unnamed>: select "id", "kind", "org_id", "workspace_id", "conversation_id", "desired_url", "desired_generation", "desired_sha", "provider", "provider_sandbox_id", "latest_snapshot_id", "latest_run_id", "state", "last_heartbeat_at", "created_at", "updated_at" from "workspace_sandbox_instances" where (("workspace_sandbox_instances"."conversation_id" = $1) and ("workspace_sandbox_instances"."kind" = $2) and ("workspace_sandbox_instances"."state" = $3))
2026-09-07 12:12:28.543 UTC [1103] LOG:  statement: commit
2026-09-07 12:12:28.690 UTC [1103] LOG:  statement: begin
2026-09-07 12:12:28.691 UTC [1103] LOG:  execute <unnamed>: select set_config('app.organization_id', $1, true)
2026-09-07 12:12:28.691 UTC [1103] LOG:  statement: savepoint sp1
2026-09-07 12:12:28.692 UTC [1103] LOG:  execute <unnamed>: select "id", "kind", "org_id", "workspace_id", "conversation_id", "desired_url", "desired_generation", "desired_sha", "provider", "provider_sandbox_id", "latest_snapshot_id", "latest_run_id", "state", "last_heartbeat_at", "created_at", "updated_at" from "workspace_sandbox_instances" where (("workspace_sandbox_instances"."org_id" = $1) and ("workspace_sandbox_instances"."kind" = $2) and ("workspace_sandbox_instances"."conversation_id" = $3) and ((("workspace_sandbox_instances"."state" = $4) or ("workspace_sandbox_instances"."state" = $5)))) order by ("workspace_sandbox_instances"."provider_sandbox_id" is not null) desc, "workspace_sandbox_instances"."created_at" asc, "workspace_sandbox_instances"."id" asc limit $6
2026-09-07 12:12:28.693 UTC [1103] LOG:  execute <unnamed>: insert into "workspace_sandbox_instances" ("id", "kind", "org_id", "workspace_id", "conversation_id", "desired_url", "desired_generation", "desired_sha", "provider", "provider_sandbox_id", "latest_snapshot_id", "latest_run_id", "state", "last_heartbeat_at", "created_at", "updated_at") values ($1, $2, $3, $4, $5, $6, $7, $8, $9, $10, $11, $12, $13, $14, $15, $16) on conflict ("id") do update set "kind" = $17, "conversation_id" = $18, "desired_url" = $19, "desired_generation" = $20, "desired_sha" = $21, "provider" = $22, "provider_sandbox_id" = $23, "latest_snapshot_id" = $24, "latest_run_id" = $25, "state" = $26, "last_heartbeat_at" = $27, "updated_at" = $28
2026-09-07 12:12:28.693 UTC [1103] LOG:  statement: release savepoint sp1
2026-09-07 12:12:28.693 UTC [1103] LOG:  statement: commit
2026-09-07 12:12:28.738 UTC [1103] LOG:  statement: begin
2026-09-07 12:12:28.739 UTC [1103] LOG:  execute <unnamed>: select set_config('app.organization_id', $1, true)
2026-09-07 12:12:28.740 UTC [1103] LOG:  execute <unnamed>: select "interrupt_id", "run_id", "thread_id", "org_id", "status", "requested_at", "resolved_at", "payload_json", "response_json" from "chat_interrupts" where (("chat_interrupts"."thread_id" = $1) and ("chat_interrupts"."status" = $2)) order by "chat_interrupts"."requested_at" asc
2026-09-07 12:12:28.743 UTC [1103] LOG:  statement: commit
2026-09-07 12:12:28.744 UTC [1103] LOG:  statement: begin
2026-09-07 12:12:28.745 UTC [1103] LOG:  execute <unnamed>: select set_config('app.organization_id', $1, true)
2026-09-07 12:12:28.746 UTC [1103] LOG:  execute <unnamed>: select "run_id", "thread_id", "org_id", "status", "started_at", "finished_at", "error", "error_code", "usage_json", "sandbox_key", "detached_since", "cancel_requested", "driver_epoch" from "chat_runs" where "chat_runs"."run_id" = $1 limit $2
2026-09-07 12:12:28.747 UTC [1103] LOG:  statement: commit
2026-09-07 12:12:28.747 UTC [1103] LOG:  statement: begin
2026-09-07 12:12:28.748 UTC [1103] LOG:  execute <unnamed>: select set_config('app.organization_id', $1, true)
2026-09-07 12:12:28.749 UTC [1103] LOG:  execute <unnamed>: insert into "chat_runs" ("run_id", "thread_id", "org_id", "status", "started_at", "finished_at", "error", "error_code", "usage_json", "sandbox_key", "detached_since", "cancel_requested", "driver_epoch") values ($1, $2, $3, $4, $5, default, default, default, default, default, default, default, default) on conflict ("run_id") do nothing
2026-09-07 12:12:28.751 UTC [1103] LOG:  statement: commit
2026-09-07 12:12:28.752 UTC [1103] LOG:  statement: begin
2026-09-07 12:12:28.753 UTC [1103] LOG:  execute <unnamed>: select set_config('app.organization_id', $1, true)
2026-09-07 12:12:28.754 UTC [1103] LOG:  execute <unnamed>: select "run_id", "thread_id", "org_id", "status", "started_at", "finished_at", "error", "error_code", "usage_json", "sandbox_key", "detached_since", "cancel_requested", "driver_epoch" from "chat_runs" where "chat_runs"."run_id" = $1 limit $2
2026-09-07 12:12:28.754 UTC [1103] LOG:  statement: commit
2026-09-07 12:12:28.756 UTC [1103] LOG:  statement: begin
2026-09-07 12:12:28.757 UTC [1103] LOG:  execute <unnamed>: select set_config('app.organization_id', $1, true)
2026-09-07 12:12:28.760 UTC [1103] LOG:  execute <unnamed>: select "messages_json" from "chat_threads" where "chat_threads"."thread_id" = $1 limit $2
2026-09-07 12:12:28.761 UTC [1103] LOG:  statement: commit
2026-09-07 12:12:28.761 UTC [1103] LOG:  statement: begin
2026-09-07 12:12:28.762 UTC [1103] LOG:  execute <unnamed>: select set_config('app.organization_id', $1, true)
2026-09-07 12:12:28.762 UTC [1103] LOG:  execute <unnamed>: insert into "chat_threads" ("thread_id", "org_id", "messages_json", "updated_at") values ($1, $2, $3, $4) on conflict ("thread_id") do update set "messages_json" = $5, "updated_at" = $6
2026-09-07 12:12:28.763 UTC [1103] LOG:  statement: commit
2026-09-07 12:12:29.917 UTC [1103] LOG:  statement: begin
2026-09-07 12:12:29.918 UTC [1103] LOG:  execute <unnamed>: select set_config('app.organization_id', $1, true)
2026-09-07 12:12:29.920 UTC [1103] LOG:  execute <unnamed>: insert into "chat_threads" ("thread_id", "org_id", "messages_json", "updated_at") values ($1, $2, $3, $4) on conflict ("thread_id") do update set "messages_json" = $5, "updated_at" = $6
2026-09-07 12:12:29.923 UTC [1103] LOG:  statement: commit
2026-09-07 12:12:35.268 UTC [1103] LOG:  statement: begin
2026-09-07 12:12:35.269 UTC [1103] LOG:  execute <unnamed>: select set_config('app.organization_id', $1, true)
2026-09-07 12:12:35.271 UTC [1103] LOG:  execute <unnamed>: insert into "chat_threads" ("thread_id", "org_id", "messages_json", "updated_at") values ($1, $2, $3, $4) on conflict ("thread_id") do update set "messages_json" = $5, "updated_at" = $6
2026-09-07 12:12:35.273 UTC [1103] LOG:  statement: commit
2026-09-07 12:12:35.421 UTC [1103] LOG:  statement: begin
2026-09-07 12:12:35.422 UTC [1103] LOG:  execute <unnamed>: select set_config('app.organization_id', $1, true)
2026-09-07 12:12:35.424 UTC [1103] LOG:  execute <unnamed>: insert into "chat_threads" ("thread_id", "org_id", "messages_json", "updated_at") values ($1, $2, $3, $4) on conflict ("thread_id") do update set "messages_json" = $5, "updated_at" = $6
2026-09-07 12:12:35.425 UTC [1103] LOG:  statement: commit
2026-09-07 12:12:35.427 UTC [1103] LOG:  statement: begin
2026-09-07 12:12:35.428 UTC [1103] LOG:  execute <unnamed>: select set_config('app.organization_id', $1, true)
2026-09-07 12:12:35.429 UTC [1103] LOG:  execute <unnamed>: update "chat_runs" set "status" = $1, "finished_at" = $2, "usage_json" = $3 where "chat_runs"."run_id" = $4
2026-09-07 12:12:35.430 UTC [1103] LOG:  statement: commit
2026-09-07 12:12:35.431 UTC [1103] LOG:  statement: begin
2026-09-07 12:12:35.432 UTC [1103] LOG:  execute <unnamed>: select set_config('app.organization_id', $1, true)
2026-09-07 12:12:35.434 UTC [1103] LOG:  execute <unnamed>: select "messages_json" from "chat_threads" where "chat_threads"."thread_id" = $1 limit $2
2026-09-07 12:12:35.435 UTC [1103] LOG:  statement: commit
2026-09-07 12:12:35.437 UTC [1103] LOG:  statement: begin
2026-09-07 12:12:35.438 UTC [1103] LOG:  execute <unnamed>: select set_config('app.organization_id', $1, true)
2026-09-07 12:12:35.439 UTC [1103] LOG:  execute <unnamed>: select "run_id", "thread_id", "org_id", "status", "started_at", "finished_at", "error", "error_code", "usage_json", "sandbox_key", "detached_since", "cancel_requested", "driver_epoch" from "chat_runs" where (("chat_runs"."thread_id" = $1) and ("chat_runs"."status" = $2)) order by "chat_runs"."started_at" desc limit $3
2026-09-07 12:12:35.440 UTC [1103] LOG:  statement: commit
2026-09-07 12:12:35.441 UTC [1103] LOG:  statement: begin
2026-09-07 12:12:35.444 UTC [1103] LOG:  execute <unnamed>: select set_config('app.organization_id', $1, true)
2026-09-07 12:12:35.445 UTC [1103] LOG:  execute <unnamed>: select "d0"."id" as "id", "d0"."org_id" as "orgId", "d0"."user_id" as "userId", "d0"."workspace_id" as "workspaceId", "d0"."name" as "name", "d0"."source" as "source", "d0"."last_branch" as "lastBranch", "d0"."last_chat_pr_number" as "lastChatPrNumber", "d0"."last_message_at" as "lastMessageAt", "d0"."created_at" as "createdAt", "d0"."updated_at" as "updatedAt" from "conversations" as "d0" where (("d0"."id" = $1) and ("d0"."org_id" = $2) and ("d0"."user_id" = $3)) limit $4
2026-09-07 12:12:35.446 UTC [1103] LOG:  statement: commit
2026-09-07 12:12:35.454 UTC [1103] LOG:  execute <unnamed>: select "id", "expires_at", "token", "created_at", "updated_at", "ip_address", "user_agent", "user_id", "active_organization_id" from "sessions" where "sessions"."token" = $1
2026-09-07 12:12:35.456 UTC [1103] LOG:  execute <unnamed>: select "id", "name", "email", "email_verified", "image", "created_at", "updated_at", "two_factor_enabled", "onboarding_completed_at" from "users" where "users"."id" = $1
2026-09-07 12:12:35.458 UTC [1103] LOG:  execute <unnamed>: select "id", "public_key", "private_key", "created_at", "expires_at" from "jwkss" limit $1
2026-09-07 12:12:35.459 UTC [1103] LOG:  execute <unnamed>: select "id", "expires_at", "token", "created_at", "updated_at", "ip_address", "user_agent", "user_id", "active_organization_id" from "sessions" where "sessions"."token" = $1
2026-09-07 12:12:35.461 UTC [1103] LOG:  execute <unnamed>: select "id", "name", "email", "email_verified", "image", "created_at", "updated_at", "two_factor_enabled", "onboarding_completed_at" from "users" where "users"."id" = $1
2026-09-07 12:12:35.462 UTC [1103] LOG:  execute <unnamed>: select "id", "public_key", "private_key", "created_at", "expires_at" from "jwkss" limit $1
2026-09-07 12:12:35.463 UTC [1103] LOG:  execute <unnamed>: select "organizations"."id" from "organizations" inner join "members" on (("members"."organization_id" = "organizations"."id") and ("members"."user_id" = $1)) where "organizations"."slug" = $2 limit $3
2026-09-07 12:12:35.464 UTC [1103] LOG:  statement: begin
2026-09-07 12:12:35.465 UTC [1103] LOG:  execute <unnamed>: select set_config('app.organization_id', $1, true)
2026-09-07 12:12:35.468 UTC [1103] LOG:  execute <unnamed>: select "d0"."id" as "id", "d0"."org_id" as "orgId", "d0"."user_id" as "userId", "d0"."workspace_id" as "workspaceId", "d0"."name" as "name", "d0"."source" as "source", "d0"."last_branch" as "lastBranch", "d0"."last_chat_pr_number" as "lastChatPrNumber", "d0"."last_message_at" as "lastMessageAt", "d0"."created_at" as "createdAt", "d0"."updated_at" as "updatedAt" from "conversations" as "d0" where (("d0"."id" = $1) and ("d0"."org_id" = $2) and ("d0"."user_id" = $3)) limit $4
2026-09-07 12:12:35.469 UTC [1103] LOG:  statement: commit
2026-09-07 12:12:35.470 UTC [1103] LOG:  statement: begin
2026-09-07 12:12:35.470 UTC [1103] LOG:  execute <unnamed>: select set_config('app.organization_id', $1, true)
2026-09-07 12:12:35.471 UTC [1103] LOG:  execute <unnamed>: select "messages_json" from "chat_threads" where "chat_threads"."thread_id" = $1 limit $2
2026-09-07 12:12:35.472 UTC [1103] LOG:  statement: commit
2026-09-07 12:12:35.473 UTC [1103] LOG:  statement: begin
2026-09-07 12:12:35.473 UTC [1103] LOG:  execute <unnamed>: select set_config('app.organization_id', $1, true)
2026-09-07 12:12:35.475 UTC [1103] LOG:  execute <unnamed>: select "id", "org_id", "slug", "display_name", "workspace_repository_url", "github_connection_id", "desired_generation", "desired_sha", "active_projection_url", "active_projection_sha", "indexed_sha", "write_status", "hydrate_status", "hydrate_error", "last_job_at", "hydrate_phases", "read_only_reason", "created_at", "updated_at" from "workspaces" where (("workspaces"."org_id" = $1) and ("workspaces"."id" = $2)) limit $3
2026-09-07 12:12:35.476 UTC [1103] LOG:  statement: commit
2026-09-07 12:12:35.527 UTC [1103] LOG:  execute <unnamed>: select "id", "expires_at", "token", "created_at", "updated_at", "ip_address", "user_agent", "user_id", "active_organization_id" from "sessions" where "sessions"."token" = $1
2026-09-07 12:12:35.528 UTC [1103] LOG:  execute <unnamed>: select "id", "name", "email", "email_verified", "image", "created_at", "updated_at", "two_factor_enabled", "onboarding_completed_at" from "users" where "users"."id" = $1
2026-09-07 12:12:35.530 UTC [1103] LOG:  execute <unnamed>: select "id", "public_key", "private_key", "created_at", "expires_at" from "jwkss" limit $1
2026-09-07 12:12:35.532 UTC [1103] LOG:  execute <unnamed>: select "id", "expires_at", "token", "created_at", "updated_at", "ip_address", "user_agent", "user_id", "active_organization_id" from "sessions" where "sessions"."token" = $1
2026-09-07 12:12:35.535 UTC [1103] LOG:  execute <unnamed>: select "id", "name", "email", "email_verified", "image", "created_at", "updated_at", "two_factor_enabled", "onboarding_completed_at" from "users" where "users"."id" = $1
2026-09-07 12:12:35.536 UTC [1103] LOG:  execute <unnamed>: select "id", "public_key", "private_key", "created_at", "expires_at" from "jwkss" limit $1
2026-09-07 12:12:35.537 UTC [1103] LOG:  execute <unnamed>: select "organizations"."id" from "organizations" inner join "members" on (("members"."organization_id" = "organizations"."id") and ("members"."user_id" = $1)) where "organizations"."slug" = $2 limit $3
2026-09-07 12:12:35.538 UTC [1103] LOG:  statement: begin
2026-09-07 12:12:35.539 UTC [1103] LOG:  execute <unnamed>: select set_config('app.organization_id', $1, true)
2026-09-07 12:12:35.541 UTC [1103] LOG:  execute <unnamed>: select "id", "org_id", "slug", "display_name", "workspace_repository_url", "github_connection_id", "desired_generation", "desired_sha", "active_projection_url", "active_projection_sha", "indexed_sha", "write_status", "hydrate_status", "hydrate_error", "last_job_at", "hydrate_phases", "read_only_reason", "created_at", "updated_at" from "workspaces" where (("workspaces"."org_id" = $1) and ("workspaces"."slug" = $2)) limit $3
2026-09-07 12:12:35.542 UTC [1103] LOG:  statement: commit
2026-09-07 12:12:35.543 UTC [1103] LOG:  statement: begin
2026-09-07 12:12:35.544 UTC [1103] LOG:  execute <unnamed>: select set_config('app.organization_id', $1, true)
2026-09-07 12:12:35.545 UTC [1103] LOG:  execute <unnamed>: select "id", "org_id", "slug", "display_name", "workspace_repository_url", "github_connection_id", "desired_generation", "desired_sha", "active_projection_url", "active_projection_sha", "indexed_sha", "write_status", "hydrate_status", "hydrate_error", "last_job_at", "hydrate_phases", "read_only_reason", "created_at", "updated_at" from "workspaces" where (("workspaces"."org_id" = $1) and ("workspaces"."id" = $2)) limit $3
2026-09-07 12:12:35.546 UTC [1103] LOG:  execute <unnamed>: select "id", "org_id", "workspace_id", "git_url", "desired_ref", "desired_sha", "indexed_sha", "created_at" from "workspace_linked_repositories" where "workspace_linked_repositories"."workspace_id" = $1 order by "workspace_linked_repositories"."created_at"
2026-09-07 12:12:35.547 UTC [1103] LOG:  statement: commit
2026-09-07 12:12:35.548 UTC [1103] LOG:  statement: begin
2026-09-07 12:12:35.549 UTC [1103] LOG:  execute <unnamed>: select set_config('app.organization_id', $1, true)
2026-09-07 12:12:35.551 UTC [1103] LOG:  execute <unnamed>: select "commit_sha" from "workspace_write_jobs" where (("workspace_write_jobs"."workspace_id" = $1) and ("workspace_write_jobs"."kind" = $2) and (("workspace_write_jobs"."commit_sha" is not null))) order by "workspace_write_jobs"."created_at" asc limit $3
2026-09-07 12:12:35.552 UTC [1103] LOG:  statement: commit
2026-09-07 12:12:35.554 UTC [1103] LOG:  execute <unnamed>: select "id", "expires_at", "token", "created_at", "updated_at", "ip_address", "user_agent", "user_id", "active_organization_id" from "sessions" where "sessions"."token" = $1
2026-09-07 12:12:35.559 UTC [1103] LOG:  execute <unnamed>: select "id", "name", "email", "email_verified", "image", "created_at", "updated_at", "two_factor_enabled", "onboarding_completed_at" from "users" where "users"."id" = $1
2026-09-07 12:12:35.560 UTC [1103] LOG:  execute <unnamed>: select "id", "public_key", "private_key", "created_at", "expires_at" from "jwkss" limit $1
2026-09-07 12:12:35.562 UTC [1103] LOG:  execute <unnamed>: select "id", "expires_at", "token", "created_at", "updated_at", "ip_address", "user_agent", "user_id", "active_organization_id" from "sessions" where "sessions"."token" = $1
2026-09-07 12:12:35.563 UTC [1103] LOG:  execute <unnamed>: select "id", "name", "email", "email_verified", "image", "created_at", "updated_at", "two_factor_enabled", "onboarding_completed_at" from "users" where "users"."id" = $1
2026-09-07 12:12:35.564 UTC [1103] LOG:  execute <unnamed>: select "id", "public_key", "private_key", "created_at", "expires_at" from "jwkss" limit $1
2026-09-07 12:12:35.566 UTC [1103] LOG:  execute <unnamed>: select "organizations"."id" from "organizations" inner join "members" on (("members"."organization_id" = "organizations"."id") and ("members"."user_id" = $1)) where "organizations"."slug" = $2 limit $3
2026-09-07 12:12:35.568 UTC [1103] LOG:  statement: begin
2026-09-07 12:12:35.569 UTC [1103] LOG:  execute <unnamed>: select set_config('app.organization_id', $1, true)
2026-09-07 12:12:35.570 UTC [1103] LOG:  execute <unnamed>: select "id" from "workspaces" where (("workspaces"."id" = $1) and ("workspaces"."org_id" = $2)) limit $3
2026-09-07 12:12:35.571 UTC [1103] LOG:  execute <unnamed>: select "id", "org_id", "user_id", "workspace_id", "name", "source", "last_branch", "last_chat_pr_number", "last_message_at", "created_at", "updated_at" from "conversations" where (("conversations"."id" = $1) and ("conversations"."org_id" = $2) and ("conversations"."user_id" = $3)) limit $4
2026-09-07 12:12:35.573 UTC [1103] LOG:  statement: commit
2026-09-07 12:12:35.573 UTC [1103] LOG:  statement: begin
2026-09-07 12:12:35.574 UTC [1103] LOG:  execute <unnamed>: select set_config('app.organization_id', $1, true)
2026-09-07 12:12:35.575 UTC [1103] LOG:  execute <unnamed>: select "id", "org_id", "slug", "display_name", "workspace_repository_url", "github_connection_id", "desired_generation", "desired_sha", "active_projection_url", "active_projection_sha", "indexed_sha", "write_status", "hydrate_status", "hydrate_error", "last_job_at", "hydrate_phases", "read_only_reason", "created_at", "updated_at" from "workspaces" where (("workspaces"."org_id" = $1) and ("workspaces"."id" = $2)) limit $3
2026-09-07 12:12:35.575 UTC [1103] LOG:  statement: commit
2026-09-07 12:12:35.576 UTC [1103] LOG:  statement: begin
2026-09-07 12:12:35.576 UTC [1103] LOG:  execute <unnamed>: select set_config('app.organization_id', $1, true)
2026-09-07 12:12:35.577 UTC [1103] LOG:  execute <unnamed>: update "conversations" set "last_branch" = $1, "updated_at" = $2 where (("conversations"."id" = $3) and ("conversations"."org_id" = $4) and ("conversations"."user_id" = $5))
2026-09-07 12:12:35.577 UTC [1103] LOG:  statement: commit
2026-09-07 12:12:35.580 UTC [1103] LOG:  statement: begin
2026-09-07 12:12:35.581 UTC [1103] LOG:  execute <unnamed>: select set_config('app.organization_id', $1, true)
2026-09-07 12:12:35.582 UTC [1103] LOG:  execute <unnamed>: select "id", "kind", "org_id", "workspace_id", "conversation_id", "desired_url", "desired_generation", "desired_sha", "provider", "provider_sandbox_id", "latest_snapshot_id", "latest_run_id", "state", "last_heartbeat_at", "created_at", "updated_at" from "workspace_sandbox_instances" where (("workspace_sandbox_instances"."conversation_id" = $1) and ("workspace_sandbox_instances"."kind" = $2))
2026-09-07 12:12:35.584 UTC [1103] LOG:  statement: commit
2026-09-07 12:12:35.585 UTC [1103] LOG:  statement: begin
2026-09-07 12:12:35.585 UTC [1103] LOG:  execute <unnamed>: select set_config('app.organization_id', $1, true)
2026-09-07 12:12:35.586 UTC [1103] LOG:  execute <unnamed>: select "id", "kind", "org_id", "workspace_id", "conversation_id", "desired_url", "desired_generation", "desired_sha", "provider", "provider_sandbox_id", "latest_snapshot_id", "latest_run_id", "state", "last_heartbeat_at", "created_at", "updated_at" from "workspace_sandbox_instances" where (("workspace_sandbox_instances"."conversation_id" = $1) and ("workspace_sandbox_instances"."kind" = $2))
2026-09-07 12:12:35.586 UTC [1103] LOG:  statement: commit
2026-09-07 12:12:35.586 UTC [1103] LOG:  statement: begin
2026-09-07 12:12:35.586 UTC [1103] LOG:  execute <unnamed>: select set_config('app.organization_id', $1, true)
2026-09-07 12:12:35.587 UTC [1103] LOG:  execute <unnamed>: select "id", "kind", "org_id", "workspace_id", "conversation_id", "desired_url", "desired_generation", "desired_sha", "provider", "provider_sandbox_id", "latest_snapshot_id", "latest_run_id", "state", "last_heartbeat_at", "created_at", "updated_at" from "workspace_sandbox_instances" where (("workspace_sandbox_instances"."id" = $1) and ("workspace_sandbox_instances"."org_id" = $2)) limit $3
2026-09-07 12:12:35.587 UTC [1103] LOG:  statement: commit
2026-09-07 12:12:35.592 UTC [1103] LOG:  statement: begin
2026-09-07 12:12:35.592 UTC [1103] LOG:  execute <unnamed>: select set_config('app.organization_id', $1, true)
2026-09-07 12:12:35.593 UTC [1103] LOG:  execute <unnamed>: delete from "workspace_sandbox_instances" where (("workspace_sandbox_instances"."id" = $1) and ("workspace_sandbox_instances"."org_id" = $2))
2026-09-07 12:12:35.593 UTC [1103] LOG:  statement: commit
2026-09-07 12:12:35.594 UTC [1103] LOG:  execute <unnamed>: select "slug" from "organizations" where "organizations"."id" = $1 limit $2
2026-09-07 12:12:35.596 UTC [1103] LOG:  statement: begin
2026-09-07 12:12:35.596 UTC [1103] LOG:  execute <unnamed>: select set_config('app.organization_id', $1, true)
2026-09-07 12:12:35.597 UTC [1103] LOG:  execute <unnamed>: select "id", "kind", "org_id", "workspace_id", "conversation_id", "desired_url", "desired_generation", "desired_sha", "provider", "provider_sandbox_id", "latest_snapshot_id", "latest_run_id", "state", "last_heartbeat_at", "created_at", "updated_at" from "workspace_sandbox_instances" where (("workspace_sandbox_instances"."id" = $1) and ("workspace_sandbox_instances"."org_id" = $2)) limit $3
2026-09-07 12:12:35.597 UTC [1103] LOG:  statement: commit
2026-09-07 12:12:35.597 UTC [1103] LOG:  statement: begin
2026-09-07 12:12:35.598 UTC [1103] LOG:  execute <unnamed>: select set_config('app.organization_id', $1, true)
2026-09-07 12:12:35.599 UTC [1103] LOG:  execute <unnamed>: select "id", "kind", "org_id", "workspace_id", "conversation_id", "desired_url", "desired_generation", "desired_sha", "provider", "provider_sandbox_id", "latest_snapshot_id", "latest_run_id", "state", "last_heartbeat_at", "created_at", "updated_at" from "workspace_sandbox_instances" where (("workspace_sandbox_instances"."conversation_id" = $1) and ("workspace_sandbox_instances"."kind" = $2) and ("workspace_sandbox_instances"."state" = $3))
2026-09-07 12:12:35.600 UTC [1103] LOG:  statement: commit
2026-09-07 12:12:35.759 UTC [1103] LOG:  statement: begin
2026-09-07 12:12:35.760 UTC [1103] LOG:  execute <unnamed>: select set_config('app.organization_id', $1, true)
2026-09-07 12:12:35.761 UTC [1103] LOG:  statement: savepoint sp1
2026-09-07 12:12:35.764 UTC [1103] LOG:  execute <unnamed>: select "id", "kind", "org_id", "workspace_id", "conversation_id", "desired_url", "desired_generation", "desired_sha", "provider", "provider_sandbox_id", "latest_snapshot_id", "latest_run_id", "state", "last_heartbeat_at", "created_at", "updated_at" from "workspace_sandbox_instances" where (("workspace_sandbox_instances"."org_id" = $1) and ("workspace_sandbox_instances"."kind" = $2) and ("workspace_sandbox_instances"."conversation_id" = $3) and ((("workspace_sandbox_instances"."state" = $4) or ("workspace_sandbox_instances"."state" = $5)))) order by ("workspace_sandbox_instances"."provider_sandbox_id" is not null) desc, "workspace_sandbox_instances"."created_at" asc, "workspace_sandbox_instances"."id" asc limit $6
2026-09-07 12:12:35.766 UTC [1103] LOG:  execute <unnamed>: insert into "workspace_sandbox_instances" ("id", "kind", "org_id", "workspace_id", "conversation_id", "desired_url", "desired_generation", "desired_sha", "provider", "provider_sandbox_id", "latest_snapshot_id", "latest_run_id", "state", "last_heartbeat_at", "created_at", "updated_at") values ($1, $2, $3, $4, $5, $6, $7, $8, $9, $10, $11, $12, $13, $14, $15, $16) on conflict ("id") do update set "kind" = $17, "conversation_id" = $18, "desired_url" = $19, "desired_generation" = $20, "desired_sha" = $21, "provider" = $22, "provider_sandbox_id" = $23, "latest_snapshot_id" = $24, "latest_run_id" = $25, "state" = $26, "last_heartbeat_at" = $27, "updated_at" = $28
2026-09-07 12:12:35.767 UTC [1103] LOG:  statement: release savepoint sp1
2026-09-07 12:12:35.772 UTC [1103] LOG:  statement: commit
2026-09-07 12:12:35.793 UTC [1103] LOG:  statement: begin
2026-09-07 12:12:35.795 UTC [1103] LOG:  execute <unnamed>: select set_config('app.organization_id', $1, true)
2026-09-07 12:12:35.797 UTC [1103] LOG:  execute <unnamed>: update "conversations" set "last_branch" = $1, "updated_at" = $2 where (("conversations"."id" = $3) and ("conversations"."org_id" = $4) and ("conversations"."user_id" = $5))
2026-09-07 12:12:35.799 UTC [1103] LOG:  statement: commit
2026-09-07 12:12:35.801 UTC [1103] LOG:  statement: begin
2026-09-07 12:12:35.802 UTC [1103] LOG:  execute <unnamed>: select set_config('app.organization_id', $1, true)
2026-09-07 12:12:35.803 UTC [1103] LOG:  execute <unnamed>: select "id", "kind", "org_id", "workspace_id", "conversation_id", "desired_url", "desired_generation", "desired_sha", "provider", "provider_sandbox_id", "latest_snapshot_id", "latest_run_id", "state", "last_heartbeat_at", "created_at", "updated_at" from "workspace_sandbox_instances" where (("workspace_sandbox_instances"."conversation_id" = $1) and ("workspace_sandbox_instances"."kind" = $2))
2026-09-07 12:12:35.805 UTC [1103] LOG:  statement: commit
2026-09-07 12:12:35.808 UTC [1103] LOG:  execute <unnamed>: select "id", "expires_at", "token", "created_at", "updated_at", "ip_address", "user_agent", "user_id", "active_organization_id" from "sessions" where "sessions"."token" = $1
2026-09-07 12:12:35.810 UTC [1103] LOG:  execute <unnamed>: select "id", "name", "email", "email_verified", "image", "created_at", "updated_at", "two_factor_enabled", "onboarding_completed_at" from "users" where "users"."id" = $1
2026-09-07 12:12:35.811 UTC [1103] LOG:  execute <unnamed>: select "id", "public_key", "private_key", "created_at", "expires_at" from "jwkss" limit $1
2026-09-07 12:12:35.813 UTC [1103] LOG:  execute <unnamed>: select "id", "expires_at", "token", "created_at", "updated_at", "ip_address", "user_agent", "user_id", "active_organization_id" from "sessions" where "sessions"."token" = $1
2026-09-07 12:12:35.814 UTC [1103] LOG:  execute <unnamed>: select "id", "name", "email", "email_verified", "image", "created_at", "updated_at", "two_factor_enabled", "onboarding_completed_at" from "users" where "users"."id" = $1
2026-09-07 12:12:35.816 UTC [1103] LOG:  execute <unnamed>: select "id", "public_key", "private_key", "created_at", "expires_at" from "jwkss" limit $1
2026-09-07 12:12:35.818 UTC [1103] LOG:  execute <unnamed>: select "organizations"."id" from "organizations" inner join "members" on (("members"."organization_id" = "organizations"."id") and ("members"."user_id" = $1)) where "organizations"."slug" = $2 limit $3
2026-09-07 12:12:35.819 UTC [1103] LOG:  statement: begin
2026-09-07 12:12:35.820 UTC [1103] LOG:  execute <unnamed>: select set_config('app.organization_id', $1, true)
2026-09-07 12:12:35.821 UTC [1103] LOG:  execute <unnamed>: select "id" from "workspaces" where (("workspaces"."id" = $1) and ("workspaces"."org_id" = $2)) limit $3
2026-09-07 12:12:35.823 UTC [1103] LOG:  execute <unnamed>: select "id", "org_id", "user_id", "workspace_id", "name", "source", "last_branch", "last_chat_pr_number", "last_message_at", "created_at", "updated_at" from "conversations" where (("conversations"."id" = $1) and ("conversations"."org_id" = $2) and ("conversations"."user_id" = $3)) limit $4
2026-09-07 12:12:35.824 UTC [1103] LOG:  statement: commit
2026-09-07 12:12:35.827 UTC [1103] LOG:  statement: begin
2026-09-07 12:12:35.828 UTC [1103] LOG:  execute <unnamed>: select set_config('app.organization_id', $1, true)
2026-09-07 12:12:35.829 UTC [1103] LOG:  execute <unnamed>: select "id", "org_id", "slug", "display_name", "workspace_repository_url", "github_connection_id", "desired_generation", "desired_sha", "active_projection_url", "active_projection_sha", "indexed_sha", "write_status", "hydrate_status", "hydrate_error", "last_job_at", "hydrate_phases", "read_only_reason", "created_at", "updated_at" from "workspaces" where (("workspaces"."org_id" = $1) and ("workspaces"."id" = $2)) limit $3
2026-09-07 12:12:35.829 UTC [1103] LOG:  statement: commit
2026-09-07 12:12:35.830 UTC [1103] LOG:  statement: begin
2026-09-07 12:12:35.831 UTC [1103] LOG:  execute <unnamed>: select set_config('app.organization_id', $1, true)
2026-09-07 12:12:35.832 UTC [1103] LOG:  execute <unnamed>: update "conversations" set "last_branch" = $1, "updated_at" = $2 where (("conversations"."id" = $3) and ("conversations"."org_id" = $4) and ("conversations"."user_id" = $5))
2026-09-07 12:12:35.833 UTC [1103] LOG:  statement: commit
2026-09-07 12:12:35.835 UTC [1103] LOG:  statement: begin
2026-09-07 12:12:35.835 UTC [1103] LOG:  execute <unnamed>: select set_config('app.organization_id', $1, true)
2026-09-07 12:12:35.836 UTC [1103] LOG:  execute <unnamed>: update "conversations" set "last_message_at" = $1, "updated_at" = $2 where (("conversations"."id" = $3) and ("conversations"."org_id" = $4) and ("conversations"."user_id" = $5))
2026-09-07 12:12:35.837 UTC [1103] LOG:  statement: commit
2026-09-07 12:12:35.838 UTC [1103] LOG:  statement: begin
2026-09-07 12:12:35.839 UTC [1103] LOG:  execute <unnamed>: select set_config('app.organization_id', $1, true)
2026-09-07 12:12:35.840 UTC [1103] LOG:  execute <unnamed>: select "id", "kind", "org_id", "workspace_id", "conversation_id", "desired_url", "desired_generation", "desired_sha", "provider", "provider_sandbox_id", "latest_snapshot_id", "latest_run_id", "state", "last_heartbeat_at", "created_at", "updated_at" from "workspace_sandbox_instances" where (("workspace_sandbox_instances"."conversation_id" = $1) and ("workspace_sandbox_instances"."kind" = $2))
2026-09-07 12:12:35.841 UTC [1103] LOG:  statement: commit
2026-09-07 12:12:35.842 UTC [1103] LOG:  statement: begin
2026-09-07 12:12:35.842 UTC [1103] LOG:  execute <unnamed>: select set_config('app.organization_id', $1, true)
2026-09-07 12:12:35.843 UTC [1103] LOG:  execute <unnamed>: select "id", "kind", "org_id", "workspace_id", "conversation_id", "desired_url", "desired_generation", "desired_sha", "provider", "provider_sandbox_id", "latest_snapshot_id", "latest_run_id", "state", "last_heartbeat_at", "created_at", "updated_at" from "workspace_sandbox_instances" where (("workspace_sandbox_instances"."conversation_id" = $1) and ("workspace_sandbox_instances"."kind" = $2))
2026-09-07 12:12:35.843 UTC [1103] LOG:  statement: commit
2026-09-07 12:12:35.843 UTC [1103] LOG:  statement: begin
2026-09-07 12:12:35.844 UTC [1103] LOG:  execute <unnamed>: select set_config('app.organization_id', $1, true)
2026-09-07 12:12:35.844 UTC [1103] LOG:  execute <unnamed>: select "id", "kind", "org_id", "workspace_id", "conversation_id", "desired_url", "desired_generation", "desired_sha", "provider", "provider_sandbox_id", "latest_snapshot_id", "latest_run_id", "state", "last_heartbeat_at", "created_at", "updated_at" from "workspace_sandbox_instances" where (("workspace_sandbox_instances"."id" = $1) and ("workspace_sandbox_instances"."org_id" = $2)) limit $3
2026-09-07 12:12:35.844 UTC [1103] LOG:  statement: commit
2026-09-07 12:12:35.845 UTC [1103] LOG:  statement: begin
2026-09-07 12:12:35.845 UTC [1103] LOG:  execute <unnamed>: select set_config('app.organization_id', $1, true)
2026-09-07 12:12:35.845 UTC [1103] LOG:  execute <unnamed>: delete from "workspace_sandbox_instances" where (("workspace_sandbox_instances"."id" = $1) and ("workspace_sandbox_instances"."org_id" = $2))
2026-09-07 12:12:35.846 UTC [1103] LOG:  statement: commit
2026-09-07 12:12:35.852 UTC [1103] LOG:  statement: begin
2026-09-07 12:12:35.852 UTC [1103] LOG:  execute <unnamed>: select set_config('app.organization_id', $1, true)
2026-09-07 12:12:35.853 UTC [1103] LOG:  execute <unnamed>: select "id", "org_id", "slug", "display_name", "workspace_repository_url", "github_connection_id", "desired_generation", "desired_sha", "active_projection_url", "active_projection_sha", "indexed_sha", "write_status", "hydrate_status", "hydrate_error", "last_job_at", "hydrate_phases", "read_only_reason", "created_at", "updated_at" from "workspaces" where (("workspaces"."org_id" = $1) and ("workspaces"."id" = $2)) limit $3
2026-09-07 12:12:35.853 UTC [1103] LOG:  statement: commit
2026-09-07 12:12:35.853 UTC [1103] LOG:  statement: begin
2026-09-07 12:12:35.854 UTC [1103] LOG:  execute <unnamed>: select set_config('app.organization_id', $1, true)
2026-09-07 12:12:35.854 UTC [1103] LOG:  execute <unnamed>: select "id", "org_id", "slug", "display_name", "workspace_repository_url", "github_connection_id", "desired_generation", "desired_sha", "active_projection_url", "active_projection_sha", "indexed_sha", "write_status", "hydrate_status", "hydrate_error", "last_job_at", "hydrate_phases", "read_only_reason", "created_at", "updated_at" from "workspaces" where (("workspaces"."org_id" = $1) and ("workspaces"."id" = $2)) limit $3
2026-09-07 12:12:35.855 UTC [1103] LOG:  execute <unnamed>: select "id", "org_id", "slug", "display_name", "workspace_repository_url", "github_connection_id", "desired_generation", "desired_sha", "active_projection_url", "active_projection_sha", "indexed_sha", "write_status", "hydrate_status", "hydrate_error", "last_job_at", "hydrate_phases", "read_only_reason", "created_at", "updated_at" from "workspaces" where (("workspaces"."org_id" = $1) and ("workspaces"."id" = $2)) limit $3
2026-09-07 12:12:35.855 UTC [1103] LOG:  execute <unnamed>: select "id", "org_id", "workspace_id", "git_url", "desired_ref", "desired_sha", "indexed_sha", "created_at" from "workspace_linked_repositories" where "workspace_linked_repositories"."workspace_id" = $1 order by "workspace_linked_repositories"."created_at"
2026-09-07 12:12:35.855 UTC [1103] LOG:  execute <unnamed>: select "id", "git_url" from "repositories" where "repositories"."org_id" = $1
2026-09-07 12:12:35.856 UTC [1103] LOG:  statement: commit
2026-09-07 12:12:35.857 UTC [1103] LOG:  statement: begin
2026-09-07 12:12:35.857 UTC [1102] LOG:  statement: begin
2026-09-07 12:12:35.857 UTC [1103] LOG:  execute <unnamed>: select set_config('app.organization_id', $1, true)
2026-09-07 12:12:35.859 UTC [1102] LOG:  execute <unnamed>: select set_config('app.organization_id', $1, true)
2026-09-07 12:12:35.859 UTC [1103] LOG:  execute <unnamed>: select "id", "kind", "org_id", "workspace_id", "conversation_id", "desired_url", "desired_generation", "desired_sha", "provider", "provider_sandbox_id", "latest_snapshot_id", "latest_run_id", "state", "last_heartbeat_at", "created_at", "updated_at" from "workspace_sandbox_instances" where (("workspace_sandbox_instances"."conversation_id" = $1) and ("workspace_sandbox_instances"."kind" = $2))
2026-09-07 12:12:35.859 UTC [1103] LOG:  statement: commit
2026-09-07 12:12:35.860 UTC [1102] LOG:  execute <unnamed>: select "id", "kind", "org_id", "workspace_id", "conversation_id", "desired_url", "desired_generation", "desired_sha", "provider", "provider_sandbox_id", "latest_snapshot_id", "latest_run_id", "state", "last_heartbeat_at", "created_at", "updated_at" from "workspace_sandbox_instances" where (("workspace_sandbox_instances"."id" = $1) and ("workspace_sandbox_instances"."org_id" = $2)) limit $3
2026-09-07 12:12:35.860 UTC [1102] LOG:  statement: commit
2026-09-07 12:12:35.860 UTC [1102] LOG:  statement: begin
2026-09-07 12:12:35.861 UTC [1102] LOG:  execute <unnamed>: select set_config('app.organization_id', $1, true)
2026-09-07 12:12:35.861 UTC [1102] LOG:  execute <unnamed>: select "id", "kind", "org_id", "workspace_id", "conversation_id", "desired_url", "desired_generation", "desired_sha", "provider", "provider_sandbox_id", "latest_snapshot_id", "latest_run_id", "state", "last_heartbeat_at", "created_at", "updated_at" from "workspace_sandbox_instances" where (("workspace_sandbox_instances"."conversation_id" = $1) and ("workspace_sandbox_instances"."kind" = $2) and ("workspace_sandbox_instances"."state" = $3))
2026-09-07 12:12:35.861 UTC [1102] LOG:  statement: commit
2026-09-07 12:12:36.005 UTC [1102] LOG:  statement: begin
2026-09-07 12:12:36.006 UTC [1102] LOG:  execute <unnamed>: select set_config('app.organization_id', $1, true)
2026-09-07 12:12:36.007 UTC [1102] LOG:  statement: savepoint sp1
2026-09-07 12:12:36.008 UTC [1102] LOG:  execute <unnamed>: select "id", "kind", "org_id", "workspace_id", "conversation_id", "desired_url", "desired_generation", "desired_sha", "provider", "provider_sandbox_id", "latest_snapshot_id", "latest_run_id", "state", "last_heartbeat_at", "created_at", "updated_at" from "workspace_sandbox_instances" where (("workspace_sandbox_instances"."org_id" = $1) and ("workspace_sandbox_instances"."kind" = $2) and ("workspace_sandbox_instances"."conversation_id" = $3) and ((("workspace_sandbox_instances"."state" = $4) or ("workspace_sandbox_instances"."state" = $5)))) order by ("workspace_sandbox_instances"."provider_sandbox_id" is not null) desc, "workspace_sandbox_instances"."created_at" asc, "workspace_sandbox_instances"."id" asc limit $6
2026-09-07 12:12:36.010 UTC [1102] LOG:  execute <unnamed>: insert into "workspace_sandbox_instances" ("id", "kind", "org_id", "workspace_id", "conversation_id", "desired_url", "desired_generation", "desired_sha", "provider", "provider_sandbox_id", "latest_snapshot_id", "latest_run_id", "state", "last_heartbeat_at", "created_at", "updated_at") values ($1, $2, $3, $4, $5, $6, $7, $8, $9, $10, $11, $12, $13, $14, $15, $16) on conflict ("id") do update set "kind" = $17, "conversation_id" = $18, "desired_url" = $19, "desired_generation" = $20, "desired_sha" = $21, "provider" = $22, "provider_sandbox_id" = $23, "latest_snapshot_id" = $24, "latest_run_id" = $25, "state" = $26, "last_heartbeat_at" = $27, "updated_at" = $28
2026-09-07 12:12:36.011 UTC [1102] LOG:  statement: release savepoint sp1
2026-09-07 12:12:36.012 UTC [1102] LOG:  statement: commit
2026-09-07 12:12:36.053 UTC [1102] LOG:  statement: begin
2026-09-07 12:12:36.054 UTC [1102] LOG:  execute <unnamed>: select set_config('app.organization_id', $1, true)
2026-09-07 12:12:36.055 UTC [1102] LOG:  execute <unnamed>: select "interrupt_id", "run_id", "thread_id", "org_id", "status", "requested_at", "resolved_at", "payload_json", "response_json" from "chat_interrupts" where (("chat_interrupts"."thread_id" = $1) and ("chat_interrupts"."status" = $2)) order by "chat_interrupts"."requested_at" asc
2026-09-07 12:12:36.055 UTC [1102] LOG:  statement: commit
2026-09-07 12:12:36.056 UTC [1102] LOG:  statement: begin
2026-09-07 12:12:36.057 UTC [1102] LOG:  execute <unnamed>: select set_config('app.organization_id', $1, true)
2026-09-07 12:12:36.059 UTC [1102] LOG:  execute <unnamed>: select "run_id", "thread_id", "org_id", "status", "started_at", "finished_at", "error", "error_code", "usage_json", "sandbox_key", "detached_since", "cancel_requested", "driver_epoch" from "chat_runs" where "chat_runs"."run_id" = $1 limit $2
2026-09-07 12:12:36.060 UTC [1102] LOG:  statement: commit
2026-09-07 12:12:36.061 UTC [1102] LOG:  statement: begin
2026-09-07 12:12:36.061 UTC [1102] LOG:  execute <unnamed>: select set_config('app.organization_id', $1, true)
2026-09-07 12:12:36.062 UTC [1102] LOG:  execute <unnamed>: insert into "chat_runs" ("run_id", "thread_id", "org_id", "status", "started_at", "finished_at", "error", "error_code", "usage_json", "sandbox_key", "detached_since", "cancel_requested", "driver_epoch") values ($1, $2, $3, $4, $5, default, default, default, default, default, default, default, default) on conflict ("run_id") do nothing
2026-09-07 12:12:36.063 UTC [1102] LOG:  statement: commit
2026-09-07 12:12:36.065 UTC [1102] LOG:  statement: begin
2026-09-07 12:12:36.066 UTC [1102] LOG:  execute <unnamed>: select set_config('app.organization_id', $1, true)
2026-09-07 12:12:36.067 UTC [1102] LOG:  execute <unnamed>: select "run_id", "thread_id", "org_id", "status", "started_at", "finished_at", "error", "error_code", "usage_json", "sandbox_key", "detached_since", "cancel_requested", "driver_epoch" from "chat_runs" where "chat_runs"."run_id" = $1 limit $2
2026-09-07 12:12:36.068 UTC [1102] LOG:  statement: commit
2026-09-07 12:12:36.069 UTC [1102] LOG:  statement: begin
2026-09-07 12:12:36.070 UTC [1102] LOG:  execute <unnamed>: select set_config('app.organization_id', $1, true)
2026-09-07 12:12:36.072 UTC [1102] LOG:  execute <unnamed>: select "messages_json" from "chat_threads" where "chat_threads"."thread_id" = $1 limit $2
2026-09-07 12:12:36.074 UTC [1102] LOG:  statement: commit
2026-09-07 12:12:36.076 UTC [1102] LOG:  statement: begin
2026-09-07 12:12:36.077 UTC [1102] LOG:  execute <unnamed>: select set_config('app.organization_id', $1, true)
2026-09-07 12:12:36.078 UTC [1102] LOG:  execute <unnamed>: insert into "chat_threads" ("thread_id", "org_id", "messages_json", "updated_at") values ($1, $2, $3, $4) on conflict ("thread_id") do update set "messages_json" = $5, "updated_at" = $6
2026-09-07 12:12:36.079 UTC [1102] LOG:  statement: commit
2026-09-07 12:12:37.508 UTC [1102] LOG:  statement: begin
2026-09-07 12:12:37.509 UTC [1102] LOG:  execute <unnamed>: select set_config('app.organization_id', $1, true)
2026-09-07 12:12:37.511 UTC [1102] LOG:  execute <unnamed>: insert into "chat_threads" ("thread_id", "org_id", "messages_json", "updated_at") values ($1, $2, $3, $4) on conflict ("thread_id") do update set "messages_json" = $5, "updated_at" = $6
2026-09-07 12:12:37.512 UTC [1102] LOG:  statement: commit
2026-09-07 12:12:42.657 UTC [1102] LOG:  statement: begin
2026-09-07 12:12:42.661 UTC [1102] LOG:  execute <unnamed>: select set_config('app.organization_id', $1, true)
2026-09-07 12:12:42.662 UTC [1102] LOG:  execute <unnamed>: insert into "chat_threads" ("thread_id", "org_id", "messages_json", "updated_at") values ($1, $2, $3, $4) on conflict ("thread_id") do update set "messages_json" = $5, "updated_at" = $6
2026-09-07 12:12:42.665 UTC [1102] LOG:  statement: commit
2026-09-07 12:12:42.774 UTC [1102] LOG:  statement: begin
2026-09-07 12:12:42.775 UTC [1102] LOG:  execute <unnamed>: select set_config('app.organization_id', $1, true)
2026-09-07 12:12:42.776 UTC [1102] LOG:  execute <unnamed>: insert into "chat_threads" ("thread_id", "org_id", "messages_json", "updated_at") values ($1, $2, $3, $4) on conflict ("thread_id") do update set "messages_json" = $5, "updated_at" = $6
2026-09-07 12:12:42.777 UTC [1102] LOG:  statement: commit
2026-09-07 12:12:42.778 UTC [1102] LOG:  statement: begin
2026-09-07 12:12:42.779 UTC [1102] LOG:  execute <unnamed>: select set_config('app.organization_id', $1, true)
2026-09-07 12:12:42.780 UTC [1102] LOG:  execute <unnamed>: update "chat_runs" set "status" = $1, "finished_at" = $2, "usage_json" = $3 where "chat_runs"."run_id" = $4
2026-09-07 12:12:42.781 UTC [1102] LOG:  statement: commit
2026-09-07 12:12:42.783 UTC [1102] LOG:  statement: begin
2026-09-07 12:12:42.784 UTC [1102] LOG:  execute <unnamed>: select set_config('app.organization_id', $1, true)
2026-09-07 12:12:42.785 UTC [1102] LOG:  execute <unnamed>: select "messages_json" from "chat_threads" where "chat_threads"."thread_id" = $1 limit $2
2026-09-07 12:12:42.786 UTC [1102] LOG:  statement: commit
2026-09-07 12:12:42.790 UTC [1102] LOG:  statement: begin
2026-09-07 12:12:42.791 UTC [1102] LOG:  execute <unnamed>: select set_config('app.organization_id', $1, true)
2026-09-07 12:12:42.793 UTC [1102] LOG:  execute <unnamed>: select "run_id", "thread_id", "org_id", "status", "started_at", "finished_at", "error", "error_code", "usage_json", "sandbox_key", "detached_since", "cancel_requested", "driver_epoch" from "chat_runs" where (("chat_runs"."thread_id" = $1) and ("chat_runs"."status" = $2)) order by "chat_runs"."started_at" desc limit $3
2026-09-07 12:12:42.793 UTC [1102] LOG:  statement: commit
2026-09-07 12:12:42.794 UTC [1102] LOG:  statement: begin
2026-09-07 12:12:42.795 UTC [1102] LOG:  execute <unnamed>: select set_config('app.organization_id', $1, true)
2026-09-07 12:12:42.797 UTC [1102] LOG:  execute <unnamed>: select "d0"."id" as "id", "d0"."org_id" as "orgId", "d0"."user_id" as "userId", "d0"."workspace_id" as "workspaceId", "d0"."name" as "name", "d0"."source" as "source", "d0"."last_branch" as "lastBranch", "d0"."last_chat_pr_number" as "lastChatPrNumber", "d0"."last_message_at" as "lastMessageAt", "d0"."created_at" as "createdAt", "d0"."updated_at" as "updatedAt" from "conversations" as "d0" where (("d0"."id" = $1) and ("d0"."org_id" = $2) and ("d0"."user_id" = $3)) limit $4
2026-09-07 12:12:42.798 UTC [1102] LOG:  statement: commit
2026-09-07 12:12:42.805 UTC [1102] LOG:  execute <unnamed>: select "id", "expires_at", "token", "created_at", "updated_at", "ip_address", "user_agent", "user_id", "active_organization_id" from "sessions" where "sessions"."token" = $1
2026-09-07 12:12:42.807 UTC [1102] LOG:  execute <unnamed>: select "id", "name", "email", "email_verified", "image", "created_at", "updated_at", "two_factor_enabled", "onboarding_completed_at" from "users" where "users"."id" = $1
2026-09-07 12:12:42.808 UTC [1102] LOG:  execute <unnamed>: select "id", "public_key", "private_key", "created_at", "expires_at" from "jwkss" limit $1
2026-09-07 12:12:42.812 UTC [1102] LOG:  execute <unnamed>: select "id", "expires_at", "token", "created_at", "updated_at", "ip_address", "user_agent", "user_id", "active_organization_id" from "sessions" where "sessions"."token" = $1
2026-09-07 12:12:42.813 UTC [1102] LOG:  execute <unnamed>: select "id", "name", "email", "email_verified", "image", "created_at", "updated_at", "two_factor_enabled", "onboarding_completed_at" from "users" where "users"."id" = $1
2026-09-07 12:12:42.814 UTC [1102] LOG:  execute <unnamed>: select "id", "public_key", "private_key", "created_at", "expires_at" from "jwkss" limit $1
2026-09-07 12:12:42.816 UTC [1102] LOG:  execute <unnamed>: select "organizations"."id" from "organizations" inner join "members" on (("members"."organization_id" = "organizations"."id") and ("members"."user_id" = $1)) where "organizations"."slug" = $2 limit $3
2026-09-07 12:12:42.818 UTC [1102] LOG:  statement: begin
2026-09-07 12:12:42.819 UTC [1102] LOG:  execute <unnamed>: select set_config('app.organization_id', $1, true)
2026-09-07 12:12:42.820 UTC [1102] LOG:  execute <unnamed>: select "d0"."id" as "id", "d0"."org_id" as "orgId", "d0"."user_id" as "userId", "d0"."workspace_id" as "workspaceId", "d0"."name" as "name", "d0"."source" as "source", "d0"."last_branch" as "lastBranch", "d0"."last_chat_pr_number" as "lastChatPrNumber", "d0"."last_message_at" as "lastMessageAt", "d0"."created_at" as "createdAt", "d0"."updated_at" as "updatedAt" from "conversations" as "d0" where (("d0"."id" = $1) and ("d0"."org_id" = $2) and ("d0"."user_id" = $3)) limit $4
2026-09-07 12:12:42.821 UTC [1102] LOG:  statement: commit
2026-09-07 12:12:42.821 UTC [1102] LOG:  statement: begin
2026-09-07 12:12:42.822 UTC [1102] LOG:  execute <unnamed>: select set_config('app.organization_id', $1, true)
2026-09-07 12:12:42.823 UTC [1102] LOG:  execute <unnamed>: select "messages_json" from "chat_threads" where "chat_threads"."thread_id" = $1 limit $2
2026-09-07 12:12:42.824 UTC [1102] LOG:  statement: commit
2026-09-07 12:12:42.825 UTC [1102] LOG:  statement: begin
2026-09-07 12:12:42.826 UTC [1102] LOG:  execute <unnamed>: select set_config('app.organization_id', $1, true)
2026-09-07 12:12:42.827 UTC [1102] LOG:  execute <unnamed>: select "id", "org_id", "slug", "display_name", "workspace_repository_url", "github_connection_id", "desired_generation", "desired_sha", "active_projection_url", "active_projection_sha", "indexed_sha", "write_status", "hydrate_status", "hydrate_error", "last_job_at", "hydrate_phases", "read_only_reason", "created_at", "updated_at" from "workspaces" where (("workspaces"."org_id" = $1) and ("workspaces"."id" = $2)) limit $3
2026-09-07 12:12:42.828 UTC [1102] LOG:  statement: commit
2026-09-07 12:12:42.877 UTC [1102] LOG:  execute <unnamed>: select "id", "expires_at", "token", "created_at", "updated_at", "ip_address", "user_agent", "user_id", "active_organization_id" from "sessions" where "sessions"."token" = $1
2026-09-07 12:12:42.879 UTC [1102] LOG:  execute <unnamed>: select "id", "name", "email", "email_verified", "image", "created_at", "updated_at", "two_factor_enabled", "onboarding_completed_at" from "users" where "users"."id" = $1
2026-09-07 12:12:42.880 UTC [1102] LOG:  execute <unnamed>: select "id", "public_key", "private_key", "created_at", "expires_at" from "jwkss" limit $1
2026-09-07 12:12:42.881 UTC [1102] LOG:  execute <unnamed>: select "id", "expires_at", "token", "created_at", "updated_at", "ip_address", "user_agent", "user_id", "active_organization_id" from "sessions" where "sessions"."token" = $1
2026-09-07 12:12:42.883 UTC [1102] LOG:  execute <unnamed>: select "id", "name", "email", "email_verified", "image", "created_at", "updated_at", "two_factor_enabled", "onboarding_completed_at" from "users" where "users"."id" = $1
2026-09-07 12:12:42.884 UTC [1102] LOG:  execute <unnamed>: select "id", "public_key", "private_key", "created_at", "expires_at" from "jwkss" limit $1
2026-09-07 12:12:42.886 UTC [1102] LOG:  execute <unnamed>: select "organizations"."id" from "organizations" inner join "members" on (("members"."organization_id" = "organizations"."id") and ("members"."user_id" = $1)) where "organizations"."slug" = $2 limit $3
2026-09-07 12:12:42.887 UTC [1102] LOG:  statement: begin
2026-09-07 12:12:42.888 UTC [1102] LOG:  execute <unnamed>: select set_config('app.organization_id', $1, true)
2026-09-07 12:12:42.889 UTC [1102] LOG:  execute <unnamed>: select "id", "org_id", "slug", "display_name", "workspace_repository_url", "github_connection_id", "desired_generation", "desired_sha", "active_projection_url", "active_projection_sha", "indexed_sha", "write_status", "hydrate_status", "hydrate_error", "last_job_at", "hydrate_phases", "read_only_reason", "created_at", "updated_at" from "workspaces" where (("workspaces"."org_id" = $1) and ("workspaces"."slug" = $2)) limit $3
2026-09-07 12:12:42.890 UTC [1102] LOG:  statement: commit
2026-09-07 12:12:42.891 UTC [1102] LOG:  statement: begin
2026-09-07 12:12:42.891 UTC [1102] LOG:  execute <unnamed>: select set_config('app.organization_id', $1, true)
2026-09-07 12:12:42.893 UTC [1102] LOG:  execute <unnamed>: select "id", "org_id", "slug", "display_name", "workspace_repository_url", "github_connection_id", "desired_generation", "desired_sha", "active_projection_url", "active_projection_sha", "indexed_sha", "write_status", "hydrate_status", "hydrate_error", "last_job_at", "hydrate_phases", "read_only_reason", "created_at", "updated_at" from "workspaces" where (("workspaces"."org_id" = $1) and ("workspaces"."id" = $2)) limit $3
2026-09-07 12:12:42.894 UTC [1102] LOG:  execute <unnamed>: select "id", "org_id", "workspace_id", "git_url", "desired_ref", "desired_sha", "indexed_sha", "created_at" from "workspace_linked_repositories" where "workspace_linked_repositories"."workspace_id" = $1 order by "workspace_linked_repositories"."created_at"
2026-09-07 12:12:42.895 UTC [1102] LOG:  statement: commit
2026-09-07 12:12:42.895 UTC [1102] LOG:  statement: begin
2026-09-07 12:12:42.896 UTC [1102] LOG:  execute <unnamed>: select set_config('app.organization_id', $1, true)
2026-09-07 12:12:42.897 UTC [1102] LOG:  execute <unnamed>: select "commit_sha" from "workspace_write_jobs" where (("workspace_write_jobs"."workspace_id" = $1) and ("workspace_write_jobs"."kind" = $2) and (("workspace_write_jobs"."commit_sha" is not null))) order by "workspace_write_jobs"."created_at" asc limit $3
2026-09-07 12:12:42.898 UTC [1102] LOG:  statement: commit
2026-09-07 12:12:42.903 UTC [1102] LOG:  execute <unnamed>: select "id", "expires_at", "token", "created_at", "updated_at", "ip_address", "user_agent", "user_id", "active_organization_id" from "sessions" where "sessions"."token" = $1
2026-09-07 12:12:42.904 UTC [1102] LOG:  execute <unnamed>: select "id", "name", "email", "email_verified", "image", "created_at", "updated_at", "two_factor_enabled", "onboarding_completed_at" from "users" where "users"."id" = $1
2026-09-07 12:12:42.905 UTC [1102] LOG:  execute <unnamed>: select "id", "public_key", "private_key", "created_at", "expires_at" from "jwkss" limit $1
2026-09-07 12:12:42.906 UTC [1102] LOG:  execute <unnamed>: select "id", "expires_at", "token", "created_at", "updated_at", "ip_address", "user_agent", "user_id", "active_organization_id" from "sessions" where "sessions"."token" = $1
2026-09-07 12:12:42.908 UTC [1102] LOG:  execute <unnamed>: select "id", "name", "email", "email_verified", "image", "created_at", "updated_at", "two_factor_enabled", "onboarding_completed_at" from "users" where "users"."id" = $1
2026-09-07 12:12:42.909 UTC [1102] LOG:  execute <unnamed>: select "id", "public_key", "private_key", "created_at", "expires_at" from "jwkss" limit $1
2026-09-07 12:12:42.910 UTC [1102] LOG:  execute <unnamed>: select "organizations"."id" from "organizations" inner join "members" on (("members"."organization_id" = "organizations"."id") and ("members"."user_id" = $1)) where "organizations"."slug" = $2 limit $3
2026-09-07 12:12:42.911 UTC [1102] LOG:  statement: begin
2026-09-07 12:12:42.912 UTC [1102] LOG:  execute <unnamed>: select set_config('app.organization_id', $1, true)
2026-09-07 12:12:42.913 UTC [1102] LOG:  execute <unnamed>: select "id" from "workspaces" where (("workspaces"."id" = $1) and ("workspaces"."org_id" = $2)) limit $3
2026-09-07 12:12:42.914 UTC [1102] LOG:  execute <unnamed>: select "id", "org_id", "user_id", "workspace_id", "name", "source", "last_branch", "last_chat_pr_number", "last_message_at", "created_at", "updated_at" from "conversations" where (("conversations"."id" = $1) and ("conversations"."org_id" = $2) and ("conversations"."user_id" = $3)) limit $4
2026-09-07 12:12:42.915 UTC [1102] LOG:  statement: commit
2026-09-07 12:12:42.916 UTC [1102] LOG:  statement: begin
2026-09-07 12:12:42.917 UTC [1102] LOG:  execute <unnamed>: select set_config('app.organization_id', $1, true)
2026-09-07 12:12:42.917 UTC [1102] LOG:  execute <unnamed>: select "id", "org_id", "slug", "display_name", "workspace_repository_url", "github_connection_id", "desired_generation", "desired_sha", "active_projection_url", "active_projection_sha", "indexed_sha", "write_status", "hydrate_status", "hydrate_error", "last_job_at", "hydrate_phases", "read_only_reason", "created_at", "updated_at" from "workspaces" where (("workspaces"."org_id" = $1) and ("workspaces"."id" = $2)) limit $3
2026-09-07 12:12:42.918 UTC [1102] LOG:  statement: commit
2026-09-07 12:12:42.919 UTC [1102] LOG:  statement: begin
2026-09-07 12:12:42.919 UTC [1102] LOG:  execute <unnamed>: select set_config('app.organization_id', $1, true)
2026-09-07 12:12:42.920 UTC [1102] LOG:  execute <unnamed>: update "conversations" set "last_branch" = $1, "updated_at" = $2 where (("conversations"."id" = $3) and ("conversations"."org_id" = $4) and ("conversations"."user_id" = $5))
2026-09-07 12:12:42.922 UTC [1102] LOG:  statement: commit
2026-09-07 12:12:42.923 UTC [1102] LOG:  statement: begin
2026-09-07 12:12:42.924 UTC [1102] LOG:  execute <unnamed>: select set_config('app.organization_id', $1, true)
2026-09-07 12:12:42.924 UTC [1102] LOG:  execute <unnamed>: select "id", "kind", "org_id", "workspace_id", "conversation_id", "desired_url", "desired_generation", "desired_sha", "provider", "provider_sandbox_id", "latest_snapshot_id", "latest_run_id", "state", "last_heartbeat_at", "created_at", "updated_at" from "workspace_sandbox_instances" where (("workspace_sandbox_instances"."conversation_id" = $1) and ("workspace_sandbox_instances"."kind" = $2))
2026-09-07 12:12:42.925 UTC [1102] LOG:  statement: commit
2026-09-07 12:12:42.925 UTC [1102] LOG:  statement: begin
2026-09-07 12:12:42.925 UTC [1102] LOG:  execute <unnamed>: select set_config('app.organization_id', $1, true)
2026-09-07 12:12:42.926 UTC [1102] LOG:  execute <unnamed>: select "id", "kind", "org_id", "workspace_id", "conversation_id", "desired_url", "desired_generation", "desired_sha", "provider", "provider_sandbox_id", "latest_snapshot_id", "latest_run_id", "state", "last_heartbeat_at", "created_at", "updated_at" from "workspace_sandbox_instances" where (("workspace_sandbox_instances"."conversation_id" = $1) and ("workspace_sandbox_instances"."kind" = $2))
2026-09-07 12:12:42.926 UTC [1102] LOG:  statement: commit
2026-09-07 12:12:42.926 UTC [1102] LOG:  statement: begin
2026-09-07 12:12:42.927 UTC [1102] LOG:  execute <unnamed>: select set_config('app.organization_id', $1, true)
2026-09-07 12:12:42.927 UTC [1102] LOG:  execute <unnamed>: select "id", "kind", "org_id", "workspace_id", "conversation_id", "desired_url", "desired_generation", "desired_sha", "provider", "provider_sandbox_id", "latest_snapshot_id", "latest_run_id", "state", "last_heartbeat_at", "created_at", "updated_at" from "workspace_sandbox_instances" where (("workspace_sandbox_instances"."id" = $1) and ("workspace_sandbox_instances"."org_id" = $2)) limit $3
2026-09-07 12:12:42.927 UTC [1102] LOG:  statement: commit
2026-09-07 12:12:42.931 UTC [1102] LOG:  statement: begin
2026-09-07 12:12:42.932 UTC [1102] LOG:  execute <unnamed>: select set_config('app.organization_id', $1, true)
2026-09-07 12:12:42.932 UTC [1102] LOG:  execute <unnamed>: delete from "workspace_sandbox_instances" where (("workspace_sandbox_instances"."id" = $1) and ("workspace_sandbox_instances"."org_id" = $2))
2026-09-07 12:12:42.932 UTC [1102] LOG:  statement: commit
2026-09-07 12:12:42.933 UTC [1102] LOG:  execute <unnamed>: select "slug" from "organizations" where "organizations"."id" = $1 limit $2
2026-09-07 12:12:42.934 UTC [1102] LOG:  statement: begin
2026-09-07 12:12:42.934 UTC [1102] LOG:  execute <unnamed>: select set_config('app.organization_id', $1, true)
2026-09-07 12:12:42.935 UTC [1102] LOG:  execute <unnamed>: select "id", "kind", "org_id", "workspace_id", "conversation_id", "desired_url", "desired_generation", "desired_sha", "provider", "provider_sandbox_id", "latest_snapshot_id", "latest_run_id", "state", "last_heartbeat_at", "created_at", "updated_at" from "workspace_sandbox_instances" where (("workspace_sandbox_instances"."id" = $1) and ("workspace_sandbox_instances"."org_id" = $2)) limit $3
2026-09-07 12:12:42.935 UTC [1102] LOG:  statement: commit
2026-09-07 12:12:42.935 UTC [1102] LOG:  statement: begin
2026-09-07 12:12:42.935 UTC [1102] LOG:  execute <unnamed>: select set_config('app.organization_id', $1, true)
2026-09-07 12:12:42.936 UTC [1102] LOG:  execute <unnamed>: select "id", "kind", "org_id", "workspace_id", "conversation_id", "desired_url", "desired_generation", "desired_sha", "provider", "provider_sandbox_id", "latest_snapshot_id", "latest_run_id", "state", "last_heartbeat_at", "created_at", "updated_at" from "workspace_sandbox_instances" where (("workspace_sandbox_instances"."conversation_id" = $1) and ("workspace_sandbox_instances"."kind" = $2) and ("workspace_sandbox_instances"."state" = $3))
2026-09-07 12:12:42.936 UTC [1102] LOG:  statement: commit
2026-09-07 12:12:43.082 UTC [1102] LOG:  statement: begin
2026-09-07 12:12:43.083 UTC [1102] LOG:  execute <unnamed>: select set_config('app.organization_id', $1, true)
2026-09-07 12:12:43.084 UTC [1102] LOG:  statement: savepoint sp1
2026-09-07 12:12:43.086 UTC [1102] LOG:  execute <unnamed>: select "id", "kind", "org_id", "workspace_id", "conversation_id", "desired_url", "desired_generation", "desired_sha", "provider", "provider_sandbox_id", "latest_snapshot_id", "latest_run_id", "state", "last_heartbeat_at", "created_at", "updated_at" from "workspace_sandbox_instances" where (("workspace_sandbox_instances"."org_id" = $1) and ("workspace_sandbox_instances"."kind" = $2) and ("workspace_sandbox_instances"."conversation_id" = $3) and ((("workspace_sandbox_instances"."state" = $4) or ("workspace_sandbox_instances"."state" = $5)))) order by ("workspace_sandbox_instances"."provider_sandbox_id" is not null) desc, "workspace_sandbox_instances"."created_at" asc, "workspace_sandbox_instances"."id" asc limit $6
2026-09-07 12:12:43.087 UTC [1102] LOG:  execute <unnamed>: insert into "workspace_sandbox_instances" ("id", "kind", "org_id", "workspace_id", "conversation_id", "desired_url", "desired_generation", "desired_sha", "provider", "provider_sandbox_id", "latest_snapshot_id", "latest_run_id", "state", "last_heartbeat_at", "created_at", "updated_at") values ($1, $2, $3, $4, $5, $6, $7, $8, $9, $10, $11, $12, $13, $14, $15, $16) on conflict ("id") do update set "kind" = $17, "conversation_id" = $18, "desired_url" = $19, "desired_generation" = $20, "desired_sha" = $21, "provider" = $22, "provider_sandbox_id" = $23, "latest_snapshot_id" = $24, "latest_run_id" = $25, "state" = $26, "last_heartbeat_at" = $27, "updated_at" = $28
2026-09-07 12:12:43.088 UTC [1102] LOG:  statement: release savepoint sp1
2026-09-07 12:12:43.089 UTC [1102] LOG:  statement: commit
2026-09-07 12:12:43.110 UTC [1102] LOG:  statement: begin
2026-09-07 12:12:43.111 UTC [1102] LOG:  execute <unnamed>: select set_config('app.organization_id', $1, true)
2026-09-07 12:12:43.112 UTC [1102] LOG:  execute <unnamed>: update "conversations" set "last_branch" = $1, "updated_at" = $2 where (("conversations"."id" = $3) and ("conversations"."org_id" = $4) and ("conversations"."user_id" = $5))
2026-09-07 12:12:43.113 UTC [1102] LOG:  statement: commit
2026-09-07 12:12:43.114 UTC [1102] LOG:  statement: begin
2026-09-07 12:12:43.115 UTC [1102] LOG:  execute <unnamed>: select set_config('app.organization_id', $1, true)
2026-09-07 12:12:43.116 UTC [1102] LOG:  execute <unnamed>: select "id", "kind", "org_id", "workspace_id", "conversation_id", "desired_url", "desired_generation", "desired_sha", "provider", "provider_sandbox_id", "latest_snapshot_id", "latest_run_id", "state", "last_heartbeat_at", "created_at", "updated_at" from "workspace_sandbox_instances" where (("workspace_sandbox_instances"."conversation_id" = $1) and ("workspace_sandbox_instances"."kind" = $2))
2026-09-07 12:12:43.117 UTC [1102] LOG:  statement: commit
2026-09-07 12:12:43.122 UTC [1102] LOG:  execute <unnamed>: select "id", "expires_at", "token", "created_at", "updated_at", "ip_address", "user_agent", "user_id", "active_organization_id" from "sessions" where "sessions"."token" = $1
2026-09-07 12:12:43.124 UTC [1102] LOG:  execute <unnamed>: select "id", "name", "email", "email_verified", "image", "created_at", "updated_at", "two_factor_enabled", "onboarding_completed_at" from "users" where "users"."id" = $1
2026-09-07 12:12:43.125 UTC [1102] LOG:  execute <unnamed>: select "id", "public_key", "private_key", "created_at", "expires_at" from "jwkss" limit $1
2026-09-07 12:12:43.127 UTC [1102] LOG:  execute <unnamed>: select "id", "expires_at", "token", "created_at", "updated_at", "ip_address", "user_agent", "user_id", "active_organization_id" from "sessions" where "sessions"."token" = $1
2026-09-07 12:12:43.128 UTC [1102] LOG:  execute <unnamed>: select "id", "name", "email", "email_verified", "image", "created_at", "updated_at", "two_factor_enabled", "onboarding_completed_at" from "users" where "users"."id" = $1
2026-09-07 12:12:43.129 UTC [1102] LOG:  execute <unnamed>: select "id", "public_key", "private_key", "created_at", "expires_at" from "jwkss" limit $1
2026-09-07 12:12:43.130 UTC [1102] LOG:  execute <unnamed>: select "organizations"."id" from "organizations" inner join "members" on (("members"."organization_id" = "organizations"."id") and ("members"."user_id" = $1)) where "organizations"."slug" = $2 limit $3
2026-09-07 12:12:43.132 UTC [1102] LOG:  statement: begin
2026-09-07 12:12:43.133 UTC [1102] LOG:  execute <unnamed>: select set_config('app.organization_id', $1, true)
2026-09-07 12:12:43.134 UTC [1102] LOG:  execute <unnamed>: select "id" from "workspaces" where (("workspaces"."id" = $1) and ("workspaces"."org_id" = $2)) limit $3
2026-09-07 12:12:43.135 UTC [1102] LOG:  execute <unnamed>: select "id", "org_id", "user_id", "workspace_id", "name", "source", "last_branch", "last_chat_pr_number", "last_message_at", "created_at", "updated_at" from "conversations" where (("conversations"."id" = $1) and ("conversations"."org_id" = $2) and ("conversations"."user_id" = $3)) limit $4
2026-09-07 12:12:43.136 UTC [1102] LOG:  statement: commit
2026-09-07 12:12:43.137 UTC [1102] LOG:  statement: begin
2026-09-07 12:12:43.137 UTC [1102] LOG:  execute <unnamed>: select set_config('app.organization_id', $1, true)
2026-09-07 12:12:43.138 UTC [1102] LOG:  execute <unnamed>: select "id", "org_id", "slug", "display_name", "workspace_repository_url", "github_connection_id", "desired_generation", "desired_sha", "active_projection_url", "active_projection_sha", "indexed_sha", "write_status", "hydrate_status", "hydrate_error", "last_job_at", "hydrate_phases", "read_only_reason", "created_at", "updated_at" from "workspaces" where (("workspaces"."org_id" = $1) and ("workspaces"."id" = $2)) limit $3
2026-09-07 12:12:43.139 UTC [1102] LOG:  statement: commit
2026-09-07 12:12:43.140 UTC [1102] LOG:  statement: begin
2026-09-07 12:12:43.141 UTC [1102] LOG:  execute <unnamed>: select set_config('app.organization_id', $1, true)
2026-09-07 12:12:43.142 UTC [1102] LOG:  execute <unnamed>: update "conversations" set "last_branch" = $1, "updated_at" = $2 where (("conversations"."id" = $3) and ("conversations"."org_id" = $4) and ("conversations"."user_id" = $5))
2026-09-07 12:12:43.145 UTC [1102] LOG:  statement: commit
2026-09-07 12:12:43.146 UTC [1102] LOG:  statement: begin
2026-09-07 12:12:43.147 UTC [1102] LOG:  execute <unnamed>: select set_config('app.organization_id', $1, true)
2026-09-07 12:12:43.148 UTC [1102] LOG:  execute <unnamed>: update "conversations" set "last_message_at" = $1, "updated_at" = $2 where (("conversations"."id" = $3) and ("conversations"."org_id" = $4) and ("conversations"."user_id" = $5))
2026-09-07 12:12:43.148 UTC [1102] LOG:  statement: commit
2026-09-07 12:12:43.150 UTC [1102] LOG:  statement: begin
2026-09-07 12:12:43.150 UTC [1102] LOG:  execute <unnamed>: select set_config('app.organization_id', $1, true)
2026-09-07 12:12:43.150 UTC [1102] LOG:  execute <unnamed>: select "id", "kind", "org_id", "workspace_id", "conversation_id", "desired_url", "desired_generation", "desired_sha", "provider", "provider_sandbox_id", "latest_snapshot_id", "latest_run_id", "state", "last_heartbeat_at", "created_at", "updated_at" from "workspace_sandbox_instances" where (("workspace_sandbox_instances"."conversation_id" = $1) and ("workspace_sandbox_instances"."kind" = $2))
2026-09-07 12:12:43.151 UTC [1102] LOG:  statement: commit
2026-09-07 12:12:43.151 UTC [1102] LOG:  statement: begin
2026-09-07 12:12:43.151 UTC [1102] LOG:  execute <unnamed>: select set_config('app.organization_id', $1, true)
2026-09-07 12:12:43.152 UTC [1102] LOG:  execute <unnamed>: select "id", "kind", "org_id", "workspace_id", "conversation_id", "desired_url", "desired_generation", "desired_sha", "provider", "provider_sandbox_id", "latest_snapshot_id", "latest_run_id", "state", "last_heartbeat_at", "created_at", "updated_at" from "workspace_sandbox_instances" where (("workspace_sandbox_instances"."conversation_id" = $1) and ("workspace_sandbox_instances"."kind" = $2))
2026-09-07 12:12:43.152 UTC [1102] LOG:  statement: commit
2026-09-07 12:12:43.152 UTC [1102] LOG:  statement: begin
2026-09-07 12:12:43.153 UTC [1102] LOG:  execute <unnamed>: select set_config('app.organization_id', $1, true)
2026-09-07 12:12:43.153 UTC [1102] LOG:  execute <unnamed>: select "id", "kind", "org_id", "workspace_id", "conversation_id", "desired_url", "desired_generation", "desired_sha", "provider", "provider_sandbox_id", "latest_snapshot_id", "latest_run_id", "state", "last_heartbeat_at", "created_at", "updated_at" from "workspace_sandbox_instances" where (("workspace_sandbox_instances"."id" = $1) and ("workspace_sandbox_instances"."org_id" = $2)) limit $3
2026-09-07 12:12:43.153 UTC [1102] LOG:  statement: commit
2026-09-07 12:12:43.153 UTC [1102] LOG:  statement: begin
2026-09-07 12:12:43.154 UTC [1102] LOG:  execute <unnamed>: select set_config('app.organization_id', $1, true)
2026-09-07 12:12:43.154 UTC [1102] LOG:  execute <unnamed>: delete from "workspace_sandbox_instances" where (("workspace_sandbox_instances"."id" = $1) and ("workspace_sandbox_instances"."org_id" = $2))
2026-09-07 12:12:43.154 UTC [1102] LOG:  statement: commit
2026-09-07 12:12:43.159 UTC [1102] LOG:  statement: begin
2026-09-07 12:12:43.160 UTC [1102] LOG:  execute <unnamed>: select set_config('app.organization_id', $1, true)
2026-09-07 12:12:43.160 UTC [1102] LOG:  execute <unnamed>: select "id", "org_id", "slug", "display_name", "workspace_repository_url", "github_connection_id", "desired_generation", "desired_sha", "active_projection_url", "active_projection_sha", "indexed_sha", "write_status", "hydrate_status", "hydrate_error", "last_job_at", "hydrate_phases", "read_only_reason", "created_at", "updated_at" from "workspaces" where (("workspaces"."org_id" = $1) and ("workspaces"."id" = $2)) limit $3
2026-09-07 12:12:43.161 UTC [1102] LOG:  statement: commit
2026-09-07 12:12:43.161 UTC [1102] LOG:  statement: begin
2026-09-07 12:12:43.161 UTC [1102] LOG:  execute <unnamed>: select set_config('app.organization_id', $1, true)
2026-09-07 12:12:43.161 UTC [1102] LOG:  execute <unnamed>: select "id", "org_id", "slug", "display_name", "workspace_repository_url", "github_connection_id", "desired_generation", "desired_sha", "active_projection_url", "active_projection_sha", "indexed_sha", "write_status", "hydrate_status", "hydrate_error", "last_job_at", "hydrate_phases", "read_only_reason", "created_at", "updated_at" from "workspaces" where (("workspaces"."org_id" = $1) and ("workspaces"."id" = $2)) limit $3
2026-09-07 12:12:43.162 UTC [1102] LOG:  execute <unnamed>: select "id", "org_id", "slug", "display_name", "workspace_repository_url", "github_connection_id", "desired_generation", "desired_sha", "active_projection_url", "active_projection_sha", "indexed_sha", "write_status", "hydrate_status", "hydrate_error", "last_job_at", "hydrate_phases", "read_only_reason", "created_at", "updated_at" from "workspaces" where (("workspaces"."org_id" = $1) and ("workspaces"."id" = $2)) limit $3
2026-09-07 12:12:43.162 UTC [1102] LOG:  execute <unnamed>: select "id", "org_id", "workspace_id", "git_url", "desired_ref", "desired_sha", "indexed_sha", "created_at" from "workspace_linked_repositories" where "workspace_linked_repositories"."workspace_id" = $1 order by "workspace_linked_repositories"."created_at"
2026-09-07 12:12:43.163 UTC [1102] LOG:  execute <unnamed>: select "id", "git_url" from "repositories" where "repositories"."org_id" = $1
2026-09-07 12:12:43.163 UTC [1102] LOG:  statement: commit
2026-09-07 12:12:43.164 UTC [1102] LOG:  statement: begin
2026-09-07 12:12:43.165 UTC [1103] LOG:  statement: begin
2026-09-07 12:12:43.165 UTC [1102] LOG:  execute <unnamed>: select set_config('app.organization_id', $1, true)
2026-09-07 12:12:43.165 UTC [1103] LOG:  execute <unnamed>: select set_config('app.organization_id', $1, true)
2026-09-07 12:12:43.165 UTC [1102] LOG:  execute <unnamed>: select "id", "kind", "org_id", "workspace_id", "conversation_id", "desired_url", "desired_generation", "desired_sha", "provider", "provider_sandbox_id", "latest_snapshot_id", "latest_run_id", "state", "last_heartbeat_at", "created_at", "updated_at" from "workspace_sandbox_instances" where (("workspace_sandbox_instances"."conversation_id" = $1) and ("workspace_sandbox_instances"."kind" = $2))
2026-09-07 12:12:43.165 UTC [1102] LOG:  statement: commit
2026-09-07 12:12:43.165 UTC [1103] LOG:  execute <unnamed>: select "id", "kind", "org_id", "workspace_id", "conversation_id", "desired_url", "desired_generation", "desired_sha", "provider", "provider_sandbox_id", "latest_snapshot_id", "latest_run_id", "state", "last_heartbeat_at", "created_at", "updated_at" from "workspace_sandbox_instances" where (("workspace_sandbox_instances"."id" = $1) and ("workspace_sandbox_instances"."org_id" = $2)) limit $3
2026-09-07 12:12:43.166 UTC [1103] LOG:  statement: commit
2026-09-07 12:12:43.166 UTC [1103] LOG:  statement: begin
2026-09-07 12:12:43.169 UTC [1103] LOG:  execute <unnamed>: select set_config('app.organization_id', $1, true)
2026-09-07 12:12:43.170 UTC [1103] LOG:  execute <unnamed>: select "id", "kind", "org_id", "workspace_id", "conversation_id", "desired_url", "desired_generation", "desired_sha", "provider", "provider_sandbox_id", "latest_snapshot_id", "latest_run_id", "state", "last_heartbeat_at", "created_at", "updated_at" from "workspace_sandbox_instances" where (("workspace_sandbox_instances"."conversation_id" = $1) and ("workspace_sandbox_instances"."kind" = $2) and ("workspace_sandbox_instances"."state" = $3))
2026-09-07 12:12:43.170 UTC [1103] LOG:  statement: commit
2026-09-07 12:12:43.314 UTC [1103] LOG:  statement: begin
2026-09-07 12:12:43.315 UTC [1103] LOG:  execute <unnamed>: select set_config('app.organization_id', $1, true)
2026-09-07 12:12:43.316 UTC [1103] LOG:  statement: savepoint sp1
2026-09-07 12:12:43.318 UTC [1103] LOG:  execute <unnamed>: select "id", "kind", "org_id", "workspace_id", "conversation_id", "desired_url", "desired_generation", "desired_sha", "provider", "provider_sandbox_id", "latest_snapshot_id", "latest_run_id", "state", "last_heartbeat_at", "created_at", "updated_at" from "workspace_sandbox_instances" where (("workspace_sandbox_instances"."org_id" = $1) and ("workspace_sandbox_instances"."kind" = $2) and ("workspace_sandbox_instances"."conversation_id" = $3) and ((("workspace_sandbox_instances"."state" = $4) or ("workspace_sandbox_instances"."state" = $5)))) order by ("workspace_sandbox_instances"."provider_sandbox_id" is not null) desc, "workspace_sandbox_instances"."created_at" asc, "workspace_sandbox_instances"."id" asc limit $6
2026-09-07 12:12:43.319 UTC [1103] LOG:  execute <unnamed>: insert into "workspace_sandbox_instances" ("id", "kind", "org_id", "workspace_id", "conversation_id", "desired_url", "desired_generation", "desired_sha", "provider", "provider_sandbox_id", "latest_snapshot_id", "latest_run_id", "state", "last_heartbeat_at", "created_at", "updated_at") values ($1, $2, $3, $4, $5, $6, $7, $8, $9, $10, $11, $12, $13, $14, $15, $16) on conflict ("id") do update set "kind" = $17, "conversation_id" = $18, "desired_url" = $19, "desired_generation" = $20, "desired_sha" = $21, "provider" = $22, "provider_sandbox_id" = $23, "latest_snapshot_id" = $24, "latest_run_id" = $25, "state" = $26, "last_heartbeat_at" = $27, "updated_at" = $28
2026-09-07 12:12:43.322 UTC [1103] LOG:  statement: release savepoint sp1
2026-09-07 12:12:43.322 UTC [1103] LOG:  statement: commit
2026-09-07 12:12:43.363 UTC [1103] LOG:  statement: begin
2026-09-07 12:12:43.364 UTC [1103] LOG:  execute <unnamed>: select set_config('app.organization_id', $1, true)
2026-09-07 12:12:43.365 UTC [1103] LOG:  execute <unnamed>: select "interrupt_id", "run_id", "thread_id", "org_id", "status", "requested_at", "resolved_at", "payload_json", "response_json" from "chat_interrupts" where (("chat_interrupts"."thread_id" = $1) and ("chat_interrupts"."status" = $2)) order by "chat_interrupts"."requested_at" asc
2026-09-07 12:12:43.367 UTC [1103] LOG:  statement: commit
2026-09-07 12:12:43.368 UTC [1103] LOG:  statement: begin
2026-09-07 12:12:43.369 UTC [1103] LOG:  execute <unnamed>: select set_config('app.organization_id', $1, true)
2026-09-07 12:12:43.370 UTC [1103] LOG:  execute <unnamed>: select "run_id", "thread_id", "org_id", "status", "started_at", "finished_at", "error", "error_code", "usage_json", "sandbox_key", "detached_since", "cancel_requested", "driver_epoch" from "chat_runs" where "chat_runs"."run_id" = $1 limit $2
2026-09-07 12:12:43.371 UTC [1103] LOG:  statement: commit
2026-09-07 12:12:43.371 UTC [1103] LOG:  statement: begin
2026-09-07 12:12:43.372 UTC [1103] LOG:  execute <unnamed>: select set_config('app.organization_id', $1, true)
2026-09-07 12:12:43.373 UTC [1103] LOG:  execute <unnamed>: insert into "chat_runs" ("run_id", "thread_id", "org_id", "status", "started_at", "finished_at", "error", "error_code", "usage_json", "sandbox_key", "detached_since", "cancel_requested", "driver_epoch") values ($1, $2, $3, $4, $5, default, default, default, default, default, default, default, default) on conflict ("run_id") do nothing
2026-09-07 12:12:43.374 UTC [1103] LOG:  statement: commit
2026-09-07 12:12:43.376 UTC [1103] LOG:  statement: begin
2026-09-07 12:12:43.376 UTC [1103] LOG:  execute <unnamed>: select set_config('app.organization_id', $1, true)
2026-09-07 12:12:43.377 UTC [1103] LOG:  execute <unnamed>: select "run_id", "thread_id", "org_id", "status", "started_at", "finished_at", "error", "error_code", "usage_json", "sandbox_key", "detached_since", "cancel_requested", "driver_epoch" from "chat_runs" where "chat_runs"."run_id" = $1 limit $2
2026-09-07 12:12:43.378 UTC [1103] LOG:  statement: commit
2026-09-07 12:12:43.379 UTC [1103] LOG:  statement: begin
2026-09-07 12:12:43.379 UTC [1103] LOG:  execute <unnamed>: select set_config('app.organization_id', $1, true)
2026-09-07 12:12:43.380 UTC [1103] LOG:  execute <unnamed>: select "messages_json" from "chat_threads" where "chat_threads"."thread_id" = $1 limit $2
2026-09-07 12:12:43.381 UTC [1103] LOG:  statement: commit
2026-09-07 12:12:43.382 UTC [1103] LOG:  statement: begin
2026-09-07 12:12:43.383 UTC [1103] LOG:  execute <unnamed>: select set_config('app.organization_id', $1, true)
2026-09-07 12:12:43.384 UTC [1103] LOG:  execute <unnamed>: insert into "chat_threads" ("thread_id", "org_id", "messages_json", "updated_at") values ($1, $2, $3, $4) on conflict ("thread_id") do update set "messages_json" = $5, "updated_at" = $6
2026-09-07 12:12:43.385 UTC [1103] LOG:  statement: commit
2026-09-07 12:12:44.500 UTC [1103] LOG:  statement: begin
2026-09-07 12:12:44.501 UTC [1103] LOG:  execute <unnamed>: select set_config('app.organization_id', $1, true)
2026-09-07 12:12:44.503 UTC [1103] LOG:  execute <unnamed>: insert into "chat_threads" ("thread_id", "org_id", "messages_json", "updated_at") values ($1, $2, $3, $4) on conflict ("thread_id") do update set "messages_json" = $5, "updated_at" = $6
2026-09-07 12:12:44.505 UTC [1103] LOG:  statement: commit
2026-09-07 12:12:48.466 UTC [1103] LOG:  statement: begin
2026-09-07 12:12:48.468 UTC [1103] LOG:  execute <unnamed>: select set_config('app.organization_id', $1, true)
2026-09-07 12:12:48.470 UTC [1103] LOG:  execute <unnamed>: insert into "chat_threads" ("thread_id", "org_id", "messages_json", "updated_at") values ($1, $2, $3, $4) on conflict ("thread_id") do update set "messages_json" = $5, "updated_at" = $6
2026-09-07 12:12:48.471 UTC [1103] LOG:  statement: commit
2026-09-07 12:12:48.604 UTC [1103] LOG:  statement: begin
2026-09-07 12:12:48.605 UTC [1103] LOG:  execute <unnamed>: select set_config('app.organization_id', $1, true)
2026-09-07 12:12:48.606 UTC [1103] LOG:  execute <unnamed>: insert into "chat_threads" ("thread_id", "org_id", "messages_json", "updated_at") values ($1, $2, $3, $4) on conflict ("thread_id") do update set "messages_json" = $5, "updated_at" = $6
2026-09-07 12:12:48.606 UTC [1103] LOG:  statement: commit
2026-09-07 12:12:48.607 UTC [1103] LOG:  statement: begin
2026-09-07 12:12:48.608 UTC [1103] LOG:  execute <unnamed>: select set_config('app.organization_id', $1, true)
2026-09-07 12:12:48.609 UTC [1103] LOG:  execute <unnamed>: update "chat_runs" set "status" = $1, "finished_at" = $2, "usage_json" = $3 where "chat_runs"."run_id" = $4
2026-09-07 12:12:48.609 UTC [1103] LOG:  statement: commit
2026-09-07 12:12:48.610 UTC [1103] LOG:  statement: begin
2026-09-07 12:12:48.610 UTC [1103] LOG:  execute <unnamed>: select set_config('app.organization_id', $1, true)
2026-09-07 12:12:48.611 UTC [1103] LOG:  execute <unnamed>: select "messages_json" from "chat_threads" where "chat_threads"."thread_id" = $1 limit $2
2026-09-07 12:12:48.611 UTC [1103] LOG:  statement: commit
2026-09-07 12:12:48.613 UTC [1103] LOG:  statement: begin
2026-09-07 12:12:48.613 UTC [1103] LOG:  execute <unnamed>: select set_config('app.organization_id', $1, true)
2026-09-07 12:12:48.614 UTC [1103] LOG:  execute <unnamed>: select "run_id", "thread_id", "org_id", "status", "started_at", "finished_at", "error", "error_code", "usage_json", "sandbox_key", "detached_since", "cancel_requested", "driver_epoch" from "chat_runs" where (("chat_runs"."thread_id" = $1) and ("chat_runs"."status" = $2)) order by "chat_runs"."started_at" desc limit $3
2026-09-07 12:12:48.614 UTC [1103] LOG:  statement: commit
2026-09-07 12:12:48.615 UTC [1103] LOG:  statement: begin
2026-09-07 12:12:48.615 UTC [1103] LOG:  execute <unnamed>: select set_config('app.organization_id', $1, true)
2026-09-07 12:12:48.616 UTC [1103] LOG:  execute <unnamed>: select "d0"."id" as "id", "d0"."org_id" as "orgId", "d0"."user_id" as "userId", "d0"."workspace_id" as "workspaceId", "d0"."name" as "name", "d0"."source" as "source", "d0"."last_branch" as "lastBranch", "d0"."last_chat_pr_number" as "lastChatPrNumber", "d0"."last_message_at" as "lastMessageAt", "d0"."created_at" as "createdAt", "d0"."updated_at" as "updatedAt" from "conversations" as "d0" where (("d0"."id" = $1) and ("d0"."org_id" = $2) and ("d0"."user_id" = $3)) limit $4
2026-09-07 12:12:48.616 UTC [1103] LOG:  statement: commit
2026-09-07 12:12:48.626 UTC [1103] LOG:  execute <unnamed>: select "id", "expires_at", "token", "created_at", "updated_at", "ip_address", "user_agent", "user_id", "active_organization_id" from "sessions" where "sessions"."token" = $1
2026-09-07 12:12:48.627 UTC [1103] LOG:  execute <unnamed>: select "id", "name", "email", "email_verified", "image", "created_at", "updated_at", "two_factor_enabled", "onboarding_completed_at" from "users" where "users"."id" = $1
2026-09-07 12:12:48.628 UTC [1103] LOG:  execute <unnamed>: select "id", "public_key", "private_key", "created_at", "expires_at" from "jwkss" limit $1
2026-09-07 12:12:48.629 UTC [1103] LOG:  execute <unnamed>: select "id", "expires_at", "token", "created_at", "updated_at", "ip_address", "user_agent", "user_id", "active_organization_id" from "sessions" where "sessions"."token" = $1
2026-09-07 12:12:48.630 UTC [1103] LOG:  execute <unnamed>: select "id", "name", "email", "email_verified", "image", "created_at", "updated_at", "two_factor_enabled", "onboarding_completed_at" from "users" where "users"."id" = $1
2026-09-07 12:12:48.631 UTC [1103] LOG:  execute <unnamed>: select "id", "public_key", "private_key", "created_at", "expires_at" from "jwkss" limit $1
2026-09-07 12:12:48.632 UTC [1103] LOG:  execute <unnamed>: select "organizations"."id" from "organizations" inner join "members" on (("members"."organization_id" = "organizations"."id") and ("members"."user_id" = $1)) where "organizations"."slug" = $2 limit $3
2026-09-07 12:12:48.633 UTC [1103] LOG:  statement: begin
2026-09-07 12:12:48.633 UTC [1103] LOG:  execute <unnamed>: select set_config('app.organization_id', $1, true)
2026-09-07 12:12:48.634 UTC [1103] LOG:  execute <unnamed>: select "d0"."id" as "id", "d0"."org_id" as "orgId", "d0"."user_id" as "userId", "d0"."workspace_id" as "workspaceId", "d0"."name" as "name", "d0"."source" as "source", "d0"."last_branch" as "lastBranch", "d0"."last_chat_pr_number" as "lastChatPrNumber", "d0"."last_message_at" as "lastMessageAt", "d0"."created_at" as "createdAt", "d0"."updated_at" as "updatedAt" from "conversations" as "d0" where (("d0"."id" = $1) and ("d0"."org_id" = $2) and ("d0"."user_id" = $3)) limit $4
2026-09-07 12:12:48.634 UTC [1103] LOG:  statement: commit
2026-09-07 12:12:48.635 UTC [1103] LOG:  statement: begin
2026-09-07 12:12:48.635 UTC [1103] LOG:  execute <unnamed>: select set_config('app.organization_id', $1, true)
2026-09-07 12:12:48.635 UTC [1103] LOG:  execute <unnamed>: select "messages_json" from "chat_threads" where "chat_threads"."thread_id" = $1 limit $2
2026-09-07 12:12:48.636 UTC [1103] LOG:  statement: commit
2026-09-07 12:12:48.636 UTC [1103] LOG:  statement: begin
2026-09-07 12:12:48.637 UTC [1103] LOG:  execute <unnamed>: select set_config('app.organization_id', $1, true)
2026-09-07 12:12:48.637 UTC [1103] LOG:  execute <unnamed>: select "id", "org_id", "slug", "display_name", "workspace_repository_url", "github_connection_id", "desired_generation", "desired_sha", "active_projection_url", "active_projection_sha", "indexed_sha", "write_status", "hydrate_status", "hydrate_error", "last_job_at", "hydrate_phases", "read_only_reason", "created_at", "updated_at" from "workspaces" where (("workspaces"."org_id" = $1) and ("workspaces"."id" = $2)) limit $3
2026-09-07 12:12:48.638 UTC [1103] LOG:  statement: commit
2026-09-07 12:12:48.690 UTC [1103] LOG:  execute <unnamed>: select "id", "expires_at", "token", "created_at", "updated_at", "ip_address", "user_agent", "user_id", "active_organization_id" from "sessions" where "sessions"."token" = $1
2026-09-07 12:12:48.692 UTC [1103] LOG:  execute <unnamed>: select "id", "name", "email", "email_verified", "image", "created_at", "updated_at", "two_factor_enabled", "onboarding_completed_at" from "users" where "users"."id" = $1
2026-09-07 12:12:48.693 UTC [1103] LOG:  execute <unnamed>: select "id", "public_key", "private_key", "created_at", "expires_at" from "jwkss" limit $1
2026-09-07 12:12:48.695 UTC [1103] LOG:  execute <unnamed>: select "id", "expires_at", "token", "created_at", "updated_at", "ip_address", "user_agent", "user_id", "active_organization_id" from "sessions" where "sessions"."token" = $1
2026-09-07 12:12:48.695 UTC [1103] LOG:  execute <unnamed>: select "id", "name", "email", "email_verified", "image", "created_at", "updated_at", "two_factor_enabled", "onboarding_completed_at" from "users" where "users"."id" = $1
2026-09-07 12:12:48.696 UTC [1103] LOG:  execute <unnamed>: select "id", "public_key", "private_key", "created_at", "expires_at" from "jwkss" limit $1
2026-09-07 12:12:48.698 UTC [1103] LOG:  execute <unnamed>: select "organizations"."id" from "organizations" inner join "members" on (("members"."organization_id" = "organizations"."id") and ("members"."user_id" = $1)) where "organizations"."slug" = $2 limit $3
2026-09-07 12:12:48.699 UTC [1103] LOG:  statement: begin
2026-09-07 12:12:48.700 UTC [1103] LOG:  execute <unnamed>: select set_config('app.organization_id', $1, true)
2026-09-07 12:12:48.701 UTC [1103] LOG:  execute <unnamed>: select "id", "org_id", "slug", "display_name", "workspace_repository_url", "github_connection_id", "desired_generation", "desired_sha", "active_projection_url", "active_projection_sha", "indexed_sha", "write_status", "hydrate_status", "hydrate_error", "last_job_at", "hydrate_phases", "read_only_reason", "created_at", "updated_at" from "workspaces" where (("workspaces"."org_id" = $1) and ("workspaces"."slug" = $2)) limit $3
2026-09-07 12:12:48.702 UTC [1103] LOG:  statement: commit
2026-09-07 12:12:48.702 UTC [1103] LOG:  statement: begin
2026-09-07 12:12:48.703 UTC [1103] LOG:  execute <unnamed>: select set_config('app.organization_id', $1, true)
2026-09-07 12:12:48.704 UTC [1103] LOG:  execute <unnamed>: select "id", "org_id", "slug", "display_name", "workspace_repository_url", "github_connection_id", "desired_generation", "desired_sha", "active_projection_url", "active_projection_sha", "indexed_sha", "write_status", "hydrate_status", "hydrate_error", "last_job_at", "hydrate_phases", "read_only_reason", "created_at", "updated_at" from "workspaces" where (("workspaces"."org_id" = $1) and ("workspaces"."id" = $2)) limit $3
2026-09-07 12:12:48.705 UTC [1103] LOG:  execute <unnamed>: select "id", "org_id", "workspace_id", "git_url", "desired_ref", "desired_sha", "indexed_sha", "created_at" from "workspace_linked_repositories" where "workspace_linked_repositories"."workspace_id" = $1 order by "workspace_linked_repositories"."created_at"
2026-09-07 12:12:48.705 UTC [1103] LOG:  statement: commit
2026-09-07 12:12:48.705 UTC [1103] LOG:  statement: begin
2026-09-07 12:12:48.706 UTC [1103] LOG:  execute <unnamed>: select set_config('app.organization_id', $1, true)
2026-09-07 12:12:48.706 UTC [1103] LOG:  execute <unnamed>: select "commit_sha" from "workspace_write_jobs" where (("workspace_write_jobs"."workspace_id" = $1) and ("workspace_write_jobs"."kind" = $2) and (("workspace_write_jobs"."commit_sha" is not null))) order by "workspace_write_jobs"."created_at" asc limit $3
2026-09-07 12:12:48.707 UTC [1103] LOG:  statement: commit
2026-09-07 12:12:48.709 UTC [1103] LOG:  execute <unnamed>: select "id", "expires_at", "token", "created_at", "updated_at", "ip_address", "user_agent", "user_id", "active_organization_id" from "sessions" where "sessions"."token" = $1
2026-09-07 12:12:48.710 UTC [1103] LOG:  execute <unnamed>: select "id", "name", "email", "email_verified", "image", "created_at", "updated_at", "two_factor_enabled", "onboarding_completed_at" from "users" where "users"."id" = $1
2026-09-07 12:12:48.710 UTC [1103] LOG:  execute <unnamed>: select "id", "public_key", "private_key", "created_at", "expires_at" from "jwkss" limit $1
2026-09-07 12:12:48.714 UTC [1103] LOG:  execute <unnamed>: select "id", "expires_at", "token", "created_at", "updated_at", "ip_address", "user_agent", "user_id", "active_organization_id" from "sessions" where "sessions"."token" = $1
2026-09-07 12:12:48.715 UTC [1103] LOG:  execute <unnamed>: select "id", "name", "email", "email_verified", "image", "created_at", "updated_at", "two_factor_enabled", "onboarding_completed_at" from "users" where "users"."id" = $1
2026-09-07 12:12:48.716 UTC [1103] LOG:  execute <unnamed>: select "id", "public_key", "private_key", "created_at", "expires_at" from "jwkss" limit $1
2026-09-07 12:12:48.717 UTC [1103] LOG:  execute <unnamed>: select "organizations"."id" from "organizations" inner join "members" on (("members"."organization_id" = "organizations"."id") and ("members"."user_id" = $1)) where "organizations"."slug" = $2 limit $3
2026-09-07 12:12:48.717 UTC [1103] LOG:  statement: begin
2026-09-07 12:12:48.718 UTC [1103] LOG:  execute <unnamed>: select set_config('app.organization_id', $1, true)
2026-09-07 12:12:48.718 UTC [1103] LOG:  execute <unnamed>: select "id" from "workspaces" where (("workspaces"."id" = $1) and ("workspaces"."org_id" = $2)) limit $3
2026-09-07 12:12:48.719 UTC [1103] LOG:  execute <unnamed>: select "id", "org_id", "user_id", "workspace_id", "name", "source", "last_branch", "last_chat_pr_number", "last_message_at", "created_at", "updated_at" from "conversations" where (("conversations"."id" = $1) and ("conversations"."org_id" = $2) and ("conversations"."user_id" = $3)) limit $4
2026-09-07 12:12:48.719 UTC [1103] LOG:  statement: commit
2026-09-07 12:12:48.719 UTC [1103] LOG:  statement: begin
2026-09-07 12:12:48.720 UTC [1103] LOG:  execute <unnamed>: select set_config('app.organization_id', $1, true)
2026-09-07 12:12:48.720 UTC [1103] LOG:  execute <unnamed>: select "id", "org_id", "slug", "display_name", "workspace_repository_url", "github_connection_id", "desired_generation", "desired_sha", "active_projection_url", "active_projection_sha", "indexed_sha", "write_status", "hydrate_status", "hydrate_error", "last_job_at", "hydrate_phases", "read_only_reason", "created_at", "updated_at" from "workspaces" where (("workspaces"."org_id" = $1) and ("workspaces"."id" = $2)) limit $3
2026-09-07 12:12:48.721 UTC [1103] LOG:  statement: commit
2026-09-07 12:12:48.721 UTC [1103] LOG:  statement: begin
2026-09-07 12:12:48.722 UTC [1103] LOG:  execute <unnamed>: select set_config('app.organization_id', $1, true)
2026-09-07 12:12:48.722 UTC [1103] LOG:  execute <unnamed>: update "conversations" set "last_branch" = $1, "updated_at" = $2 where (("conversations"."id" = $3) and ("conversations"."org_id" = $4) and ("conversations"."user_id" = $5))
2026-09-07 12:12:48.723 UTC [1103] LOG:  statement: commit
2026-09-07 12:12:48.724 UTC [1103] LOG:  statement: begin
2026-09-07 12:12:48.724 UTC [1103] LOG:  execute <unnamed>: select set_config('app.organization_id', $1, true)
2026-09-07 12:12:48.725 UTC [1103] LOG:  execute <unnamed>: select "id", "kind", "org_id", "workspace_id", "conversation_id", "desired_url", "desired_generation", "desired_sha", "provider", "provider_sandbox_id", "latest_snapshot_id", "latest_run_id", "state", "last_heartbeat_at", "created_at", "updated_at" from "workspace_sandbox_instances" where (("workspace_sandbox_instances"."conversation_id" = $1) and ("workspace_sandbox_instances"."kind" = $2))
2026-09-07 12:12:48.725 UTC [1103] LOG:  statement: commit
2026-09-07 12:12:48.726 UTC [1103] LOG:  statement: begin
2026-09-07 12:12:48.726 UTC [1103] LOG:  execute <unnamed>: select set_config('app.organization_id', $1, true)
2026-09-07 12:12:48.726 UTC [1103] LOG:  execute <unnamed>: select "id", "kind", "org_id", "workspace_id", "conversation_id", "desired_url", "desired_generation", "desired_sha", "provider", "provider_sandbox_id", "latest_snapshot_id", "latest_run_id", "state", "last_heartbeat_at", "created_at", "updated_at" from "workspace_sandbox_instances" where (("workspace_sandbox_instances"."conversation_id" = $1) and ("workspace_sandbox_instances"."kind" = $2))
2026-09-07 12:12:48.727 UTC [1103] LOG:  statement: commit
2026-09-07 12:12:48.727 UTC [1103] LOG:  statement: begin
2026-09-07 12:12:48.727 UTC [1103] LOG:  execute <unnamed>: select set_config('app.organization_id', $1, true)
2026-09-07 12:12:48.727 UTC [1103] LOG:  execute <unnamed>: select "id", "kind", "org_id", "workspace_id", "conversation_id", "desired_url", "desired_generation", "desired_sha", "provider", "provider_sandbox_id", "latest_snapshot_id", "latest_run_id", "state", "last_heartbeat_at", "created_at", "updated_at" from "workspace_sandbox_instances" where (("workspace_sandbox_instances"."id" = $1) and ("workspace_sandbox_instances"."org_id" = $2)) limit $3
2026-09-07 12:12:48.728 UTC [1103] LOG:  statement: commit
2026-09-07 12:12:48.732 UTC [1103] LOG:  statement: begin
2026-09-07 12:12:48.732 UTC [1103] LOG:  execute <unnamed>: select set_config('app.organization_id', $1, true)
2026-09-07 12:12:48.733 UTC [1103] LOG:  execute <unnamed>: delete from "workspace_sandbox_instances" where (("workspace_sandbox_instances"."id" = $1) and ("workspace_sandbox_instances"."org_id" = $2))
2026-09-07 12:12:48.733 UTC [1103] LOG:  statement: commit
2026-09-07 12:12:48.736 UTC [1103] LOG:  execute <unnamed>: select "slug" from "organizations" where "organizations"."id" = $1 limit $2
2026-09-07 12:12:48.738 UTC [1103] LOG:  statement: begin
2026-09-07 12:12:48.738 UTC [1103] LOG:  execute <unnamed>: select set_config('app.organization_id', $1, true)
2026-09-07 12:12:48.739 UTC [1103] LOG:  execute <unnamed>: select "id", "kind", "org_id", "workspace_id", "conversation_id", "desired_url", "desired_generation", "desired_sha", "provider", "provider_sandbox_id", "latest_snapshot_id", "latest_run_id", "state", "last_heartbeat_at", "created_at", "updated_at" from "workspace_sandbox_instances" where (("workspace_sandbox_instances"."id" = $1) and ("workspace_sandbox_instances"."org_id" = $2)) limit $3
2026-09-07 12:12:48.739 UTC [1103] LOG:  statement: commit
2026-09-07 12:12:48.739 UTC [1103] LOG:  statement: begin
2026-09-07 12:12:48.739 UTC [1103] LOG:  execute <unnamed>: select set_config('app.organization_id', $1, true)
2026-09-07 12:12:48.740 UTC [1103] LOG:  execute <unnamed>: select "id", "kind", "org_id", "workspace_id", "conversation_id", "desired_url", "desired_generation", "desired_sha", "provider", "provider_sandbox_id", "latest_snapshot_id", "latest_run_id", "state", "last_heartbeat_at", "created_at", "updated_at" from "workspace_sandbox_instances" where (("workspace_sandbox_instances"."conversation_id" = $1) and ("workspace_sandbox_instances"."kind" = $2) and ("workspace_sandbox_instances"."state" = $3))
2026-09-07 12:12:48.740 UTC [1103] LOG:  statement: commit
2026-09-07 12:12:48.888 UTC [1103] LOG:  statement: begin
2026-09-07 12:12:48.890 UTC [1103] LOG:  execute <unnamed>: select set_config('app.organization_id', $1, true)
2026-09-07 12:12:48.892 UTC [1103] LOG:  statement: savepoint sp1
2026-09-07 12:12:48.894 UTC [1103] LOG:  execute <unnamed>: select "id", "kind", "org_id", "workspace_id", "conversation_id", "desired_url", "desired_generation", "desired_sha", "provider", "provider_sandbox_id", "latest_snapshot_id", "latest_run_id", "state", "last_heartbeat_at", "created_at", "updated_at" from "workspace_sandbox_instances" where (("workspace_sandbox_instances"."org_id" = $1) and ("workspace_sandbox_instances"."kind" = $2) and ("workspace_sandbox_instances"."conversation_id" = $3) and ((("workspace_sandbox_instances"."state" = $4) or ("workspace_sandbox_instances"."state" = $5)))) order by ("workspace_sandbox_instances"."provider_sandbox_id" is not null) desc, "workspace_sandbox_instances"."created_at" asc, "workspace_sandbox_instances"."id" asc limit $6
2026-09-07 12:12:48.895 UTC [1103] LOG:  execute <unnamed>: insert into "workspace_sandbox_instances" ("id", "kind", "org_id", "workspace_id", "conversation_id", "desired_url", "desired_generation", "desired_sha", "provider", "provider_sandbox_id", "latest_snapshot_id", "latest_run_id", "state", "last_heartbeat_at", "created_at", "updated_at") values ($1, $2, $3, $4, $5, $6, $7, $8, $9, $10, $11, $12, $13, $14, $15, $16) on conflict ("id") do update set "kind" = $17, "conversation_id" = $18, "desired_url" = $19, "desired_generation" = $20, "desired_sha" = $21, "provider" = $22, "provider_sandbox_id" = $23, "latest_snapshot_id" = $24, "latest_run_id" = $25, "state" = $26, "last_heartbeat_at" = $27, "updated_at" = $28
2026-09-07 12:12:48.897 UTC [1103] LOG:  statement: release savepoint sp1
2026-09-07 12:12:48.898 UTC [1103] LOG:  statement: commit
2026-09-07 12:12:48.918 UTC [1103] LOG:  statement: begin
2026-09-07 12:12:48.919 UTC [1103] LOG:  execute <unnamed>: select set_config('app.organization_id', $1, true)
2026-09-07 12:12:48.921 UTC [1103] LOG:  execute <unnamed>: update "conversations" set "last_branch" = $1, "updated_at" = $2 where (("conversations"."id" = $3) and ("conversations"."org_id" = $4) and ("conversations"."user_id" = $5))
2026-09-07 12:12:48.923 UTC [1103] LOG:  statement: commit
2026-09-07 12:12:48.925 UTC [1103] LOG:  statement: begin
2026-09-07 12:12:48.926 UTC [1103] LOG:  execute <unnamed>: select set_config('app.organization_id', $1, true)
2026-09-07 12:12:48.927 UTC [1103] LOG:  execute <unnamed>: select "id", "kind", "org_id", "workspace_id", "conversation_id", "desired_url", "desired_generation", "desired_sha", "provider", "provider_sandbox_id", "latest_snapshot_id", "latest_run_id", "state", "last_heartbeat_at", "created_at", "updated_at" from "workspace_sandbox_instances" where (("workspace_sandbox_instances"."conversation_id" = $1) and ("workspace_sandbox_instances"."kind" = $2))
2026-09-07 12:12:48.928 UTC [1103] LOG:  statement: commit
2026-09-07 12:12:48.930 UTC [1103] LOG:  execute <unnamed>: select "id", "expires_at", "token", "created_at", "updated_at", "ip_address", "user_agent", "user_id", "active_organization_id" from "sessions" where "sessions"."token" = $1
2026-09-07 12:12:48.932 UTC [1103] LOG:  execute <unnamed>: select "id", "name", "email", "email_verified", "image", "created_at", "updated_at", "two_factor_enabled", "onboarding_completed_at" from "users" where "users"."id" = $1
2026-09-07 12:12:48.935 UTC [1103] LOG:  execute <unnamed>: select "id", "public_key", "private_key", "created_at", "expires_at" from "jwkss" limit $1
2026-09-07 12:12:48.936 UTC [1103] LOG:  execute <unnamed>: select "id", "expires_at", "token", "created_at", "updated_at", "ip_address", "user_agent", "user_id", "active_organization_id" from "sessions" where "sessions"."token" = $1
2026-09-07 12:12:48.937 UTC [1103] LOG:  execute <unnamed>: select "id", "name", "email", "email_verified", "image", "created_at", "updated_at", "two_factor_enabled", "onboarding_completed_at" from "users" where "users"."id" = $1
2026-09-07 12:12:48.938 UTC [1103] LOG:  execute <unnamed>: select "id", "public_key", "private_key", "created_at", "expires_at" from "jwkss" limit $1
2026-09-07 12:12:48.939 UTC [1103] LOG:  execute <unnamed>: select "organizations"."id" from "organizations" inner join "members" on (("members"."organization_id" = "organizations"."id") and ("members"."user_id" = $1)) where "organizations"."slug" = $2 limit $3
2026-09-07 12:12:48.941 UTC [1103] LOG:  statement: begin
2026-09-07 12:12:48.942 UTC [1103] LOG:  execute <unnamed>: select set_config('app.organization_id', $1, true)
2026-09-07 12:12:48.943 UTC [1103] LOG:  execute <unnamed>: select "id" from "workspaces" where (("workspaces"."id" = $1) and ("workspaces"."org_id" = $2)) limit $3
2026-09-07 12:12:48.944 UTC [1103] LOG:  execute <unnamed>: select "id", "org_id", "user_id", "workspace_id", "name", "source", "last_branch", "last_chat_pr_number", "last_message_at", "created_at", "updated_at" from "conversations" where (("conversations"."id" = $1) and ("conversations"."org_id" = $2) and ("conversations"."user_id" = $3)) limit $4
2026-09-07 12:12:48.945 UTC [1103] LOG:  statement: commit
2026-09-07 12:12:48.946 UTC [1103] LOG:  statement: begin
2026-09-07 12:12:48.946 UTC [1103] LOG:  execute <unnamed>: select set_config('app.organization_id', $1, true)
2026-09-07 12:12:48.947 UTC [1103] LOG:  execute <unnamed>: select "id", "org_id", "slug", "display_name", "workspace_repository_url", "github_connection_id", "desired_generation", "desired_sha", "active_projection_url", "active_projection_sha", "indexed_sha", "write_status", "hydrate_status", "hydrate_error", "last_job_at", "hydrate_phases", "read_only_reason", "created_at", "updated_at" from "workspaces" where (("workspaces"."org_id" = $1) and ("workspaces"."id" = $2)) limit $3
2026-09-07 12:12:48.948 UTC [1103] LOG:  statement: commit
2026-09-07 12:12:48.949 UTC [1103] LOG:  statement: begin
2026-09-07 12:12:48.950 UTC [1103] LOG:  execute <unnamed>: select set_config('app.organization_id', $1, true)
2026-09-07 12:12:48.951 UTC [1103] LOG:  execute <unnamed>: update "conversations" set "last_branch" = $1, "updated_at" = $2 where (("conversations"."id" = $3) and ("conversations"."org_id" = $4) and ("conversations"."user_id" = $5))
2026-09-07 12:12:48.952 UTC [1103] LOG:  statement: commit
2026-09-07 12:12:48.952 UTC [1103] LOG:  statement: begin
2026-09-07 12:12:48.955 UTC [1103] LOG:  execute <unnamed>: select set_config('app.organization_id', $1, true)
2026-09-07 12:12:48.956 UTC [1103] LOG:  execute <unnamed>: update "conversations" set "last_message_at" = $1, "updated_at" = $2 where (("conversations"."id" = $3) and ("conversations"."org_id" = $4) and ("conversations"."user_id" = $5))
2026-09-07 12:12:48.956 UTC [1103] LOG:  statement: commit
2026-09-07 12:12:48.957 UTC [1103] LOG:  statement: begin
2026-09-07 12:12:48.958 UTC [1103] LOG:  execute <unnamed>: select set_config('app.organization_id', $1, true)
2026-09-07 12:12:48.958 UTC [1103] LOG:  execute <unnamed>: select "id", "kind", "org_id", "workspace_id", "conversation_id", "desired_url", "desired_generation", "desired_sha", "provider", "provider_sandbox_id", "latest_snapshot_id", "latest_run_id", "state", "last_heartbeat_at", "created_at", "updated_at" from "workspace_sandbox_instances" where (("workspace_sandbox_instances"."conversation_id" = $1) and ("workspace_sandbox_instances"."kind" = $2))
2026-09-07 12:12:48.958 UTC [1103] LOG:  statement: commit
2026-09-07 12:12:48.959 UTC [1103] LOG:  statement: begin
2026-09-07 12:12:48.959 UTC [1103] LOG:  execute <unnamed>: select set_config('app.organization_id', $1, true)
2026-09-07 12:12:48.959 UTC [1103] LOG:  execute <unnamed>: select "id", "kind", "org_id", "workspace_id", "conversation_id", "desired_url", "desired_generation", "desired_sha", "provider", "provider_sandbox_id", "latest_snapshot_id", "latest_run_id", "state", "last_heartbeat_at", "created_at", "updated_at" from "workspace_sandbox_instances" where (("workspace_sandbox_instances"."conversation_id" = $1) and ("workspace_sandbox_instances"."kind" = $2))
2026-09-07 12:12:48.960 UTC [1103] LOG:  statement: commit
2026-09-07 12:12:48.960 UTC [1103] LOG:  statement: begin
2026-09-07 12:12:48.960 UTC [1103] LOG:  execute <unnamed>: select set_config('app.organization_id', $1, true)
2026-09-07 12:12:48.960 UTC [1103] LOG:  execute <unnamed>: select "id", "kind", "org_id", "workspace_id", "conversation_id", "desired_url", "desired_generation", "desired_sha", "provider", "provider_sandbox_id", "latest_snapshot_id", "latest_run_id", "state", "last_heartbeat_at", "created_at", "updated_at" from "workspace_sandbox_instances" where (("workspace_sandbox_instances"."id" = $1) and ("workspace_sandbox_instances"."org_id" = $2)) limit $3
2026-09-07 12:12:48.961 UTC [1103] LOG:  statement: commit
2026-09-07 12:12:48.961 UTC [1103] LOG:  statement: begin
2026-09-07 12:12:48.961 UTC [1103] LOG:  execute <unnamed>: select set_config('app.organization_id', $1, true)
2026-09-07 12:12:48.962 UTC [1103] LOG:  execute <unnamed>: delete from "workspace_sandbox_instances" where (("workspace_sandbox_instances"."id" = $1) and ("workspace_sandbox_instances"."org_id" = $2))
2026-09-07 12:12:48.962 UTC [1103] LOG:  statement: commit
2026-09-07 12:12:48.967 UTC [1103] LOG:  statement: begin
2026-09-07 12:12:48.967 UTC [1103] LOG:  execute <unnamed>: select set_config('app.organization_id', $1, true)
2026-09-07 12:12:48.968 UTC [1103] LOG:  execute <unnamed>: select "id", "org_id", "slug", "display_name", "workspace_repository_url", "github_connection_id", "desired_generation", "desired_sha", "active_projection_url", "active_projection_sha", "indexed_sha", "write_status", "hydrate_status", "hydrate_error", "last_job_at", "hydrate_phases", "read_only_reason", "created_at", "updated_at" from "workspaces" where (("workspaces"."org_id" = $1) and ("workspaces"."id" = $2)) limit $3
2026-09-07 12:12:48.968 UTC [1103] LOG:  statement: commit
2026-09-07 12:12:48.969 UTC [1103] LOG:  statement: begin
2026-09-07 12:12:48.969 UTC [1103] LOG:  execute <unnamed>: select set_config('app.organization_id', $1, true)
2026-09-07 12:12:48.969 UTC [1103] LOG:  execute <unnamed>: select "id", "org_id", "slug", "display_name", "workspace_repository_url", "github_connection_id", "desired_generation", "desired_sha", "active_projection_url", "active_projection_sha", "indexed_sha", "write_status", "hydrate_status", "hydrate_error", "last_job_at", "hydrate_phases", "read_only_reason", "created_at", "updated_at" from "workspaces" where (("workspaces"."org_id" = $1) and ("workspaces"."id" = $2)) limit $3
2026-09-07 12:12:48.970 UTC [1103] LOG:  execute <unnamed>: select "id", "org_id", "slug", "display_name", "workspace_repository_url", "github_connection_id", "desired_generation", "desired_sha", "active_projection_url", "active_projection_sha", "indexed_sha", "write_status", "hydrate_status", "hydrate_error", "last_job_at", "hydrate_phases", "read_only_reason", "created_at", "updated_at" from "workspaces" where (("workspaces"."org_id" = $1) and ("workspaces"."id" = $2)) limit $3
2026-09-07 12:12:48.970 UTC [1103] LOG:  execute <unnamed>: select "id", "org_id", "workspace_id", "git_url", "desired_ref", "desired_sha", "indexed_sha", "created_at" from "workspace_linked_repositories" where "workspace_linked_repositories"."workspace_id" = $1 order by "workspace_linked_repositories"."created_at"
2026-09-07 12:12:48.971 UTC [1103] LOG:  execute <unnamed>: select "id", "git_url" from "repositories" where "repositories"."org_id" = $1
2026-09-07 12:12:48.971 UTC [1103] LOG:  statement: commit
2026-09-07 12:12:48.972 UTC [1103] LOG:  statement: begin
2026-09-07 12:12:48.972 UTC [1102] LOG:  statement: begin
2026-09-07 12:12:48.973 UTC [1103] LOG:  execute <unnamed>: select set_config('app.organization_id', $1, true)
2026-09-07 12:12:48.973 UTC [1102] LOG:  execute <unnamed>: select set_config('app.organization_id', $1, true)
2026-09-07 12:12:48.973 UTC [1103] LOG:  execute <unnamed>: select "id", "kind", "org_id", "workspace_id", "conversation_id", "desired_url", "desired_generation", "desired_sha", "provider", "provider_sandbox_id", "latest_snapshot_id", "latest_run_id", "state", "last_heartbeat_at", "created_at", "updated_at" from "workspace_sandbox_instances" where (("workspace_sandbox_instances"."conversation_id" = $1) and ("workspace_sandbox_instances"."kind" = $2))
2026-09-07 12:12:48.973 UTC [1102] LOG:  execute <unnamed>: select "id", "kind", "org_id", "workspace_id", "conversation_id", "desired_url", "desired_generation", "desired_sha", "provider", "provider_sandbox_id", "latest_snapshot_id", "latest_run_id", "state", "last_heartbeat_at", "created_at", "updated_at" from "workspace_sandbox_instances" where (("workspace_sandbox_instances"."id" = $1) and ("workspace_sandbox_instances"."org_id" = $2)) limit $3
2026-09-07 12:12:48.974 UTC [1103] LOG:  statement: commit
2026-09-07 12:12:48.974 UTC [1102] LOG:  statement: commit
2026-09-07 12:12:48.974 UTC [1102] LOG:  statement: begin
2026-09-07 12:12:48.975 UTC [1102] LOG:  execute <unnamed>: select set_config('app.organization_id', $1, true)
2026-09-07 12:12:48.975 UTC [1102] LOG:  execute <unnamed>: select "id", "kind", "org_id", "workspace_id", "conversation_id", "desired_url", "desired_generation", "desired_sha", "provider", "provider_sandbox_id", "latest_snapshot_id", "latest_run_id", "state", "last_heartbeat_at", "created_at", "updated_at" from "workspace_sandbox_instances" where (("workspace_sandbox_instances"."conversation_id" = $1) and ("workspace_sandbox_instances"."kind" = $2) and ("workspace_sandbox_instances"."state" = $3))
2026-09-07 12:12:48.975 UTC [1102] LOG:  statement: commit
2026-09-07 12:12:49.122 UTC [1102] LOG:  statement: begin
2026-09-07 12:12:49.124 UTC [1102] LOG:  execute <unnamed>: select set_config('app.organization_id', $1, true)
2026-09-07 12:12:49.125 UTC [1102] LOG:  statement: savepoint sp1
2026-09-07 12:12:49.127 UTC [1102] LOG:  execute <unnamed>: select "id", "kind", "org_id", "workspace_id", "conversation_id", "desired_url", "desired_generation", "desired_sha", "provider", "provider_sandbox_id", "latest_snapshot_id", "latest_run_id", "state", "last_heartbeat_at", "created_at", "updated_at" from "workspace_sandbox_instances" where (("workspace_sandbox_instances"."org_id" = $1) and ("workspace_sandbox_instances"."kind" = $2) and ("workspace_sandbox_instances"."conversation_id" = $3) and ((("workspace_sandbox_instances"."state" = $4) or ("workspace_sandbox_instances"."state" = $5)))) order by ("workspace_sandbox_instances"."provider_sandbox_id" is not null) desc, "workspace_sandbox_instances"."created_at" asc, "workspace_sandbox_instances"."id" asc limit $6
2026-09-07 12:12:49.128 UTC [1102] LOG:  execute <unnamed>: insert into "workspace_sandbox_instances" ("id", "kind", "org_id", "workspace_id", "conversation_id", "desired_url", "desired_generation", "desired_sha", "provider", "provider_sandbox_id", "latest_snapshot_id", "latest_run_id", "state", "last_heartbeat_at", "created_at", "updated_at") values ($1, $2, $3, $4, $5, $6, $7, $8, $9, $10, $11, $12, $13, $14, $15, $16) on conflict ("id") do update set "kind" = $17, "conversation_id" = $18, "desired_url" = $19, "desired_generation" = $20, "desired_sha" = $21, "provider" = $22, "provider_sandbox_id" = $23, "latest_snapshot_id" = $24, "latest_run_id" = $25, "state" = $26, "last_heartbeat_at" = $27, "updated_at" = $28
2026-09-07 12:12:49.129 UTC [1102] LOG:  statement: release savepoint sp1
2026-09-07 12:12:49.130 UTC [1102] LOG:  statement: commit
2026-09-07 12:12:49.172 UTC [1102] LOG:  statement: begin
2026-09-07 12:12:49.172 UTC [1102] LOG:  execute <unnamed>: select set_config('app.organization_id', $1, true)
2026-09-07 12:12:49.174 UTC [1102] LOG:  execute <unnamed>: select "interrupt_id", "run_id", "thread_id", "org_id", "status", "requested_at", "resolved_at", "payload_json", "response_json" from "chat_interrupts" where (("chat_interrupts"."thread_id" = $1) and ("chat_interrupts"."status" = $2)) order by "chat_interrupts"."requested_at" asc
2026-09-07 12:12:49.175 UTC [1102] LOG:  statement: commit
2026-09-07 12:12:49.176 UTC [1102] LOG:  statement: begin
2026-09-07 12:12:49.178 UTC [1102] LOG:  execute <unnamed>: select set_config('app.organization_id', $1, true)
2026-09-07 12:12:49.179 UTC [1102] LOG:  execute <unnamed>: select "run_id", "thread_id", "org_id", "status", "started_at", "finished_at", "error", "error_code", "usage_json", "sandbox_key", "detached_since", "cancel_requested", "driver_epoch" from "chat_runs" where "chat_runs"."run_id" = $1 limit $2
2026-09-07 12:12:49.180 UTC [1102] LOG:  statement: commit
2026-09-07 12:12:49.181 UTC [1102] LOG:  statement: begin
2026-09-07 12:12:49.182 UTC [1102] LOG:  execute <unnamed>: select set_config('app.organization_id', $1, true)
2026-09-07 12:12:49.183 UTC [1102] LOG:  execute <unnamed>: insert into "chat_runs" ("run_id", "thread_id", "org_id", "status", "started_at", "finished_at", "error", "error_code", "usage_json", "sandbox_key", "detached_since", "cancel_requested", "driver_epoch") values ($1, $2, $3, $4, $5, default, default, default, default, default, default, default, default) on conflict ("run_id") do nothing
2026-09-07 12:12:49.185 UTC [1102] LOG:  statement: commit
2026-09-07 12:12:49.186 UTC [1102] LOG:  statement: begin
2026-09-07 12:12:49.187 UTC [1102] LOG:  execute <unnamed>: select set_config('app.organization_id', $1, true)
2026-09-07 12:12:49.188 UTC [1102] LOG:  execute <unnamed>: select "run_id", "thread_id", "org_id", "status", "started_at", "finished_at", "error", "error_code", "usage_json", "sandbox_key", "detached_since", "cancel_requested", "driver_epoch" from "chat_runs" where "chat_runs"."run_id" = $1 limit $2
2026-09-07 12:12:49.189 UTC [1102] LOG:  statement: commit
2026-09-07 12:12:49.190 UTC [1102] LOG:  statement: begin
2026-09-07 12:12:49.191 UTC [1102] LOG:  execute <unnamed>: select set_config('app.organization_id', $1, true)
2026-09-07 12:12:49.192 UTC [1102] LOG:  execute <unnamed>: select "messages_json" from "chat_threads" where "chat_threads"."thread_id" = $1 limit $2
2026-09-07 12:12:49.192 UTC [1102] LOG:  statement: commit
2026-09-07 12:12:49.193 UTC [1102] LOG:  statement: begin
2026-09-07 12:12:49.194 UTC [1102] LOG:  execute <unnamed>: select set_config('app.organization_id', $1, true)
2026-09-07 12:12:49.195 UTC [1102] LOG:  execute <unnamed>: insert into "chat_threads" ("thread_id", "org_id", "messages_json", "updated_at") values ($1, $2, $3, $4) on conflict ("thread_id") do update set "messages_json" = $5, "updated_at" = $6
2026-09-07 12:12:49.195 UTC [1102] LOG:  statement: commit
2026-09-07 12:12:50.361 UTC [1102] LOG:  statement: begin
2026-09-07 12:12:50.363 UTC [1102] LOG:  execute <unnamed>: select set_config('app.organization_id', $1, true)
2026-09-07 12:12:50.365 UTC [1102] LOG:  execute <unnamed>: insert into "chat_threads" ("thread_id", "org_id", "messages_json", "updated_at") values ($1, $2, $3, $4) on conflict ("thread_id") do update set "messages_json" = $5, "updated_at" = $6
2026-09-07 12:12:50.367 UTC [1102] LOG:  statement: commit
2026-09-07 12:12:54.628 UTC [1102] LOG:  statement: begin
2026-09-07 12:12:54.630 UTC [1102] LOG:  execute <unnamed>: select set_config('app.organization_id', $1, true)
2026-09-07 12:12:54.632 UTC [1102] LOG:  execute <unnamed>: insert into "chat_threads" ("thread_id", "org_id", "messages_json", "updated_at") values ($1, $2, $3, $4) on conflict ("thread_id") do update set "messages_json" = $5, "updated_at" = $6
2026-09-07 12:12:54.634 UTC [1102] LOG:  statement: commit
2026-09-07 12:12:54.752 UTC [1102] LOG:  statement: begin
2026-09-07 12:12:54.755 UTC [1102] LOG:  execute <unnamed>: select set_config('app.organization_id', $1, true)
2026-09-07 12:12:54.757 UTC [1102] LOG:  execute <unnamed>: insert into "chat_threads" ("thread_id", "org_id", "messages_json", "updated_at") values ($1, $2, $3, $4) on conflict ("thread_id") do update set "messages_json" = $5, "updated_at" = $6
2026-09-07 12:12:54.758 UTC [1102] LOG:  statement: commit
2026-09-07 12:12:54.759 UTC [1102] LOG:  statement: begin
2026-09-07 12:12:54.760 UTC [1102] LOG:  execute <unnamed>: select set_config('app.organization_id', $1, true)
2026-09-07 12:12:54.761 UTC [1102] LOG:  execute <unnamed>: update "chat_runs" set "status" = $1, "finished_at" = $2, "usage_json" = $3 where "chat_runs"."run_id" = $4
2026-09-07 12:12:54.762 UTC [1102] LOG:  statement: commit
2026-09-07 12:12:54.764 UTC [1102] LOG:  statement: begin
2026-09-07 12:12:54.765 UTC [1102] LOG:  execute <unnamed>: select set_config('app.organization_id', $1, true)
2026-09-07 12:12:54.766 UTC [1102] LOG:  execute <unnamed>: select "messages_json" from "chat_threads" where "chat_threads"."thread_id" = $1 limit $2
2026-09-07 12:12:54.767 UTC [1102] LOG:  statement: commit
2026-09-07 12:12:54.770 UTC [1102] LOG:  statement: begin
2026-09-07 12:12:54.770 UTC [1102] LOG:  execute <unnamed>: select set_config('app.organization_id', $1, true)
2026-09-07 12:12:54.772 UTC [1102] LOG:  execute <unnamed>: select "run_id", "thread_id", "org_id", "status", "started_at", "finished_at", "error", "error_code", "usage_json", "sandbox_key", "detached_since", "cancel_requested", "driver_epoch" from "chat_runs" where (("chat_runs"."thread_id" = $1) and ("chat_runs"."status" = $2)) order by "chat_runs"."started_at" desc limit $3
2026-09-07 12:12:54.772 UTC [1102] LOG:  statement: commit
2026-09-07 12:12:54.773 UTC [1102] LOG:  statement: begin
2026-09-07 12:12:54.776 UTC [1102] LOG:  execute <unnamed>: select set_config('app.organization_id', $1, true)
2026-09-07 12:12:54.777 UTC [1102] LOG:  execute <unnamed>: select "d0"."id" as "id", "d0"."org_id" as "orgId", "d0"."user_id" as "userId", "d0"."workspace_id" as "workspaceId", "d0"."name" as "name", "d0"."source" as "source", "d0"."last_branch" as "lastBranch", "d0"."last_chat_pr_number" as "lastChatPrNumber", "d0"."last_message_at" as "lastMessageAt", "d0"."created_at" as "createdAt", "d0"."updated_at" as "updatedAt" from "conversations" as "d0" where (("d0"."id" = $1) and ("d0"."org_id" = $2) and ("d0"."user_id" = $3)) limit $4
2026-09-07 12:12:54.778 UTC [1102] LOG:  statement: commit
2026-09-07 12:12:54.785 UTC [1102] LOG:  execute <unnamed>: select "id", "expires_at", "token", "created_at", "updated_at", "ip_address", "user_agent", "user_id", "active_organization_id" from "sessions" where "sessions"."token" = $1
2026-09-07 12:12:54.787 UTC [1102] LOG:  execute <unnamed>: select "id", "name", "email", "email_verified", "image", "created_at", "updated_at", "two_factor_enabled", "onboarding_completed_at" from "users" where "users"."id" = $1
2026-09-07 12:12:54.788 UTC [1102] LOG:  execute <unnamed>: select "id", "public_key", "private_key", "created_at", "expires_at" from "jwkss" limit $1
2026-09-07 12:12:54.789 UTC [1102] LOG:  execute <unnamed>: select "id", "expires_at", "token", "created_at", "updated_at", "ip_address", "user_agent", "user_id", "active_organization_id" from "sessions" where "sessions"."token" = $1
2026-09-07 12:12:54.790 UTC [1102] LOG:  execute <unnamed>: select "id", "name", "email", "email_verified", "image", "created_at", "updated_at", "two_factor_enabled", "onboarding_completed_at" from "users" where "users"."id" = $1
2026-09-07 12:12:54.791 UTC [1102] LOG:  execute <unnamed>: select "id", "public_key", "private_key", "created_at", "expires_at" from "jwkss" limit $1
2026-09-07 12:12:54.793 UTC [1102] LOG:  execute <unnamed>: select "organizations"."id" from "organizations" inner join "members" on (("members"."organization_id" = "organizations"."id") and ("members"."user_id" = $1)) where "organizations"."slug" = $2 limit $3
2026-09-07 12:12:54.794 UTC [1102] LOG:  statement: begin
2026-09-07 12:12:54.795 UTC [1102] LOG:  execute <unnamed>: select set_config('app.organization_id', $1, true)
2026-09-07 12:12:54.796 UTC [1102] LOG:  execute <unnamed>: select "d0"."id" as "id", "d0"."org_id" as "orgId", "d0"."user_id" as "userId", "d0"."workspace_id" as "workspaceId", "d0"."name" as "name", "d0"."source" as "source", "d0"."last_branch" as "lastBranch", "d0"."last_chat_pr_number" as "lastChatPrNumber", "d0"."last_message_at" as "lastMessageAt", "d0"."created_at" as "createdAt", "d0"."updated_at" as "updatedAt" from "conversations" as "d0" where (("d0"."id" = $1) and ("d0"."org_id" = $2) and ("d0"."user_id" = $3)) limit $4
2026-09-07 12:12:54.796 UTC [1102] LOG:  statement: commit
2026-09-07 12:12:54.800 UTC [1102] LOG:  statement: begin
2026-09-07 12:12:54.800 UTC [1102] LOG:  execute <unnamed>: select set_config('app.organization_id', $1, true)
2026-09-07 12:12:54.801 UTC [1102] LOG:  execute <unnamed>: select "messages_json" from "chat_threads" where "chat_threads"."thread_id" = $1 limit $2
2026-09-07 12:12:54.802 UTC [1102] LOG:  statement: commit
2026-09-07 12:12:54.803 UTC [1102] LOG:  statement: begin
2026-09-07 12:12:54.803 UTC [1102] LOG:  execute <unnamed>: select set_config('app.organization_id', $1, true)
2026-09-07 12:12:54.804 UTC [1102] LOG:  execute <unnamed>: select "id", "org_id", "slug", "display_name", "workspace_repository_url", "github_connection_id", "desired_generation", "desired_sha", "active_projection_url", "active_projection_sha", "indexed_sha", "write_status", "hydrate_status", "hydrate_error", "last_job_at", "hydrate_phases", "read_only_reason", "created_at", "updated_at" from "workspaces" where (("workspaces"."org_id" = $1) and ("workspaces"."id" = $2)) limit $3
2026-09-07 12:12:54.805 UTC [1102] LOG:  statement: commit
2026-09-07 12:12:54.857 UTC [1102] LOG:  execute <unnamed>: select "id", "expires_at", "token", "created_at", "updated_at", "ip_address", "user_agent", "user_id", "active_organization_id" from "sessions" where "sessions"."token" = $1
2026-09-07 12:12:54.858 UTC [1102] LOG:  execute <unnamed>: select "id", "name", "email", "email_verified", "image", "created_at", "updated_at", "two_factor_enabled", "onboarding_completed_at" from "users" where "users"."id" = $1
2026-09-07 12:12:54.860 UTC [1102] LOG:  execute <unnamed>: select "id", "public_key", "private_key", "created_at", "expires_at" from "jwkss" limit $1
2026-09-07 12:12:54.862 UTC [1102] LOG:  execute <unnamed>: select "id", "expires_at", "token", "created_at", "updated_at", "ip_address", "user_agent", "user_id", "active_organization_id" from "sessions" where "sessions"."token" = $1
2026-09-07 12:12:54.863 UTC [1102] LOG:  execute <unnamed>: select "id", "name", "email", "email_verified", "image", "created_at", "updated_at", "two_factor_enabled", "onboarding_completed_at" from "users" where "users"."id" = $1
2026-09-07 12:12:54.864 UTC [1102] LOG:  execute <unnamed>: select "id", "public_key", "private_key", "created_at", "expires_at" from "jwkss" limit $1
2026-09-07 12:12:54.866 UTC [1102] LOG:  execute <unnamed>: select "organizations"."id" from "organizations" inner join "members" on (("members"."organization_id" = "organizations"."id") and ("members"."user_id" = $1)) where "organizations"."slug" = $2 limit $3
2026-09-07 12:12:54.868 UTC [1102] LOG:  statement: begin
2026-09-07 12:12:54.868 UTC [1102] LOG:  execute <unnamed>: select set_config('app.organization_id', $1, true)
2026-09-07 12:12:54.870 UTC [1102] LOG:  execute <unnamed>: select "id", "org_id", "slug", "display_name", "workspace_repository_url", "github_connection_id", "desired_generation", "desired_sha", "active_projection_url", "active_projection_sha", "indexed_sha", "write_status", "hydrate_status", "hydrate_error", "last_job_at", "hydrate_phases", "read_only_reason", "created_at", "updated_at" from "workspaces" where (("workspaces"."org_id" = $1) and ("workspaces"."slug" = $2)) limit $3
2026-09-07 12:12:54.871 UTC [1102] LOG:  statement: commit
2026-09-07 12:12:54.871 UTC [1102] LOG:  statement: begin
2026-09-07 12:12:54.872 UTC [1102] LOG:  execute <unnamed>: select set_config('app.organization_id', $1, true)
2026-09-07 12:12:54.873 UTC [1102] LOG:  execute <unnamed>: select "id", "org_id", "slug", "display_name", "workspace_repository_url", "github_connection_id", "desired_generation", "desired_sha", "active_projection_url", "active_projection_sha", "indexed_sha", "write_status", "hydrate_status", "hydrate_error", "last_job_at", "hydrate_phases", "read_only_reason", "created_at", "updated_at" from "workspaces" where (("workspaces"."org_id" = $1) and ("workspaces"."id" = $2)) limit $3
2026-09-07 12:12:54.875 UTC [1102] LOG:  execute <unnamed>: select "id", "org_id", "workspace_id", "git_url", "desired_ref", "desired_sha", "indexed_sha", "created_at" from "workspace_linked_repositories" where "workspace_linked_repositories"."workspace_id" = $1 order by "workspace_linked_repositories"."created_at"
2026-09-07 12:12:54.876 UTC [1102] LOG:  statement: commit
2026-09-07 12:12:54.877 UTC [1102] LOG:  statement: begin
2026-09-07 12:12:54.878 UTC [1102] LOG:  execute <unnamed>: select set_config('app.organization_id', $1, true)
2026-09-07 12:12:54.879 UTC [1102] LOG:  execute <unnamed>: select "commit_sha" from "workspace_write_jobs" where (("workspace_write_jobs"."workspace_id" = $1) and ("workspace_write_jobs"."kind" = $2) and (("workspace_write_jobs"."commit_sha" is not null))) order by "workspace_write_jobs"."created_at" asc limit $3
2026-09-07 12:12:54.879 UTC [1102] LOG:  statement: commit
2026-09-07 12:12:54.882 UTC [1102] LOG:  execute <unnamed>: select "id", "expires_at", "token", "created_at", "updated_at", "ip_address", "user_agent", "user_id", "active_organization_id" from "sessions" where "sessions"."token" = $1
2026-09-07 12:12:54.883 UTC [1102] LOG:  execute <unnamed>: select "id", "name", "email", "email_verified", "image", "created_at", "updated_at", "two_factor_enabled", "onboarding_completed_at" from "users" where "users"."id" = $1
2026-09-07 12:12:54.885 UTC [1102] LOG:  execute <unnamed>: select "id", "public_key", "private_key", "created_at", "expires_at" from "jwkss" limit $1
2026-09-07 12:12:54.887 UTC [1102] LOG:  execute <unnamed>: select "id", "expires_at", "token", "created_at", "updated_at", "ip_address", "user_agent", "user_id", "active_organization_id" from "sessions" where "sessions"."token" = $1
2026-09-07 12:12:54.889 UTC [1102] LOG:  execute <unnamed>: select "id", "name", "email", "email_verified", "image", "created_at", "updated_at", "two_factor_enabled", "onboarding_completed_at" from "users" where "users"."id" = $1
2026-09-07 12:12:54.891 UTC [1102] LOG:  execute <unnamed>: select "id", "public_key", "private_key", "created_at", "expires_at" from "jwkss" limit $1
2026-09-07 12:12:54.893 UTC [1102] LOG:  execute <unnamed>: select "organizations"."id" from "organizations" inner join "members" on (("members"."organization_id" = "organizations"."id") and ("members"."user_id" = $1)) where "organizations"."slug" = $2 limit $3
2026-09-07 12:12:54.894 UTC [1102] LOG:  statement: begin
2026-09-07 12:12:54.895 UTC [1102] LOG:  execute <unnamed>: select set_config('app.organization_id', $1, true)
2026-09-07 12:12:54.896 UTC [1102] LOG:  execute <unnamed>: select "id" from "workspaces" where (("workspaces"."id" = $1) and ("workspaces"."org_id" = $2)) limit $3
2026-09-07 12:12:54.897 UTC [1102] LOG:  execute <unnamed>: select "id", "org_id", "user_id", "workspace_id", "name", "source", "last_branch", "last_chat_pr_number", "last_message_at", "created_at", "updated_at" from "conversations" where (("conversations"."id" = $1) and ("conversations"."org_id" = $2) and ("conversations"."user_id" = $3)) limit $4
2026-09-07 12:12:54.898 UTC [1102] LOG:  statement: commit
2026-09-07 12:12:54.899 UTC [1102] LOG:  statement: begin
2026-09-07 12:12:54.899 UTC [1102] LOG:  execute <unnamed>: select set_config('app.organization_id', $1, true)
2026-09-07 12:12:54.900 UTC [1102] LOG:  execute <unnamed>: select "id", "org_id", "slug", "display_name", "workspace_repository_url", "github_connection_id", "desired_generation", "desired_sha", "active_projection_url", "active_projection_sha", "indexed_sha", "write_status", "hydrate_status", "hydrate_error", "last_job_at", "hydrate_phases", "read_only_reason", "created_at", "updated_at" from "workspaces" where (("workspaces"."org_id" = $1) and ("workspaces"."id" = $2)) limit $3
2026-09-07 12:12:54.901 UTC [1102] LOG:  statement: commit
2026-09-07 12:12:54.902 UTC [1102] LOG:  statement: begin
2026-09-07 12:12:54.902 UTC [1102] LOG:  execute <unnamed>: select set_config('app.organization_id', $1, true)
2026-09-07 12:12:54.903 UTC [1102] LOG:  execute <unnamed>: update "conversations" set "last_branch" = $1, "updated_at" = $2 where (("conversations"."id" = $3) and ("conversations"."org_id" = $4) and ("conversations"."user_id" = $5))
2026-09-07 12:12:54.903 UTC [1102] LOG:  statement: commit
2026-09-07 12:12:54.904 UTC [1102] LOG:  statement: begin
2026-09-07 12:12:54.904 UTC [1102] LOG:  execute <unnamed>: select set_config('app.organization_id', $1, true)
2026-09-07 12:12:54.905 UTC [1102] LOG:  execute <unnamed>: select "id", "kind", "org_id", "workspace_id", "conversation_id", "desired_url", "desired_generation", "desired_sha", "provider", "provider_sandbox_id", "latest_snapshot_id", "latest_run_id", "state", "last_heartbeat_at", "created_at", "updated_at" from "workspace_sandbox_instances" where (("workspace_sandbox_instances"."conversation_id" = $1) and ("workspace_sandbox_instances"."kind" = $2))
2026-09-07 12:12:54.905 UTC [1102] LOG:  statement: commit
2026-09-07 12:12:54.906 UTC [1102] LOG:  statement: begin
2026-09-07 12:12:54.906 UTC [1102] LOG:  execute <unnamed>: select set_config('app.organization_id', $1, true)
2026-09-07 12:12:54.907 UTC [1102] LOG:  execute <unnamed>: select "id", "kind", "org_id", "workspace_id", "conversation_id", "desired_url", "desired_generation", "desired_sha", "provider", "provider_sandbox_id", "latest_snapshot_id", "latest_run_id", "state", "last_heartbeat_at", "created_at", "updated_at" from "workspace_sandbox_instances" where (("workspace_sandbox_instances"."conversation_id" = $1) and ("workspace_sandbox_instances"."kind" = $2))
2026-09-07 12:12:54.907 UTC [1102] LOG:  statement: commit
2026-09-07 12:12:54.907 UTC [1102] LOG:  statement: begin
2026-09-07 12:12:54.908 UTC [1102] LOG:  execute <unnamed>: select set_config('app.organization_id', $1, true)
2026-09-07 12:12:54.911 UTC [1102] LOG:  execute <unnamed>: select "id", "kind", "org_id", "workspace_id", "conversation_id", "desired_url", "desired_generation", "desired_sha", "provider", "provider_sandbox_id", "latest_snapshot_id", "latest_run_id", "state", "last_heartbeat_at", "created_at", "updated_at" from "workspace_sandbox_instances" where (("workspace_sandbox_instances"."id" = $1) and ("workspace_sandbox_instances"."org_id" = $2)) limit $3
2026-09-07 12:12:54.911 UTC [1102] LOG:  statement: commit
2026-09-07 12:12:54.916 UTC [1102] LOG:  statement: begin
2026-09-07 12:12:54.917 UTC [1102] LOG:  execute <unnamed>: select set_config('app.organization_id', $1, true)
2026-09-07 12:12:54.917 UTC [1102] LOG:  execute <unnamed>: delete from "workspace_sandbox_instances" where (("workspace_sandbox_instances"."id" = $1) and ("workspace_sandbox_instances"."org_id" = $2))
2026-09-07 12:12:54.918 UTC [1102] LOG:  statement: commit
2026-09-07 12:12:54.919 UTC [1102] LOG:  execute <unnamed>: select "slug" from "organizations" where "organizations"."id" = $1 limit $2
2026-09-07 12:12:54.919 UTC [1102] LOG:  statement: begin
2026-09-07 12:12:54.920 UTC [1102] LOG:  execute <unnamed>: select set_config('app.organization_id', $1, true)
2026-09-07 12:12:54.920 UTC [1102] LOG:  execute <unnamed>: select "id", "kind", "org_id", "workspace_id", "conversation_id", "desired_url", "desired_generation", "desired_sha", "provider", "provider_sandbox_id", "latest_snapshot_id", "latest_run_id", "state", "last_heartbeat_at", "created_at", "updated_at" from "workspace_sandbox_instances" where (("workspace_sandbox_instances"."id" = $1) and ("workspace_sandbox_instances"."org_id" = $2)) limit $3
2026-09-07 12:12:54.920 UTC [1102] LOG:  statement: commit
2026-09-07 12:12:54.921 UTC [1102] LOG:  statement: begin
2026-09-07 12:12:54.921 UTC [1102] LOG:  execute <unnamed>: select set_config('app.organization_id', $1, true)
2026-09-07 12:12:54.921 UTC [1102] LOG:  execute <unnamed>: select "id", "kind", "org_id", "workspace_id", "conversation_id", "desired_url", "desired_generation", "desired_sha", "provider", "provider_sandbox_id", "latest_snapshot_id", "latest_run_id", "state", "last_heartbeat_at", "created_at", "updated_at" from "workspace_sandbox_instances" where (("workspace_sandbox_instances"."conversation_id" = $1) and ("workspace_sandbox_instances"."kind" = $2) and ("workspace_sandbox_instances"."state" = $3))
2026-09-07 12:12:54.922 UTC [1102] LOG:  statement: commit
2026-09-07 12:12:55.067 UTC [1102] LOG:  statement: begin
2026-09-07 12:12:55.068 UTC [1102] LOG:  execute <unnamed>: select set_config('app.organization_id', $1, true)
2026-09-07 12:12:55.068 UTC [1102] LOG:  statement: savepoint sp1
2026-09-07 12:12:55.070 UTC [1102] LOG:  execute <unnamed>: select "id", "kind", "org_id", "workspace_id", "conversation_id", "desired_url", "desired_generation", "desired_sha", "provider", "provider_sandbox_id", "latest_snapshot_id", "latest_run_id", "state", "last_heartbeat_at", "created_at", "updated_at" from "workspace_sandbox_instances" where (("workspace_sandbox_instances"."org_id" = $1) and ("workspace_sandbox_instances"."kind" = $2) and ("workspace_sandbox_instances"."conversation_id" = $3) and ((("workspace_sandbox_instances"."state" = $4) or ("workspace_sandbox_instances"."state" = $5)))) order by ("workspace_sandbox_instances"."provider_sandbox_id" is not null) desc, "workspace_sandbox_instances"."created_at" asc, "workspace_sandbox_instances"."id" asc limit $6
2026-09-07 12:12:55.071 UTC [1102] LOG:  execute <unnamed>: insert into "workspace_sandbox_instances" ("id", "kind", "org_id", "workspace_id", "conversation_id", "desired_url", "desired_generation", "desired_sha", "provider", "provider_sandbox_id", "latest_snapshot_id", "latest_run_id", "state", "last_heartbeat_at", "created_at", "updated_at") values ($1, $2, $3, $4, $5, $6, $7, $8, $9, $10, $11, $12, $13, $14, $15, $16) on conflict ("id") do update set "kind" = $17, "conversation_id" = $18, "desired_url" = $19, "desired_generation" = $20, "desired_sha" = $21, "provider" = $22, "provider_sandbox_id" = $23, "latest_snapshot_id" = $24, "latest_run_id" = $25, "state" = $26, "last_heartbeat_at" = $27, "updated_at" = $28
2026-09-07 12:12:55.071 UTC [1102] LOG:  statement: release savepoint sp1
2026-09-07 12:12:55.072 UTC [1102] LOG:  statement: commit
2026-09-07 12:12:55.093 UTC [1102] LOG:  statement: begin
2026-09-07 12:12:55.093 UTC [1102] LOG:  execute <unnamed>: select set_config('app.organization_id', $1, true)
2026-09-07 12:12:55.094 UTC [1102] LOG:  execute <unnamed>: update "conversations" set "last_branch" = $1, "updated_at" = $2 where (("conversations"."id" = $3) and ("conversations"."org_id" = $4) and ("conversations"."user_id" = $5))
2026-09-07 12:12:55.095 UTC [1102] LOG:  statement: commit
2026-09-07 12:12:55.096 UTC [1102] LOG:  statement: begin
2026-09-07 12:12:55.096 UTC [1102] LOG:  execute <unnamed>: select set_config('app.organization_id', $1, true)
2026-09-07 12:12:55.097 UTC [1102] LOG:  execute <unnamed>: select "id", "kind", "org_id", "workspace_id", "conversation_id", "desired_url", "desired_generation", "desired_sha", "provider", "provider_sandbox_id", "latest_snapshot_id", "latest_run_id", "state", "last_heartbeat_at", "created_at", "updated_at" from "workspace_sandbox_instances" where (("workspace_sandbox_instances"."conversation_id" = $1) and ("workspace_sandbox_instances"."kind" = $2))
2026-09-07 12:12:55.098 UTC [1102] LOG:  statement: commit
2026-09-07 12:12:55.100 UTC [1102] LOG:  execute <unnamed>: select "id", "expires_at", "token", "created_at", "updated_at", "ip_address", "user_agent", "user_id", "active_organization_id" from "sessions" where "sessions"."token" = $1
2026-09-07 12:12:55.101 UTC [1102] LOG:  execute <unnamed>: select "id", "name", "email", "email_verified", "image", "created_at", "updated_at", "two_factor_enabled", "onboarding_completed_at" from "users" where "users"."id" = $1
2026-09-07 12:12:55.102 UTC [1102] LOG:  execute <unnamed>: select "id", "public_key", "private_key", "created_at", "expires_at" from "jwkss" limit $1
2026-09-07 12:12:55.103 UTC [1102] LOG:  execute <unnamed>: select "id", "expires_at", "token", "created_at", "updated_at", "ip_address", "user_agent", "user_id", "active_organization_id" from "sessions" where "sessions"."token" = $1
2026-09-07 12:12:55.104 UTC [1102] LOG:  execute <unnamed>: select "id", "name", "email", "email_verified", "image", "created_at", "updated_at", "two_factor_enabled", "onboarding_completed_at" from "users" where "users"."id" = $1
2026-09-07 12:12:55.105 UTC [1102] LOG:  execute <unnamed>: select "id", "public_key", "private_key", "created_at", "expires_at" from "jwkss" limit $1
2026-09-07 12:12:55.106 UTC [1102] LOG:  execute <unnamed>: select "organizations"."id" from "organizations" inner join "members" on (("members"."organization_id" = "organizations"."id") and ("members"."user_id" = $1)) where "organizations"."slug" = $2 limit $3
2026-09-07 12:12:55.107 UTC [1102] LOG:  statement: begin
2026-09-07 12:12:55.108 UTC [1102] LOG:  execute <unnamed>: select set_config('app.organization_id', $1, true)
2026-09-07 12:12:55.109 UTC [1102] LOG:  execute <unnamed>: select "id" from "workspaces" where (("workspaces"."id" = $1) and ("workspaces"."org_id" = $2)) limit $3
2026-09-07 12:12:55.110 UTC [1102] LOG:  execute <unnamed>: select "id", "org_id", "user_id", "workspace_id", "name", "source", "last_branch", "last_chat_pr_number", "last_message_at", "created_at", "updated_at" from "conversations" where (("conversations"."id" = $1) and ("conversations"."org_id" = $2) and ("conversations"."user_id" = $3)) limit $4
2026-09-07 12:12:55.110 UTC [1102] LOG:  statement: commit
2026-09-07 12:12:55.111 UTC [1102] LOG:  statement: begin
2026-09-07 12:12:55.114 UTC [1102] LOG:  execute <unnamed>: select set_config('app.organization_id', $1, true)
2026-09-07 12:12:55.115 UTC [1102] LOG:  execute <unnamed>: select "id", "org_id", "slug", "display_name", "workspace_repository_url", "github_connection_id", "desired_generation", "desired_sha", "active_projection_url", "active_projection_sha", "indexed_sha", "write_status", "hydrate_status", "hydrate_error", "last_job_at", "hydrate_phases", "read_only_reason", "created_at", "updated_at" from "workspaces" where (("workspaces"."org_id" = $1) and ("workspaces"."id" = $2)) limit $3
2026-09-07 12:12:55.115 UTC [1102] LOG:  statement: commit
2026-09-07 12:12:55.116 UTC [1102] LOG:  statement: begin
2026-09-07 12:12:55.117 UTC [1102] LOG:  execute <unnamed>: select set_config('app.organization_id', $1, true)
2026-09-07 12:12:55.118 UTC [1102] LOG:  execute <unnamed>: update "conversations" set "last_branch" = $1, "updated_at" = $2 where (("conversations"."id" = $3) and ("conversations"."org_id" = $4) and ("conversations"."user_id" = $5))
2026-09-07 12:12:55.119 UTC [1102] LOG:  statement: commit
2026-09-07 12:12:55.120 UTC [1102] LOG:  statement: begin
2026-09-07 12:12:55.120 UTC [1102] LOG:  execute <unnamed>: select set_config('app.organization_id', $1, true)
2026-09-07 12:12:55.121 UTC [1102] LOG:  execute <unnamed>: update "conversations" set "last_message_at" = $1, "updated_at" = $2 where (("conversations"."id" = $3) and ("conversations"."org_id" = $4) and ("conversations"."user_id" = $5))
2026-09-07 12:12:55.121 UTC [1102] LOG:  statement: commit
2026-09-07 12:12:55.123 UTC [1102] LOG:  statement: begin
2026-09-07 12:12:55.123 UTC [1102] LOG:  execute <unnamed>: select set_config('app.organization_id', $1, true)
2026-09-07 12:12:55.124 UTC [1102] LOG:  execute <unnamed>: select "id", "kind", "org_id", "workspace_id", "conversation_id", "desired_url", "desired_generation", "desired_sha", "provider", "provider_sandbox_id", "latest_snapshot_id", "latest_run_id", "state", "last_heartbeat_at", "created_at", "updated_at" from "workspace_sandbox_instances" where (("workspace_sandbox_instances"."conversation_id" = $1) and ("workspace_sandbox_instances"."kind" = $2))
2026-09-07 12:12:55.125 UTC [1102] LOG:  statement: commit
2026-09-07 12:12:55.125 UTC [1102] LOG:  statement: begin
2026-09-07 12:12:55.126 UTC [1102] LOG:  execute <unnamed>: select set_config('app.organization_id', $1, true)
2026-09-07 12:12:55.127 UTC [1102] LOG:  execute <unnamed>: select "id", "kind", "org_id", "workspace_id", "conversation_id", "desired_url", "desired_generation", "desired_sha", "provider", "provider_sandbox_id", "latest_snapshot_id", "latest_run_id", "state", "last_heartbeat_at", "created_at", "updated_at" from "workspace_sandbox_instances" where (("workspace_sandbox_instances"."conversation_id" = $1) and ("workspace_sandbox_instances"."kind" = $2))
2026-09-07 12:12:55.127 UTC [1102] LOG:  statement: commit
2026-09-07 12:12:55.128 UTC [1102] LOG:  statement: begin
2026-09-07 12:12:55.128 UTC [1102] LOG:  execute <unnamed>: select set_config('app.organization_id', $1, true)
2026-09-07 12:12:55.129 UTC [1102] LOG:  execute <unnamed>: select "id", "kind", "org_id", "workspace_id", "conversation_id", "desired_url", "desired_generation", "desired_sha", "provider", "provider_sandbox_id", "latest_snapshot_id", "latest_run_id", "state", "last_heartbeat_at", "created_at", "updated_at" from "workspace_sandbox_instances" where (("workspace_sandbox_instances"."id" = $1) and ("workspace_sandbox_instances"."org_id" = $2)) limit $3
2026-09-07 12:12:55.129 UTC [1102] LOG:  statement: commit
2026-09-07 12:12:55.130 UTC [1102] LOG:  statement: begin
2026-09-07 12:12:55.130 UTC [1102] LOG:  execute <unnamed>: select set_config('app.organization_id', $1, true)
2026-09-07 12:12:55.131 UTC [1102] LOG:  execute <unnamed>: delete from "workspace_sandbox_instances" where (("workspace_sandbox_instances"."id" = $1) and ("workspace_sandbox_instances"."org_id" = $2))
2026-09-07 12:12:55.134 UTC [1102] LOG:  statement: commit
2026-09-07 12:12:55.139 UTC [1102] LOG:  statement: begin
2026-09-07 12:12:55.140 UTC [1102] LOG:  execute <unnamed>: select set_config('app.organization_id', $1, true)
2026-09-07 12:12:55.141 UTC [1102] LOG:  execute <unnamed>: select "id", "org_id", "slug", "display_name", "workspace_repository_url", "github_connection_id", "desired_generation", "desired_sha", "active_projection_url", "active_projection_sha", "indexed_sha", "write_status", "hydrate_status", "hydrate_error", "last_job_at", "hydrate_phases", "read_only_reason", "created_at", "updated_at" from "workspaces" where (("workspaces"."org_id" = $1) and ("workspaces"."id" = $2)) limit $3
2026-09-07 12:12:55.142 UTC [1102] LOG:  statement: commit
2026-09-07 12:12:55.142 UTC [1102] LOG:  statement: begin
2026-09-07 12:12:55.143 UTC [1102] LOG:  execute <unnamed>: select set_config('app.organization_id', $1, true)
2026-09-07 12:12:55.143 UTC [1102] LOG:  execute <unnamed>: select "id", "org_id", "slug", "display_name", "workspace_repository_url", "github_connection_id", "desired_generation", "desired_sha", "active_projection_url", "active_projection_sha", "indexed_sha", "write_status", "hydrate_status", "hydrate_error", "last_job_at", "hydrate_phases", "read_only_reason", "created_at", "updated_at" from "workspaces" where (("workspaces"."org_id" = $1) and ("workspaces"."id" = $2)) limit $3
2026-09-07 12:12:55.144 UTC [1102] LOG:  execute <unnamed>: select "id", "org_id", "slug", "display_name", "workspace_repository_url", "github_connection_id", "desired_generation", "desired_sha", "active_projection_url", "active_projection_sha", "indexed_sha", "write_status", "hydrate_status", "hydrate_error", "last_job_at", "hydrate_phases", "read_only_reason", "created_at", "updated_at" from "workspaces" where (("workspaces"."org_id" = $1) and ("workspaces"."id" = $2)) limit $3
2026-09-07 12:12:55.145 UTC [1102] LOG:  execute <unnamed>: select "id", "org_id", "workspace_id", "git_url", "desired_ref", "desired_sha", "indexed_sha", "created_at" from "workspace_linked_repositories" where "workspace_linked_repositories"."workspace_id" = $1 order by "workspace_linked_repositories"."created_at"
2026-09-07 12:12:55.146 UTC [1102] LOG:  execute <unnamed>: select "id", "git_url" from "repositories" where "repositories"."org_id" = $1
2026-09-07 12:12:55.146 UTC [1102] LOG:  statement: commit
2026-09-07 12:12:55.147 UTC [1102] LOG:  statement: begin
2026-09-07 12:12:55.147 UTC [1103] LOG:  statement: begin
2026-09-07 12:12:55.147 UTC [1102] LOG:  execute <unnamed>: select set_config('app.organization_id', $1, true)
2026-09-07 12:12:55.147 UTC [1103] LOG:  execute <unnamed>: select set_config('app.organization_id', $1, true)
2026-09-07 12:12:55.148 UTC [1103] LOG:  execute <unnamed>: select "id", "kind", "org_id", "workspace_id", "conversation_id", "desired_url", "desired_generation", "desired_sha", "provider", "provider_sandbox_id", "latest_snapshot_id", "latest_run_id", "state", "last_heartbeat_at", "created_at", "updated_at" from "workspace_sandbox_instances" where (("workspace_sandbox_instances"."id" = $1) and ("workspace_sandbox_instances"."org_id" = $2)) limit $3
2026-09-07 12:12:55.148 UTC [1102] LOG:  execute <unnamed>: select "id", "kind", "org_id", "workspace_id", "conversation_id", "desired_url", "desired_generation", "desired_sha", "provider", "provider_sandbox_id", "latest_snapshot_id", "latest_run_id", "state", "last_heartbeat_at", "created_at", "updated_at" from "workspace_sandbox_instances" where (("workspace_sandbox_instances"."conversation_id" = $1) and ("workspace_sandbox_instances"."kind" = $2))
2026-09-07 12:12:55.148 UTC [1103] LOG:  statement: commit
2026-09-07 12:12:55.148 UTC [1102] LOG:  statement: commit
2026-09-07 12:12:55.148 UTC [1103] LOG:  statement: begin
2026-09-07 12:12:55.149 UTC [1103] LOG:  execute <unnamed>: select set_config('app.organization_id', $1, true)
2026-09-07 12:12:55.149 UTC [1103] LOG:  execute <unnamed>: select "id", "kind", "org_id", "workspace_id", "conversation_id", "desired_url", "desired_generation", "desired_sha", "provider", "provider_sandbox_id", "latest_snapshot_id", "latest_run_id", "state", "last_heartbeat_at", "created_at", "updated_at" from "workspace_sandbox_instances" where (("workspace_sandbox_instances"."conversation_id" = $1) and ("workspace_sandbox_instances"."kind" = $2) and ("workspace_sandbox_instances"."state" = $3))
2026-09-07 12:12:55.149 UTC [1103] LOG:  statement: commit
2026-09-07 12:12:55.292 UTC [1103] LOG:  statement: begin
2026-09-07 12:12:55.293 UTC [1103] LOG:  execute <unnamed>: select set_config('app.organization_id', $1, true)
2026-09-07 12:12:55.294 UTC [1103] LOG:  statement: savepoint sp1
2026-09-07 12:12:55.295 UTC [1103] LOG:  execute <unnamed>: select "id", "kind", "org_id", "workspace_id", "conversation_id", "desired_url", "desired_generation", "desired_sha", "provider", "provider_sandbox_id", "latest_snapshot_id", "latest_run_id", "state", "last_heartbeat_at", "created_at", "updated_at" from "workspace_sandbox_instances" where (("workspace_sandbox_instances"."org_id" = $1) and ("workspace_sandbox_instances"."kind" = $2) and ("workspace_sandbox_instances"."conversation_id" = $3) and ((("workspace_sandbox_instances"."state" = $4) or ("workspace_sandbox_instances"."state" = $5)))) order by ("workspace_sandbox_instances"."provider_sandbox_id" is not null) desc, "workspace_sandbox_instances"."created_at" asc, "workspace_sandbox_instances"."id" asc limit $6
2026-09-07 12:12:55.296 UTC [1103] LOG:  execute <unnamed>: insert into "workspace_sandbox_instances" ("id", "kind", "org_id", "workspace_id", "conversation_id", "desired_url", "desired_generation", "desired_sha", "provider", "provider_sandbox_id", "latest_snapshot_id", "latest_run_id", "state", "last_heartbeat_at", "created_at", "updated_at") values ($1, $2, $3, $4, $5, $6, $7, $8, $9, $10, $11, $12, $13, $14, $15, $16) on conflict ("id") do update set "kind" = $17, "conversation_id" = $18, "desired_url" = $19, "desired_generation" = $20, "desired_sha" = $21, "provider" = $22, "provider_sandbox_id" = $23, "latest_snapshot_id" = $24, "latest_run_id" = $25, "state" = $26, "last_heartbeat_at" = $27, "updated_at" = $28
2026-09-07 12:12:55.297 UTC [1103] LOG:  statement: release savepoint sp1
2026-09-07 12:12:55.299 UTC [1103] LOG:  statement: commit
2026-09-07 12:12:55.339 UTC [1103] LOG:  statement: begin
2026-09-07 12:12:55.340 UTC [1103] LOG:  execute <unnamed>: select set_config('app.organization_id', $1, true)
2026-09-07 12:12:55.342 UTC [1103] LOG:  execute <unnamed>: select "interrupt_id", "run_id", "thread_id", "org_id", "status", "requested_at", "resolved_at", "payload_json", "response_json" from "chat_interrupts" where (("chat_interrupts"."thread_id" = $1) and ("chat_interrupts"."status" = $2)) order by "chat_interrupts"."requested_at" asc
2026-09-07 12:12:55.343 UTC [1103] LOG:  statement: commit
2026-09-07 12:12:55.343 UTC [1103] LOG:  statement: begin
2026-09-07 12:12:55.344 UTC [1103] LOG:  execute <unnamed>: select set_config('app.organization_id', $1, true)
2026-09-07 12:12:55.345 UTC [1103] LOG:  execute <unnamed>: select "run_id", "thread_id", "org_id", "status", "started_at", "finished_at", "error", "error_code", "usage_json", "sandbox_key", "detached_since", "cancel_requested", "driver_epoch" from "chat_runs" where "chat_runs"."run_id" = $1 limit $2
2026-09-07 12:12:55.346 UTC [1103] LOG:  statement: commit
2026-09-07 12:12:55.346 UTC [1103] LOG:  statement: begin
2026-09-07 12:12:55.348 UTC [1103] LOG:  execute <unnamed>: select set_config('app.organization_id', $1, true)
2026-09-07 12:12:55.349 UTC [1103] LOG:  execute <unnamed>: insert into "chat_runs" ("run_id", "thread_id", "org_id", "status", "started_at", "finished_at", "error", "error_code", "usage_json", "sandbox_key", "detached_since", "cancel_requested", "driver_epoch") values ($1, $2, $3, $4, $5, default, default, default, default, default, default, default, default) on conflict ("run_id") do nothing
2026-09-07 12:12:55.350 UTC [1103] LOG:  statement: commit
2026-09-07 12:12:55.351 UTC [1103] LOG:  statement: begin
2026-09-07 12:12:55.352 UTC [1103] LOG:  execute <unnamed>: select set_config('app.organization_id', $1, true)
2026-09-07 12:12:55.353 UTC [1103] LOG:  execute <unnamed>: select "run_id", "thread_id", "org_id", "status", "started_at", "finished_at", "error", "error_code", "usage_json", "sandbox_key", "detached_since", "cancel_requested", "driver_epoch" from "chat_runs" where "chat_runs"."run_id" = $1 limit $2
2026-09-07 12:12:55.353 UTC [1103] LOG:  statement: commit
2026-09-07 12:12:55.354 UTC [1103] LOG:  statement: begin
2026-09-07 12:12:55.354 UTC [1103] LOG:  execute <unnamed>: select set_config('app.organization_id', $1, true)
2026-09-07 12:12:55.355 UTC [1103] LOG:  execute <unnamed>: select "messages_json" from "chat_threads" where "chat_threads"."thread_id" = $1 limit $2
2026-09-07 12:12:55.356 UTC [1103] LOG:  statement: commit
2026-09-07 12:12:55.359 UTC [1103] LOG:  statement: begin
2026-09-07 12:12:55.360 UTC [1103] LOG:  execute <unnamed>: select set_config('app.organization_id', $1, true)
2026-09-07 12:12:55.361 UTC [1103] LOG:  execute <unnamed>: insert into "chat_threads" ("thread_id", "org_id", "messages_json", "updated_at") values ($1, $2, $3, $4) on conflict ("thread_id") do update set "messages_json" = $5, "updated_at" = $6
2026-09-07 12:12:55.362 UTC [1103] LOG:  statement: commit
2026-09-07 12:12:56.481 UTC [1103] LOG:  statement: begin
2026-09-07 12:12:56.482 UTC [1103] LOG:  execute <unnamed>: select set_config('app.organization_id', $1, true)
2026-09-07 12:12:56.484 UTC [1103] LOG:  execute <unnamed>: insert into "chat_threads" ("thread_id", "org_id", "messages_json", "updated_at") values ($1, $2, $3, $4) on conflict ("thread_id") do update set "messages_json" = $5, "updated_at" = $6
2026-09-07 12:12:56.485 UTC [1103] LOG:  statement: commit
2026-09-07 12:13:00.772 UTC [1103] LOG:  statement: begin
2026-09-07 12:13:00.774 UTC [1103] LOG:  execute <unnamed>: select set_config('app.organization_id', $1, true)
2026-09-07 12:13:00.776 UTC [1103] LOG:  execute <unnamed>: insert into "chat_threads" ("thread_id", "org_id", "messages_json", "updated_at") values ($1, $2, $3, $4) on conflict ("thread_id") do update set "messages_json" = $5, "updated_at" = $6
2026-09-07 12:13:00.778 UTC [1103] LOG:  statement: commit
2026-09-07 12:13:00.887 UTC [1103] LOG:  statement: begin
2026-09-07 12:13:00.888 UTC [1103] LOG:  execute <unnamed>: select set_config('app.organization_id', $1, true)
2026-09-07 12:13:00.889 UTC [1103] LOG:  execute <unnamed>: insert into "chat_threads" ("thread_id", "org_id", "messages_json", "updated_at") values ($1, $2, $3, $4) on conflict ("thread_id") do update set "messages_json" = $5, "updated_at" = $6
2026-09-07 12:13:00.891 UTC [1103] LOG:  statement: commit
2026-09-07 12:13:00.893 UTC [1103] LOG:  statement: begin
2026-09-07 12:13:00.894 UTC [1103] LOG:  execute <unnamed>: select set_config('app.organization_id', $1, true)
2026-09-07 12:13:00.899 UTC [1103] LOG:  execute <unnamed>: update "chat_runs" set "status" = $1, "finished_at" = $2, "usage_json" = $3 where "chat_runs"."run_id" = $4
2026-09-07 12:13:00.901 UTC [1103] LOG:  statement: commit
2026-09-07 12:13:00.902 UTC [1103] LOG:  statement: begin
2026-09-07 12:13:00.903 UTC [1103] LOG:  execute <unnamed>: select set_config('app.organization_id', $1, true)
2026-09-07 12:13:00.904 UTC [1103] LOG:  execute <unnamed>: select "messages_json" from "chat_threads" where "chat_threads"."thread_id" = $1 limit $2
2026-09-07 12:13:00.905 UTC [1103] LOG:  statement: commit
2026-09-07 12:13:00.908 UTC [1103] LOG:  statement: begin
2026-09-07 12:13:00.909 UTC [1103] LOG:  execute <unnamed>: select set_config('app.organization_id', $1, true)
2026-09-07 12:13:00.910 UTC [1103] LOG:  execute <unnamed>: select "run_id", "thread_id", "org_id", "status", "started_at", "finished_at", "error", "error_code", "usage_json", "sandbox_key", "detached_since", "cancel_requested", "driver_epoch" from "chat_runs" where (("chat_runs"."thread_id" = $1) and ("chat_runs"."status" = $2)) order by "chat_runs"."started_at" desc limit $3
2026-09-07 12:13:00.911 UTC [1103] LOG:  statement: commit
2026-09-07 12:13:00.912 UTC [1103] LOG:  statement: begin
2026-09-07 12:13:00.913 UTC [1103] LOG:  execute <unnamed>: select set_config('app.organization_id', $1, true)
2026-09-07 12:13:00.915 UTC [1103] LOG:  execute <unnamed>: select "d0"."id" as "id", "d0"."org_id" as "orgId", "d0"."user_id" as "userId", "d0"."workspace_id" as "workspaceId", "d0"."name" as "name", "d0"."source" as "source", "d0"."last_branch" as "lastBranch", "d0"."last_chat_pr_number" as "lastChatPrNumber", "d0"."last_message_at" as "lastMessageAt", "d0"."created_at" as "createdAt", "d0"."updated_at" as "updatedAt" from "conversations" as "d0" where (("d0"."id" = $1) and ("d0"."org_id" = $2) and ("d0"."user_id" = $3)) limit $4
2026-09-07 12:13:00.916 UTC [1103] LOG:  statement: commit
2026-09-07 12:13:00.926 UTC [1103] LOG:  execute <unnamed>: select "id", "expires_at", "token", "created_at", "updated_at", "ip_address", "user_agent", "user_id", "active_organization_id" from "sessions" where "sessions"."token" = $1
2026-09-07 12:13:00.928 UTC [1103] LOG:  execute <unnamed>: select "id", "name", "email", "email_verified", "image", "created_at", "updated_at", "two_factor_enabled", "onboarding_completed_at" from "users" where "users"."id" = $1
2026-09-07 12:13:00.929 UTC [1103] LOG:  execute <unnamed>: select "id", "public_key", "private_key", "created_at", "expires_at" from "jwkss" limit $1
2026-09-07 12:13:00.931 UTC [1103] LOG:  execute <unnamed>: select "id", "expires_at", "token", "created_at", "updated_at", "ip_address", "user_agent", "user_id", "active_organization_id" from "sessions" where "sessions"."token" = $1
2026-09-07 12:13:00.932 UTC [1103] LOG:  execute <unnamed>: select "id", "name", "email", "email_verified", "image", "created_at", "updated_at", "two_factor_enabled", "onboarding_completed_at" from "users" where "users"."id" = $1
2026-09-07 12:13:00.934 UTC [1103] LOG:  execute <unnamed>: select "id", "public_key", "private_key", "created_at", "expires_at" from "jwkss" limit $1
2026-09-07 12:13:00.936 UTC [1103] LOG:  execute <unnamed>: select "organizations"."id" from "organizations" inner join "members" on (("members"."organization_id" = "organizations"."id") and ("members"."user_id" = $1)) where "organizations"."slug" = $2 limit $3
2026-09-07 12:13:00.937 UTC [1103] LOG:  statement: begin
2026-09-07 12:13:00.938 UTC [1103] LOG:  execute <unnamed>: select set_config('app.organization_id', $1, true)
2026-09-07 12:13:00.939 UTC [1103] LOG:  execute <unnamed>: select "d0"."id" as "id", "d0"."org_id" as "orgId", "d0"."user_id" as "userId", "d0"."workspace_id" as "workspaceId", "d0"."name" as "name", "d0"."source" as "source", "d0"."last_branch" as "lastBranch", "d0"."last_chat_pr_number" as "lastChatPrNumber", "d0"."last_message_at" as "lastMessageAt", "d0"."created_at" as "createdAt", "d0"."updated_at" as "updatedAt" from "conversations" as "d0" where (("d0"."id" = $1) and ("d0"."org_id" = $2) and ("d0"."user_id" = $3)) limit $4
2026-09-07 12:13:00.940 UTC [1103] LOG:  statement: commit
2026-09-07 12:13:00.941 UTC [1103] LOG:  statement: begin
2026-09-07 12:13:00.942 UTC [1103] LOG:  execute <unnamed>: select set_config('app.organization_id', $1, true)
2026-09-07 12:13:00.943 UTC [1103] LOG:  execute <unnamed>: select "messages_json" from "chat_threads" where "chat_threads"."thread_id" = $1 limit $2
2026-09-07 12:13:00.943 UTC [1103] LOG:  statement: commit
2026-09-07 12:13:00.946 UTC [1103] LOG:  statement: begin
2026-09-07 12:13:00.947 UTC [1103] LOG:  execute <unnamed>: select set_config('app.organization_id', $1, true)
2026-09-07 12:13:00.948 UTC [1103] LOG:  execute <unnamed>: select "id", "org_id", "slug", "display_name", "workspace_repository_url", "github_connection_id", "desired_generation", "desired_sha", "active_projection_url", "active_projection_sha", "indexed_sha", "write_status", "hydrate_status", "hydrate_error", "last_job_at", "hydrate_phases", "read_only_reason", "created_at", "updated_at" from "workspaces" where (("workspaces"."org_id" = $1) and ("workspaces"."id" = $2)) limit $3
2026-09-07 12:13:00.948 UTC [1103] LOG:  statement: commit
2026-09-07 12:13:01.001 UTC [1103] LOG:  execute <unnamed>: select "id", "expires_at", "token", "created_at", "updated_at", "ip_address", "user_agent", "user_id", "active_organization_id" from "sessions" where "sessions"."token" = $1
2026-09-07 12:13:01.002 UTC [1103] LOG:  execute <unnamed>: select "id", "name", "email", "email_verified", "image", "created_at", "updated_at", "two_factor_enabled", "onboarding_completed_at" from "users" where "users"."id" = $1
2026-09-07 12:13:01.003 UTC [1103] LOG:  execute <unnamed>: select "id", "public_key", "private_key", "created_at", "expires_at" from "jwkss" limit $1
2026-09-07 12:13:01.005 UTC [1103] LOG:  execute <unnamed>: select "id", "expires_at", "token", "created_at", "updated_at", "ip_address", "user_agent", "user_id", "active_organization_id" from "sessions" where "sessions"."token" = $1
2026-09-07 12:13:01.006 UTC [1103] LOG:  execute <unnamed>: select "id", "name", "email", "email_verified", "image", "created_at", "updated_at", "two_factor_enabled", "onboarding_completed_at" from "users" where "users"."id" = $1
2026-09-07 12:13:01.007 UTC [1103] LOG:  execute <unnamed>: select "id", "public_key", "private_key", "created_at", "expires_at" from "jwkss" limit $1
2026-09-07 12:13:01.009 UTC [1103] LOG:  execute <unnamed>: select "organizations"."id" from "organizations" inner join "members" on (("members"."organization_id" = "organizations"."id") and ("members"."user_id" = $1)) where "organizations"."slug" = $2 limit $3
2026-09-07 12:13:01.011 UTC [1103] LOG:  statement: begin
2026-09-07 12:13:01.011 UTC [1103] LOG:  execute <unnamed>: select set_config('app.organization_id', $1, true)
2026-09-07 12:13:01.015 UTC [1103] LOG:  execute <unnamed>: select "id", "org_id", "slug", "display_name", "workspace_repository_url", "github_connection_id", "desired_generation", "desired_sha", "active_projection_url", "active_projection_sha", "indexed_sha", "write_status", "hydrate_status", "hydrate_error", "last_job_at", "hydrate_phases", "read_only_reason", "created_at", "updated_at" from "workspaces" where (("workspaces"."org_id" = $1) and ("workspaces"."slug" = $2)) limit $3
2026-09-07 12:13:01.016 UTC [1103] LOG:  statement: commit
2026-09-07 12:13:01.017 UTC [1103] LOG:  statement: begin
2026-09-07 12:13:01.018 UTC [1103] LOG:  execute <unnamed>: select set_config('app.organization_id', $1, true)
2026-09-07 12:13:01.020 UTC [1103] LOG:  execute <unnamed>: select "id", "org_id", "slug", "display_name", "workspace_repository_url", "github_connection_id", "desired_generation", "desired_sha", "active_projection_url", "active_projection_sha", "indexed_sha", "write_status", "hydrate_status", "hydrate_error", "last_job_at", "hydrate_phases", "read_only_reason", "created_at", "updated_at" from "workspaces" where (("workspaces"."org_id" = $1) and ("workspaces"."id" = $2)) limit $3
2026-09-07 12:13:01.021 UTC [1103] LOG:  execute <unnamed>: select "id", "org_id", "workspace_id", "git_url", "desired_ref", "desired_sha", "indexed_sha", "created_at" from "workspace_linked_repositories" where "workspace_linked_repositories"."workspace_id" = $1 order by "workspace_linked_repositories"."created_at"
2026-09-07 12:13:01.022 UTC [1103] LOG:  statement: commit
2026-09-07 12:13:01.022 UTC [1103] LOG:  statement: begin
2026-09-07 12:13:01.024 UTC [1103] LOG:  execute <unnamed>: select set_config('app.organization_id', $1, true)
2026-09-07 12:13:01.025 UTC [1103] LOG:  execute <unnamed>: select "commit_sha" from "workspace_write_jobs" where (("workspace_write_jobs"."workspace_id" = $1) and ("workspace_write_jobs"."kind" = $2) and (("workspace_write_jobs"."commit_sha" is not null))) order by "workspace_write_jobs"."created_at" asc limit $3
2026-09-07 12:13:01.026 UTC [1103] LOG:  statement: commit
2026-09-07 12:13:01.029 UTC [1103] LOG:  execute <unnamed>: select "id", "expires_at", "token", "created_at", "updated_at", "ip_address", "user_agent", "user_id", "active_organization_id" from "sessions" where "sessions"."token" = $1
2026-09-07 12:13:01.030 UTC [1103] LOG:  execute <unnamed>: select "id", "name", "email", "email_verified", "image", "created_at", "updated_at", "two_factor_enabled", "onboarding_completed_at" from "users" where "users"."id" = $1
2026-09-07 12:13:01.031 UTC [1103] LOG:  execute <unnamed>: select "id", "public_key", "private_key", "created_at", "expires_at" from "jwkss" limit $1
2026-09-07 12:13:01.033 UTC [1103] LOG:  execute <unnamed>: select "id", "expires_at", "token", "created_at", "updated_at", "ip_address", "user_agent", "user_id", "active_organization_id" from "sessions" where "sessions"."token" = $1
2026-09-07 12:13:01.034 UTC [1103] LOG:  execute <unnamed>: select "id", "name", "email", "email_verified", "image", "created_at", "updated_at", "two_factor_enabled", "onboarding_completed_at" from "users" where "users"."id" = $1
2026-09-07 12:13:01.035 UTC [1103] LOG:  execute <unnamed>: select "id", "public_key", "private_key", "created_at", "expires_at" from "jwkss" limit $1
2026-09-07 12:13:01.039 UTC [1103] LOG:  execute <unnamed>: select "organizations"."id" from "organizations" inner join "members" on (("members"."organization_id" = "organizations"."id") and ("members"."user_id" = $1)) where "organizations"."slug" = $2 limit $3
2026-09-07 12:13:01.040 UTC [1103] LOG:  statement: begin
2026-09-07 12:13:01.042 UTC [1103] LOG:  execute <unnamed>: select set_config('app.organization_id', $1, true)
2026-09-07 12:13:01.043 UTC [1103] LOG:  execute <unnamed>: select "id" from "workspaces" where (("workspaces"."id" = $1) and ("workspaces"."org_id" = $2)) limit $3
2026-09-07 12:13:01.045 UTC [1103] LOG:  execute <unnamed>: select "id", "org_id", "user_id", "workspace_id", "name", "source", "last_branch", "last_chat_pr_number", "last_message_at", "created_at", "updated_at" from "conversations" where (("conversations"."id" = $1) and ("conversations"."org_id" = $2) and ("conversations"."user_id" = $3)) limit $4
2026-09-07 12:13:01.045 UTC [1103] LOG:  statement: commit
2026-09-07 12:13:01.046 UTC [1103] LOG:  statement: begin
2026-09-07 12:13:01.047 UTC [1103] LOG:  execute <unnamed>: select set_config('app.organization_id', $1, true)
2026-09-07 12:13:01.048 UTC [1103] LOG:  execute <unnamed>: select "id", "org_id", "slug", "display_name", "workspace_repository_url", "github_connection_id", "desired_generation", "desired_sha", "active_projection_url", "active_projection_sha", "indexed_sha", "write_status", "hydrate_status", "hydrate_error", "last_job_at", "hydrate_phases", "read_only_reason", "created_at", "updated_at" from "workspaces" where (("workspaces"."org_id" = $1) and ("workspaces"."id" = $2)) limit $3
2026-09-07 12:13:01.048 UTC [1103] LOG:  statement: commit
2026-09-07 12:13:01.049 UTC [1103] LOG:  statement: begin
2026-09-07 12:13:01.050 UTC [1103] LOG:  execute <unnamed>: select set_config('app.organization_id', $1, true)
2026-09-07 12:13:01.050 UTC [1103] LOG:  execute <unnamed>: update "conversations" set "last_branch" = $1, "updated_at" = $2 where (("conversations"."id" = $3) and ("conversations"."org_id" = $4) and ("conversations"."user_id" = $5))
2026-09-07 12:13:01.051 UTC [1103] LOG:  statement: commit
2026-09-07 12:13:01.052 UTC [1103] LOG:  statement: begin
2026-09-07 12:13:01.052 UTC [1103] LOG:  execute <unnamed>: select set_config('app.organization_id', $1, true)
2026-09-07 12:13:01.052 UTC [1103] LOG:  execute <unnamed>: select "id", "kind", "org_id", "workspace_id", "conversation_id", "desired_url", "desired_generation", "desired_sha", "provider", "provider_sandbox_id", "latest_snapshot_id", "latest_run_id", "state", "last_heartbeat_at", "created_at", "updated_at" from "workspace_sandbox_instances" where (("workspace_sandbox_instances"."conversation_id" = $1) and ("workspace_sandbox_instances"."kind" = $2))
2026-09-07 12:13:01.053 UTC [1103] LOG:  statement: commit
2026-09-07 12:13:01.053 UTC [1103] LOG:  statement: begin
2026-09-07 12:13:01.053 UTC [1103] LOG:  execute <unnamed>: select set_config('app.organization_id', $1, true)
2026-09-07 12:13:01.054 UTC [1103] LOG:  execute <unnamed>: select "id", "kind", "org_id", "workspace_id", "conversation_id", "desired_url", "desired_generation", "desired_sha", "provider", "provider_sandbox_id", "latest_snapshot_id", "latest_run_id", "state", "last_heartbeat_at", "created_at", "updated_at" from "workspace_sandbox_instances" where (("workspace_sandbox_instances"."conversation_id" = $1) and ("workspace_sandbox_instances"."kind" = $2))
2026-09-07 12:13:01.054 UTC [1103] LOG:  statement: commit
2026-09-07 12:13:01.054 UTC [1103] LOG:  statement: begin
2026-09-07 12:13:01.054 UTC [1103] LOG:  execute <unnamed>: select set_config('app.organization_id', $1, true)
2026-09-07 12:13:01.055 UTC [1103] LOG:  execute <unnamed>: select "id", "kind", "org_id", "workspace_id", "conversation_id", "desired_url", "desired_generation", "desired_sha", "provider", "provider_sandbox_id", "latest_snapshot_id", "latest_run_id", "state", "last_heartbeat_at", "created_at", "updated_at" from "workspace_sandbox_instances" where (("workspace_sandbox_instances"."id" = $1) and ("workspace_sandbox_instances"."org_id" = $2)) limit $3
2026-09-07 12:13:01.055 UTC [1103] LOG:  statement: commit
2026-09-07 12:13:01.059 UTC [1103] LOG:  statement: begin
2026-09-07 12:13:01.060 UTC [1103] LOG:  execute <unnamed>: select set_config('app.organization_id', $1, true)
2026-09-07 12:13:01.060 UTC [1103] LOG:  execute <unnamed>: delete from "workspace_sandbox_instances" where (("workspace_sandbox_instances"."id" = $1) and ("workspace_sandbox_instances"."org_id" = $2))
2026-09-07 12:13:01.061 UTC [1103] LOG:  statement: commit
2026-09-07 12:13:01.061 UTC [1103] LOG:  execute <unnamed>: select "slug" from "organizations" where "organizations"."id" = $1 limit $2
2026-09-07 12:13:01.062 UTC [1103] LOG:  statement: begin
2026-09-07 12:13:01.062 UTC [1103] LOG:  execute <unnamed>: select set_config('app.organization_id', $1, true)
2026-09-07 12:13:01.063 UTC [1103] LOG:  execute <unnamed>: select "id", "kind", "org_id", "workspace_id", "conversation_id", "desired_url", "desired_generation", "desired_sha", "provider", "provider_sandbox_id", "latest_snapshot_id", "latest_run_id", "state", "last_heartbeat_at", "created_at", "updated_at" from "workspace_sandbox_instances" where (("workspace_sandbox_instances"."id" = $1) and ("workspace_sandbox_instances"."org_id" = $2)) limit $3
2026-09-07 12:13:01.063 UTC [1103] LOG:  statement: commit
2026-09-07 12:13:01.063 UTC [1103] LOG:  statement: begin
2026-09-07 12:13:01.064 UTC [1103] LOG:  execute <unnamed>: select set_config('app.organization_id', $1, true)
2026-09-07 12:13:01.064 UTC [1103] LOG:  execute <unnamed>: select "id", "kind", "org_id", "workspace_id", "conversation_id", "desired_url", "desired_generation", "desired_sha", "provider", "provider_sandbox_id", "latest_snapshot_id", "latest_run_id", "state", "last_heartbeat_at", "created_at", "updated_at" from "workspace_sandbox_instances" where (("workspace_sandbox_instances"."conversation_id" = $1) and ("workspace_sandbox_instances"."kind" = $2) and ("workspace_sandbox_instances"."state" = $3))
2026-09-07 12:13:01.065 UTC [1103] LOG:  statement: commit
2026-09-07 12:13:01.204 UTC [1103] LOG:  statement: begin
2026-09-07 12:13:01.205 UTC [1103] LOG:  execute <unnamed>: select set_config('app.organization_id', $1, true)
2026-09-07 12:13:01.206 UTC [1103] LOG:  statement: savepoint sp1
2026-09-07 12:13:01.207 UTC [1103] LOG:  execute <unnamed>: select "id", "kind", "org_id", "workspace_id", "conversation_id", "desired_url", "desired_generation", "desired_sha", "provider", "provider_sandbox_id", "latest_snapshot_id", "latest_run_id", "state", "last_heartbeat_at", "created_at", "updated_at" from "workspace_sandbox_instances" where (("workspace_sandbox_instances"."org_id" = $1) and ("workspace_sandbox_instances"."kind" = $2) and ("workspace_sandbox_instances"."conversation_id" = $3) and ((("workspace_sandbox_instances"."state" = $4) or ("workspace_sandbox_instances"."state" = $5)))) order by ("workspace_sandbox_instances"."provider_sandbox_id" is not null) desc, "workspace_sandbox_instances"."created_at" asc, "workspace_sandbox_instances"."id" asc limit $6
2026-09-07 12:13:01.209 UTC [1103] LOG:  execute <unnamed>: insert into "workspace_sandbox_instances" ("id", "kind", "org_id", "workspace_id", "conversation_id", "desired_url", "desired_generation", "desired_sha", "provider", "provider_sandbox_id", "latest_snapshot_id", "latest_run_id", "state", "last_heartbeat_at", "created_at", "updated_at") values ($1, $2, $3, $4, $5, $6, $7, $8, $9, $10, $11, $12, $13, $14, $15, $16) on conflict ("id") do update set "kind" = $17, "conversation_id" = $18, "desired_url" = $19, "desired_generation" = $20, "desired_sha" = $21, "provider" = $22, "provider_sandbox_id" = $23, "latest_snapshot_id" = $24, "latest_run_id" = $25, "state" = $26, "last_heartbeat_at" = $27, "updated_at" = $28
2026-09-07 12:13:01.211 UTC [1103] LOG:  statement: release savepoint sp1
2026-09-07 12:13:01.212 UTC [1103] LOG:  statement: commit
2026-09-07 12:13:01.230 UTC [1103] LOG:  statement: begin
2026-09-07 12:13:01.231 UTC [1103] LOG:  execute <unnamed>: select set_config('app.organization_id', $1, true)
2026-09-07 12:13:01.233 UTC [1103] LOG:  execute <unnamed>: update "conversations" set "last_branch" = $1, "updated_at" = $2 where (("conversations"."id" = $3) and ("conversations"."org_id" = $4) and ("conversations"."user_id" = $5))
2026-09-07 12:13:01.234 UTC [1103] LOG:  statement: commit
2026-09-07 12:13:01.235 UTC [1103] LOG:  statement: begin
2026-09-07 12:13:01.236 UTC [1103] LOG:  execute <unnamed>: select set_config('app.organization_id', $1, true)
2026-09-07 12:13:01.237 UTC [1103] LOG:  execute <unnamed>: select "id", "kind", "org_id", "workspace_id", "conversation_id", "desired_url", "desired_generation", "desired_sha", "provider", "provider_sandbox_id", "latest_snapshot_id", "latest_run_id", "state", "last_heartbeat_at", "created_at", "updated_at" from "workspace_sandbox_instances" where (("workspace_sandbox_instances"."conversation_id" = $1) and ("workspace_sandbox_instances"."kind" = $2))
2026-09-07 12:13:01.238 UTC [1103] LOG:  statement: commit
2026-09-07 12:13:01.240 UTC [1103] LOG:  execute <unnamed>: select "id", "expires_at", "token", "created_at", "updated_at", "ip_address", "user_agent", "user_id", "active_organization_id" from "sessions" where "sessions"."token" = $1
2026-09-07 12:13:01.242 UTC [1103] LOG:  execute <unnamed>: select "id", "name", "email", "email_verified", "image", "created_at", "updated_at", "two_factor_enabled", "onboarding_completed_at" from "users" where "users"."id" = $1
2026-09-07 12:13:01.243 UTC [1103] LOG:  execute <unnamed>: select "id", "public_key", "private_key", "created_at", "expires_at" from "jwkss" limit $1
2026-09-07 12:13:01.245 UTC [1103] LOG:  execute <unnamed>: select "id", "expires_at", "token", "created_at", "updated_at", "ip_address", "user_agent", "user_id", "active_organization_id" from "sessions" where "sessions"."token" = $1
2026-09-07 12:13:01.246 UTC [1103] LOG:  execute <unnamed>: select "id", "name", "email", "email_verified", "image", "created_at", "updated_at", "two_factor_enabled", "onboarding_completed_at" from "users" where "users"."id" = $1
2026-09-07 12:13:01.247 UTC [1103] LOG:  execute <unnamed>: select "id", "public_key", "private_key", "created_at", "expires_at" from "jwkss" limit $1
2026-09-07 12:13:01.248 UTC [1103] LOG:  execute <unnamed>: select "organizations"."id" from "organizations" inner join "members" on (("members"."organization_id" = "organizations"."id") and ("members"."user_id" = $1)) where "organizations"."slug" = $2 limit $3
2026-09-07 12:13:01.252 UTC [1103] LOG:  statement: begin
2026-09-07 12:13:01.252 UTC [1103] LOG:  execute <unnamed>: select set_config('app.organization_id', $1, true)
2026-09-07 12:13:01.253 UTC [1103] LOG:  execute <unnamed>: select "id" from "workspaces" where (("workspaces"."id" = $1) and ("workspaces"."org_id" = $2)) limit $3
2026-09-07 12:13:01.254 UTC [1103] LOG:  execute <unnamed>: select "id", "org_id", "user_id", "workspace_id", "name", "source", "last_branch", "last_chat_pr_number", "last_message_at", "created_at", "updated_at" from "conversations" where (("conversations"."id" = $1) and ("conversations"."org_id" = $2) and ("conversations"."user_id" = $3)) limit $4
2026-09-07 12:13:01.255 UTC [1103] LOG:  statement: commit
2026-09-07 12:13:01.256 UTC [1103] LOG:  statement: begin
2026-09-07 12:13:01.257 UTC [1103] LOG:  execute <unnamed>: select set_config('app.organization_id', $1, true)
2026-09-07 12:13:01.259 UTC [1103] LOG:  execute <unnamed>: select "id", "org_id", "slug", "display_name", "workspace_repository_url", "github_connection_id", "desired_generation", "desired_sha", "active_projection_url", "active_projection_sha", "indexed_sha", "write_status", "hydrate_status", "hydrate_error", "last_job_at", "hydrate_phases", "read_only_reason", "created_at", "updated_at" from "workspaces" where (("workspaces"."org_id" = $1) and ("workspaces"."id" = $2)) limit $3
2026-09-07 12:13:01.259 UTC [1103] LOG:  statement: commit
2026-09-07 12:13:01.261 UTC [1103] LOG:  statement: begin
2026-09-07 12:13:01.261 UTC [1103] LOG:  execute <unnamed>: select set_config('app.organization_id', $1, true)
2026-09-07 12:13:01.262 UTC [1103] LOG:  execute <unnamed>: update "conversations" set "last_branch" = $1, "updated_at" = $2 where (("conversations"."id" = $3) and ("conversations"."org_id" = $4) and ("conversations"."user_id" = $5))
2026-09-07 12:13:01.263 UTC [1103] LOG:  statement: commit
2026-09-07 12:13:01.265 UTC [1103] LOG:  statement: begin
2026-09-07 12:13:01.266 UTC [1103] LOG:  execute <unnamed>: select set_config('app.organization_id', $1, true)
2026-09-07 12:13:01.267 UTC [1103] LOG:  execute <unnamed>: update "conversations" set "last_message_at" = $1, "updated_at" = $2 where (("conversations"."id" = $3) and ("conversations"."org_id" = $4) and ("conversations"."user_id" = $5))
2026-09-07 12:13:01.268 UTC [1103] LOG:  statement: commit
2026-09-07 12:13:01.269 UTC [1103] LOG:  statement: begin
2026-09-07 12:13:01.272 UTC [1103] LOG:  execute <unnamed>: select set_config('app.organization_id', $1, true)
2026-09-07 12:13:01.274 UTC [1103] LOG:  execute <unnamed>: select "id", "kind", "org_id", "workspace_id", "conversation_id", "desired_url", "desired_generation", "desired_sha", "provider", "provider_sandbox_id", "latest_snapshot_id", "latest_run_id", "state", "last_heartbeat_at", "created_at", "updated_at" from "workspace_sandbox_instances" where (("workspace_sandbox_instances"."conversation_id" = $1) and ("workspace_sandbox_instances"."kind" = $2))
2026-09-07 12:13:01.275 UTC [1103] LOG:  statement: commit
2026-09-07 12:13:01.276 UTC [1103] LOG:  statement: begin
2026-09-07 12:13:01.276 UTC [1103] LOG:  execute <unnamed>: select set_config('app.organization_id', $1, true)
2026-09-07 12:13:01.277 UTC [1103] LOG:  execute <unnamed>: select "id", "kind", "org_id", "workspace_id", "conversation_id", "desired_url", "desired_generation", "desired_sha", "provider", "provider_sandbox_id", "latest_snapshot_id", "latest_run_id", "state", "last_heartbeat_at", "created_at", "updated_at" from "workspace_sandbox_instances" where (("workspace_sandbox_instances"."conversation_id" = $1) and ("workspace_sandbox_instances"."kind" = $2))
2026-09-07 12:13:01.278 UTC [1103] LOG:  statement: commit
2026-09-07 12:13:01.278 UTC [1103] LOG:  statement: begin
2026-09-07 12:13:01.278 UTC [1103] LOG:  execute <unnamed>: select set_config('app.organization_id', $1, true)
2026-09-07 12:13:01.279 UTC [1103] LOG:  execute <unnamed>: select "id", "kind", "org_id", "workspace_id", "conversation_id", "desired_url", "desired_generation", "desired_sha", "provider", "provider_sandbox_id", "latest_snapshot_id", "latest_run_id", "state", "last_heartbeat_at", "created_at", "updated_at" from "workspace_sandbox_instances" where (("workspace_sandbox_instances"."id" = $1) and ("workspace_sandbox_instances"."org_id" = $2)) limit $3
2026-09-07 12:13:01.279 UTC [1103] LOG:  statement: commit
2026-09-07 12:13:01.279 UTC [1103] LOG:  statement: begin
2026-09-07 12:13:01.280 UTC [1103] LOG:  execute <unnamed>: select set_config('app.organization_id', $1, true)
2026-09-07 12:13:01.280 UTC [1103] LOG:  execute <unnamed>: delete from "workspace_sandbox_instances" where (("workspace_sandbox_instances"."id" = $1) and ("workspace_sandbox_instances"."org_id" = $2))
2026-09-07 12:13:01.280 UTC [1103] LOG:  statement: commit
2026-09-07 12:13:01.286 UTC [1103] LOG:  statement: begin
2026-09-07 12:13:01.286 UTC [1103] LOG:  execute <unnamed>: select set_config('app.organization_id', $1, true)
2026-09-07 12:13:01.286 UTC [1103] LOG:  execute <unnamed>: select "id", "org_id", "slug", "display_name", "workspace_repository_url", "github_connection_id", "desired_generation", "desired_sha", "active_projection_url", "active_projection_sha", "indexed_sha", "write_status", "hydrate_status", "hydrate_error", "last_job_at", "hydrate_phases", "read_only_reason", "created_at", "updated_at" from "workspaces" where (("workspaces"."org_id" = $1) and ("workspaces"."id" = $2)) limit $3
2026-09-07 12:13:01.287 UTC [1103] LOG:  statement: commit
2026-09-07 12:13:01.287 UTC [1103] LOG:  statement: begin
2026-09-07 12:13:01.287 UTC [1103] LOG:  execute <unnamed>: select set_config('app.organization_id', $1, true)
2026-09-07 12:13:01.288 UTC [1103] LOG:  execute <unnamed>: select "id", "org_id", "slug", "display_name", "workspace_repository_url", "github_connection_id", "desired_generation", "desired_sha", "active_projection_url", "active_projection_sha", "indexed_sha", "write_status", "hydrate_status", "hydrate_error", "last_job_at", "hydrate_phases", "read_only_reason", "created_at", "updated_at" from "workspaces" where (("workspaces"."org_id" = $1) and ("workspaces"."id" = $2)) limit $3
2026-09-07 12:13:01.289 UTC [1103] LOG:  execute <unnamed>: select "id", "org_id", "slug", "display_name", "workspace_repository_url", "github_connection_id", "desired_generation", "desired_sha", "active_projection_url", "active_projection_sha", "indexed_sha", "write_status", "hydrate_status", "hydrate_error", "last_job_at", "hydrate_phases", "read_only_reason", "created_at", "updated_at" from "workspaces" where (("workspaces"."org_id" = $1) and ("workspaces"."id" = $2)) limit $3
2026-09-07 12:13:01.289 UTC [1103] LOG:  execute <unnamed>: select "id", "org_id", "workspace_id", "git_url", "desired_ref", "desired_sha", "indexed_sha", "created_at" from "workspace_linked_repositories" where "workspace_linked_repositories"."workspace_id" = $1 order by "workspace_linked_repositories"."created_at"
2026-09-07 12:13:01.291 UTC [1103] LOG:  execute <unnamed>: select "id", "git_url" from "repositories" where "repositories"."org_id" = $1
2026-09-07 12:13:01.293 UTC [1103] LOG:  statement: commit
2026-09-07 12:13:01.295 UTC [1103] LOG:  statement: begin
2026-09-07 12:13:01.295 UTC [1102] LOG:  statement: begin
2026-09-07 12:13:01.297 UTC [1103] LOG:  execute <unnamed>: select set_config('app.organization_id', $1, true)
2026-09-07 12:13:01.297 UTC [1102] LOG:  execute <unnamed>: select set_config('app.organization_id', $1, true)
2026-09-07 12:13:01.299 UTC [1103] LOG:  execute <unnamed>: select "id", "kind", "org_id", "workspace_id", "conversation_id", "desired_url", "desired_generation", "desired_sha", "provider", "provider_sandbox_id", "latest_snapshot_id", "latest_run_id", "state", "last_heartbeat_at", "created_at", "updated_at" from "workspace_sandbox_instances" where (("workspace_sandbox_instances"."conversation_id" = $1) and ("workspace_sandbox_instances"."kind" = $2))
2026-09-07 12:13:01.299 UTC [1102] LOG:  execute <unnamed>: select "id", "kind", "org_id", "workspace_id", "conversation_id", "desired_url", "desired_generation", "desired_sha", "provider", "provider_sandbox_id", "latest_snapshot_id", "latest_run_id", "state", "last_heartbeat_at", "created_at", "updated_at" from "workspace_sandbox_instances" where (("workspace_sandbox_instances"."id" = $1) and ("workspace_sandbox_instances"."org_id" = $2)) limit $3
2026-09-07 12:13:01.300 UTC [1103] LOG:  statement: commit
2026-09-07 12:13:01.300 UTC [1102] LOG:  statement: commit
2026-09-07 12:13:01.301 UTC [1102] LOG:  statement: begin
2026-09-07 12:13:01.301 UTC [1102] LOG:  execute <unnamed>: select set_config('app.organization_id', $1, true)
2026-09-07 12:13:01.302 UTC [1102] LOG:  execute <unnamed>: select "id", "kind", "org_id", "workspace_id", "conversation_id", "desired_url", "desired_generation", "desired_sha", "provider", "provider_sandbox_id", "latest_snapshot_id", "latest_run_id", "state", "last_heartbeat_at", "created_at", "updated_at" from "workspace_sandbox_instances" where (("workspace_sandbox_instances"."conversation_id" = $1) and ("workspace_sandbox_instances"."kind" = $2) and ("workspace_sandbox_instances"."state" = $3))
2026-09-07 12:13:01.302 UTC [1102] LOG:  statement: commit
2026-09-07 12:13:01.444 UTC [1102] LOG:  statement: begin
2026-09-07 12:13:01.445 UTC [1102] LOG:  execute <unnamed>: select set_config('app.organization_id', $1, true)
2026-09-07 12:13:01.446 UTC [1102] LOG:  statement: savepoint sp1
2026-09-07 12:13:01.448 UTC [1102] LOG:  execute <unnamed>: select "id", "kind", "org_id", "workspace_id", "conversation_id", "desired_url", "desired_generation", "desired_sha", "provider", "provider_sandbox_id", "latest_snapshot_id", "latest_run_id", "state", "last_heartbeat_at", "created_at", "updated_at" from "workspace_sandbox_instances" where (("workspace_sandbox_instances"."org_id" = $1) and ("workspace_sandbox_instances"."kind" = $2) and ("workspace_sandbox_instances"."conversation_id" = $3) and ((("workspace_sandbox_instances"."state" = $4) or ("workspace_sandbox_instances"."state" = $5)))) order by ("workspace_sandbox_instances"."provider_sandbox_id" is not null) desc, "workspace_sandbox_instances"."created_at" asc, "workspace_sandbox_instances"."id" asc limit $6
2026-09-07 12:13:01.449 UTC [1102] LOG:  execute <unnamed>: insert into "workspace_sandbox_instances" ("id", "kind", "org_id", "workspace_id", "conversation_id", "desired_url", "desired_generation", "desired_sha", "provider", "provider_sandbox_id", "latest_snapshot_id", "latest_run_id", "state", "last_heartbeat_at", "created_at", "updated_at") values ($1, $2, $3, $4, $5, $6, $7, $8, $9, $10, $11, $12, $13, $14, $15, $16) on conflict ("id") do update set "kind" = $17, "conversation_id" = $18, "desired_url" = $19, "desired_generation" = $20, "desired_sha" = $21, "provider" = $22, "provider_sandbox_id" = $23, "latest_snapshot_id" = $24, "latest_run_id" = $25, "state" = $26, "last_heartbeat_at" = $27, "updated_at" = $28
2026-09-07 12:13:01.450 UTC [1102] LOG:  statement: release savepoint sp1
2026-09-07 12:13:01.451 UTC [1102] LOG:  statement: commit
2026-09-07 12:13:01.494 UTC [1102] LOG:  statement: begin
2026-09-07 12:13:01.495 UTC [1102] LOG:  execute <unnamed>: select set_config('app.organization_id', $1, true)
2026-09-07 12:13:01.496 UTC [1102] LOG:  execute <unnamed>: select "interrupt_id", "run_id", "thread_id", "org_id", "status", "requested_at", "resolved_at", "payload_json", "response_json" from "chat_interrupts" where (("chat_interrupts"."thread_id" = $1) and ("chat_interrupts"."status" = $2)) order by "chat_interrupts"."requested_at" asc
2026-09-07 12:13:01.497 UTC [1102] LOG:  statement: commit
2026-09-07 12:13:01.498 UTC [1102] LOG:  statement: begin
2026-09-07 12:13:01.499 UTC [1102] LOG:  execute <unnamed>: select set_config('app.organization_id', $1, true)
2026-09-07 12:13:01.500 UTC [1102] LOG:  execute <unnamed>: select "run_id", "thread_id", "org_id", "status", "started_at", "finished_at", "error", "error_code", "usage_json", "sandbox_key", "detached_since", "cancel_requested", "driver_epoch" from "chat_runs" where "chat_runs"."run_id" = $1 limit $2
2026-09-07 12:13:01.501 UTC [1102] LOG:  statement: commit
2026-09-07 12:13:01.502 UTC [1102] LOG:  statement: begin
2026-09-07 12:13:01.503 UTC [1102] LOG:  execute <unnamed>: select set_config('app.organization_id', $1, true)
2026-09-07 12:13:01.504 UTC [1102] LOG:  execute <unnamed>: insert into "chat_runs" ("run_id", "thread_id", "org_id", "status", "started_at", "finished_at", "error", "error_code", "usage_json", "sandbox_key", "detached_since", "cancel_requested", "driver_epoch") values ($1, $2, $3, $4, $5, default, default, default, default, default, default, default, default) on conflict ("run_id") do nothing
2026-09-07 12:13:01.505 UTC [1102] LOG:  statement: commit
2026-09-07 12:13:01.506 UTC [1102] LOG:  statement: begin
2026-09-07 12:13:01.507 UTC [1102] LOG:  execute <unnamed>: select set_config('app.organization_id', $1, true)
2026-09-07 12:13:01.508 UTC [1102] LOG:  execute <unnamed>: select "run_id", "thread_id", "org_id", "status", "started_at", "finished_at", "error", "error_code", "usage_json", "sandbox_key", "detached_since", "cancel_requested", "driver_epoch" from "chat_runs" where "chat_runs"."run_id" = $1 limit $2
2026-09-07 12:13:01.509 UTC [1102] LOG:  statement: commit
2026-09-07 12:13:01.510 UTC [1102] LOG:  statement: begin
2026-09-07 12:13:01.511 UTC [1102] LOG:  execute <unnamed>: select set_config('app.organization_id', $1, true)
2026-09-07 12:13:01.513 UTC [1102] LOG:  execute <unnamed>: select "messages_json" from "chat_threads" where "chat_threads"."thread_id" = $1 limit $2
2026-09-07 12:13:01.514 UTC [1102] LOG:  statement: commit
2026-09-07 12:13:01.514 UTC [1102] LOG:  statement: begin
2026-09-07 12:13:01.515 UTC [1102] LOG:  execute <unnamed>: select set_config('app.organization_id', $1, true)
2026-09-07 12:13:01.515 UTC [1102] LOG:  execute <unnamed>: insert into "chat_threads" ("thread_id", "org_id", "messages_json", "updated_at") values ($1, $2, $3, $4) on conflict ("thread_id") do update set "messages_json" = $5, "updated_at" = $6
2026-09-07 12:13:01.516 UTC [1102] LOG:  statement: commit
2026-09-07 12:13:02.615 UTC [1102] LOG:  statement: begin
2026-09-07 12:13:02.616 UTC [1102] LOG:  execute <unnamed>: select set_config('app.organization_id', $1, true)
2026-09-07 12:13:02.617 UTC [1102] LOG:  execute <unnamed>: insert into "chat_threads" ("thread_id", "org_id", "messages_json", "updated_at") values ($1, $2, $3, $4) on conflict ("thread_id") do update set "messages_json" = $5, "updated_at" = $6
2026-09-07 12:13:02.618 UTC [1102] LOG:  statement: commit
2026-09-07 12:13:06.788 UTC [1102] LOG:  statement: begin
2026-09-07 12:13:06.790 UTC [1102] LOG:  execute <unnamed>: select set_config('app.organization_id', $1, true)
2026-09-07 12:13:06.792 UTC [1102] LOG:  execute <unnamed>: insert into "chat_threads" ("thread_id", "org_id", "messages_json", "updated_at") values ($1, $2, $3, $4) on conflict ("thread_id") do update set "messages_json" = $5, "updated_at" = $6
2026-09-07 12:13:06.793 UTC [1102] LOG:  statement: commit
2026-09-07 12:13:06.912 UTC [1102] LOG:  statement: begin
2026-09-07 12:13:06.913 UTC [1102] LOG:  execute <unnamed>: select set_config('app.organization_id', $1, true)
2026-09-07 12:13:06.915 UTC [1102] LOG:  execute <unnamed>: insert into "chat_threads" ("thread_id", "org_id", "messages_json", "updated_at") values ($1, $2, $3, $4) on conflict ("thread_id") do update set "messages_json" = $5, "updated_at" = $6
2026-09-07 12:13:06.916 UTC [1102] LOG:  statement: commit
2026-09-07 12:13:06.920 UTC [1102] LOG:  statement: begin
2026-09-07 12:13:06.921 UTC [1102] LOG:  execute <unnamed>: select set_config('app.organization_id', $1, true)
2026-09-07 12:13:06.923 UTC [1102] LOG:  execute <unnamed>: update "chat_runs" set "status" = $1, "finished_at" = $2, "usage_json" = $3 where "chat_runs"."run_id" = $4
2026-09-07 12:13:06.924 UTC [1102] LOG:  statement: commit
2026-09-07 12:13:06.926 UTC [1102] LOG:  statement: begin
2026-09-07 12:13:06.927 UTC [1102] LOG:  execute <unnamed>: select set_config('app.organization_id', $1, true)
2026-09-07 12:13:06.928 UTC [1102] LOG:  execute <unnamed>: select "messages_json" from "chat_threads" where "chat_threads"."thread_id" = $1 limit $2
2026-09-07 12:13:06.929 UTC [1102] LOG:  statement: commit
2026-09-07 12:13:06.932 UTC [1102] LOG:  statement: begin
2026-09-07 12:13:06.933 UTC [1102] LOG:  execute <unnamed>: select set_config('app.organization_id', $1, true)
2026-09-07 12:13:06.935 UTC [1102] LOG:  execute <unnamed>: select "run_id", "thread_id", "org_id", "status", "started_at", "finished_at", "error", "error_code", "usage_json", "sandbox_key", "detached_since", "cancel_requested", "driver_epoch" from "chat_runs" where (("chat_runs"."thread_id" = $1) and ("chat_runs"."status" = $2)) order by "chat_runs"."started_at" desc limit $3
2026-09-07 12:13:06.935 UTC [1102] LOG:  statement: commit
2026-09-07 12:13:06.936 UTC [1102] LOG:  statement: begin
2026-09-07 12:13:06.937 UTC [1102] LOG:  execute <unnamed>: select set_config('app.organization_id', $1, true)
2026-09-07 12:13:06.939 UTC [1102] LOG:  execute <unnamed>: select "d0"."id" as "id", "d0"."org_id" as "orgId", "d0"."user_id" as "userId", "d0"."workspace_id" as "workspaceId", "d0"."name" as "name", "d0"."source" as "source", "d0"."last_branch" as "lastBranch", "d0"."last_chat_pr_number" as "lastChatPrNumber", "d0"."last_message_at" as "lastMessageAt", "d0"."created_at" as "createdAt", "d0"."updated_at" as "updatedAt" from "conversations" as "d0" where (("d0"."id" = $1) and ("d0"."org_id" = $2) and ("d0"."user_id" = $3)) limit $4
2026-09-07 12:13:06.942 UTC [1102] LOG:  statement: commit
2026-09-07 12:13:06.950 UTC [1102] LOG:  execute <unnamed>: select "id", "expires_at", "token", "created_at", "updated_at", "ip_address", "user_agent", "user_id", "active_organization_id" from "sessions" where "sessions"."token" = $1
2026-09-07 12:13:06.952 UTC [1102] LOG:  execute <unnamed>: select "id", "name", "email", "email_verified", "image", "created_at", "updated_at", "two_factor_enabled", "onboarding_completed_at" from "users" where "users"."id" = $1
2026-09-07 12:13:06.953 UTC [1102] LOG:  execute <unnamed>: select "id", "public_key", "private_key", "created_at", "expires_at" from "jwkss" limit $1
2026-09-07 12:13:06.956 UTC [1102] LOG:  execute <unnamed>: select "id", "expires_at", "token", "created_at", "updated_at", "ip_address", "user_agent", "user_id", "active_organization_id" from "sessions" where "sessions"."token" = $1
2026-09-07 12:13:06.957 UTC [1102] LOG:  execute <unnamed>: select "id", "name", "email", "email_verified", "image", "created_at", "updated_at", "two_factor_enabled", "onboarding_completed_at" from "users" where "users"."id" = $1
2026-09-07 12:13:06.959 UTC [1102] LOG:  execute <unnamed>: select "id", "public_key", "private_key", "created_at", "expires_at" from "jwkss" limit $1
2026-09-07 12:13:06.961 UTC [1102] LOG:  execute <unnamed>: select "organizations"."id" from "organizations" inner join "members" on (("members"."organization_id" = "organizations"."id") and ("members"."user_id" = $1)) where "organizations"."slug" = $2 limit $3
2026-09-07 12:13:06.962 UTC [1102] LOG:  statement: begin
2026-09-07 12:13:06.965 UTC [1102] LOG:  execute <unnamed>: select set_config('app.organization_id', $1, true)
2026-09-07 12:13:06.967 UTC [1102] LOG:  execute <unnamed>: select "d0"."id" as "id", "d0"."org_id" as "orgId", "d0"."user_id" as "userId", "d0"."workspace_id" as "workspaceId", "d0"."name" as "name", "d0"."source" as "source", "d0"."last_branch" as "lastBranch", "d0"."last_chat_pr_number" as "lastChatPrNumber", "d0"."last_message_at" as "lastMessageAt", "d0"."created_at" as "createdAt", "d0"."updated_at" as "updatedAt" from "conversations" as "d0" where (("d0"."id" = $1) and ("d0"."org_id" = $2) and ("d0"."user_id" = $3)) limit $4
2026-09-07 12:13:06.968 UTC [1102] LOG:  statement: commit
2026-09-07 12:13:06.969 UTC [1102] LOG:  statement: begin
2026-09-07 12:13:06.970 UTC [1102] LOG:  execute <unnamed>: select set_config('app.organization_id', $1, true)
2026-09-07 12:13:06.971 UTC [1102] LOG:  execute <unnamed>: select "messages_json" from "chat_threads" where "chat_threads"."thread_id" = $1 limit $2
2026-09-07 12:13:06.972 UTC [1102] LOG:  statement: commit
2026-09-07 12:13:06.973 UTC [1102] LOG:  statement: begin
2026-09-07 12:13:06.974 UTC [1102] LOG:  execute <unnamed>: select set_config('app.organization_id', $1, true)
2026-09-07 12:13:06.975 UTC [1102] LOG:  execute <unnamed>: select "id", "org_id", "slug", "display_name", "workspace_repository_url", "github_connection_id", "desired_generation", "desired_sha", "active_projection_url", "active_projection_sha", "indexed_sha", "write_status", "hydrate_status", "hydrate_error", "last_job_at", "hydrate_phases", "read_only_reason", "created_at", "updated_at" from "workspaces" where (("workspaces"."org_id" = $1) and ("workspaces"."id" = $2)) limit $3
2026-09-07 12:13:06.976 UTC [1102] LOG:  statement: commit
2026-09-07 12:13:07.026 UTC [1102] LOG:  execute <unnamed>: select "id", "expires_at", "token", "created_at", "updated_at", "ip_address", "user_agent", "user_id", "active_organization_id" from "sessions" where "sessions"."token" = $1
2026-09-07 12:13:07.028 UTC [1102] LOG:  execute <unnamed>: select "id", "name", "email", "email_verified", "image", "created_at", "updated_at", "two_factor_enabled", "onboarding_completed_at" from "users" where "users"."id" = $1
2026-09-07 12:13:07.029 UTC [1102] LOG:  execute <unnamed>: select "id", "public_key", "private_key", "created_at", "expires_at" from "jwkss" limit $1
2026-09-07 12:13:07.032 UTC [1102] LOG:  execute <unnamed>: select "id", "expires_at", "token", "created_at", "updated_at", "ip_address", "user_agent", "user_id", "active_organization_id" from "sessions" where "sessions"."token" = $1
2026-09-07 12:13:07.034 UTC [1102] LOG:  execute <unnamed>: select "id", "name", "email", "email_verified", "image", "created_at", "updated_at", "two_factor_enabled", "onboarding_completed_at" from "users" where "users"."id" = $1
2026-09-07 12:13:07.035 UTC [1102] LOG:  execute <unnamed>: select "id", "public_key", "private_key", "created_at", "expires_at" from "jwkss" limit $1
2026-09-07 12:13:07.037 UTC [1102] LOG:  execute <unnamed>: select "organizations"."id" from "organizations" inner join "members" on (("members"."organization_id" = "organizations"."id") and ("members"."user_id" = $1)) where "organizations"."slug" = $2 limit $3
2026-09-07 12:13:07.038 UTC [1102] LOG:  statement: begin
2026-09-07 12:13:07.039 UTC [1102] LOG:  execute <unnamed>: select set_config('app.organization_id', $1, true)
2026-09-07 12:13:07.040 UTC [1102] LOG:  execute <unnamed>: select "id", "org_id", "slug", "display_name", "workspace_repository_url", "github_connection_id", "desired_generation", "desired_sha", "active_projection_url", "active_projection_sha", "indexed_sha", "write_status", "hydrate_status", "hydrate_error", "last_job_at", "hydrate_phases", "read_only_reason", "created_at", "updated_at" from "workspaces" where (("workspaces"."org_id" = $1) and ("workspaces"."slug" = $2)) limit $3
2026-09-07 12:13:07.041 UTC [1102] LOG:  statement: commit
2026-09-07 12:13:07.042 UTC [1102] LOG:  statement: begin
2026-09-07 12:13:07.043 UTC [1102] LOG:  execute <unnamed>: select set_config('app.organization_id', $1, true)
2026-09-07 12:13:07.044 UTC [1102] LOG:  execute <unnamed>: select "id", "org_id", "slug", "display_name", "workspace_repository_url", "github_connection_id", "desired_generation", "desired_sha", "active_projection_url", "active_projection_sha", "indexed_sha", "write_status", "hydrate_status", "hydrate_error", "last_job_at", "hydrate_phases", "read_only_reason", "created_at", "updated_at" from "workspaces" where (("workspaces"."org_id" = $1) and ("workspaces"."id" = $2)) limit $3
2026-09-07 12:13:07.046 UTC [1102] LOG:  execute <unnamed>: select "id", "org_id", "workspace_id", "git_url", "desired_ref", "desired_sha", "indexed_sha", "created_at" from "workspace_linked_repositories" where "workspace_linked_repositories"."workspace_id" = $1 order by "workspace_linked_repositories"."created_at"
2026-09-07 12:13:07.047 UTC [1102] LOG:  statement: commit
2026-09-07 12:13:07.048 UTC [1102] LOG:  statement: begin
2026-09-07 12:13:07.048 UTC [1102] LOG:  execute <unnamed>: select set_config('app.organization_id', $1, true)
2026-09-07 12:13:07.050 UTC [1102] LOG:  execute <unnamed>: select "commit_sha" from "workspace_write_jobs" where (("workspace_write_jobs"."workspace_id" = $1) and ("workspace_write_jobs"."kind" = $2) and (("workspace_write_jobs"."commit_sha" is not null))) order by "workspace_write_jobs"."created_at" asc limit $3
2026-09-07 12:13:07.053 UTC [1102] LOG:  statement: commit
2026-09-07 12:13:07.056 UTC [1102] LOG:  execute <unnamed>: select "id", "expires_at", "token", "created_at", "updated_at", "ip_address", "user_agent", "user_id", "active_organization_id" from "sessions" where "sessions"."token" = $1
2026-09-07 12:13:07.058 UTC [1102] LOG:  execute <unnamed>: select "id", "name", "email", "email_verified", "image", "created_at", "updated_at", "two_factor_enabled", "onboarding_completed_at" from "users" where "users"."id" = $1
2026-09-07 12:13:07.059 UTC [1102] LOG:  execute <unnamed>: select "id", "public_key", "private_key", "created_at", "expires_at" from "jwkss" limit $1
2026-09-07 12:13:07.061 UTC [1102] LOG:  execute <unnamed>: select "id", "expires_at", "token", "created_at", "updated_at", "ip_address", "user_agent", "user_id", "active_organization_id" from "sessions" where "sessions"."token" = $1
2026-09-07 12:13:07.063 UTC [1102] LOG:  execute <unnamed>: select "id", "name", "email", "email_verified", "image", "created_at", "updated_at", "two_factor_enabled", "onboarding_completed_at" from "users" where "users"."id" = $1
2026-09-07 12:13:07.064 UTC [1102] LOG:  execute <unnamed>: select "id", "public_key", "private_key", "created_at", "expires_at" from "jwkss" limit $1
2026-09-07 12:13:07.066 UTC [1102] LOG:  execute <unnamed>: select "organizations"."id" from "organizations" inner join "members" on (("members"."organization_id" = "organizations"."id") and ("members"."user_id" = $1)) where "organizations"."slug" = $2 limit $3
2026-09-07 12:13:07.067 UTC [1102] LOG:  statement: begin
2026-09-07 12:13:07.068 UTC [1102] LOG:  execute <unnamed>: select set_config('app.organization_id', $1, true)
2026-09-07 12:13:07.069 UTC [1102] LOG:  execute <unnamed>: select "id" from "workspaces" where (("workspaces"."id" = $1) and ("workspaces"."org_id" = $2)) limit $3
2026-09-07 12:13:07.070 UTC [1102] LOG:  execute <unnamed>: select "id", "org_id", "user_id", "workspace_id", "name", "source", "last_branch", "last_chat_pr_number", "last_message_at", "created_at", "updated_at" from "conversations" where (("conversations"."id" = $1) and ("conversations"."org_id" = $2) and ("conversations"."user_id" = $3)) limit $4
2026-09-07 12:13:07.072 UTC [1102] LOG:  statement: commit
2026-09-07 12:13:07.074 UTC [1102] LOG:  statement: begin
2026-09-07 12:13:07.075 UTC [1102] LOG:  execute <unnamed>: select set_config('app.organization_id', $1, true)
2026-09-07 12:13:07.076 UTC [1102] LOG:  execute <unnamed>: select "id", "org_id", "slug", "display_name", "workspace_repository_url", "github_connection_id", "desired_generation", "desired_sha", "active_projection_url", "active_projection_sha", "indexed_sha", "write_status", "hydrate_status", "hydrate_error", "last_job_at", "hydrate_phases", "read_only_reason", "created_at", "updated_at" from "workspaces" where (("workspaces"."org_id" = $1) and ("workspaces"."id" = $2)) limit $3
2026-09-07 12:13:07.077 UTC [1102] LOG:  statement: commit
2026-09-07 12:13:07.079 UTC [1102] LOG:  statement: begin
2026-09-07 12:13:07.080 UTC [1102] LOG:  execute <unnamed>: select set_config('app.organization_id', $1, true)
2026-09-07 12:13:07.081 UTC [1102] LOG:  execute <unnamed>: update "conversations" set "last_branch" = $1, "updated_at" = $2 where (("conversations"."id" = $3) and ("conversations"."org_id" = $4) and ("conversations"."user_id" = $5))
2026-09-07 12:13:07.083 UTC [1102] LOG:  statement: commit
2026-09-07 12:13:07.084 UTC [1102] LOG:  statement: begin
2026-09-07 12:13:07.085 UTC [1102] LOG:  execute <unnamed>: select set_config('app.organization_id', $1, true)
2026-09-07 12:13:07.087 UTC [1102] LOG:  execute <unnamed>: select "id", "kind", "org_id", "workspace_id", "conversation_id", "desired_url", "desired_generation", "desired_sha", "provider", "provider_sandbox_id", "latest_snapshot_id", "latest_run_id", "state", "last_heartbeat_at", "created_at", "updated_at" from "workspace_sandbox_instances" where (("workspace_sandbox_instances"."conversation_id" = $1) and ("workspace_sandbox_instances"."kind" = $2))
2026-09-07 12:13:07.088 UTC [1102] LOG:  statement: commit
2026-09-07 12:13:07.089 UTC [1102] LOG:  statement: begin
2026-09-07 12:13:07.090 UTC [1102] LOG:  execute <unnamed>: select set_config('app.organization_id', $1, true)
2026-09-07 12:13:07.091 UTC [1102] LOG:  execute <unnamed>: select "id", "kind", "org_id", "workspace_id", "conversation_id", "desired_url", "desired_generation", "desired_sha", "provider", "provider_sandbox_id", "latest_snapshot_id", "latest_run_id", "state", "last_heartbeat_at", "created_at", "updated_at" from "workspace_sandbox_instances" where (("workspace_sandbox_instances"."conversation_id" = $1) and ("workspace_sandbox_instances"."kind" = $2))
2026-09-07 12:13:07.091 UTC [1102] LOG:  statement: commit
2026-09-07 12:13:07.091 UTC [1102] LOG:  statement: begin
2026-09-07 12:13:07.092 UTC [1102] LOG:  execute <unnamed>: select set_config('app.organization_id', $1, true)
2026-09-07 12:13:07.092 UTC [1102] LOG:  execute <unnamed>: select "id", "kind", "org_id", "workspace_id", "conversation_id", "desired_url", "desired_generation", "desired_sha", "provider", "provider_sandbox_id", "latest_snapshot_id", "latest_run_id", "state", "last_heartbeat_at", "created_at", "updated_at" from "workspace_sandbox_instances" where (("workspace_sandbox_instances"."id" = $1) and ("workspace_sandbox_instances"."org_id" = $2)) limit $3
2026-09-07 12:13:07.093 UTC [1102] LOG:  statement: commit
2026-09-07 12:13:07.098 UTC [1102] LOG:  statement: begin
2026-09-07 12:13:07.100 UTC [1102] LOG:  execute <unnamed>: select set_config('app.organization_id', $1, true)
2026-09-07 12:13:07.100 UTC [1102] LOG:  execute <unnamed>: delete from "workspace_sandbox_instances" where (("workspace_sandbox_instances"."id" = $1) and ("workspace_sandbox_instances"."org_id" = $2))
2026-09-07 12:13:07.101 UTC [1102] LOG:  statement: commit
2026-09-07 12:13:07.102 UTC [1102] LOG:  execute <unnamed>: select "slug" from "organizations" where "organizations"."id" = $1 limit $2
2026-09-07 12:13:07.103 UTC [1102] LOG:  statement: begin
2026-09-07 12:13:07.103 UTC [1102] LOG:  execute <unnamed>: select set_config('app.organization_id', $1, true)
2026-09-07 12:13:07.104 UTC [1102] LOG:  execute <unnamed>: select "id", "kind", "org_id", "workspace_id", "conversation_id", "desired_url", "desired_generation", "desired_sha", "provider", "provider_sandbox_id", "latest_snapshot_id", "latest_run_id", "state", "last_heartbeat_at", "created_at", "updated_at" from "workspace_sandbox_instances" where (("workspace_sandbox_instances"."id" = $1) and ("workspace_sandbox_instances"."org_id" = $2)) limit $3
2026-09-07 12:13:07.104 UTC [1102] LOG:  statement: commit
2026-09-07 12:13:07.105 UTC [1102] LOG:  statement: begin
2026-09-07 12:13:07.105 UTC [1102] LOG:  execute <unnamed>: select set_config('app.organization_id', $1, true)
2026-09-07 12:13:07.106 UTC [1102] LOG:  execute <unnamed>: select "id", "kind", "org_id", "workspace_id", "conversation_id", "desired_url", "desired_generation", "desired_sha", "provider", "provider_sandbox_id", "latest_snapshot_id", "latest_run_id", "state", "last_heartbeat_at", "created_at", "updated_at" from "workspace_sandbox_instances" where (("workspace_sandbox_instances"."conversation_id" = $1) and ("workspace_sandbox_instances"."kind" = $2) and ("workspace_sandbox_instances"."state" = $3))
2026-09-07 12:13:07.106 UTC [1102] LOG:  statement: commit
2026-09-07 12:13:07.244 UTC [1102] LOG:  statement: begin
2026-09-07 12:13:07.245 UTC [1102] LOG:  execute <unnamed>: select set_config('app.organization_id', $1, true)
2026-09-07 12:13:07.246 UTC [1102] LOG:  statement: savepoint sp1
2026-09-07 12:13:07.248 UTC [1102] LOG:  execute <unnamed>: select "id", "kind", "org_id", "workspace_id", "conversation_id", "desired_url", "desired_generation", "desired_sha", "provider", "provider_sandbox_id", "latest_snapshot_id", "latest_run_id", "state", "last_heartbeat_at", "created_at", "updated_at" from "workspace_sandbox_instances" where (("workspace_sandbox_instances"."org_id" = $1) and ("workspace_sandbox_instances"."kind" = $2) and ("workspace_sandbox_instances"."conversation_id" = $3) and ((("workspace_sandbox_instances"."state" = $4) or ("workspace_sandbox_instances"."state" = $5)))) order by ("workspace_sandbox_instances"."provider_sandbox_id" is not null) desc, "workspace_sandbox_instances"."created_at" asc, "workspace_sandbox_instances"."id" asc limit $6
2026-09-07 12:13:07.249 UTC [1102] LOG:  execute <unnamed>: insert into "workspace_sandbox_instances" ("id", "kind", "org_id", "workspace_id", "conversation_id", "desired_url", "desired_generation", "desired_sha", "provider", "provider_sandbox_id", "latest_snapshot_id", "latest_run_id", "state", "last_heartbeat_at", "created_at", "updated_at") values ($1, $2, $3, $4, $5, $6, $7, $8, $9, $10, $11, $12, $13, $14, $15, $16) on conflict ("id") do update set "kind" = $17, "conversation_id" = $18, "desired_url" = $19, "desired_generation" = $20, "desired_sha" = $21, "provider" = $22, "provider_sandbox_id" = $23, "latest_snapshot_id" = $24, "latest_run_id" = $25, "state" = $26, "last_heartbeat_at" = $27, "updated_at" = $28
2026-09-07 12:13:07.252 UTC [1102] LOG:  statement: release savepoint sp1
2026-09-07 12:13:07.253 UTC [1102] LOG:  statement: commit
2026-09-07 12:13:07.272 UTC [1102] LOG:  statement: begin
2026-09-07 12:13:07.274 UTC [1102] LOG:  execute <unnamed>: select set_config('app.organization_id', $1, true)
2026-09-07 12:13:07.276 UTC [1102] LOG:  execute <unnamed>: update "conversations" set "last_branch" = $1, "updated_at" = $2 where (("conversations"."id" = $3) and ("conversations"."org_id" = $4) and ("conversations"."user_id" = $5))
2026-09-07 12:13:07.276 UTC [1102] LOG:  statement: commit
2026-09-07 12:13:07.277 UTC [1102] LOG:  statement: begin
2026-09-07 12:13:07.278 UTC [1102] LOG:  execute <unnamed>: select set_config('app.organization_id', $1, true)
2026-09-07 12:13:07.279 UTC [1102] LOG:  execute <unnamed>: select "id", "kind", "org_id", "workspace_id", "conversation_id", "desired_url", "desired_generation", "desired_sha", "provider", "provider_sandbox_id", "latest_snapshot_id", "latest_run_id", "state", "last_heartbeat_at", "created_at", "updated_at" from "workspace_sandbox_instances" where (("workspace_sandbox_instances"."conversation_id" = $1) and ("workspace_sandbox_instances"."kind" = $2))
2026-09-07 12:13:07.280 UTC [1102] LOG:  statement: commit
2026-09-07 12:13:07.283 UTC [1102] LOG:  execute <unnamed>: select "id", "expires_at", "token", "created_at", "updated_at", "ip_address", "user_agent", "user_id", "active_organization_id" from "sessions" where "sessions"."token" = $1
2026-09-07 12:13:07.284 UTC [1102] LOG:  execute <unnamed>: select "id", "name", "email", "email_verified", "image", "created_at", "updated_at", "two_factor_enabled", "onboarding_completed_at" from "users" where "users"."id" = $1
2026-09-07 12:13:07.285 UTC [1102] LOG:  execute <unnamed>: select "id", "public_key", "private_key", "created_at", "expires_at" from "jwkss" limit $1
2026-09-07 12:13:07.286 UTC [1102] LOG:  execute <unnamed>: select "id", "expires_at", "token", "created_at", "updated_at", "ip_address", "user_agent", "user_id", "active_organization_id" from "sessions" where "sessions"."token" = $1
2026-09-07 12:13:07.288 UTC [1102] LOG:  execute <unnamed>: select "id", "name", "email", "email_verified", "image", "created_at", "updated_at", "two_factor_enabled", "onboarding_completed_at" from "users" where "users"."id" = $1
2026-09-07 12:13:07.289 UTC [1102] LOG:  execute <unnamed>: select "id", "public_key", "private_key", "created_at", "expires_at" from "jwkss" limit $1
2026-09-07 12:13:07.290 UTC [1102] LOG:  execute <unnamed>: select "organizations"."id" from "organizations" inner join "members" on (("members"."organization_id" = "organizations"."id") and ("members"."user_id" = $1)) where "organizations"."slug" = $2 limit $3
2026-09-07 12:13:07.292 UTC [1102] LOG:  statement: begin
2026-09-07 12:13:07.292 UTC [1102] LOG:  execute <unnamed>: select set_config('app.organization_id', $1, true)
2026-09-07 12:13:07.293 UTC [1102] LOG:  execute <unnamed>: select "id" from "workspaces" where (("workspaces"."id" = $1) and ("workspaces"."org_id" = $2)) limit $3
2026-09-07 12:13:07.294 UTC [1102] LOG:  execute <unnamed>: select "id", "org_id", "user_id", "workspace_id", "name", "source", "last_branch", "last_chat_pr_number", "last_message_at", "created_at", "updated_at" from "conversations" where (("conversations"."id" = $1) and ("conversations"."org_id" = $2) and ("conversations"."user_id" = $3)) limit $4
2026-09-07 12:13:07.295 UTC [1102] LOG:  statement: commit
2026-09-07 12:13:07.298 UTC [1102] LOG:  statement: begin
2026-09-07 12:13:07.299 UTC [1102] LOG:  execute <unnamed>: select set_config('app.organization_id', $1, true)
2026-09-07 12:13:07.300 UTC [1102] LOG:  execute <unnamed>: select "id", "org_id", "slug", "display_name", "workspace_repository_url", "github_connection_id", "desired_generation", "desired_sha", "active_projection_url", "active_projection_sha", "indexed_sha", "write_status", "hydrate_status", "hydrate_error", "last_job_at", "hydrate_phases", "read_only_reason", "created_at", "updated_at" from "workspaces" where (("workspaces"."org_id" = $1) and ("workspaces"."id" = $2)) limit $3
2026-09-07 12:13:07.301 UTC [1102] LOG:  statement: commit
2026-09-07 12:13:07.302 UTC [1102] LOG:  statement: begin
2026-09-07 12:13:07.303 UTC [1102] LOG:  execute <unnamed>: select set_config('app.organization_id', $1, true)
2026-09-07 12:13:07.304 UTC [1102] LOG:  execute <unnamed>: update "conversations" set "last_branch" = $1, "updated_at" = $2 where (("conversations"."id" = $3) and ("conversations"."org_id" = $4) and ("conversations"."user_id" = $5))
2026-09-07 12:13:07.305 UTC [1102] LOG:  statement: commit
2026-09-07 12:13:07.306 UTC [1102] LOG:  statement: begin
2026-09-07 12:13:07.307 UTC [1102] LOG:  execute <unnamed>: select set_config('app.organization_id', $1, true)
2026-09-07 12:13:07.308 UTC [1102] LOG:  execute <unnamed>: update "conversations" set "last_message_at" = $1, "updated_at" = $2 where (("conversations"."id" = $3) and ("conversations"."org_id" = $4) and ("conversations"."user_id" = $5))
2026-09-07 12:13:07.309 UTC [1102] LOG:  statement: commit
2026-09-07 12:13:07.310 UTC [1102] LOG:  statement: begin
2026-09-07 12:13:07.311 UTC [1102] LOG:  execute <unnamed>: select set_config('app.organization_id', $1, true)
2026-09-07 12:13:07.313 UTC [1102] LOG:  execute <unnamed>: select "id", "kind", "org_id", "workspace_id", "conversation_id", "desired_url", "desired_generation", "desired_sha", "provider", "provider_sandbox_id", "latest_snapshot_id", "latest_run_id", "state", "last_heartbeat_at", "created_at", "updated_at" from "workspace_sandbox_instances" where (("workspace_sandbox_instances"."conversation_id" = $1) and ("workspace_sandbox_instances"."kind" = $2))
2026-09-07 12:13:07.314 UTC [1102] LOG:  statement: commit
2026-09-07 12:13:07.314 UTC [1102] LOG:  statement: begin
2026-09-07 12:13:07.315 UTC [1102] LOG:  execute <unnamed>: select set_config('app.organization_id', $1, true)
2026-09-07 12:13:07.316 UTC [1102] LOG:  execute <unnamed>: select "id", "kind", "org_id", "workspace_id", "conversation_id", "desired_url", "desired_generation", "desired_sha", "provider", "provider_sandbox_id", "latest_snapshot_id", "latest_run_id", "state", "last_heartbeat_at", "created_at", "updated_at" from "workspace_sandbox_instances" where (("workspace_sandbox_instances"."conversation_id" = $1) and ("workspace_sandbox_instances"."kind" = $2))
2026-09-07 12:13:07.319 UTC [1102] LOG:  statement: commit
2026-09-07 12:13:07.320 UTC [1102] LOG:  statement: begin
2026-09-07 12:13:07.321 UTC [1102] LOG:  execute <unnamed>: select set_config('app.organization_id', $1, true)
2026-09-07 12:13:07.322 UTC [1102] LOG:  execute <unnamed>: select "id", "kind", "org_id", "workspace_id", "conversation_id", "desired_url", "desired_generation", "desired_sha", "provider", "provider_sandbox_id", "latest_snapshot_id", "latest_run_id", "state", "last_heartbeat_at", "created_at", "updated_at" from "workspace_sandbox_instances" where (("workspace_sandbox_instances"."id" = $1) and ("workspace_sandbox_instances"."org_id" = $2)) limit $3
2026-09-07 12:13:07.323 UTC [1102] LOG:  statement: commit
2026-09-07 12:13:07.324 UTC [1102] LOG:  statement: begin
2026-09-07 12:13:07.325 UTC [1102] LOG:  execute <unnamed>: select set_config('app.organization_id', $1, true)
2026-09-07 12:13:07.325 UTC [1102] LOG:  execute <unnamed>: delete from "workspace_sandbox_instances" where (("workspace_sandbox_instances"."id" = $1) and ("workspace_sandbox_instances"."org_id" = $2))
2026-09-07 12:13:07.326 UTC [1102] LOG:  statement: commit
2026-09-07 12:13:07.331 UTC [1102] LOG:  statement: begin
2026-09-07 12:13:07.331 UTC [1102] LOG:  execute <unnamed>: select set_config('app.organization_id', $1, true)
2026-09-07 12:13:07.332 UTC [1102] LOG:  execute <unnamed>: select "id", "org_id", "slug", "display_name", "workspace_repository_url", "github_connection_id", "desired_generation", "desired_sha", "active_projection_url", "active_projection_sha", "indexed_sha", "write_status", "hydrate_status", "hydrate_error", "last_job_at", "hydrate_phases", "read_only_reason", "created_at", "updated_at" from "workspaces" where (("workspaces"."org_id" = $1) and ("workspaces"."id" = $2)) limit $3
2026-09-07 12:13:07.333 UTC [1102] LOG:  statement: commit
2026-09-07 12:13:07.334 UTC [1102] LOG:  statement: begin
2026-09-07 12:13:07.334 UTC [1102] LOG:  execute <unnamed>: select set_config('app.organization_id', $1, true)
2026-09-07 12:13:07.334 UTC [1102] LOG:  execute <unnamed>: select "id", "org_id", "slug", "display_name", "workspace_repository_url", "github_connection_id", "desired_generation", "desired_sha", "active_projection_url", "active_projection_sha", "indexed_sha", "write_status", "hydrate_status", "hydrate_error", "last_job_at", "hydrate_phases", "read_only_reason", "created_at", "updated_at" from "workspaces" where (("workspaces"."org_id" = $1) and ("workspaces"."id" = $2)) limit $3
2026-09-07 12:13:07.335 UTC [1102] LOG:  execute <unnamed>: select "id", "org_id", "slug", "display_name", "workspace_repository_url", "github_connection_id", "desired_generation", "desired_sha", "active_projection_url", "active_projection_sha", "indexed_sha", "write_status", "hydrate_status", "hydrate_error", "last_job_at", "hydrate_phases", "read_only_reason", "created_at", "updated_at" from "workspaces" where (("workspaces"."org_id" = $1) and ("workspaces"."id" = $2)) limit $3
2026-09-07 12:13:07.336 UTC [1102] LOG:  execute <unnamed>: select "id", "org_id", "workspace_id", "git_url", "desired_ref", "desired_sha", "indexed_sha", "created_at" from "workspace_linked_repositories" where "workspace_linked_repositories"."workspace_id" = $1 order by "workspace_linked_repositories"."created_at"
2026-09-07 12:13:07.337 UTC [1102] LOG:  execute <unnamed>: select "id", "git_url" from "repositories" where "repositories"."org_id" = $1
2026-09-07 12:13:07.338 UTC [1102] LOG:  statement: commit
2026-09-07 12:13:07.339 UTC [1102] LOG:  statement: begin
2026-09-07 12:13:07.339 UTC [1103] LOG:  statement: begin
2026-09-07 12:13:07.340 UTC [1102] LOG:  execute <unnamed>: select set_config('app.organization_id', $1, true)
2026-09-07 12:13:07.340 UTC [1103] LOG:  execute <unnamed>: select set_config('app.organization_id', $1, true)
2026-09-07 12:13:07.340 UTC [1102] LOG:  execute <unnamed>: select "id", "kind", "org_id", "workspace_id", "conversation_id", "desired_url", "desired_generation", "desired_sha", "provider", "provider_sandbox_id", "latest_snapshot_id", "latest_run_id", "state", "last_heartbeat_at", "created_at", "updated_at" from "workspace_sandbox_instances" where (("workspace_sandbox_instances"."conversation_id" = $1) and ("workspace_sandbox_instances"."kind" = $2))
2026-09-07 12:13:07.340 UTC [1103] LOG:  execute <unnamed>: select "id", "kind", "org_id", "workspace_id", "conversation_id", "desired_url", "desired_generation", "desired_sha", "provider", "provider_sandbox_id", "latest_snapshot_id", "latest_run_id", "state", "last_heartbeat_at", "created_at", "updated_at" from "workspace_sandbox_instances" where (("workspace_sandbox_instances"."id" = $1) and ("workspace_sandbox_instances"."org_id" = $2)) limit $3
2026-09-07 12:13:07.342 UTC [1103] LOG:  statement: commit
2026-09-07 12:13:07.342 UTC [1102] LOG:  statement: commit
2026-09-07 12:13:07.343 UTC [1103] LOG:  statement: begin
2026-09-07 12:13:07.344 UTC [1103] LOG:  execute <unnamed>: select set_config('app.organization_id', $1, true)
2026-09-07 12:13:07.345 UTC [1103] LOG:  execute <unnamed>: select "id", "kind", "org_id", "workspace_id", "conversation_id", "desired_url", "desired_generation", "desired_sha", "provider", "provider_sandbox_id", "latest_snapshot_id", "latest_run_id", "state", "last_heartbeat_at", "created_at", "updated_at" from "workspace_sandbox_instances" where (("workspace_sandbox_instances"."conversation_id" = $1) and ("workspace_sandbox_instances"."kind" = $2) and ("workspace_sandbox_instances"."state" = $3))
2026-09-07 12:13:07.346 UTC [1103] LOG:  statement: commit
2026-09-07 12:13:07.493 UTC [1103] LOG:  statement: begin
2026-09-07 12:13:07.494 UTC [1103] LOG:  execute <unnamed>: select set_config('app.organization_id', $1, true)
2026-09-07 12:13:07.494 UTC [1103] LOG:  statement: savepoint sp1
2026-09-07 12:13:07.496 UTC [1103] LOG:  execute <unnamed>: select "id", "kind", "org_id", "workspace_id", "conversation_id", "desired_url", "desired_generation", "desired_sha", "provider", "provider_sandbox_id", "latest_snapshot_id", "latest_run_id", "state", "last_heartbeat_at", "created_at", "updated_at" from "workspace_sandbox_instances" where (("workspace_sandbox_instances"."org_id" = $1) and ("workspace_sandbox_instances"."kind" = $2) and ("workspace_sandbox_instances"."conversation_id" = $3) and ((("workspace_sandbox_instances"."state" = $4) or ("workspace_sandbox_instances"."state" = $5)))) order by ("workspace_sandbox_instances"."provider_sandbox_id" is not null) desc, "workspace_sandbox_instances"."created_at" asc, "workspace_sandbox_instances"."id" asc limit $6
2026-09-07 12:13:07.497 UTC [1103] LOG:  execute <unnamed>: insert into "workspace_sandbox_instances" ("id", "kind", "org_id", "workspace_id", "conversation_id", "desired_url", "desired_generation", "desired_sha", "provider", "provider_sandbox_id", "latest_snapshot_id", "latest_run_id", "state", "last_heartbeat_at", "created_at", "updated_at") values ($1, $2, $3, $4, $5, $6, $7, $8, $9, $10, $11, $12, $13, $14, $15, $16) on conflict ("id") do update set "kind" = $17, "conversation_id" = $18, "desired_url" = $19, "desired_generation" = $20, "desired_sha" = $21, "provider" = $22, "provider_sandbox_id" = $23, "latest_snapshot_id" = $24, "latest_run_id" = $25, "state" = $26, "last_heartbeat_at" = $27, "updated_at" = $28
2026-09-07 12:13:07.498 UTC [1103] LOG:  statement: release savepoint sp1
2026-09-07 12:13:07.499 UTC [1103] LOG:  statement: commit
2026-09-07 12:13:07.543 UTC [1103] LOG:  statement: begin
2026-09-07 12:13:07.544 UTC [1103] LOG:  execute <unnamed>: select set_config('app.organization_id', $1, true)
2026-09-07 12:13:07.545 UTC [1103] LOG:  execute <unnamed>: select "interrupt_id", "run_id", "thread_id", "org_id", "status", "requested_at", "resolved_at", "payload_json", "response_json" from "chat_interrupts" where (("chat_interrupts"."thread_id" = $1) and ("chat_interrupts"."status" = $2)) order by "chat_interrupts"."requested_at" asc
2026-09-07 12:13:07.546 UTC [1103] LOG:  statement: commit
2026-09-07 12:13:07.547 UTC [1103] LOG:  statement: begin
2026-09-07 12:13:07.548 UTC [1103] LOG:  execute <unnamed>: select set_config('app.organization_id', $1, true)
2026-09-07 12:13:07.549 UTC [1103] LOG:  execute <unnamed>: select "run_id", "thread_id", "org_id", "status", "started_at", "finished_at", "error", "error_code", "usage_json", "sandbox_key", "detached_since", "cancel_requested", "driver_epoch" from "chat_runs" where "chat_runs"."run_id" = $1 limit $2
2026-09-07 12:13:07.550 UTC [1103] LOG:  statement: commit
2026-09-07 12:13:07.551 UTC [1103] LOG:  statement: begin
2026-09-07 12:13:07.552 UTC [1103] LOG:  execute <unnamed>: select set_config('app.organization_id', $1, true)
2026-09-07 12:13:07.554 UTC [1103] LOG:  execute <unnamed>: insert into "chat_runs" ("run_id", "thread_id", "org_id", "status", "started_at", "finished_at", "error", "error_code", "usage_json", "sandbox_key", "detached_since", "cancel_requested", "driver_epoch") values ($1, $2, $3, $4, $5, default, default, default, default, default, default, default, default) on conflict ("run_id") do nothing
2026-09-07 12:13:07.555 UTC [1103] LOG:  statement: commit
2026-09-07 12:13:07.556 UTC [1103] LOG:  statement: begin
2026-09-07 12:13:07.558 UTC [1103] LOG:  execute <unnamed>: select set_config('app.organization_id', $1, true)
2026-09-07 12:13:07.559 UTC [1103] LOG:  execute <unnamed>: select "run_id", "thread_id", "org_id", "status", "started_at", "finished_at", "error", "error_code", "usage_json", "sandbox_key", "detached_since", "cancel_requested", "driver_epoch" from "chat_runs" where "chat_runs"."run_id" = $1 limit $2
2026-09-07 12:13:07.561 UTC [1103] LOG:  statement: commit
2026-09-07 12:13:07.561 UTC [1103] LOG:  statement: begin
2026-09-07 12:13:07.562 UTC [1103] LOG:  execute <unnamed>: select set_config('app.organization_id', $1, true)
2026-09-07 12:13:07.563 UTC [1103] LOG:  execute <unnamed>: select "messages_json" from "chat_threads" where "chat_threads"."thread_id" = $1 limit $2
2026-09-07 12:13:07.565 UTC [1103] LOG:  statement: commit
2026-09-07 12:13:07.566 UTC [1103] LOG:  statement: begin
2026-09-07 12:13:07.567 UTC [1103] LOG:  execute <unnamed>: select set_config('app.organization_id', $1, true)
2026-09-07 12:13:07.568 UTC [1103] LOG:  execute <unnamed>: insert into "chat_threads" ("thread_id", "org_id", "messages_json", "updated_at") values ($1, $2, $3, $4) on conflict ("thread_id") do update set "messages_json" = $5, "updated_at" = $6
2026-09-07 12:13:07.572 UTC [1103] LOG:  statement: commit
2026-09-07 12:13:08.678 UTC [1103] LOG:  statement: begin
2026-09-07 12:13:08.679 UTC [1103] LOG:  execute <unnamed>: select set_config('app.organization_id', $1, true)
2026-09-07 12:13:08.680 UTC [1103] LOG:  execute <unnamed>: insert into "chat_threads" ("thread_id", "org_id", "messages_json", "updated_at") values ($1, $2, $3, $4) on conflict ("thread_id") do update set "messages_json" = $5, "updated_at" = $6
2026-09-07 12:13:08.681 UTC [1103] LOG:  statement: commit
2026-09-07 12:13:12.893 UTC [1103] LOG:  statement: begin
2026-09-07 12:13:12.894 UTC [1103] LOG:  execute <unnamed>: select set_config('app.organization_id', $1, true)
2026-09-07 12:13:12.896 UTC [1103] LOG:  execute <unnamed>: insert into "chat_threads" ("thread_id", "org_id", "messages_json", "updated_at") values ($1, $2, $3, $4) on conflict ("thread_id") do update set "messages_json" = $5, "updated_at" = $6
2026-09-07 12:13:12.897 UTC [1103] LOG:  statement: commit
2026-09-07 12:13:13.024 UTC [1103] LOG:  statement: begin
2026-09-07 12:13:13.027 UTC [1103] LOG:  execute <unnamed>: select set_config('app.organization_id', $1, true)
2026-09-07 12:13:13.028 UTC [1103] LOG:  execute <unnamed>: insert into "chat_threads" ("thread_id", "org_id", "messages_json", "updated_at") values ($1, $2, $3, $4) on conflict ("thread_id") do update set "messages_json" = $5, "updated_at" = $6
2026-09-07 12:13:13.030 UTC [1103] LOG:  statement: commit
2026-09-07 12:13:13.031 UTC [1103] LOG:  statement: begin
2026-09-07 12:13:13.032 UTC [1103] LOG:  execute <unnamed>: select set_config('app.organization_id', $1, true)
2026-09-07 12:13:13.034 UTC [1103] LOG:  execute <unnamed>: update "chat_runs" set "status" = $1, "finished_at" = $2, "usage_json" = $3 where "chat_runs"."run_id" = $4
2026-09-07 12:13:13.035 UTC [1103] LOG:  statement: commit
2026-09-07 12:13:13.036 UTC [1103] LOG:  statement: begin
2026-09-07 12:13:13.037 UTC [1103] LOG:  execute <unnamed>: select set_config('app.organization_id', $1, true)
2026-09-07 12:13:13.039 UTC [1103] LOG:  execute <unnamed>: select "messages_json" from "chat_threads" where "chat_threads"."thread_id" = $1 limit $2
2026-09-07 12:13:13.039 UTC [1103] LOG:  statement: commit
2026-09-07 12:13:13.042 UTC [1103] LOG:  statement: begin
2026-09-07 12:13:13.042 UTC [1103] LOG:  execute <unnamed>: select set_config('app.organization_id', $1, true)
2026-09-07 12:13:13.046 UTC [1103] LOG:  execute <unnamed>: select "run_id", "thread_id", "org_id", "status", "started_at", "finished_at", "error", "error_code", "usage_json", "sandbox_key", "detached_since", "cancel_requested", "driver_epoch" from "chat_runs" where (("chat_runs"."thread_id" = $1) and ("chat_runs"."status" = $2)) order by "chat_runs"."started_at" desc limit $3
2026-09-07 12:13:13.047 UTC [1103] LOG:  statement: commit
2026-09-07 12:13:13.048 UTC [1103] LOG:  statement: begin
2026-09-07 12:13:13.049 UTC [1103] LOG:  execute <unnamed>: select set_config('app.organization_id', $1, true)
2026-09-07 12:13:13.050 UTC [1103] LOG:  execute <unnamed>: select "d0"."id" as "id", "d0"."org_id" as "orgId", "d0"."user_id" as "userId", "d0"."workspace_id" as "workspaceId", "d0"."name" as "name", "d0"."source" as "source", "d0"."last_branch" as "lastBranch", "d0"."last_chat_pr_number" as "lastChatPrNumber", "d0"."last_message_at" as "lastMessageAt", "d0"."created_at" as "createdAt", "d0"."updated_at" as "updatedAt" from "conversations" as "d0" where (("d0"."id" = $1) and ("d0"."org_id" = $2) and ("d0"."user_id" = $3)) limit $4
2026-09-07 12:13:13.052 UTC [1103] LOG:  statement: commit
2026-09-07 12:13:13.060 UTC [1103] LOG:  execute <unnamed>: select "id", "expires_at", "token", "created_at", "updated_at", "ip_address", "user_agent", "user_id", "active_organization_id" from "sessions" where "sessions"."token" = $1
2026-09-07 12:13:13.061 UTC [1103] LOG:  execute <unnamed>: select "id", "name", "email", "email_verified", "image", "created_at", "updated_at", "two_factor_enabled", "onboarding_completed_at" from "users" where "users"."id" = $1
2026-09-07 12:13:13.063 UTC [1103] LOG:  execute <unnamed>: select "id", "public_key", "private_key", "created_at", "expires_at" from "jwkss" limit $1
2026-09-07 12:13:13.065 UTC [1103] LOG:  execute <unnamed>: select "id", "expires_at", "token", "created_at", "updated_at", "ip_address", "user_agent", "user_id", "active_organization_id" from "sessions" where "sessions"."token" = $1
2026-09-07 12:13:13.067 UTC [1103] LOG:  execute <unnamed>: select "id", "name", "email", "email_verified", "image", "created_at", "updated_at", "two_factor_enabled", "onboarding_completed_at" from "users" where "users"."id" = $1
2026-09-07 12:13:13.069 UTC [1103] LOG:  execute <unnamed>: select "id", "public_key", "private_key", "created_at", "expires_at" from "jwkss" limit $1
2026-09-07 12:13:13.070 UTC [1103] LOG:  execute <unnamed>: select "organizations"."id" from "organizations" inner join "members" on (("members"."organization_id" = "organizations"."id") and ("members"."user_id" = $1)) where "organizations"."slug" = $2 limit $3
2026-09-07 12:13:13.072 UTC [1103] LOG:  statement: begin
2026-09-07 12:13:13.073 UTC [1103] LOG:  execute <unnamed>: select set_config('app.organization_id', $1, true)
2026-09-07 12:13:13.074 UTC [1103] LOG:  execute <unnamed>: select "d0"."id" as "id", "d0"."org_id" as "orgId", "d0"."user_id" as "userId", "d0"."workspace_id" as "workspaceId", "d0"."name" as "name", "d0"."source" as "source", "d0"."last_branch" as "lastBranch", "d0"."last_chat_pr_number" as "lastChatPrNumber", "d0"."last_message_at" as "lastMessageAt", "d0"."created_at" as "createdAt", "d0"."updated_at" as "updatedAt" from "conversations" as "d0" where (("d0"."id" = $1) and ("d0"."org_id" = $2) and ("d0"."user_id" = $3)) limit $4
2026-09-07 12:13:13.075 UTC [1103] LOG:  statement: commit
2026-09-07 12:13:13.076 UTC [1103] LOG:  statement: begin
2026-09-07 12:13:13.077 UTC [1103] LOG:  execute <unnamed>: select set_config('app.organization_id', $1, true)
2026-09-07 12:13:13.077 UTC [1103] LOG:  execute <unnamed>: select "messages_json" from "chat_threads" where "chat_threads"."thread_id" = $1 limit $2
2026-09-07 12:13:13.078 UTC [1103] LOG:  statement: commit
2026-09-07 12:13:13.080 UTC [1103] LOG:  statement: begin
2026-09-07 12:13:13.081 UTC [1103] LOG:  execute <unnamed>: select set_config('app.organization_id', $1, true)
2026-09-07 12:13:13.082 UTC [1103] LOG:  execute <unnamed>: select "id", "org_id", "slug", "display_name", "workspace_repository_url", "github_connection_id", "desired_generation", "desired_sha", "active_projection_url", "active_projection_sha", "indexed_sha", "write_status", "hydrate_status", "hydrate_error", "last_job_at", "hydrate_phases", "read_only_reason", "created_at", "updated_at" from "workspaces" where (("workspaces"."org_id" = $1) and ("workspaces"."id" = $2)) limit $3
2026-09-07 12:13:13.083 UTC [1103] LOG:  statement: commit
2026-09-07 12:13:13.134 UTC [1103] LOG:  execute <unnamed>: select "id", "expires_at", "token", "created_at", "updated_at", "ip_address", "user_agent", "user_id", "active_organization_id" from "sessions" where "sessions"."token" = $1
2026-09-07 12:13:13.136 UTC [1103] LOG:  execute <unnamed>: select "id", "name", "email", "email_verified", "image", "created_at", "updated_at", "two_factor_enabled", "onboarding_completed_at" from "users" where "users"."id" = $1
2026-09-07 12:13:13.138 UTC [1103] LOG:  execute <unnamed>: select "id", "public_key", "private_key", "created_at", "expires_at" from "jwkss" limit $1
2026-09-07 12:13:13.140 UTC [1103] LOG:  execute <unnamed>: select "id", "expires_at", "token", "created_at", "updated_at", "ip_address", "user_agent", "user_id", "active_organization_id" from "sessions" where "sessions"."token" = $1
2026-09-07 12:13:13.142 UTC [1103] LOG:  execute <unnamed>: select "id", "name", "email", "email_verified", "image", "created_at", "updated_at", "two_factor_enabled", "onboarding_completed_at" from "users" where "users"."id" = $1
2026-09-07 12:13:13.143 UTC [1103] LOG:  execute <unnamed>: select "id", "public_key", "private_key", "created_at", "expires_at" from "jwkss" limit $1
2026-09-07 12:13:13.145 UTC [1103] LOG:  execute <unnamed>: select "organizations"."id" from "organizations" inner join "members" on (("members"."organization_id" = "organizations"."id") and ("members"."user_id" = $1)) where "organizations"."slug" = $2 limit $3
2026-09-07 12:13:13.146 UTC [1103] LOG:  statement: begin
2026-09-07 12:13:13.147 UTC [1103] LOG:  execute <unnamed>: select set_config('app.organization_id', $1, true)
2026-09-07 12:13:13.149 UTC [1103] LOG:  execute <unnamed>: select "id", "org_id", "slug", "display_name", "workspace_repository_url", "github_connection_id", "desired_generation", "desired_sha", "active_projection_url", "active_projection_sha", "indexed_sha", "write_status", "hydrate_status", "hydrate_error", "last_job_at", "hydrate_phases", "read_only_reason", "created_at", "updated_at" from "workspaces" where (("workspaces"."org_id" = $1) and ("workspaces"."slug" = $2)) limit $3
2026-09-07 12:13:13.150 UTC [1103] LOG:  statement: commit
2026-09-07 12:13:13.150 UTC [1103] LOG:  statement: begin
2026-09-07 12:13:13.151 UTC [1103] LOG:  execute <unnamed>: select set_config('app.organization_id', $1, true)
2026-09-07 12:13:13.152 UTC [1103] LOG:  execute <unnamed>: select "id", "org_id", "slug", "display_name", "workspace_repository_url", "github_connection_id", "desired_generation", "desired_sha", "active_projection_url", "active_projection_sha", "indexed_sha", "write_status", "hydrate_status", "hydrate_error", "last_job_at", "hydrate_phases", "read_only_reason", "created_at", "updated_at" from "workspaces" where (("workspaces"."org_id" = $1) and ("workspaces"."id" = $2)) limit $3
2026-09-07 12:13:13.154 UTC [1103] LOG:  execute <unnamed>: select "id", "org_id", "workspace_id", "git_url", "desired_ref", "desired_sha", "indexed_sha", "created_at" from "workspace_linked_repositories" where "workspace_linked_repositories"."workspace_id" = $1 order by "workspace_linked_repositories"."created_at"
2026-09-07 12:13:13.155 UTC [1103] LOG:  statement: commit
2026-09-07 12:13:13.158 UTC [1103] LOG:  statement: begin
2026-09-07 12:13:13.159 UTC [1103] LOG:  execute <unnamed>: select set_config('app.organization_id', $1, true)
2026-09-07 12:13:13.160 UTC [1103] LOG:  execute <unnamed>: select "commit_sha" from "workspace_write_jobs" where (("workspace_write_jobs"."workspace_id" = $1) and ("workspace_write_jobs"."kind" = $2) and (("workspace_write_jobs"."commit_sha" is not null))) order by "workspace_write_jobs"."created_at" asc limit $3
2026-09-07 12:13:13.161 UTC [1103] LOG:  statement: commit
2026-09-07 12:13:13.164 UTC [1103] LOG:  execute <unnamed>: select "id", "expires_at", "token", "created_at", "updated_at", "ip_address", "user_agent", "user_id", "active_organization_id" from "sessions" where "sessions"."token" = $1
2026-09-07 12:13:13.165 UTC [1103] LOG:  execute <unnamed>: select "id", "name", "email", "email_verified", "image", "created_at", "updated_at", "two_factor_enabled", "onboarding_completed_at" from "users" where "users"."id" = $1
2026-09-07 12:13:13.167 UTC [1103] LOG:  execute <unnamed>: select "id", "public_key", "private_key", "created_at", "expires_at" from "jwkss" limit $1
2026-09-07 12:13:13.168 UTC [1103] LOG:  execute <unnamed>: select "id", "expires_at", "token", "created_at", "updated_at", "ip_address", "user_agent", "user_id", "active_organization_id" from "sessions" where "sessions"."token" = $1
2026-09-07 12:13:13.169 UTC [1103] LOG:  execute <unnamed>: select "id", "name", "email", "email_verified", "image", "created_at", "updated_at", "two_factor_enabled", "onboarding_completed_at" from "users" where "users"."id" = $1
2026-09-07 12:13:13.171 UTC [1103] LOG:  execute <unnamed>: select "id", "public_key", "private_key", "created_at", "expires_at" from "jwkss" limit $1
2026-09-07 12:13:13.173 UTC [1103] LOG:  execute <unnamed>: select "organizations"."id" from "organizations" inner join "members" on (("members"."organization_id" = "organizations"."id") and ("members"."user_id" = $1)) where "organizations"."slug" = $2 limit $3
2026-09-07 12:13:13.174 UTC [1103] LOG:  statement: begin
2026-09-07 12:13:13.175 UTC [1103] LOG:  execute <unnamed>: select set_config('app.organization_id', $1, true)
2026-09-07 12:13:13.176 UTC [1103] LOG:  execute <unnamed>: select "id" from "workspaces" where (("workspaces"."id" = $1) and ("workspaces"."org_id" = $2)) limit $3
2026-09-07 12:13:13.177 UTC [1103] LOG:  execute <unnamed>: select "id", "org_id", "user_id", "workspace_id", "name", "source", "last_branch", "last_chat_pr_number", "last_message_at", "created_at", "updated_at" from "conversations" where (("conversations"."id" = $1) and ("conversations"."org_id" = $2) and ("conversations"."user_id" = $3)) limit $4
2026-09-07 12:13:13.178 UTC [1103] LOG:  statement: commit
2026-09-07 12:13:13.178 UTC [1103] LOG:  statement: begin
2026-09-07 12:13:13.179 UTC [1103] LOG:  execute <unnamed>: select set_config('app.organization_id', $1, true)
2026-09-07 12:13:13.182 UTC [1103] LOG:  execute <unnamed>: select "id", "org_id", "slug", "display_name", "workspace_repository_url", "github_connection_id", "desired_generation", "desired_sha", "active_projection_url", "active_projection_sha", "indexed_sha", "write_status", "hydrate_status", "hydrate_error", "last_job_at", "hydrate_phases", "read_only_reason", "created_at", "updated_at" from "workspaces" where (("workspaces"."org_id" = $1) and ("workspaces"."id" = $2)) limit $3
2026-09-07 12:13:13.182 UTC [1103] LOG:  statement: commit
2026-09-07 12:13:13.183 UTC [1103] LOG:  statement: begin
2026-09-07 12:13:13.183 UTC [1103] LOG:  execute <unnamed>: select set_config('app.organization_id', $1, true)
2026-09-07 12:13:13.184 UTC [1103] LOG:  execute <unnamed>: update "conversations" set "last_branch" = $1, "updated_at" = $2 where (("conversations"."id" = $3) and ("conversations"."org_id" = $4) and ("conversations"."user_id" = $5))
2026-09-07 12:13:13.184 UTC [1103] LOG:  statement: commit
2026-09-07 12:13:13.185 UTC [1103] LOG:  statement: begin
2026-09-07 12:13:13.185 UTC [1103] LOG:  execute <unnamed>: select set_config('app.organization_id', $1, true)
2026-09-07 12:13:13.186 UTC [1103] LOG:  execute <unnamed>: select "id", "kind", "org_id", "workspace_id", "conversation_id", "desired_url", "desired_generation", "desired_sha", "provider", "provider_sandbox_id", "latest_snapshot_id", "latest_run_id", "state", "last_heartbeat_at", "created_at", "updated_at" from "workspace_sandbox_instances" where (("workspace_sandbox_instances"."conversation_id" = $1) and ("workspace_sandbox_instances"."kind" = $2))
2026-09-07 12:13:13.186 UTC [1103] LOG:  statement: commit
2026-09-07 12:13:13.186 UTC [1103] LOG:  statement: begin
2026-09-07 12:13:13.187 UTC [1103] LOG:  execute <unnamed>: select set_config('app.organization_id', $1, true)
2026-09-07 12:13:13.187 UTC [1103] LOG:  execute <unnamed>: select "id", "kind", "org_id", "workspace_id", "conversation_id", "desired_url", "desired_generation", "desired_sha", "provider", "provider_sandbox_id", "latest_snapshot_id", "latest_run_id", "state", "last_heartbeat_at", "created_at", "updated_at" from "workspace_sandbox_instances" where (("workspace_sandbox_instances"."conversation_id" = $1) and ("workspace_sandbox_instances"."kind" = $2))
2026-09-07 12:13:13.187 UTC [1103] LOG:  statement: commit
2026-09-07 12:13:13.188 UTC [1103] LOG:  statement: begin
2026-09-07 12:13:13.188 UTC [1103] LOG:  execute <unnamed>: select set_config('app.organization_id', $1, true)
2026-09-07 12:13:13.189 UTC [1103] LOG:  execute <unnamed>: select "id", "kind", "org_id", "workspace_id", "conversation_id", "desired_url", "desired_generation", "desired_sha", "provider", "provider_sandbox_id", "latest_snapshot_id", "latest_run_id", "state", "last_heartbeat_at", "created_at", "updated_at" from "workspace_sandbox_instances" where (("workspace_sandbox_instances"."id" = $1) and ("workspace_sandbox_instances"."org_id" = $2)) limit $3
2026-09-07 12:13:13.189 UTC [1103] LOG:  statement: commit
2026-09-07 12:13:13.193 UTC [1103] LOG:  statement: begin
2026-09-07 12:13:13.193 UTC [1103] LOG:  execute <unnamed>: select set_config('app.organization_id', $1, true)
2026-09-07 12:13:13.193 UTC [1103] LOG:  execute <unnamed>: delete from "workspace_sandbox_instances" where (("workspace_sandbox_instances"."id" = $1) and ("workspace_sandbox_instances"."org_id" = $2))
2026-09-07 12:13:13.194 UTC [1103] LOG:  statement: commit
2026-09-07 12:13:13.194 UTC [1103] LOG:  execute <unnamed>: select "slug" from "organizations" where "organizations"."id" = $1 limit $2
2026-09-07 12:13:13.195 UTC [1103] LOG:  statement: begin
2026-09-07 12:13:13.196 UTC [1103] LOG:  execute <unnamed>: select set_config('app.organization_id', $1, true)
2026-09-07 12:13:13.196 UTC [1103] LOG:  execute <unnamed>: select "id", "kind", "org_id", "workspace_id", "conversation_id", "desired_url", "desired_generation", "desired_sha", "provider", "provider_sandbox_id", "latest_snapshot_id", "latest_run_id", "state", "last_heartbeat_at", "created_at", "updated_at" from "workspace_sandbox_instances" where (("workspace_sandbox_instances"."id" = $1) and ("workspace_sandbox_instances"."org_id" = $2)) limit $3
2026-09-07 12:13:13.196 UTC [1103] LOG:  statement: commit
2026-09-07 12:13:13.197 UTC [1103] LOG:  statement: begin
2026-09-07 12:13:13.197 UTC [1103] LOG:  execute <unnamed>: select set_config('app.organization_id', $1, true)
2026-09-07 12:13:13.198 UTC [1103] LOG:  execute <unnamed>: select "id", "kind", "org_id", "workspace_id", "conversation_id", "desired_url", "desired_generation", "desired_sha", "provider", "provider_sandbox_id", "latest_snapshot_id", "latest_run_id", "state", "last_heartbeat_at", "created_at", "updated_at" from "workspace_sandbox_instances" where (("workspace_sandbox_instances"."conversation_id" = $1) and ("workspace_sandbox_instances"."kind" = $2) and ("workspace_sandbox_instances"."state" = $3))
2026-09-07 12:13:13.198 UTC [1103] LOG:  statement: commit
2026-09-07 12:13:13.338 UTC [1103] LOG:  statement: begin
2026-09-07 12:13:13.339 UTC [1103] LOG:  execute <unnamed>: select set_config('app.organization_id', $1, true)
2026-09-07 12:13:13.340 UTC [1103] LOG:  statement: savepoint sp1
2026-09-07 12:13:13.341 UTC [1103] LOG:  execute <unnamed>: select "id", "kind", "org_id", "workspace_id", "conversation_id", "desired_url", "desired_generation", "desired_sha", "provider", "provider_sandbox_id", "latest_snapshot_id", "latest_run_id", "state", "last_heartbeat_at", "created_at", "updated_at" from "workspace_sandbox_instances" where (("workspace_sandbox_instances"."org_id" = $1) and ("workspace_sandbox_instances"."kind" = $2) and ("workspace_sandbox_instances"."conversation_id" = $3) and ((("workspace_sandbox_instances"."state" = $4) or ("workspace_sandbox_instances"."state" = $5)))) order by ("workspace_sandbox_instances"."provider_sandbox_id" is not null) desc, "workspace_sandbox_instances"."created_at" asc, "workspace_sandbox_instances"."id" asc limit $6
2026-09-07 12:13:13.342 UTC [1103] LOG:  execute <unnamed>: insert into "workspace_sandbox_instances" ("id", "kind", "org_id", "workspace_id", "conversation_id", "desired_url", "desired_generation", "desired_sha", "provider", "provider_sandbox_id", "latest_snapshot_id", "latest_run_id", "state", "last_heartbeat_at", "created_at", "updated_at") values ($1, $2, $3, $4, $5, $6, $7, $8, $9, $10, $11, $12, $13, $14, $15, $16) on conflict ("id") do update set "kind" = $17, "conversation_id" = $18, "desired_url" = $19, "desired_generation" = $20, "desired_sha" = $21, "provider" = $22, "provider_sandbox_id" = $23, "latest_snapshot_id" = $24, "latest_run_id" = $25, "state" = $26, "last_heartbeat_at" = $27, "updated_at" = $28
2026-09-07 12:13:13.343 UTC [1103] LOG:  statement: release savepoint sp1
2026-09-07 12:13:13.344 UTC [1103] LOG:  statement: commit
2026-09-07 12:13:13.364 UTC [1103] LOG:  statement: begin
2026-09-07 12:13:13.365 UTC [1103] LOG:  execute <unnamed>: select set_config('app.organization_id', $1, true)
2026-09-07 12:13:13.367 UTC [1103] LOG:  execute <unnamed>: update "conversations" set "last_branch" = $1, "updated_at" = $2 where (("conversations"."id" = $3) and ("conversations"."org_id" = $4) and ("conversations"."user_id" = $5))
2026-09-07 12:13:13.367 UTC [1103] LOG:  statement: commit
2026-09-07 12:13:13.368 UTC [1103] LOG:  statement: begin
2026-09-07 12:13:13.369 UTC [1103] LOG:  execute <unnamed>: select set_config('app.organization_id', $1, true)
2026-09-07 12:13:13.370 UTC [1103] LOG:  execute <unnamed>: select "id", "kind", "org_id", "workspace_id", "conversation_id", "desired_url", "desired_generation", "desired_sha", "provider", "provider_sandbox_id", "latest_snapshot_id", "latest_run_id", "state", "last_heartbeat_at", "created_at", "updated_at" from "workspace_sandbox_instances" where (("workspace_sandbox_instances"."conversation_id" = $1) and ("workspace_sandbox_instances"."kind" = $2))
2026-09-07 12:13:13.371 UTC [1103] LOG:  statement: commit
2026-09-07 12:13:13.374 UTC [1103] LOG:  execute <unnamed>: select "id", "expires_at", "token", "created_at", "updated_at", "ip_address", "user_agent", "user_id", "active_organization_id" from "sessions" where "sessions"."token" = $1
2026-09-07 12:13:13.375 UTC [1103] LOG:  execute <unnamed>: select "id", "name", "email", "email_verified", "image", "created_at", "updated_at", "two_factor_enabled", "onboarding_completed_at" from "users" where "users"."id" = $1
2026-09-07 12:13:13.376 UTC [1103] LOG:  execute <unnamed>: select "id", "public_key", "private_key", "created_at", "expires_at" from "jwkss" limit $1
2026-09-07 12:13:13.377 UTC [1103] LOG:  execute <unnamed>: select "id", "expires_at", "token", "created_at", "updated_at", "ip_address", "user_agent", "user_id", "active_organization_id" from "sessions" where "sessions"."token" = $1
2026-09-07 12:13:13.378 UTC [1103] LOG:  execute <unnamed>: select "id", "name", "email", "email_verified", "image", "created_at", "updated_at", "two_factor_enabled", "onboarding_completed_at" from "users" where "users"."id" = $1
2026-09-07 12:13:13.379 UTC [1103] LOG:  execute <unnamed>: select "id", "public_key", "private_key", "created_at", "expires_at" from "jwkss" limit $1
2026-09-07 12:13:13.381 UTC [1103] LOG:  execute <unnamed>: select "organizations"."id" from "organizations" inner join "members" on (("members"."organization_id" = "organizations"."id") and ("members"."user_id" = $1)) where "organizations"."slug" = $2 limit $3
2026-09-07 12:13:13.382 UTC [1103] LOG:  statement: begin
2026-09-07 12:13:13.383 UTC [1103] LOG:  execute <unnamed>: select set_config('app.organization_id', $1, true)
2026-09-07 12:13:13.386 UTC [1103] LOG:  execute <unnamed>: select "id" from "workspaces" where (("workspaces"."id" = $1) and ("workspaces"."org_id" = $2)) limit $3
2026-09-07 12:13:13.388 UTC [1103] LOG:  execute <unnamed>: select "id", "org_id", "user_id", "workspace_id", "name", "source", "last_branch", "last_chat_pr_number", "last_message_at", "created_at", "updated_at" from "conversations" where (("conversations"."id" = $1) and ("conversations"."org_id" = $2) and ("conversations"."user_id" = $3)) limit $4
2026-09-07 12:13:13.389 UTC [1103] LOG:  statement: commit
2026-09-07 12:13:13.390 UTC [1103] LOG:  statement: begin
2026-09-07 12:13:13.391 UTC [1103] LOG:  execute <unnamed>: select set_config('app.organization_id', $1, true)
2026-09-07 12:13:13.392 UTC [1103] LOG:  execute <unnamed>: select "id", "org_id", "slug", "display_name", "workspace_repository_url", "github_connection_id", "desired_generation", "desired_sha", "active_projection_url", "active_projection_sha", "indexed_sha", "write_status", "hydrate_status", "hydrate_error", "last_job_at", "hydrate_phases", "read_only_reason", "created_at", "updated_at" from "workspaces" where (("workspaces"."org_id" = $1) and ("workspaces"."id" = $2)) limit $3
2026-09-07 12:13:13.393 UTC [1103] LOG:  statement: commit
2026-09-07 12:13:13.394 UTC [1103] LOG:  statement: begin
2026-09-07 12:13:13.394 UTC [1103] LOG:  execute <unnamed>: select set_config('app.organization_id', $1, true)
2026-09-07 12:13:13.395 UTC [1103] LOG:  execute <unnamed>: update "conversations" set "last_branch" = $1, "updated_at" = $2 where (("conversations"."id" = $3) and ("conversations"."org_id" = $4) and ("conversations"."user_id" = $5))
2026-09-07 12:13:13.396 UTC [1103] LOG:  statement: commit
2026-09-07 12:13:13.397 UTC [1103] LOG:  statement: begin
2026-09-07 12:13:13.397 UTC [1103] LOG:  execute <unnamed>: select set_config('app.organization_id', $1, true)
2026-09-07 12:13:13.398 UTC [1103] LOG:  execute <unnamed>: update "conversations" set "last_message_at" = $1, "updated_at" = $2 where (("conversations"."id" = $3) and ("conversations"."org_id" = $4) and ("conversations"."user_id" = $5))
2026-09-07 12:13:13.398 UTC [1103] LOG:  statement: commit
2026-09-07 12:13:13.399 UTC [1103] LOG:  statement: begin
2026-09-07 12:13:13.399 UTC [1103] LOG:  execute <unnamed>: select set_config('app.organization_id', $1, true)
2026-09-07 12:13:13.399 UTC [1103] LOG:  execute <unnamed>: select "id", "kind", "org_id", "workspace_id", "conversation_id", "desired_url", "desired_generation", "desired_sha", "provider", "provider_sandbox_id", "latest_snapshot_id", "latest_run_id", "state", "last_heartbeat_at", "created_at", "updated_at" from "workspace_sandbox_instances" where (("workspace_sandbox_instances"."conversation_id" = $1) and ("workspace_sandbox_instances"."kind" = $2))
2026-09-07 12:13:13.400 UTC [1103] LOG:  statement: commit
2026-09-07 12:13:13.400 UTC [1103] LOG:  statement: begin
2026-09-07 12:13:13.401 UTC [1103] LOG:  execute <unnamed>: select set_config('app.organization_id', $1, true)
2026-09-07 12:13:13.402 UTC [1103] LOG:  execute <unnamed>: select "id", "kind", "org_id", "workspace_id", "conversation_id", "desired_url", "desired_generation", "desired_sha", "provider", "provider_sandbox_id", "latest_snapshot_id", "latest_run_id", "state", "last_heartbeat_at", "created_at", "updated_at" from "workspace_sandbox_instances" where (("workspace_sandbox_instances"."conversation_id" = $1) and ("workspace_sandbox_instances"."kind" = $2))
2026-09-07 12:13:13.402 UTC [1103] LOG:  statement: commit
2026-09-07 12:13:13.402 UTC [1103] LOG:  statement: begin
2026-09-07 12:13:13.403 UTC [1103] LOG:  execute <unnamed>: select set_config('app.organization_id', $1, true)
2026-09-07 12:13:13.403 UTC [1103] LOG:  execute <unnamed>: select "id", "kind", "org_id", "workspace_id", "conversation_id", "desired_url", "desired_generation", "desired_sha", "provider", "provider_sandbox_id", "latest_snapshot_id", "latest_run_id", "state", "last_heartbeat_at", "created_at", "updated_at" from "workspace_sandbox_instances" where (("workspace_sandbox_instances"."id" = $1) and ("workspace_sandbox_instances"."org_id" = $2)) limit $3
2026-09-07 12:13:13.403 UTC [1103] LOG:  statement: commit
2026-09-07 12:13:13.404 UTC [1103] LOG:  statement: begin
2026-09-07 12:13:13.404 UTC [1103] LOG:  execute <unnamed>: select set_config('app.organization_id', $1, true)
2026-09-07 12:13:13.404 UTC [1103] LOG:  execute <unnamed>: delete from "workspace_sandbox_instances" where (("workspace_sandbox_instances"."id" = $1) and ("workspace_sandbox_instances"."org_id" = $2))
2026-09-07 12:13:13.404 UTC [1103] LOG:  statement: commit
2026-09-07 12:13:13.411 UTC [1103] LOG:  statement: begin
2026-09-07 12:13:13.411 UTC [1103] LOG:  execute <unnamed>: select set_config('app.organization_id', $1, true)
2026-09-07 12:13:13.412 UTC [1103] LOG:  execute <unnamed>: select "id", "org_id", "slug", "display_name", "workspace_repository_url", "github_connection_id", "desired_generation", "desired_sha", "active_projection_url", "active_projection_sha", "indexed_sha", "write_status", "hydrate_status", "hydrate_error", "last_job_at", "hydrate_phases", "read_only_reason", "created_at", "updated_at" from "workspaces" where (("workspaces"."org_id" = $1) and ("workspaces"."id" = $2)) limit $3
2026-09-07 12:13:13.412 UTC [1103] LOG:  statement: commit
2026-09-07 12:13:13.412 UTC [1103] LOG:  statement: begin
2026-09-07 12:13:13.413 UTC [1103] LOG:  execute <unnamed>: select set_config('app.organization_id', $1, true)
2026-09-07 12:13:13.413 UTC [1103] LOG:  execute <unnamed>: select "id", "org_id", "slug", "display_name", "workspace_repository_url", "github_connection_id", "desired_generation", "desired_sha", "active_projection_url", "active_projection_sha", "indexed_sha", "write_status", "hydrate_status", "hydrate_error", "last_job_at", "hydrate_phases", "read_only_reason", "created_at", "updated_at" from "workspaces" where (("workspaces"."org_id" = $1) and ("workspaces"."id" = $2)) limit $3
2026-09-07 12:13:13.414 UTC [1103] LOG:  execute <unnamed>: select "id", "org_id", "slug", "display_name", "workspace_repository_url", "github_connection_id", "desired_generation", "desired_sha", "active_projection_url", "active_projection_sha", "indexed_sha", "write_status", "hydrate_status", "hydrate_error", "last_job_at", "hydrate_phases", "read_only_reason", "created_at", "updated_at" from "workspaces" where (("workspaces"."org_id" = $1) and ("workspaces"."id" = $2)) limit $3
2026-09-07 12:13:13.414 UTC [1103] LOG:  execute <unnamed>: select "id", "org_id", "workspace_id", "git_url", "desired_ref", "desired_sha", "indexed_sha", "created_at" from "workspace_linked_repositories" where "workspace_linked_repositories"."workspace_id" = $1 order by "workspace_linked_repositories"."created_at"
2026-09-07 12:13:13.414 UTC [1103] LOG:  execute <unnamed>: select "id", "git_url" from "repositories" where "repositories"."org_id" = $1
2026-09-07 12:13:13.415 UTC [1103] LOG:  statement: commit
2026-09-07 12:13:13.416 UTC [1103] LOG:  statement: begin
2026-09-07 12:13:13.416 UTC [1102] LOG:  statement: begin
2026-09-07 12:13:13.417 UTC [1103] LOG:  execute <unnamed>: select set_config('app.organization_id', $1, true)
2026-09-07 12:13:13.417 UTC [1102] LOG:  execute <unnamed>: select set_config('app.organization_id', $1, true)
2026-09-07 12:13:13.418 UTC [1103] LOG:  execute <unnamed>: select "id", "kind", "org_id", "workspace_id", "conversation_id", "desired_url", "desired_generation", "desired_sha", "provider", "provider_sandbox_id", "latest_snapshot_id", "latest_run_id", "state", "last_heartbeat_at", "created_at", "updated_at" from "workspace_sandbox_instances" where (("workspace_sandbox_instances"."conversation_id" = $1) and ("workspace_sandbox_instances"."kind" = $2))
2026-09-07 12:13:13.418 UTC [1102] LOG:  execute <unnamed>: select "id", "kind", "org_id", "workspace_id", "conversation_id", "desired_url", "desired_generation", "desired_sha", "provider", "provider_sandbox_id", "latest_snapshot_id", "latest_run_id", "state", "last_heartbeat_at", "created_at", "updated_at" from "workspace_sandbox_instances" where (("workspace_sandbox_instances"."id" = $1) and ("workspace_sandbox_instances"."org_id" = $2)) limit $3
2026-09-07 12:13:13.418 UTC [1102] LOG:  statement: commit
2026-09-07 12:13:13.418 UTC [1103] LOG:  statement: commit
2026-09-07 12:13:13.419 UTC [1102] LOG:  statement: begin
2026-09-07 12:13:13.419 UTC [1102] LOG:  execute <unnamed>: select set_config('app.organization_id', $1, true)
2026-09-07 12:13:13.420 UTC [1102] LOG:  execute <unnamed>: select "id", "kind", "org_id", "workspace_id", "conversation_id", "desired_url", "desired_generation", "desired_sha", "provider", "provider_sandbox_id", "latest_snapshot_id", "latest_run_id", "state", "last_heartbeat_at", "created_at", "updated_at" from "workspace_sandbox_instances" where (("workspace_sandbox_instances"."conversation_id" = $1) and ("workspace_sandbox_instances"."kind" = $2) and ("workspace_sandbox_instances"."state" = $3))
2026-09-07 12:13:13.420 UTC [1102] LOG:  statement: commit
2026-09-07 12:13:13.560 UTC [1102] LOG:  statement: begin
2026-09-07 12:13:13.561 UTC [1102] LOG:  execute <unnamed>: select set_config('app.organization_id', $1, true)
2026-09-07 12:13:13.562 UTC [1102] LOG:  statement: savepoint sp1
2026-09-07 12:13:13.564 UTC [1102] LOG:  execute <unnamed>: select "id", "kind", "org_id", "workspace_id", "conversation_id", "desired_url", "desired_generation", "desired_sha", "provider", "provider_sandbox_id", "latest_snapshot_id", "latest_run_id", "state", "last_heartbeat_at", "created_at", "updated_at" from "workspace_sandbox_instances" where (("workspace_sandbox_instances"."org_id" = $1) and ("workspace_sandbox_instances"."kind" = $2) and ("workspace_sandbox_instances"."conversation_id" = $3) and ((("workspace_sandbox_instances"."state" = $4) or ("workspace_sandbox_instances"."state" = $5)))) order by ("workspace_sandbox_instances"."provider_sandbox_id" is not null) desc, "workspace_sandbox_instances"."created_at" asc, "workspace_sandbox_instances"."id" asc limit $6
2026-09-07 12:13:13.565 UTC [1102] LOG:  execute <unnamed>: insert into "workspace_sandbox_instances" ("id", "kind", "org_id", "workspace_id", "conversation_id", "desired_url", "desired_generation", "desired_sha", "provider", "provider_sandbox_id", "latest_snapshot_id", "latest_run_id", "state", "last_heartbeat_at", "created_at", "updated_at") values ($1, $2, $3, $4, $5, $6, $7, $8, $9, $10, $11, $12, $13, $14, $15, $16) on conflict ("id") do update set "kind" = $17, "conversation_id" = $18, "desired_url" = $19, "desired_generation" = $20, "desired_sha" = $21, "provider" = $22, "provider_sandbox_id" = $23, "latest_snapshot_id" = $24, "latest_run_id" = $25, "state" = $26, "last_heartbeat_at" = $27, "updated_at" = $28
2026-09-07 12:13:13.566 UTC [1102] LOG:  statement: release savepoint sp1
2026-09-07 12:13:13.567 UTC [1102] LOG:  statement: commit
2026-09-07 12:13:13.607 UTC [1102] LOG:  statement: begin
2026-09-07 12:13:13.608 UTC [1102] LOG:  execute <unnamed>: select set_config('app.organization_id', $1, true)
2026-09-07 12:13:13.609 UTC [1102] LOG:  execute <unnamed>: select "interrupt_id", "run_id", "thread_id", "org_id", "status", "requested_at", "resolved_at", "payload_json", "response_json" from "chat_interrupts" where (("chat_interrupts"."thread_id" = $1) and ("chat_interrupts"."status" = $2)) order by "chat_interrupts"."requested_at" asc
2026-09-07 12:13:13.610 UTC [1102] LOG:  statement: commit
2026-09-07 12:13:13.611 UTC [1102] LOG:  statement: begin
2026-09-07 12:13:13.611 UTC [1102] LOG:  execute <unnamed>: select set_config('app.organization_id', $1, true)
2026-09-07 12:13:13.613 UTC [1102] LOG:  execute <unnamed>: select "run_id", "thread_id", "org_id", "status", "started_at", "finished_at", "error", "error_code", "usage_json", "sandbox_key", "detached_since", "cancel_requested", "driver_epoch" from "chat_runs" where "chat_runs"."run_id" = $1 limit $2
2026-09-07 12:13:13.614 UTC [1102] LOG:  statement: commit
2026-09-07 12:13:13.614 UTC [1102] LOG:  statement: begin
2026-09-07 12:13:13.615 UTC [1102] LOG:  execute <unnamed>: select set_config('app.organization_id', $1, true)
2026-09-07 12:13:13.616 UTC [1102] LOG:  execute <unnamed>: insert into "chat_runs" ("run_id", "thread_id", "org_id", "status", "started_at", "finished_at", "error", "error_code", "usage_json", "sandbox_key", "detached_since", "cancel_requested", "driver_epoch") values ($1, $2, $3, $4, $5, default, default, default, default, default, default, default, default) on conflict ("run_id") do nothing
2026-09-07 12:13:13.617 UTC [1102] LOG:  statement: commit
2026-09-07 12:13:13.618 UTC [1102] LOG:  statement: begin
2026-09-07 12:13:13.619 UTC [1102] LOG:  execute <unnamed>: select set_config('app.organization_id', $1, true)
2026-09-07 12:13:13.620 UTC [1102] LOG:  execute <unnamed>: select "run_id", "thread_id", "org_id", "status", "started_at", "finished_at", "error", "error_code", "usage_json", "sandbox_key", "detached_since", "cancel_requested", "driver_epoch" from "chat_runs" where "chat_runs"."run_id" = $1 limit $2
2026-09-07 12:13:13.621 UTC [1102] LOG:  statement: commit
2026-09-07 12:13:13.622 UTC [1102] LOG:  statement: begin
2026-09-07 12:13:13.623 UTC [1102] LOG:  execute <unnamed>: select set_config('app.organization_id', $1, true)
2026-09-07 12:13:13.624 UTC [1102] LOG:  execute <unnamed>: select "messages_json" from "chat_threads" where "chat_threads"."thread_id" = $1 limit $2
2026-09-07 12:13:13.625 UTC [1102] LOG:  statement: commit
2026-09-07 12:13:13.625 UTC [1102] LOG:  statement: begin
2026-09-07 12:13:13.626 UTC [1102] LOG:  execute <unnamed>: select set_config('app.organization_id', $1, true)
2026-09-07 12:13:13.626 UTC [1102] LOG:  execute <unnamed>: insert into "chat_threads" ("thread_id", "org_id", "messages_json", "updated_at") values ($1, $2, $3, $4) on conflict ("thread_id") do update set "messages_json" = $5, "updated_at" = $6
2026-09-07 12:13:13.627 UTC [1102] LOG:  statement: commit
2026-09-07 12:13:14.732 UTC [1102] LOG:  statement: begin
2026-09-07 12:13:14.733 UTC [1102] LOG:  execute <unnamed>: select set_config('app.organization_id', $1, true)
2026-09-07 12:13:14.734 UTC [1102] LOG:  execute <unnamed>: insert into "chat_threads" ("thread_id", "org_id", "messages_json", "updated_at") values ($1, $2, $3, $4) on conflict ("thread_id") do update set "messages_json" = $5, "updated_at" = $6
2026-09-07 12:13:14.735 UTC [1102] LOG:  statement: commit
2026-09-07 12:13:19.357 UTC [1102] LOG:  statement: begin
2026-09-07 12:13:19.358 UTC [1102] LOG:  execute <unnamed>: select set_config('app.organization_id', $1, true)
2026-09-07 12:13:19.360 UTC [1102] LOG:  execute <unnamed>: insert into "chat_threads" ("thread_id", "org_id", "messages_json", "updated_at") values ($1, $2, $3, $4) on conflict ("thread_id") do update set "messages_json" = $5, "updated_at" = $6
2026-09-07 12:13:19.361 UTC [1102] LOG:  statement: commit
2026-09-07 12:13:19.485 UTC [1102] LOG:  statement: begin
2026-09-07 12:13:19.486 UTC [1102] LOG:  execute <unnamed>: select set_config('app.organization_id', $1, true)
2026-09-07 12:13:19.488 UTC [1102] LOG:  execute <unnamed>: insert into "chat_threads" ("thread_id", "org_id", "messages_json", "updated_at") values ($1, $2, $3, $4) on conflict ("thread_id") do update set "messages_json" = $5, "updated_at" = $6
2026-09-07 12:13:19.489 UTC [1102] LOG:  statement: commit
2026-09-07 12:13:19.491 UTC [1102] LOG:  statement: begin
2026-09-07 12:13:19.495 UTC [1102] LOG:  execute <unnamed>: select set_config('app.organization_id', $1, true)
2026-09-07 12:13:19.497 UTC [1102] LOG:  execute <unnamed>: update "chat_runs" set "status" = $1, "finished_at" = $2, "usage_json" = $3 where "chat_runs"."run_id" = $4
2026-09-07 12:13:19.498 UTC [1102] LOG:  statement: commit
2026-09-07 12:13:19.500 UTC [1102] LOG:  statement: begin
2026-09-07 12:13:19.501 UTC [1102] LOG:  execute <unnamed>: select set_config('app.organization_id', $1, true)
2026-09-07 12:13:19.502 UTC [1102] LOG:  execute <unnamed>: select "messages_json" from "chat_threads" where "chat_threads"."thread_id" = $1 limit $2
2026-09-07 12:13:19.503 UTC [1102] LOG:  statement: commit
2026-09-07 12:13:19.506 UTC [1102] LOG:  statement: begin
2026-09-07 12:13:19.507 UTC [1102] LOG:  execute <unnamed>: select set_config('app.organization_id', $1, true)
2026-09-07 12:13:19.508 UTC [1102] LOG:  execute <unnamed>: select "run_id", "thread_id", "org_id", "status", "started_at", "finished_at", "error", "error_code", "usage_json", "sandbox_key", "detached_since", "cancel_requested", "driver_epoch" from "chat_runs" where (("chat_runs"."thread_id" = $1) and ("chat_runs"."status" = $2)) order by "chat_runs"."started_at" desc limit $3
2026-09-07 12:13:19.509 UTC [1102] LOG:  statement: commit
2026-09-07 12:13:19.510 UTC [1102] LOG:  statement: begin
2026-09-07 12:13:19.511 UTC [1102] LOG:  execute <unnamed>: select set_config('app.organization_id', $1, true)
2026-09-07 12:13:19.513 UTC [1102] LOG:  execute <unnamed>: select "d0"."id" as "id", "d0"."org_id" as "orgId", "d0"."user_id" as "userId", "d0"."workspace_id" as "workspaceId", "d0"."name" as "name", "d0"."source" as "source", "d0"."last_branch" as "lastBranch", "d0"."last_chat_pr_number" as "lastChatPrNumber", "d0"."last_message_at" as "lastMessageAt", "d0"."created_at" as "createdAt", "d0"."updated_at" as "updatedAt" from "conversations" as "d0" where (("d0"."id" = $1) and ("d0"."org_id" = $2) and ("d0"."user_id" = $3)) limit $4
2026-09-07 12:13:19.515 UTC [1102] LOG:  statement: commit
2026-09-07 12:13:19.523 UTC [1102] LOG:  execute <unnamed>: select "id", "expires_at", "token", "created_at", "updated_at", "ip_address", "user_agent", "user_id", "active_organization_id" from "sessions" where "sessions"."token" = $1
2026-09-07 12:13:19.525 UTC [1102] LOG:  execute <unnamed>: select "id", "name", "email", "email_verified", "image", "created_at", "updated_at", "two_factor_enabled", "onboarding_completed_at" from "users" where "users"."id" = $1
2026-09-07 12:13:19.527 UTC [1102] LOG:  execute <unnamed>: select "id", "public_key", "private_key", "created_at", "expires_at" from "jwkss" limit $1
2026-09-07 12:13:19.529 UTC [1102] LOG:  execute <unnamed>: select "id", "expires_at", "token", "created_at", "updated_at", "ip_address", "user_agent", "user_id", "active_organization_id" from "sessions" where "sessions"."token" = $1
2026-09-07 12:13:19.531 UTC [1102] LOG:  execute <unnamed>: select "id", "name", "email", "email_verified", "image", "created_at", "updated_at", "two_factor_enabled", "onboarding_completed_at" from "users" where "users"."id" = $1
2026-09-07 12:13:19.532 UTC [1102] LOG:  execute <unnamed>: select "id", "public_key", "private_key", "created_at", "expires_at" from "jwkss" limit $1
2026-09-07 12:13:19.534 UTC [1102] LOG:  execute <unnamed>: select "organizations"."id" from "organizations" inner join "members" on (("members"."organization_id" = "organizations"."id") and ("members"."user_id" = $1)) where "organizations"."slug" = $2 limit $3
2026-09-07 12:13:19.538 UTC [1102] LOG:  statement: begin
2026-09-07 12:13:19.539 UTC [1102] LOG:  execute <unnamed>: select set_config('app.organization_id', $1, true)
2026-09-07 12:13:19.541 UTC [1102] LOG:  execute <unnamed>: select "d0"."id" as "id", "d0"."org_id" as "orgId", "d0"."user_id" as "userId", "d0"."workspace_id" as "workspaceId", "d0"."name" as "name", "d0"."source" as "source", "d0"."last_branch" as "lastBranch", "d0"."last_chat_pr_number" as "lastChatPrNumber", "d0"."last_message_at" as "lastMessageAt", "d0"."created_at" as "createdAt", "d0"."updated_at" as "updatedAt" from "conversations" as "d0" where (("d0"."id" = $1) and ("d0"."org_id" = $2) and ("d0"."user_id" = $3)) limit $4
2026-09-07 12:13:19.542 UTC [1102] LOG:  statement: commit
2026-09-07 12:13:19.543 UTC [1102] LOG:  statement: begin
2026-09-07 12:13:19.544 UTC [1102] LOG:  execute <unnamed>: select set_config('app.organization_id', $1, true)
2026-09-07 12:13:19.545 UTC [1102] LOG:  execute <unnamed>: select "messages_json" from "chat_threads" where "chat_threads"."thread_id" = $1 limit $2
2026-09-07 12:13:19.546 UTC [1102] LOG:  statement: commit
2026-09-07 12:13:19.547 UTC [1102] LOG:  statement: begin
2026-09-07 12:13:19.548 UTC [1102] LOG:  execute <unnamed>: select set_config('app.organization_id', $1, true)
2026-09-07 12:13:19.550 UTC [1102] LOG:  execute <unnamed>: select "id", "org_id", "slug", "display_name", "workspace_repository_url", "github_connection_id", "desired_generation", "desired_sha", "active_projection_url", "active_projection_sha", "indexed_sha", "write_status", "hydrate_status", "hydrate_error", "last_job_at", "hydrate_phases", "read_only_reason", "created_at", "updated_at" from "workspaces" where (("workspaces"."org_id" = $1) and ("workspaces"."id" = $2)) limit $3
2026-09-07 12:13:19.551 UTC [1102] LOG:  statement: commit
2026-09-07 12:13:19.601 UTC [1102] LOG:  execute <unnamed>: select "id", "expires_at", "token", "created_at", "updated_at", "ip_address", "user_agent", "user_id", "active_organization_id" from "sessions" where "sessions"."token" = $1
2026-09-07 12:13:19.603 UTC [1102] LOG:  execute <unnamed>: select "id", "name", "email", "email_verified", "image", "created_at", "updated_at", "two_factor_enabled", "onboarding_completed_at" from "users" where "users"."id" = $1
2026-09-07 12:13:19.604 UTC [1102] LOG:  execute <unnamed>: select "id", "public_key", "private_key", "created_at", "expires_at" from "jwkss" limit $1
2026-09-07 12:13:19.608 UTC [1102] LOG:  execute <unnamed>: select "id", "expires_at", "token", "created_at", "updated_at", "ip_address", "user_agent", "user_id", "active_organization_id" from "sessions" where "sessions"."token" = $1
2026-09-07 12:13:19.609 UTC [1102] LOG:  execute <unnamed>: select "id", "name", "email", "email_verified", "image", "created_at", "updated_at", "two_factor_enabled", "onboarding_completed_at" from "users" where "users"."id" = $1
2026-09-07 12:13:19.610 UTC [1102] LOG:  execute <unnamed>: select "id", "public_key", "private_key", "created_at", "expires_at" from "jwkss" limit $1
2026-09-07 12:13:19.612 UTC [1102] LOG:  execute <unnamed>: select "organizations"."id" from "organizations" inner join "members" on (("members"."organization_id" = "organizations"."id") and ("members"."user_id" = $1)) where "organizations"."slug" = $2 limit $3
2026-09-07 12:13:19.613 UTC [1102] LOG:  statement: begin
2026-09-07 12:13:19.614 UTC [1102] LOG:  execute <unnamed>: select set_config('app.organization_id', $1, true)
2026-09-07 12:13:19.616 UTC [1102] LOG:  execute <unnamed>: select "id", "org_id", "slug", "display_name", "workspace_repository_url", "github_connection_id", "desired_generation", "desired_sha", "active_projection_url", "active_projection_sha", "indexed_sha", "write_status", "hydrate_status", "hydrate_error", "last_job_at", "hydrate_phases", "read_only_reason", "created_at", "updated_at" from "workspaces" where (("workspaces"."org_id" = $1) and ("workspaces"."slug" = $2)) limit $3
2026-09-07 12:13:19.616 UTC [1102] LOG:  statement: commit
2026-09-07 12:13:19.617 UTC [1102] LOG:  statement: begin
2026-09-07 12:13:19.618 UTC [1102] LOG:  execute <unnamed>: select set_config('app.organization_id', $1, true)
2026-09-07 12:13:19.619 UTC [1102] LOG:  execute <unnamed>: select "id", "org_id", "slug", "display_name", "workspace_repository_url", "github_connection_id", "desired_generation", "desired_sha", "active_projection_url", "active_projection_sha", "indexed_sha", "write_status", "hydrate_status", "hydrate_error", "last_job_at", "hydrate_phases", "read_only_reason", "created_at", "updated_at" from "workspaces" where (("workspaces"."org_id" = $1) and ("workspaces"."id" = $2)) limit $3
2026-09-07 12:13:19.621 UTC [1102] LOG:  execute <unnamed>: select "id", "org_id", "workspace_id", "git_url", "desired_ref", "desired_sha", "indexed_sha", "created_at" from "workspace_linked_repositories" where "workspace_linked_repositories"."workspace_id" = $1 order by "workspace_linked_repositories"."created_at"
2026-09-07 12:13:19.622 UTC [1102] LOG:  statement: commit
2026-09-07 12:13:19.623 UTC [1102] LOG:  statement: begin
2026-09-07 12:13:19.623 UTC [1102] LOG:  execute <unnamed>: select set_config('app.organization_id', $1, true)
2026-09-07 12:13:19.625 UTC [1102] LOG:  execute <unnamed>: select "commit_sha" from "workspace_write_jobs" where (("workspace_write_jobs"."workspace_id" = $1) and ("workspace_write_jobs"."kind" = $2) and (("workspace_write_jobs"."commit_sha" is not null))) order by "workspace_write_jobs"."created_at" asc limit $3
2026-09-07 12:13:19.625 UTC [1102] LOG:  statement: commit
2026-09-07 12:13:19.631 UTC [1102] LOG:  execute <unnamed>: select "id", "expires_at", "token", "created_at", "updated_at", "ip_address", "user_agent", "user_id", "active_organization_id" from "sessions" where "sessions"."token" = $1
2026-09-07 12:13:19.632 UTC [1102] LOG:  execute <unnamed>: select "id", "name", "email", "email_verified", "image", "created_at", "updated_at", "two_factor_enabled", "onboarding_completed_at" from "users" where "users"."id" = $1
2026-09-07 12:13:19.633 UTC [1102] LOG:  execute <unnamed>: select "id", "public_key", "private_key", "created_at", "expires_at" from "jwkss" limit $1
2026-09-07 12:13:19.635 UTC [1102] LOG:  execute <unnamed>: select "id", "expires_at", "token", "created_at", "updated_at", "ip_address", "user_agent", "user_id", "active_organization_id" from "sessions" where "sessions"."token" = $1
2026-09-07 12:13:19.636 UTC [1102] LOG:  execute <unnamed>: select "id", "name", "email", "email_verified", "image", "created_at", "updated_at", "two_factor_enabled", "onboarding_completed_at" from "users" where "users"."id" = $1
2026-09-07 12:13:19.637 UTC [1102] LOG:  execute <unnamed>: select "id", "public_key", "private_key", "created_at", "expires_at" from "jwkss" limit $1
2026-09-07 12:13:19.639 UTC [1102] LOG:  execute <unnamed>: select "organizations"."id" from "organizations" inner join "members" on (("members"."organization_id" = "organizations"."id") and ("members"."user_id" = $1)) where "organizations"."slug" = $2 limit $3
2026-09-07 12:13:19.639 UTC [1102] LOG:  statement: begin
2026-09-07 12:13:19.640 UTC [1102] LOG:  execute <unnamed>: select set_config('app.organization_id', $1, true)
2026-09-07 12:13:19.640 UTC [1102] LOG:  execute <unnamed>: select "id" from "workspaces" where (("workspaces"."id" = $1) and ("workspaces"."org_id" = $2)) limit $3
2026-09-07 12:13:19.641 UTC [1102] LOG:  execute <unnamed>: select "id", "org_id", "user_id", "workspace_id", "name", "source", "last_branch", "last_chat_pr_number", "last_message_at", "created_at", "updated_at" from "conversations" where (("conversations"."id" = $1) and ("conversations"."org_id" = $2) and ("conversations"."user_id" = $3)) limit $4
2026-09-07 12:13:19.641 UTC [1102] LOG:  statement: commit
2026-09-07 12:13:19.641 UTC [1102] LOG:  statement: begin
2026-09-07 12:13:19.642 UTC [1102] LOG:  execute <unnamed>: select set_config('app.organization_id', $1, true)
2026-09-07 12:13:19.642 UTC [1102] LOG:  execute <unnamed>: select "id", "org_id", "slug", "display_name", "workspace_repository_url", "github_connection_id", "desired_generation", "desired_sha", "active_projection_url", "active_projection_sha", "indexed_sha", "write_status", "hydrate_status", "hydrate_error", "last_job_at", "hydrate_phases", "read_only_reason", "created_at", "updated_at" from "workspaces" where (("workspaces"."org_id" = $1) and ("workspaces"."id" = $2)) limit $3
2026-09-07 12:13:19.643 UTC [1102] LOG:  statement: commit
2026-09-07 12:13:19.643 UTC [1102] LOG:  statement: begin
2026-09-07 12:13:19.644 UTC [1102] LOG:  execute <unnamed>: select set_config('app.organization_id', $1, true)
2026-09-07 12:13:19.644 UTC [1102] LOG:  execute <unnamed>: update "conversations" set "last_branch" = $1, "updated_at" = $2 where (("conversations"."id" = $3) and ("conversations"."org_id" = $4) and ("conversations"."user_id" = $5))
2026-09-07 12:13:19.645 UTC [1102] LOG:  statement: commit
2026-09-07 12:13:19.646 UTC [1102] LOG:  statement: begin
2026-09-07 12:13:19.646 UTC [1102] LOG:  execute <unnamed>: select set_config('app.organization_id', $1, true)
2026-09-07 12:13:19.647 UTC [1102] LOG:  execute <unnamed>: select "id", "kind", "org_id", "workspace_id", "conversation_id", "desired_url", "desired_generation", "desired_sha", "provider", "provider_sandbox_id", "latest_snapshot_id", "latest_run_id", "state", "last_heartbeat_at", "created_at", "updated_at" from "workspace_sandbox_instances" where (("workspace_sandbox_instances"."conversation_id" = $1) and ("workspace_sandbox_instances"."kind" = $2))
2026-09-07 12:13:19.647 UTC [1102] LOG:  statement: commit
2026-09-07 12:13:19.647 UTC [1102] LOG:  statement: begin
2026-09-07 12:13:19.648 UTC [1102] LOG:  execute <unnamed>: select set_config('app.organization_id', $1, true)
2026-09-07 12:13:19.648 UTC [1102] LOG:  execute <unnamed>: select "id", "kind", "org_id", "workspace_id", "conversation_id", "desired_url", "desired_generation", "desired_sha", "provider", "provider_sandbox_id", "latest_snapshot_id", "latest_run_id", "state", "last_heartbeat_at", "created_at", "updated_at" from "workspace_sandbox_instances" where (("workspace_sandbox_instances"."conversation_id" = $1) and ("workspace_sandbox_instances"."kind" = $2))
2026-09-07 12:13:19.651 UTC [1102] LOG:  statement: commit
2026-09-07 12:13:19.652 UTC [1102] LOG:  statement: begin
2026-09-07 12:13:19.652 UTC [1102] LOG:  execute <unnamed>: select set_config('app.organization_id', $1, true)
2026-09-07 12:13:19.653 UTC [1102] LOG:  execute <unnamed>: select "id", "kind", "org_id", "workspace_id", "conversation_id", "desired_url", "desired_generation", "desired_sha", "provider", "provider_sandbox_id", "latest_snapshot_id", "latest_run_id", "state", "last_heartbeat_at", "created_at", "updated_at" from "workspace_sandbox_instances" where (("workspace_sandbox_instances"."id" = $1) and ("workspace_sandbox_instances"."org_id" = $2)) limit $3
2026-09-07 12:13:19.653 UTC [1102] LOG:  statement: commit
2026-09-07 12:13:19.657 UTC [1102] LOG:  statement: begin
2026-09-07 12:13:19.658 UTC [1102] LOG:  execute <unnamed>: select set_config('app.organization_id', $1, true)
2026-09-07 12:13:19.660 UTC [1102] LOG:  execute <unnamed>: delete from "workspace_sandbox_instances" where (("workspace_sandbox_instances"."id" = $1) and ("workspace_sandbox_instances"."org_id" = $2))
2026-09-07 12:13:19.661 UTC [1102] LOG:  statement: commit
2026-09-07 12:13:19.663 UTC [1102] LOG:  execute <unnamed>: select "slug" from "organizations" where "organizations"."id" = $1 limit $2
2026-09-07 12:13:19.664 UTC [1102] LOG:  statement: begin
2026-09-07 12:13:19.664 UTC [1102] LOG:  execute <unnamed>: select set_config('app.organization_id', $1, true)
2026-09-07 12:13:19.665 UTC [1102] LOG:  execute <unnamed>: select "id", "kind", "org_id", "workspace_id", "conversation_id", "desired_url", "desired_generation", "desired_sha", "provider", "provider_sandbox_id", "latest_snapshot_id", "latest_run_id", "state", "last_heartbeat_at", "created_at", "updated_at" from "workspace_sandbox_instances" where (("workspace_sandbox_instances"."id" = $1) and ("workspace_sandbox_instances"."org_id" = $2)) limit $3
2026-09-07 12:13:19.665 UTC [1102] LOG:  statement: commit
2026-09-07 12:13:19.665 UTC [1102] LOG:  statement: begin
2026-09-07 12:13:19.666 UTC [1102] LOG:  execute <unnamed>: select set_config('app.organization_id', $1, true)
2026-09-07 12:13:19.666 UTC [1102] LOG:  execute <unnamed>: select "id", "kind", "org_id", "workspace_id", "conversation_id", "desired_url", "desired_generation", "desired_sha", "provider", "provider_sandbox_id", "latest_snapshot_id", "latest_run_id", "state", "last_heartbeat_at", "created_at", "updated_at" from "workspace_sandbox_instances" where (("workspace_sandbox_instances"."conversation_id" = $1) and ("workspace_sandbox_instances"."kind" = $2) and ("workspace_sandbox_instances"."state" = $3))
2026-09-07 12:13:19.666 UTC [1102] LOG:  statement: commit
2026-09-07 12:13:19.810 UTC [1102] LOG:  statement: begin
2026-09-07 12:13:19.811 UTC [1102] LOG:  execute <unnamed>: select set_config('app.organization_id', $1, true)
2026-09-07 12:13:19.813 UTC [1102] LOG:  statement: savepoint sp1
2026-09-07 12:13:19.814 UTC [1102] LOG:  execute <unnamed>: select "id", "kind", "org_id", "workspace_id", "conversation_id", "desired_url", "desired_generation", "desired_sha", "provider", "provider_sandbox_id", "latest_snapshot_id", "latest_run_id", "state", "last_heartbeat_at", "created_at", "updated_at" from "workspace_sandbox_instances" where (("workspace_sandbox_instances"."org_id" = $1) and ("workspace_sandbox_instances"."kind" = $2) and ("workspace_sandbox_instances"."conversation_id" = $3) and ((("workspace_sandbox_instances"."state" = $4) or ("workspace_sandbox_instances"."state" = $5)))) order by ("workspace_sandbox_instances"."provider_sandbox_id" is not null) desc, "workspace_sandbox_instances"."created_at" asc, "workspace_sandbox_instances"."id" asc limit $6
2026-09-07 12:13:19.816 UTC [1102] LOG:  execute <unnamed>: insert into "workspace_sandbox_instances" ("id", "kind", "org_id", "workspace_id", "conversation_id", "desired_url", "desired_generation", "desired_sha", "provider", "provider_sandbox_id", "latest_snapshot_id", "latest_run_id", "state", "last_heartbeat_at", "created_at", "updated_at") values ($1, $2, $3, $4, $5, $6, $7, $8, $9, $10, $11, $12, $13, $14, $15, $16) on conflict ("id") do update set "kind" = $17, "conversation_id" = $18, "desired_url" = $19, "desired_generation" = $20, "desired_sha" = $21, "provider" = $22, "provider_sandbox_id" = $23, "latest_snapshot_id" = $24, "latest_run_id" = $25, "state" = $26, "last_heartbeat_at" = $27, "updated_at" = $28
2026-09-07 12:13:19.817 UTC [1102] LOG:  statement: release savepoint sp1
2026-09-07 12:13:19.817 UTC [1102] LOG:  statement: commit
2026-09-07 12:13:19.839 UTC [1102] LOG:  statement: begin
2026-09-07 12:13:19.840 UTC [1102] LOG:  execute <unnamed>: select set_config('app.organization_id', $1, true)
2026-09-07 12:13:19.841 UTC [1102] LOG:  execute <unnamed>: update "conversations" set "last_branch" = $1, "updated_at" = $2 where (("conversations"."id" = $3) and ("conversations"."org_id" = $4) and ("conversations"."user_id" = $5))
2026-09-07 12:13:19.842 UTC [1102] LOG:  statement: commit
2026-09-07 12:13:19.843 UTC [1102] LOG:  statement: begin
2026-09-07 12:13:19.844 UTC [1102] LOG:  execute <unnamed>: select set_config('app.organization_id', $1, true)
2026-09-07 12:13:19.845 UTC [1102] LOG:  execute <unnamed>: select "id", "kind", "org_id", "workspace_id", "conversation_id", "desired_url", "desired_generation", "desired_sha", "provider", "provider_sandbox_id", "latest_snapshot_id", "latest_run_id", "state", "last_heartbeat_at", "created_at", "updated_at" from "workspace_sandbox_instances" where (("workspace_sandbox_instances"."conversation_id" = $1) and ("workspace_sandbox_instances"."kind" = $2))
2026-09-07 12:13:19.846 UTC [1102] LOG:  statement: commit
2026-09-07 12:13:19.849 UTC [1102] LOG:  execute <unnamed>: select "id", "expires_at", "token", "created_at", "updated_at", "ip_address", "user_agent", "user_id", "active_organization_id" from "sessions" where "sessions"."token" = $1
2026-09-07 12:13:19.851 UTC [1102] LOG:  execute <unnamed>: select "id", "name", "email", "email_verified", "image", "created_at", "updated_at", "two_factor_enabled", "onboarding_completed_at" from "users" where "users"."id" = $1
2026-09-07 12:13:19.852 UTC [1102] LOG:  execute <unnamed>: select "id", "public_key", "private_key", "created_at", "expires_at" from "jwkss" limit $1
2026-09-07 12:13:19.853 UTC [1102] LOG:  execute <unnamed>: select "id", "expires_at", "token", "created_at", "updated_at", "ip_address", "user_agent", "user_id", "active_organization_id" from "sessions" where "sessions"."token" = $1
2026-09-07 12:13:19.857 UTC [1102] LOG:  execute <unnamed>: select "id", "name", "email", "email_verified", "image", "created_at", "updated_at", "two_factor_enabled", "onboarding_completed_at" from "users" where "users"."id" = $1
2026-09-07 12:13:19.858 UTC [1102] LOG:  execute <unnamed>: select "id", "public_key", "private_key", "created_at", "expires_at" from "jwkss" limit $1
2026-09-07 12:13:19.860 UTC [1102] LOG:  execute <unnamed>: select "organizations"."id" from "organizations" inner join "members" on (("members"."organization_id" = "organizations"."id") and ("members"."user_id" = $1)) where "organizations"."slug" = $2 limit $3
2026-09-07 12:13:19.861 UTC [1102] LOG:  statement: begin
2026-09-07 12:13:19.862 UTC [1102] LOG:  execute <unnamed>: select set_config('app.organization_id', $1, true)
2026-09-07 12:13:19.864 UTC [1102] LOG:  execute <unnamed>: select "id" from "workspaces" where (("workspaces"."id" = $1) and ("workspaces"."org_id" = $2)) limit $3
2026-09-07 12:13:19.865 UTC [1102] LOG:  execute <unnamed>: select "id", "org_id", "user_id", "workspace_id", "name", "source", "last_branch", "last_chat_pr_number", "last_message_at", "created_at", "updated_at" from "conversations" where (("conversations"."id" = $1) and ("conversations"."org_id" = $2) and ("conversations"."user_id" = $3)) limit $4
2026-09-07 12:13:19.866 UTC [1102] LOG:  statement: commit
2026-09-07 12:13:19.867 UTC [1102] LOG:  statement: begin
2026-09-07 12:13:19.868 UTC [1102] LOG:  execute <unnamed>: select set_config('app.organization_id', $1, true)
2026-09-07 12:13:19.869 UTC [1102] LOG:  execute <unnamed>: select "id", "org_id", "slug", "display_name", "workspace_repository_url", "github_connection_id", "desired_generation", "desired_sha", "active_projection_url", "active_projection_sha", "indexed_sha", "write_status", "hydrate_status", "hydrate_error", "last_job_at", "hydrate_phases", "read_only_reason", "created_at", "updated_at" from "workspaces" where (("workspaces"."org_id" = $1) and ("workspaces"."id" = $2)) limit $3
2026-09-07 12:13:19.869 UTC [1102] LOG:  statement: commit
2026-09-07 12:13:19.871 UTC [1102] LOG:  statement: begin
2026-09-07 12:13:19.872 UTC [1102] LOG:  execute <unnamed>: select set_config('app.organization_id', $1, true)
2026-09-07 12:13:19.873 UTC [1102] LOG:  execute <unnamed>: update "conversations" set "last_branch" = $1, "updated_at" = $2 where (("conversations"."id" = $3) and ("conversations"."org_id" = $4) and ("conversations"."user_id" = $5))
2026-09-07 12:13:19.874 UTC [1102] LOG:  statement: commit
2026-09-07 12:13:19.875 UTC [1102] LOG:  statement: begin
2026-09-07 12:13:19.878 UTC [1102] LOG:  execute <unnamed>: select set_config('app.organization_id', $1, true)
2026-09-07 12:13:19.878 UTC [1102] LOG:  execute <unnamed>: update "conversations" set "last_message_at" = $1, "updated_at" = $2 where (("conversations"."id" = $3) and ("conversations"."org_id" = $4) and ("conversations"."user_id" = $5))
2026-09-07 12:13:19.879 UTC [1102] LOG:  statement: commit
2026-09-07 12:13:19.880 UTC [1102] LOG:  statement: begin
2026-09-07 12:13:19.880 UTC [1102] LOG:  execute <unnamed>: select set_config('app.organization_id', $1, true)
2026-09-07 12:13:19.881 UTC [1102] LOG:  execute <unnamed>: select "id", "kind", "org_id", "workspace_id", "conversation_id", "desired_url", "desired_generation", "desired_sha", "provider", "provider_sandbox_id", "latest_snapshot_id", "latest_run_id", "state", "last_heartbeat_at", "created_at", "updated_at" from "workspace_sandbox_instances" where (("workspace_sandbox_instances"."conversation_id" = $1) and ("workspace_sandbox_instances"."kind" = $2))
2026-09-07 12:13:19.882 UTC [1102] LOG:  statement: commit
2026-09-07 12:13:19.882 UTC [1102] LOG:  statement: begin
2026-09-07 12:13:19.882 UTC [1102] LOG:  execute <unnamed>: select set_config('app.organization_id', $1, true)
2026-09-07 12:13:19.883 UTC [1102] LOG:  execute <unnamed>: select "id", "kind", "org_id", "workspace_id", "conversation_id", "desired_url", "desired_generation", "desired_sha", "provider", "provider_sandbox_id", "latest_snapshot_id", "latest_run_id", "state", "last_heartbeat_at", "created_at", "updated_at" from "workspace_sandbox_instances" where (("workspace_sandbox_instances"."conversation_id" = $1) and ("workspace_sandbox_instances"."kind" = $2))
2026-09-07 12:13:19.883 UTC [1102] LOG:  statement: commit
2026-09-07 12:13:19.883 UTC [1102] LOG:  statement: begin
2026-09-07 12:13:19.884 UTC [1102] LOG:  execute <unnamed>: select set_config('app.organization_id', $1, true)
2026-09-07 12:13:19.884 UTC [1102] LOG:  execute <unnamed>: select "id", "kind", "org_id", "workspace_id", "conversation_id", "desired_url", "desired_generation", "desired_sha", "provider", "provider_sandbox_id", "latest_snapshot_id", "latest_run_id", "state", "last_heartbeat_at", "created_at", "updated_at" from "workspace_sandbox_instances" where (("workspace_sandbox_instances"."id" = $1) and ("workspace_sandbox_instances"."org_id" = $2)) limit $3
2026-09-07 12:13:19.884 UTC [1102] LOG:  statement: commit
2026-09-07 12:13:19.885 UTC [1102] LOG:  statement: begin
2026-09-07 12:13:19.885 UTC [1102] LOG:  execute <unnamed>: select set_config('app.organization_id', $1, true)
2026-09-07 12:13:19.885 UTC [1102] LOG:  execute <unnamed>: delete from "workspace_sandbox_instances" where (("workspace_sandbox_instances"."id" = $1) and ("workspace_sandbox_instances"."org_id" = $2))
2026-09-07 12:13:19.885 UTC [1102] LOG:  statement: commit
2026-09-07 12:13:19.891 UTC [1102] LOG:  statement: begin
2026-09-07 12:13:19.891 UTC [1102] LOG:  execute <unnamed>: select set_config('app.organization_id', $1, true)
2026-09-07 12:13:19.892 UTC [1102] LOG:  execute <unnamed>: select "id", "org_id", "slug", "display_name", "workspace_repository_url", "github_connection_id", "desired_generation", "desired_sha", "active_projection_url", "active_projection_sha", "indexed_sha", "write_status", "hydrate_status", "hydrate_error", "last_job_at", "hydrate_phases", "read_only_reason", "created_at", "updated_at" from "workspaces" where (("workspaces"."org_id" = $1) and ("workspaces"."id" = $2)) limit $3
2026-09-07 12:13:19.892 UTC [1102] LOG:  statement: commit
2026-09-07 12:13:19.892 UTC [1102] LOG:  statement: begin
2026-09-07 12:13:19.893 UTC [1102] LOG:  execute <unnamed>: select set_config('app.organization_id', $1, true)
2026-09-07 12:13:19.893 UTC [1102] LOG:  execute <unnamed>: select "id", "org_id", "slug", "display_name", "workspace_repository_url", "github_connection_id", "desired_generation", "desired_sha", "active_projection_url", "active_projection_sha", "indexed_sha", "write_status", "hydrate_status", "hydrate_error", "last_job_at", "hydrate_phases", "read_only_reason", "created_at", "updated_at" from "workspaces" where (("workspaces"."org_id" = $1) and ("workspaces"."id" = $2)) limit $3
2026-09-07 12:13:19.893 UTC [1102] LOG:  execute <unnamed>: select "id", "org_id", "slug", "display_name", "workspace_repository_url", "github_connection_id", "desired_generation", "desired_sha", "active_projection_url", "active_projection_sha", "indexed_sha", "write_status", "hydrate_status", "hydrate_error", "last_job_at", "hydrate_phases", "read_only_reason", "created_at", "updated_at" from "workspaces" where (("workspaces"."org_id" = $1) and ("workspaces"."id" = $2)) limit $3
2026-09-07 12:13:19.894 UTC [1102] LOG:  execute <unnamed>: select "id", "org_id", "workspace_id", "git_url", "desired_ref", "desired_sha", "indexed_sha", "created_at" from "workspace_linked_repositories" where "workspace_linked_repositories"."workspace_id" = $1 order by "workspace_linked_repositories"."created_at"
2026-09-07 12:13:19.894 UTC [1102] LOG:  execute <unnamed>: select "id", "git_url" from "repositories" where "repositories"."org_id" = $1
2026-09-07 12:13:19.895 UTC [1102] LOG:  statement: commit
2026-09-07 12:13:19.896 UTC [1103] LOG:  statement: begin
2026-09-07 12:13:19.896 UTC [1102] LOG:  statement: begin
2026-09-07 12:13:19.899 UTC [1103] LOG:  execute <unnamed>: select set_config('app.organization_id', $1, true)
2026-09-07 12:13:19.899 UTC [1102] LOG:  execute <unnamed>: select set_config('app.organization_id', $1, true)
2026-09-07 12:13:19.899 UTC [1103] LOG:  execute <unnamed>: select "id", "kind", "org_id", "workspace_id", "conversation_id", "desired_url", "desired_generation", "desired_sha", "provider", "provider_sandbox_id", "latest_snapshot_id", "latest_run_id", "state", "last_heartbeat_at", "created_at", "updated_at" from "workspace_sandbox_instances" where (("workspace_sandbox_instances"."id" = $1) and ("workspace_sandbox_instances"."org_id" = $2)) limit $3
2026-09-07 12:13:19.899 UTC [1102] LOG:  execute <unnamed>: select "id", "kind", "org_id", "workspace_id", "conversation_id", "desired_url", "desired_generation", "desired_sha", "provider", "provider_sandbox_id", "latest_snapshot_id", "latest_run_id", "state", "last_heartbeat_at", "created_at", "updated_at" from "workspace_sandbox_instances" where (("workspace_sandbox_instances"."conversation_id" = $1) and ("workspace_sandbox_instances"."kind" = $2))
2026-09-07 12:13:19.900 UTC [1103] LOG:  statement: commit
2026-09-07 12:13:19.900 UTC [1102] LOG:  statement: commit
2026-09-07 12:13:19.900 UTC [1103] LOG:  statement: begin
2026-09-07 12:13:19.900 UTC [1103] LOG:  execute <unnamed>: select set_config('app.organization_id', $1, true)
2026-09-07 12:13:19.901 UTC [1103] LOG:  execute <unnamed>: select "id", "kind", "org_id", "workspace_id", "conversation_id", "desired_url", "desired_generation", "desired_sha", "provider", "provider_sandbox_id", "latest_snapshot_id", "latest_run_id", "state", "last_heartbeat_at", "created_at", "updated_at" from "workspace_sandbox_instances" where (("workspace_sandbox_instances"."conversation_id" = $1) and ("workspace_sandbox_instances"."kind" = $2) and ("workspace_sandbox_instances"."state" = $3))
2026-09-07 12:13:19.901 UTC [1103] LOG:  statement: commit
2026-09-07 12:13:20.042 UTC [1103] LOG:  statement: begin
2026-09-07 12:13:20.043 UTC [1103] LOG:  execute <unnamed>: select set_config('app.organization_id', $1, true)
2026-09-07 12:13:20.044 UTC [1103] LOG:  statement: savepoint sp1
2026-09-07 12:13:20.045 UTC [1103] LOG:  execute <unnamed>: select "id", "kind", "org_id", "workspace_id", "conversation_id", "desired_url", "desired_generation", "desired_sha", "provider", "provider_sandbox_id", "latest_snapshot_id", "latest_run_id", "state", "last_heartbeat_at", "created_at", "updated_at" from "workspace_sandbox_instances" where (("workspace_sandbox_instances"."org_id" = $1) and ("workspace_sandbox_instances"."kind" = $2) and ("workspace_sandbox_instances"."conversation_id" = $3) and ((("workspace_sandbox_instances"."state" = $4) or ("workspace_sandbox_instances"."state" = $5)))) order by ("workspace_sandbox_instances"."provider_sandbox_id" is not null) desc, "workspace_sandbox_instances"."created_at" asc, "workspace_sandbox_instances"."id" asc limit $6
2026-09-07 12:13:20.047 UTC [1103] LOG:  execute <unnamed>: insert into "workspace_sandbox_instances" ("id", "kind", "org_id", "workspace_id", "conversation_id", "desired_url", "desired_generation", "desired_sha", "provider", "provider_sandbox_id", "latest_snapshot_id", "latest_run_id", "state", "last_heartbeat_at", "created_at", "updated_at") values ($1, $2, $3, $4, $5, $6, $7, $8, $9, $10, $11, $12, $13, $14, $15, $16) on conflict ("id") do update set "kind" = $17, "conversation_id" = $18, "desired_url" = $19, "desired_generation" = $20, "desired_sha" = $21, "provider" = $22, "provider_sandbox_id" = $23, "latest_snapshot_id" = $24, "latest_run_id" = $25, "state" = $26, "last_heartbeat_at" = $27, "updated_at" = $28
2026-09-07 12:13:20.048 UTC [1103] LOG:  statement: release savepoint sp1
2026-09-07 12:13:20.048 UTC [1103] LOG:  statement: commit
2026-09-07 12:13:20.089 UTC [1103] LOG:  statement: begin
2026-09-07 12:13:20.091 UTC [1103] LOG:  execute <unnamed>: select set_config('app.organization_id', $1, true)
2026-09-07 12:13:20.092 UTC [1103] LOG:  execute <unnamed>: select "interrupt_id", "run_id", "thread_id", "org_id", "status", "requested_at", "resolved_at", "payload_json", "response_json" from "chat_interrupts" where (("chat_interrupts"."thread_id" = $1) and ("chat_interrupts"."status" = $2)) order by "chat_interrupts"."requested_at" asc
2026-09-07 12:13:20.094 UTC [1103] LOG:  statement: commit
2026-09-07 12:13:20.095 UTC [1103] LOG:  statement: begin
2026-09-07 12:13:20.096 UTC [1103] LOG:  execute <unnamed>: select set_config('app.organization_id', $1, true)
2026-09-07 12:13:20.098 UTC [1103] LOG:  execute <unnamed>: select "run_id", "thread_id", "org_id", "status", "started_at", "finished_at", "error", "error_code", "usage_json", "sandbox_key", "detached_since", "cancel_requested", "driver_epoch" from "chat_runs" where "chat_runs"."run_id" = $1 limit $2
2026-09-07 12:13:20.098 UTC [1103] LOG:  statement: commit
2026-09-07 12:13:20.099 UTC [1103] LOG:  statement: begin
2026-09-07 12:13:20.100 UTC [1103] LOG:  execute <unnamed>: select set_config('app.organization_id', $1, true)
2026-09-07 12:13:20.101 UTC [1103] LOG:  execute <unnamed>: insert into "chat_runs" ("run_id", "thread_id", "org_id", "status", "started_at", "finished_at", "error", "error_code", "usage_json", "sandbox_key", "detached_since", "cancel_requested", "driver_epoch") values ($1, $2, $3, $4, $5, default, default, default, default, default, default, default, default) on conflict ("run_id") do nothing
2026-09-07 12:13:20.102 UTC [1103] LOG:  statement: commit
2026-09-07 12:13:20.103 UTC [1103] LOG:  statement: begin
2026-09-07 12:13:20.104 UTC [1103] LOG:  execute <unnamed>: select set_config('app.organization_id', $1, true)
2026-09-07 12:13:20.105 UTC [1103] LOG:  execute <unnamed>: select "run_id", "thread_id", "org_id", "status", "started_at", "finished_at", "error", "error_code", "usage_json", "sandbox_key", "detached_since", "cancel_requested", "driver_epoch" from "chat_runs" where "chat_runs"."run_id" = $1 limit $2
2026-09-07 12:13:20.106 UTC [1103] LOG:  statement: commit
2026-09-07 12:13:20.107 UTC [1103] LOG:  statement: begin
2026-09-07 12:13:20.108 UTC [1103] LOG:  execute <unnamed>: select set_config('app.organization_id', $1, true)
2026-09-07 12:13:20.108 UTC [1103] LOG:  execute <unnamed>: select "messages_json" from "chat_threads" where "chat_threads"."thread_id" = $1 limit $2
2026-09-07 12:13:20.109 UTC [1103] LOG:  statement: commit
2026-09-07 12:13:20.110 UTC [1103] LOG:  statement: begin
2026-09-07 12:13:20.110 UTC [1103] LOG:  execute <unnamed>: select set_config('app.organization_id', $1, true)
2026-09-07 12:13:20.111 UTC [1103] LOG:  execute <unnamed>: insert into "chat_threads" ("thread_id", "org_id", "messages_json", "updated_at") values ($1, $2, $3, $4) on conflict ("thread_id") do update set "messages_json" = $5, "updated_at" = $6
2026-09-07 12:13:20.111 UTC [1103] LOG:  statement: commit
2026-09-07 12:13:21.225 UTC [1103] LOG:  statement: begin
2026-09-07 12:13:21.226 UTC [1103] LOG:  execute <unnamed>: select set_config('app.organization_id', $1, true)
2026-09-07 12:13:21.227 UTC [1103] LOG:  execute <unnamed>: insert into "chat_threads" ("thread_id", "org_id", "messages_json", "updated_at") values ($1, $2, $3, $4) on conflict ("thread_id") do update set "messages_json" = $5, "updated_at" = $6
2026-09-07 12:13:21.228 UTC [1103] LOG:  statement: commit
2026-09-07 12:13:25.640 UTC [1103] LOG:  statement: begin
2026-09-07 12:13:25.642 UTC [1103] LOG:  execute <unnamed>: select set_config('app.organization_id', $1, true)
2026-09-07 12:13:25.644 UTC [1103] LOG:  execute <unnamed>: insert into "chat_threads" ("thread_id", "org_id", "messages_json", "updated_at") values ($1, $2, $3, $4) on conflict ("thread_id") do update set "messages_json" = $5, "updated_at" = $6
2026-09-07 12:13:25.646 UTC [1103] LOG:  statement: commit
2026-09-07 12:13:25.757 UTC [1103] LOG:  statement: begin
2026-09-07 12:13:25.760 UTC [1103] LOG:  execute <unnamed>: select set_config('app.organization_id', $1, true)
2026-09-07 12:13:25.762 UTC [1103] LOG:  execute <unnamed>: insert into "chat_threads" ("thread_id", "org_id", "messages_json", "updated_at") values ($1, $2, $3, $4) on conflict ("thread_id") do update set "messages_json" = $5, "updated_at" = $6
2026-09-07 12:13:25.763 UTC [1103] LOG:  statement: commit
2026-09-07 12:13:25.765 UTC [1103] LOG:  statement: begin
2026-09-07 12:13:25.766 UTC [1103] LOG:  execute <unnamed>: select set_config('app.organization_id', $1, true)
2026-09-07 12:13:25.768 UTC [1103] LOG:  execute <unnamed>: update "chat_runs" set "status" = $1, "finished_at" = $2, "usage_json" = $3 where "chat_runs"."run_id" = $4
2026-09-07 12:13:25.769 UTC [1103] LOG:  statement: commit
2026-09-07 12:13:25.770 UTC [1103] LOG:  statement: begin
2026-09-07 12:13:25.772 UTC [1103] LOG:  execute <unnamed>: select set_config('app.organization_id', $1, true)
2026-09-07 12:13:25.773 UTC [1103] LOG:  execute <unnamed>: select "messages_json" from "chat_threads" where "chat_threads"."thread_id" = $1 limit $2
2026-09-07 12:13:25.774 UTC [1103] LOG:  statement: commit
2026-09-07 12:13:25.777 UTC [1103] LOG:  statement: begin
2026-09-07 12:13:25.778 UTC [1103] LOG:  execute <unnamed>: select set_config('app.organization_id', $1, true)
2026-09-07 12:13:25.779 UTC [1103] LOG:  execute <unnamed>: select "run_id", "thread_id", "org_id", "status", "started_at", "finished_at", "error", "error_code", "usage_json", "sandbox_key", "detached_since", "cancel_requested", "driver_epoch" from "chat_runs" where (("chat_runs"."thread_id" = $1) and ("chat_runs"."status" = $2)) order by "chat_runs"."started_at" desc limit $3
2026-09-07 12:13:25.782 UTC [1103] LOG:  statement: commit
2026-09-07 12:13:25.783 UTC [1103] LOG:  statement: begin
2026-09-07 12:13:25.784 UTC [1103] LOG:  execute <unnamed>: select set_config('app.organization_id', $1, true)
2026-09-07 12:13:25.786 UTC [1103] LOG:  execute <unnamed>: select "d0"."id" as "id", "d0"."org_id" as "orgId", "d0"."user_id" as "userId", "d0"."workspace_id" as "workspaceId", "d0"."name" as "name", "d0"."source" as "source", "d0"."last_branch" as "lastBranch", "d0"."last_chat_pr_number" as "lastChatPrNumber", "d0"."last_message_at" as "lastMessageAt", "d0"."created_at" as "createdAt", "d0"."updated_at" as "updatedAt" from "conversations" as "d0" where (("d0"."id" = $1) and ("d0"."org_id" = $2) and ("d0"."user_id" = $3)) limit $4
2026-09-07 12:13:25.786 UTC [1103] LOG:  statement: commit
2026-09-07 12:13:25.794 UTC [1103] LOG:  execute <unnamed>: select "id", "expires_at", "token", "created_at", "updated_at", "ip_address", "user_agent", "user_id", "active_organization_id" from "sessions" where "sessions"."token" = $1
2026-09-07 12:13:25.796 UTC [1103] LOG:  execute <unnamed>: select "id", "name", "email", "email_verified", "image", "created_at", "updated_at", "two_factor_enabled", "onboarding_completed_at" from "users" where "users"."id" = $1
2026-09-07 12:13:25.798 UTC [1103] LOG:  execute <unnamed>: select "id", "public_key", "private_key", "created_at", "expires_at" from "jwkss" limit $1
2026-09-07 12:13:25.800 UTC [1103] LOG:  execute <unnamed>: select "id", "expires_at", "token", "created_at", "updated_at", "ip_address", "user_agent", "user_id", "active_organization_id" from "sessions" where "sessions"."token" = $1
2026-09-07 12:13:25.804 UTC [1103] LOG:  execute <unnamed>: select "id", "name", "email", "email_verified", "image", "created_at", "updated_at", "two_factor_enabled", "onboarding_completed_at" from "users" where "users"."id" = $1
2026-09-07 12:13:25.805 UTC [1103] LOG:  execute <unnamed>: select "id", "public_key", "private_key", "created_at", "expires_at" from "jwkss" limit $1
2026-09-07 12:13:25.807 UTC [1103] LOG:  execute <unnamed>: select "organizations"."id" from "organizations" inner join "members" on (("members"."organization_id" = "organizations"."id") and ("members"."user_id" = $1)) where "organizations"."slug" = $2 limit $3
2026-09-07 12:13:25.809 UTC [1103] LOG:  statement: begin
2026-09-07 12:13:25.809 UTC [1103] LOG:  execute <unnamed>: select set_config('app.organization_id', $1, true)
2026-09-07 12:13:25.811 UTC [1103] LOG:  execute <unnamed>: select "d0"."id" as "id", "d0"."org_id" as "orgId", "d0"."user_id" as "userId", "d0"."workspace_id" as "workspaceId", "d0"."name" as "name", "d0"."source" as "source", "d0"."last_branch" as "lastBranch", "d0"."last_chat_pr_number" as "lastChatPrNumber", "d0"."last_message_at" as "lastMessageAt", "d0"."created_at" as "createdAt", "d0"."updated_at" as "updatedAt" from "conversations" as "d0" where (("d0"."id" = $1) and ("d0"."org_id" = $2) and ("d0"."user_id" = $3)) limit $4
2026-09-07 12:13:25.811 UTC [1103] LOG:  statement: commit
2026-09-07 12:13:25.813 UTC [1103] LOG:  statement: begin
2026-09-07 12:13:25.814 UTC [1103] LOG:  execute <unnamed>: select set_config('app.organization_id', $1, true)
2026-09-07 12:13:25.815 UTC [1103] LOG:  execute <unnamed>: select "messages_json" from "chat_threads" where "chat_threads"."thread_id" = $1 limit $2
2026-09-07 12:13:25.816 UTC [1103] LOG:  statement: commit
2026-09-07 12:13:25.817 UTC [1103] LOG:  statement: begin
2026-09-07 12:13:25.818 UTC [1103] LOG:  execute <unnamed>: select set_config('app.organization_id', $1, true)
2026-09-07 12:13:25.819 UTC [1103] LOG:  execute <unnamed>: select "id", "org_id", "slug", "display_name", "workspace_repository_url", "github_connection_id", "desired_generation", "desired_sha", "active_projection_url", "active_projection_sha", "indexed_sha", "write_status", "hydrate_status", "hydrate_error", "last_job_at", "hydrate_phases", "read_only_reason", "created_at", "updated_at" from "workspaces" where (("workspaces"."org_id" = $1) and ("workspaces"."id" = $2)) limit $3
2026-09-07 12:13:25.820 UTC [1103] LOG:  statement: commit
2026-09-07 12:13:25.871 UTC [1103] LOG:  execute <unnamed>: select "id", "expires_at", "token", "created_at", "updated_at", "ip_address", "user_agent", "user_id", "active_organization_id" from "sessions" where "sessions"."token" = $1
2026-09-07 12:13:25.873 UTC [1103] LOG:  execute <unnamed>: select "id", "name", "email", "email_verified", "image", "created_at", "updated_at", "two_factor_enabled", "onboarding_completed_at" from "users" where "users"."id" = $1
2026-09-07 12:13:25.874 UTC [1103] LOG:  execute <unnamed>: select "id", "public_key", "private_key", "created_at", "expires_at" from "jwkss" limit $1
2026-09-07 12:13:25.876 UTC [1103] LOG:  execute <unnamed>: select "id", "expires_at", "token", "created_at", "updated_at", "ip_address", "user_agent", "user_id", "active_organization_id" from "sessions" where "sessions"."token" = $1
2026-09-07 12:13:25.877 UTC [1103] LOG:  execute <unnamed>: select "id", "name", "email", "email_verified", "image", "created_at", "updated_at", "two_factor_enabled", "onboarding_completed_at" from "users" where "users"."id" = $1
2026-09-07 12:13:25.878 UTC [1103] LOG:  execute <unnamed>: select "id", "public_key", "private_key", "created_at", "expires_at" from "jwkss" limit $1
2026-09-07 12:13:25.880 UTC [1103] LOG:  execute <unnamed>: select "organizations"."id" from "organizations" inner join "members" on (("members"."organization_id" = "organizations"."id") and ("members"."user_id" = $1)) where "organizations"."slug" = $2 limit $3
2026-09-07 12:13:25.881 UTC [1103] LOG:  statement: begin
2026-09-07 12:13:25.882 UTC [1103] LOG:  execute <unnamed>: select set_config('app.organization_id', $1, true)
2026-09-07 12:13:25.886 UTC [1103] LOG:  execute <unnamed>: select "id", "org_id", "slug", "display_name", "workspace_repository_url", "github_connection_id", "desired_generation", "desired_sha", "active_projection_url", "active_projection_sha", "indexed_sha", "write_status", "hydrate_status", "hydrate_error", "last_job_at", "hydrate_phases", "read_only_reason", "created_at", "updated_at" from "workspaces" where (("workspaces"."org_id" = $1) and ("workspaces"."slug" = $2)) limit $3
2026-09-07 12:13:25.893 UTC [1103] LOG:  statement: commit
2026-09-07 12:13:25.895 UTC [1103] LOG:  statement: begin
2026-09-07 12:13:25.896 UTC [1103] LOG:  execute <unnamed>: select set_config('app.organization_id', $1, true)
2026-09-07 12:13:25.897 UTC [1103] LOG:  execute <unnamed>: select "id", "org_id", "slug", "display_name", "workspace_repository_url", "github_connection_id", "desired_generation", "desired_sha", "active_projection_url", "active_projection_sha", "indexed_sha", "write_status", "hydrate_status", "hydrate_error", "last_job_at", "hydrate_phases", "read_only_reason", "created_at", "updated_at" from "workspaces" where (("workspaces"."org_id" = $1) and ("workspaces"."id" = $2)) limit $3
2026-09-07 12:13:25.897 UTC [1103] LOG:  execute <unnamed>: select "id", "org_id", "workspace_id", "git_url", "desired_ref", "desired_sha", "indexed_sha", "created_at" from "workspace_linked_repositories" where "workspace_linked_repositories"."workspace_id" = $1 order by "workspace_linked_repositories"."created_at"
2026-09-07 12:13:25.898 UTC [1103] LOG:  statement: commit
2026-09-07 12:13:25.899 UTC [1103] LOG:  statement: begin
2026-09-07 12:13:25.900 UTC [1103] LOG:  execute <unnamed>: select set_config('app.organization_id', $1, true)
2026-09-07 12:13:25.900 UTC [1103] LOG:  execute <unnamed>: select "commit_sha" from "workspace_write_jobs" where (("workspace_write_jobs"."workspace_id" = $1) and ("workspace_write_jobs"."kind" = $2) and (("workspace_write_jobs"."commit_sha" is not null))) order by "workspace_write_jobs"."created_at" asc limit $3
2026-09-07 12:13:25.901 UTC [1103] LOG:  statement: commit
2026-09-07 12:13:25.904 UTC [1103] LOG:  execute <unnamed>: select "id", "expires_at", "token", "created_at", "updated_at", "ip_address", "user_agent", "user_id", "active_organization_id" from "sessions" where "sessions"."token" = $1
2026-09-07 12:13:25.906 UTC [1103] LOG:  execute <unnamed>: select "id", "name", "email", "email_verified", "image", "created_at", "updated_at", "two_factor_enabled", "onboarding_completed_at" from "users" where "users"."id" = $1
2026-09-07 12:13:25.907 UTC [1103] LOG:  execute <unnamed>: select "id", "public_key", "private_key", "created_at", "expires_at" from "jwkss" limit $1
2026-09-07 12:13:25.909 UTC [1103] LOG:  execute <unnamed>: select "id", "expires_at", "token", "created_at", "updated_at", "ip_address", "user_agent", "user_id", "active_organization_id" from "sessions" where "sessions"."token" = $1
2026-09-07 12:13:25.910 UTC [1103] LOG:  execute <unnamed>: select "id", "name", "email", "email_verified", "image", "created_at", "updated_at", "two_factor_enabled", "onboarding_completed_at" from "users" where "users"."id" = $1
2026-09-07 12:13:25.911 UTC [1103] LOG:  execute <unnamed>: select "id", "public_key", "private_key", "created_at", "expires_at" from "jwkss" limit $1
2026-09-07 12:13:25.913 UTC [1103] LOG:  execute <unnamed>: select "organizations"."id" from "organizations" inner join "members" on (("members"."organization_id" = "organizations"."id") and ("members"."user_id" = $1)) where "organizations"."slug" = $2 limit $3
2026-09-07 12:13:25.914 UTC [1103] LOG:  statement: begin
2026-09-07 12:13:25.917 UTC [1103] LOG:  execute <unnamed>: select set_config('app.organization_id', $1, true)
2026-09-07 12:13:25.918 UTC [1103] LOG:  execute <unnamed>: select "id" from "workspaces" where (("workspaces"."id" = $1) and ("workspaces"."org_id" = $2)) limit $3
2026-09-07 12:13:25.919 UTC [1103] LOG:  execute <unnamed>: select "id", "org_id", "user_id", "workspace_id", "name", "source", "last_branch", "last_chat_pr_number", "last_message_at", "created_at", "updated_at" from "conversations" where (("conversations"."id" = $1) and ("conversations"."org_id" = $2) and ("conversations"."user_id" = $3)) limit $4
2026-09-07 12:13:25.919 UTC [1103] LOG:  statement: commit
2026-09-07 12:13:25.920 UTC [1103] LOG:  statement: begin
2026-09-07 12:13:25.921 UTC [1103] LOG:  execute <unnamed>: select set_config('app.organization_id', $1, true)
2026-09-07 12:13:25.922 UTC [1103] LOG:  execute <unnamed>: select "id", "org_id", "slug", "display_name", "workspace_repository_url", "github_connection_id", "desired_generation", "desired_sha", "active_projection_url", "active_projection_sha", "indexed_sha", "write_status", "hydrate_status", "hydrate_error", "last_job_at", "hydrate_phases", "read_only_reason", "created_at", "updated_at" from "workspaces" where (("workspaces"."org_id" = $1) and ("workspaces"."id" = $2)) limit $3
2026-09-07 12:13:25.922 UTC [1103] LOG:  statement: commit
2026-09-07 12:13:25.923 UTC [1103] LOG:  statement: begin
2026-09-07 12:13:25.923 UTC [1103] LOG:  execute <unnamed>: select set_config('app.organization_id', $1, true)
2026-09-07 12:13:25.924 UTC [1103] LOG:  execute <unnamed>: update "conversations" set "last_branch" = $1, "updated_at" = $2 where (("conversations"."id" = $3) and ("conversations"."org_id" = $4) and ("conversations"."user_id" = $5))
2026-09-07 12:13:25.924 UTC [1103] LOG:  statement: commit
2026-09-07 12:13:25.925 UTC [1103] LOG:  statement: begin
2026-09-07 12:13:25.925 UTC [1103] LOG:  execute <unnamed>: select set_config('app.organization_id', $1, true)
2026-09-07 12:13:25.926 UTC [1103] LOG:  execute <unnamed>: select "id", "kind", "org_id", "workspace_id", "conversation_id", "desired_url", "desired_generation", "desired_sha", "provider", "provider_sandbox_id", "latest_snapshot_id", "latest_run_id", "state", "last_heartbeat_at", "created_at", "updated_at" from "workspace_sandbox_instances" where (("workspace_sandbox_instances"."conversation_id" = $1) and ("workspace_sandbox_instances"."kind" = $2))
2026-09-07 12:13:25.926 UTC [1103] LOG:  statement: commit
2026-09-07 12:13:25.927 UTC [1103] LOG:  statement: begin
2026-09-07 12:13:25.927 UTC [1103] LOG:  execute <unnamed>: select set_config('app.organization_id', $1, true)
2026-09-07 12:13:25.927 UTC [1103] LOG:  execute <unnamed>: select "id", "kind", "org_id", "workspace_id", "conversation_id", "desired_url", "desired_generation", "desired_sha", "provider", "provider_sandbox_id", "latest_snapshot_id", "latest_run_id", "state", "last_heartbeat_at", "created_at", "updated_at" from "workspace_sandbox_instances" where (("workspace_sandbox_instances"."conversation_id" = $1) and ("workspace_sandbox_instances"."kind" = $2))
2026-09-07 12:13:25.928 UTC [1103] LOG:  statement: commit
2026-09-07 12:13:25.928 UTC [1103] LOG:  statement: begin
2026-09-07 12:13:25.928 UTC [1103] LOG:  execute <unnamed>: select set_config('app.organization_id', $1, true)
2026-09-07 12:13:25.929 UTC [1103] LOG:  execute <unnamed>: select "id", "kind", "org_id", "workspace_id", "conversation_id", "desired_url", "desired_generation", "desired_sha", "provider", "provider_sandbox_id", "latest_snapshot_id", "latest_run_id", "state", "last_heartbeat_at", "created_at", "updated_at" from "workspace_sandbox_instances" where (("workspace_sandbox_instances"."id" = $1) and ("workspace_sandbox_instances"."org_id" = $2)) limit $3
2026-09-07 12:13:25.929 UTC [1103] LOG:  statement: commit
2026-09-07 12:13:25.933 UTC [1103] LOG:  statement: begin
2026-09-07 12:13:25.934 UTC [1103] LOG:  execute <unnamed>: select set_config('app.organization_id', $1, true)
2026-09-07 12:13:25.934 UTC [1103] LOG:  execute <unnamed>: delete from "workspace_sandbox_instances" where (("workspace_sandbox_instances"."id" = $1) and ("workspace_sandbox_instances"."org_id" = $2))
2026-09-07 12:13:25.934 UTC [1103] LOG:  statement: commit
2026-09-07 12:13:25.935 UTC [1103] LOG:  execute <unnamed>: select "slug" from "organizations" where "organizations"."id" = $1 limit $2
2026-09-07 12:13:25.936 UTC [1103] LOG:  statement: begin
2026-09-07 12:13:25.936 UTC [1103] LOG:  execute <unnamed>: select set_config('app.organization_id', $1, true)
2026-09-07 12:13:25.937 UTC [1103] LOG:  execute <unnamed>: select "id", "kind", "org_id", "workspace_id", "conversation_id", "desired_url", "desired_generation", "desired_sha", "provider", "provider_sandbox_id", "latest_snapshot_id", "latest_run_id", "state", "last_heartbeat_at", "created_at", "updated_at" from "workspace_sandbox_instances" where (("workspace_sandbox_instances"."id" = $1) and ("workspace_sandbox_instances"."org_id" = $2)) limit $3
2026-09-07 12:13:25.937 UTC [1103] LOG:  statement: commit
2026-09-07 12:13:25.940 UTC [1103] LOG:  statement: begin
2026-09-07 12:13:25.940 UTC [1103] LOG:  execute <unnamed>: select set_config('app.organization_id', $1, true)
2026-09-07 12:13:25.941 UTC [1103] LOG:  execute <unnamed>: select "id", "kind", "org_id", "workspace_id", "conversation_id", "desired_url", "desired_generation", "desired_sha", "provider", "provider_sandbox_id", "latest_snapshot_id", "latest_run_id", "state", "last_heartbeat_at", "created_at", "updated_at" from "workspace_sandbox_instances" where (("workspace_sandbox_instances"."conversation_id" = $1) and ("workspace_sandbox_instances"."kind" = $2) and ("workspace_sandbox_instances"."state" = $3))
2026-09-07 12:13:25.941 UTC [1103] LOG:  statement: commit
2026-09-07 12:13:26.086 UTC [1103] LOG:  statement: begin
2026-09-07 12:13:26.087 UTC [1103] LOG:  execute <unnamed>: select set_config('app.organization_id', $1, true)
2026-09-07 12:13:26.088 UTC [1103] LOG:  statement: savepoint sp1
2026-09-07 12:13:26.090 UTC [1103] LOG:  execute <unnamed>: select "id", "kind", "org_id", "workspace_id", "conversation_id", "desired_url", "desired_generation", "desired_sha", "provider", "provider_sandbox_id", "latest_snapshot_id", "latest_run_id", "state", "last_heartbeat_at", "created_at", "updated_at" from "workspace_sandbox_instances" where (("workspace_sandbox_instances"."org_id" = $1) and ("workspace_sandbox_instances"."kind" = $2) and ("workspace_sandbox_instances"."conversation_id" = $3) and ((("workspace_sandbox_instances"."state" = $4) or ("workspace_sandbox_instances"."state" = $5)))) order by ("workspace_sandbox_instances"."provider_sandbox_id" is not null) desc, "workspace_sandbox_instances"."created_at" asc, "workspace_sandbox_instances"."id" asc limit $6
2026-09-07 12:13:26.091 UTC [1103] LOG:  execute <unnamed>: insert into "workspace_sandbox_instances" ("id", "kind", "org_id", "workspace_id", "conversation_id", "desired_url", "desired_generation", "desired_sha", "provider", "provider_sandbox_id", "latest_snapshot_id", "latest_run_id", "state", "last_heartbeat_at", "created_at", "updated_at") values ($1, $2, $3, $4, $5, $6, $7, $8, $9, $10, $11, $12, $13, $14, $15, $16) on conflict ("id") do update set "kind" = $17, "conversation_id" = $18, "desired_url" = $19, "desired_generation" = $20, "desired_sha" = $21, "provider" = $22, "provider_sandbox_id" = $23, "latest_snapshot_id" = $24, "latest_run_id" = $25, "state" = $26, "last_heartbeat_at" = $27, "updated_at" = $28
2026-09-07 12:13:26.092 UTC [1103] LOG:  statement: release savepoint sp1
2026-09-07 12:13:26.093 UTC [1103] LOG:  statement: commit
2026-09-07 12:13:26.113 UTC [1103] LOG:  statement: begin
2026-09-07 12:13:26.114 UTC [1103] LOG:  execute <unnamed>: select set_config('app.organization_id', $1, true)
2026-09-07 12:13:26.116 UTC [1103] LOG:  execute <unnamed>: update "conversations" set "last_branch" = $1, "updated_at" = $2 where (("conversations"."id" = $3) and ("conversations"."org_id" = $4) and ("conversations"."user_id" = $5))
2026-09-07 12:13:26.117 UTC [1103] LOG:  statement: commit
2026-09-07 12:13:26.119 UTC [1103] LOG:  statement: begin
2026-09-07 12:13:26.120 UTC [1103] LOG:  execute <unnamed>: select set_config('app.organization_id', $1, true)
2026-09-07 12:13:26.122 UTC [1103] LOG:  execute <unnamed>: select "id", "kind", "org_id", "workspace_id", "conversation_id", "desired_url", "desired_generation", "desired_sha", "provider", "provider_sandbox_id", "latest_snapshot_id", "latest_run_id", "state", "last_heartbeat_at", "created_at", "updated_at" from "workspace_sandbox_instances" where (("workspace_sandbox_instances"."conversation_id" = $1) and ("workspace_sandbox_instances"."kind" = $2))
2026-09-07 12:13:26.123 UTC [1103] LOG:  statement: commit
2026-09-07 12:13:26.126 UTC [1103] LOG:  execute <unnamed>: select "id", "expires_at", "token", "created_at", "updated_at", "ip_address", "user_agent", "user_id", "active_organization_id" from "sessions" where "sessions"."token" = $1
2026-09-07 12:13:26.127 UTC [1103] LOG:  execute <unnamed>: select "id", "name", "email", "email_verified", "image", "created_at", "updated_at", "two_factor_enabled", "onboarding_completed_at" from "users" where "users"."id" = $1
2026-09-07 12:13:26.128 UTC [1103] LOG:  execute <unnamed>: select "id", "public_key", "private_key", "created_at", "expires_at" from "jwkss" limit $1
2026-09-07 12:13:26.130 UTC [1103] LOG:  execute <unnamed>: select "id", "expires_at", "token", "created_at", "updated_at", "ip_address", "user_agent", "user_id", "active_organization_id" from "sessions" where "sessions"."token" = $1
2026-09-07 12:13:26.131 UTC [1103] LOG:  execute <unnamed>: select "id", "name", "email", "email_verified", "image", "created_at", "updated_at", "two_factor_enabled", "onboarding_completed_at" from "users" where "users"."id" = $1
2026-09-07 12:13:26.132 UTC [1103] LOG:  execute <unnamed>: select "id", "public_key", "private_key", "created_at", "expires_at" from "jwkss" limit $1
2026-09-07 12:13:26.134 UTC [1103] LOG:  execute <unnamed>: select "organizations"."id" from "organizations" inner join "members" on (("members"."organization_id" = "organizations"."id") and ("members"."user_id" = $1)) where "organizations"."slug" = $2 limit $3
2026-09-07 12:13:26.135 UTC [1103] LOG:  statement: begin
2026-09-07 12:13:26.137 UTC [1103] LOG:  execute <unnamed>: select set_config('app.organization_id', $1, true)
2026-09-07 12:13:26.138 UTC [1103] LOG:  execute <unnamed>: select "id" from "workspaces" where (("workspaces"."id" = $1) and ("workspaces"."org_id" = $2)) limit $3
2026-09-07 12:13:26.139 UTC [1103] LOG:  execute <unnamed>: select "id", "org_id", "user_id", "workspace_id", "name", "source", "last_branch", "last_chat_pr_number", "last_message_at", "created_at", "updated_at" from "conversations" where (("conversations"."id" = $1) and ("conversations"."org_id" = $2) and ("conversations"."user_id" = $3)) limit $4
2026-09-07 12:13:26.142 UTC [1103] LOG:  statement: commit
2026-09-07 12:13:26.142 UTC [1103] LOG:  statement: begin
2026-09-07 12:13:26.143 UTC [1103] LOG:  execute <unnamed>: select set_config('app.organization_id', $1, true)
2026-09-07 12:13:26.144 UTC [1103] LOG:  execute <unnamed>: select "id", "org_id", "slug", "display_name", "workspace_repository_url", "github_connection_id", "desired_generation", "desired_sha", "active_projection_url", "active_projection_sha", "indexed_sha", "write_status", "hydrate_status", "hydrate_error", "last_job_at", "hydrate_phases", "read_only_reason", "created_at", "updated_at" from "workspaces" where (("workspaces"."org_id" = $1) and ("workspaces"."id" = $2)) limit $3
2026-09-07 12:13:26.145 UTC [1103] LOG:  statement: commit
2026-09-07 12:13:26.146 UTC [1103] LOG:  statement: begin
2026-09-07 12:13:26.147 UTC [1103] LOG:  execute <unnamed>: select set_config('app.organization_id', $1, true)
2026-09-07 12:13:26.149 UTC [1103] LOG:  execute <unnamed>: update "conversations" set "last_branch" = $1, "updated_at" = $2 where (("conversations"."id" = $3) and ("conversations"."org_id" = $4) and ("conversations"."user_id" = $5))
2026-09-07 12:13:26.150 UTC [1103] LOG:  statement: commit
2026-09-07 12:13:26.151 UTC [1103] LOG:  statement: begin
2026-09-07 12:13:26.152 UTC [1103] LOG:  execute <unnamed>: select set_config('app.organization_id', $1, true)
2026-09-07 12:13:26.153 UTC [1103] LOG:  execute <unnamed>: update "conversations" set "last_message_at" = $1, "updated_at" = $2 where (("conversations"."id" = $3) and ("conversations"."org_id" = $4) and ("conversations"."user_id" = $5))
2026-09-07 12:13:26.155 UTC [1103] LOG:  statement: commit
2026-09-07 12:13:26.157 UTC [1103] LOG:  statement: begin
2026-09-07 12:13:26.158 UTC [1103] LOG:  execute <unnamed>: select set_config('app.organization_id', $1, true)
2026-09-07 12:13:26.159 UTC [1103] LOG:  execute <unnamed>: select "id", "kind", "org_id", "workspace_id", "conversation_id", "desired_url", "desired_generation", "desired_sha", "provider", "provider_sandbox_id", "latest_snapshot_id", "latest_run_id", "state", "last_heartbeat_at", "created_at", "updated_at" from "workspace_sandbox_instances" where (("workspace_sandbox_instances"."conversation_id" = $1) and ("workspace_sandbox_instances"."kind" = $2))
2026-09-07 12:13:26.160 UTC [1103] LOG:  statement: commit
2026-09-07 12:13:26.161 UTC [1103] LOG:  statement: begin
2026-09-07 12:13:26.161 UTC [1103] LOG:  execute <unnamed>: select set_config('app.organization_id', $1, true)
2026-09-07 12:13:26.162 UTC [1103] LOG:  execute <unnamed>: select "id", "kind", "org_id", "workspace_id", "conversation_id", "desired_url", "desired_generation", "desired_sha", "provider", "provider_sandbox_id", "latest_snapshot_id", "latest_run_id", "state", "last_heartbeat_at", "created_at", "updated_at" from "workspace_sandbox_instances" where (("workspace_sandbox_instances"."conversation_id" = $1) and ("workspace_sandbox_instances"."kind" = $2))
2026-09-07 12:13:26.162 UTC [1103] LOG:  statement: commit
2026-09-07 12:13:26.166 UTC [1103] LOG:  statement: begin
2026-09-07 12:13:26.166 UTC [1103] LOG:  execute <unnamed>: select set_config('app.organization_id', $1, true)
2026-09-07 12:13:26.167 UTC [1103] LOG:  execute <unnamed>: select "id", "kind", "org_id", "workspace_id", "conversation_id", "desired_url", "desired_generation", "desired_sha", "provider", "provider_sandbox_id", "latest_snapshot_id", "latest_run_id", "state", "last_heartbeat_at", "created_at", "updated_at" from "workspace_sandbox_instances" where (("workspace_sandbox_instances"."id" = $1) and ("workspace_sandbox_instances"."org_id" = $2)) limit $3
2026-09-07 12:13:26.167 UTC [1103] LOG:  statement: commit
2026-09-07 12:13:26.167 UTC [1103] LOG:  statement: begin
2026-09-07 12:13:26.167 UTC [1103] LOG:  execute <unnamed>: select set_config('app.organization_id', $1, true)
2026-09-07 12:13:26.168 UTC [1103] LOG:  execute <unnamed>: delete from "workspace_sandbox_instances" where (("workspace_sandbox_instances"."id" = $1) and ("workspace_sandbox_instances"."org_id" = $2))
2026-09-07 12:13:26.168 UTC [1103] LOG:  statement: commit
2026-09-07 12:13:26.173 UTC [1103] LOG:  statement: begin
2026-09-07 12:13:26.173 UTC [1103] LOG:  execute <unnamed>: select set_config('app.organization_id', $1, true)
2026-09-07 12:13:26.174 UTC [1103] LOG:  execute <unnamed>: select "id", "org_id", "slug", "display_name", "workspace_repository_url", "github_connection_id", "desired_generation", "desired_sha", "active_projection_url", "active_projection_sha", "indexed_sha", "write_status", "hydrate_status", "hydrate_error", "last_job_at", "hydrate_phases", "read_only_reason", "created_at", "updated_at" from "workspaces" where (("workspaces"."org_id" = $1) and ("workspaces"."id" = $2)) limit $3
2026-09-07 12:13:26.174 UTC [1103] LOG:  statement: commit
2026-09-07 12:13:26.174 UTC [1103] LOG:  statement: begin
2026-09-07 12:13:26.175 UTC [1103] LOG:  execute <unnamed>: select set_config('app.organization_id', $1, true)
2026-09-07 12:13:26.175 UTC [1103] LOG:  execute <unnamed>: select "id", "org_id", "slug", "display_name", "workspace_repository_url", "github_connection_id", "desired_generation", "desired_sha", "active_projection_url", "active_projection_sha", "indexed_sha", "write_status", "hydrate_status", "hydrate_error", "last_job_at", "hydrate_phases", "read_only_reason", "created_at", "updated_at" from "workspaces" where (("workspaces"."org_id" = $1) and ("workspaces"."id" = $2)) limit $3
2026-09-07 12:13:26.176 UTC [1103] LOG:  execute <unnamed>: select "id", "org_id", "slug", "display_name", "workspace_repository_url", "github_connection_id", "desired_generation", "desired_sha", "active_projection_url", "active_projection_sha", "indexed_sha", "write_status", "hydrate_status", "hydrate_error", "last_job_at", "hydrate_phases", "read_only_reason", "created_at", "updated_at" from "workspaces" where (("workspaces"."org_id" = $1) and ("workspaces"."id" = $2)) limit $3
2026-09-07 12:13:26.176 UTC [1103] LOG:  execute <unnamed>: select "id", "org_id", "workspace_id", "git_url", "desired_ref", "desired_sha", "indexed_sha", "created_at" from "workspace_linked_repositories" where "workspace_linked_repositories"."workspace_id" = $1 order by "workspace_linked_repositories"."created_at"
2026-09-07 12:13:26.177 UTC [1103] LOG:  execute <unnamed>: select "id", "git_url" from "repositories" where "repositories"."org_id" = $1
2026-09-07 12:13:26.177 UTC [1103] LOG:  statement: commit
2026-09-07 12:13:26.179 UTC [1103] LOG:  statement: begin
2026-09-07 12:13:26.179 UTC [1102] LOG:  statement: begin
2026-09-07 12:13:26.179 UTC [1103] LOG:  execute <unnamed>: select set_config('app.organization_id', $1, true)
2026-09-07 12:13:26.179 UTC [1102] LOG:  execute <unnamed>: select set_config('app.organization_id', $1, true)
2026-09-07 12:13:26.180 UTC [1103] LOG:  execute <unnamed>: select "id", "kind", "org_id", "workspace_id", "conversation_id", "desired_url", "desired_generation", "desired_sha", "provider", "provider_sandbox_id", "latest_snapshot_id", "latest_run_id", "state", "last_heartbeat_at", "created_at", "updated_at" from "workspace_sandbox_instances" where (("workspace_sandbox_instances"."conversation_id" = $1) and ("workspace_sandbox_instances"."kind" = $2))
2026-09-07 12:13:26.180 UTC [1102] LOG:  execute <unnamed>: select "id", "kind", "org_id", "workspace_id", "conversation_id", "desired_url", "desired_generation", "desired_sha", "provider", "provider_sandbox_id", "latest_snapshot_id", "latest_run_id", "state", "last_heartbeat_at", "created_at", "updated_at" from "workspace_sandbox_instances" where (("workspace_sandbox_instances"."id" = $1) and ("workspace_sandbox_instances"."org_id" = $2)) limit $3
2026-09-07 12:13:26.180 UTC [1103] LOG:  statement: commit
2026-09-07 12:13:26.180 UTC [1102] LOG:  statement: commit
2026-09-07 12:13:26.181 UTC [1102] LOG:  statement: begin
2026-09-07 12:13:26.181 UTC [1102] LOG:  execute <unnamed>: select set_config('app.organization_id', $1, true)
2026-09-07 12:13:26.182 UTC [1102] LOG:  execute <unnamed>: select "id", "kind", "org_id", "workspace_id", "conversation_id", "desired_url", "desired_generation", "desired_sha", "provider", "provider_sandbox_id", "latest_snapshot_id", "latest_run_id", "state", "last_heartbeat_at", "created_at", "updated_at" from "workspace_sandbox_instances" where (("workspace_sandbox_instances"."conversation_id" = $1) and ("workspace_sandbox_instances"."kind" = $2) and ("workspace_sandbox_instances"."state" = $3))
2026-09-07 12:13:26.182 UTC [1102] LOG:  statement: commit
2026-09-07 12:13:26.322 UTC [1102] LOG:  statement: begin
2026-09-07 12:13:26.323 UTC [1102] LOG:  execute <unnamed>: select set_config('app.organization_id', $1, true)
2026-09-07 12:13:26.324 UTC [1102] LOG:  statement: savepoint sp1
2026-09-07 12:13:26.325 UTC [1102] LOG:  execute <unnamed>: select "id", "kind", "org_id", "workspace_id", "conversation_id", "desired_url", "desired_generation", "desired_sha", "provider", "provider_sandbox_id", "latest_snapshot_id", "latest_run_id", "state", "last_heartbeat_at", "created_at", "updated_at" from "workspace_sandbox_instances" where (("workspace_sandbox_instances"."org_id" = $1) and ("workspace_sandbox_instances"."kind" = $2) and ("workspace_sandbox_instances"."conversation_id" = $3) and ((("workspace_sandbox_instances"."state" = $4) or ("workspace_sandbox_instances"."state" = $5)))) order by ("workspace_sandbox_instances"."provider_sandbox_id" is not null) desc, "workspace_sandbox_instances"."created_at" asc, "workspace_sandbox_instances"."id" asc limit $6
2026-09-07 12:13:26.326 UTC [1102] LOG:  execute <unnamed>: insert into "workspace_sandbox_instances" ("id", "kind", "org_id", "workspace_id", "conversation_id", "desired_url", "desired_generation", "desired_sha", "provider", "provider_sandbox_id", "latest_snapshot_id", "latest_run_id", "state", "last_heartbeat_at", "created_at", "updated_at") values ($1, $2, $3, $4, $5, $6, $7, $8, $9, $10, $11, $12, $13, $14, $15, $16) on conflict ("id") do update set "kind" = $17, "conversation_id" = $18, "desired_url" = $19, "desired_generation" = $20, "desired_sha" = $21, "provider" = $22, "provider_sandbox_id" = $23, "latest_snapshot_id" = $24, "latest_run_id" = $25, "state" = $26, "last_heartbeat_at" = $27, "updated_at" = $28
2026-09-07 12:13:26.327 UTC [1102] LOG:  statement: release savepoint sp1
2026-09-07 12:13:26.328 UTC [1102] LOG:  statement: commit
2026-09-07 12:13:26.370 UTC [1102] LOG:  statement: begin
2026-09-07 12:13:26.371 UTC [1102] LOG:  execute <unnamed>: select set_config('app.organization_id', $1, true)
2026-09-07 12:13:26.373 UTC [1102] LOG:  execute <unnamed>: select "interrupt_id", "run_id", "thread_id", "org_id", "status", "requested_at", "resolved_at", "payload_json", "response_json" from "chat_interrupts" where (("chat_interrupts"."thread_id" = $1) and ("chat_interrupts"."status" = $2)) order by "chat_interrupts"."requested_at" asc
2026-09-07 12:13:26.374 UTC [1102] LOG:  statement: commit
2026-09-07 12:13:26.375 UTC [1102] LOG:  statement: begin
2026-09-07 12:13:26.376 UTC [1102] LOG:  execute <unnamed>: select set_config('app.organization_id', $1, true)
2026-09-07 12:13:26.377 UTC [1102] LOG:  execute <unnamed>: select "run_id", "thread_id", "org_id", "status", "started_at", "finished_at", "error", "error_code", "usage_json", "sandbox_key", "detached_since", "cancel_requested", "driver_epoch" from "chat_runs" where "chat_runs"."run_id" = $1 limit $2
2026-09-07 12:13:26.378 UTC [1102] LOG:  statement: commit
2026-09-07 12:13:26.378 UTC [1102] LOG:  statement: begin
2026-09-07 12:13:26.380 UTC [1102] LOG:  execute <unnamed>: select set_config('app.organization_id', $1, true)
2026-09-07 12:13:26.381 UTC [1102] LOG:  execute <unnamed>: insert into "chat_runs" ("run_id", "thread_id", "org_id", "status", "started_at", "finished_at", "error", "error_code", "usage_json", "sandbox_key", "detached_since", "cancel_requested", "driver_epoch") values ($1, $2, $3, $4, $5, default, default, default, default, default, default, default, default) on conflict ("run_id") do nothing
2026-09-07 12:13:26.382 UTC [1102] LOG:  statement: commit
2026-09-07 12:13:26.383 UTC [1102] LOG:  statement: begin
2026-09-07 12:13:26.384 UTC [1102] LOG:  execute <unnamed>: select set_config('app.organization_id', $1, true)
2026-09-07 12:13:26.385 UTC [1102] LOG:  execute <unnamed>: select "run_id", "thread_id", "org_id", "status", "started_at", "finished_at", "error", "error_code", "usage_json", "sandbox_key", "detached_since", "cancel_requested", "driver_epoch" from "chat_runs" where "chat_runs"."run_id" = $1 limit $2
2026-09-07 12:13:26.386 UTC [1102] LOG:  statement: commit
2026-09-07 12:13:26.387 UTC [1102] LOG:  statement: begin
2026-09-07 12:13:26.390 UTC [1102] LOG:  execute <unnamed>: select set_config('app.organization_id', $1, true)
2026-09-07 12:13:26.392 UTC [1102] LOG:  execute <unnamed>: select "messages_json" from "chat_threads" where "chat_threads"."thread_id" = $1 limit $2
2026-09-07 12:13:26.392 UTC [1102] LOG:  statement: commit
2026-09-07 12:13:26.393 UTC [1102] LOG:  statement: begin
2026-09-07 12:13:26.393 UTC [1102] LOG:  execute <unnamed>: select set_config('app.organization_id', $1, true)
2026-09-07 12:13:26.394 UTC [1102] LOG:  execute <unnamed>: insert into "chat_threads" ("thread_id", "org_id", "messages_json", "updated_at") values ($1, $2, $3, $4) on conflict ("thread_id") do update set "messages_json" = $5, "updated_at" = $6
2026-09-07 12:13:26.394 UTC [1102] LOG:  statement: commit
2026-09-07 12:13:27.501 UTC [1102] LOG:  statement: begin
2026-09-07 12:13:27.502 UTC [1102] LOG:  execute <unnamed>: select set_config('app.organization_id', $1, true)
2026-09-07 12:13:27.503 UTC [1102] LOG:  execute <unnamed>: insert into "chat_threads" ("thread_id", "org_id", "messages_json", "updated_at") values ($1, $2, $3, $4) on conflict ("thread_id") do update set "messages_json" = $5, "updated_at" = $6
2026-09-07 12:13:27.504 UTC [1102] LOG:  statement: commit
2026-09-07 12:13:31.546 UTC [1102] LOG:  statement: begin
2026-09-07 12:13:31.548 UTC [1102] LOG:  execute <unnamed>: select set_config('app.organization_id', $1, true)
2026-09-07 12:13:31.550 UTC [1102] LOG:  execute <unnamed>: insert into "chat_threads" ("thread_id", "org_id", "messages_json", "updated_at") values ($1, $2, $3, $4) on conflict ("thread_id") do update set "messages_json" = $5, "updated_at" = $6
2026-09-07 12:13:31.551 UTC [1102] LOG:  statement: commit
2026-09-07 12:13:31.672 UTC [1102] LOG:  statement: begin
2026-09-07 12:13:31.673 UTC [1102] LOG:  execute <unnamed>: select set_config('app.organization_id', $1, true)
2026-09-07 12:13:31.674 UTC [1102] LOG:  execute <unnamed>: insert into "chat_threads" ("thread_id", "org_id", "messages_json", "updated_at") values ($1, $2, $3, $4) on conflict ("thread_id") do update set "messages_json" = $5, "updated_at" = $6
2026-09-07 12:13:31.676 UTC [1102] LOG:  statement: commit
2026-09-07 12:13:31.677 UTC [1102] LOG:  statement: begin
2026-09-07 12:13:31.679 UTC [1102] LOG:  execute <unnamed>: select set_config('app.organization_id', $1, true)
2026-09-07 12:13:31.680 UTC [1102] LOG:  execute <unnamed>: update "chat_runs" set "status" = $1, "finished_at" = $2, "usage_json" = $3 where "chat_runs"."run_id" = $4
2026-09-07 12:13:31.684 UTC [1102] LOG:  statement: commit
2026-09-07 12:13:31.686 UTC [1102] LOG:  statement: begin
2026-09-07 12:13:31.687 UTC [1102] LOG:  execute <unnamed>: select set_config('app.organization_id', $1, true)
2026-09-07 12:13:31.688 UTC [1102] LOG:  execute <unnamed>: select "messages_json" from "chat_threads" where "chat_threads"."thread_id" = $1 limit $2
2026-09-07 12:13:31.689 UTC [1102] LOG:  statement: commit
2026-09-07 12:13:31.692 UTC [1102] LOG:  statement: begin
2026-09-07 12:13:31.693 UTC [1102] LOG:  execute <unnamed>: select set_config('app.organization_id', $1, true)
2026-09-07 12:13:31.694 UTC [1102] LOG:  execute <unnamed>: select "run_id", "thread_id", "org_id", "status", "started_at", "finished_at", "error", "error_code", "usage_json", "sandbox_key", "detached_since", "cancel_requested", "driver_epoch" from "chat_runs" where (("chat_runs"."thread_id" = $1) and ("chat_runs"."status" = $2)) order by "chat_runs"."started_at" desc limit $3
2026-09-07 12:13:31.695 UTC [1102] LOG:  statement: commit
2026-09-07 12:13:31.696 UTC [1102] LOG:  statement: begin
2026-09-07 12:13:31.697 UTC [1102] LOG:  execute <unnamed>: select set_config('app.organization_id', $1, true)
2026-09-07 12:13:31.699 UTC [1102] LOG:  execute <unnamed>: select "d0"."id" as "id", "d0"."org_id" as "orgId", "d0"."user_id" as "userId", "d0"."workspace_id" as "workspaceId", "d0"."name" as "name", "d0"."source" as "source", "d0"."last_branch" as "lastBranch", "d0"."last_chat_pr_number" as "lastChatPrNumber", "d0"."last_message_at" as "lastMessageAt", "d0"."created_at" as "createdAt", "d0"."updated_at" as "updatedAt" from "conversations" as "d0" where (("d0"."id" = $1) and ("d0"."org_id" = $2) and ("d0"."user_id" = $3)) limit $4
2026-09-07 12:13:31.700 UTC [1102] LOG:  statement: commit
2026-09-07 12:13:31.710 UTC [1102] LOG:  execute <unnamed>: select "id", "expires_at", "token", "created_at", "updated_at", "ip_address", "user_agent", "user_id", "active_organization_id" from "sessions" where "sessions"."token" = $1
2026-09-07 12:13:31.712 UTC [1102] LOG:  execute <unnamed>: select "id", "name", "email", "email_verified", "image", "created_at", "updated_at", "two_factor_enabled", "onboarding_completed_at" from "users" where "users"."id" = $1
2026-09-07 12:13:31.714 UTC [1102] LOG:  execute <unnamed>: select "id", "public_key", "private_key", "created_at", "expires_at" from "jwkss" limit $1
2026-09-07 12:13:31.716 UTC [1102] LOG:  execute <unnamed>: select "id", "expires_at", "token", "created_at", "updated_at", "ip_address", "user_agent", "user_id", "active_organization_id" from "sessions" where "sessions"."token" = $1
2026-09-07 12:13:31.718 UTC [1102] LOG:  execute <unnamed>: select "id", "name", "email", "email_verified", "image", "created_at", "updated_at", "two_factor_enabled", "onboarding_completed_at" from "users" where "users"."id" = $1
2026-09-07 12:13:31.719 UTC [1102] LOG:  execute <unnamed>: select "id", "public_key", "private_key", "created_at", "expires_at" from "jwkss" limit $1
2026-09-07 12:13:31.721 UTC [1102] LOG:  execute <unnamed>: select "organizations"."id" from "organizations" inner join "members" on (("members"."organization_id" = "organizations"."id") and ("members"."user_id" = $1)) where "organizations"."slug" = $2 limit $3
2026-09-07 12:13:31.722 UTC [1102] LOG:  statement: begin
2026-09-07 12:13:31.723 UTC [1102] LOG:  execute <unnamed>: select set_config('app.organization_id', $1, true)
2026-09-07 12:13:31.725 UTC [1102] LOG:  execute <unnamed>: select "d0"."id" as "id", "d0"."org_id" as "orgId", "d0"."user_id" as "userId", "d0"."workspace_id" as "workspaceId", "d0"."name" as "name", "d0"."source" as "source", "d0"."last_branch" as "lastBranch", "d0"."last_chat_pr_number" as "lastChatPrNumber", "d0"."last_message_at" as "lastMessageAt", "d0"."created_at" as "createdAt", "d0"."updated_at" as "updatedAt" from "conversations" as "d0" where (("d0"."id" = $1) and ("d0"."org_id" = $2) and ("d0"."user_id" = $3)) limit $4
2026-09-07 12:13:31.726 UTC [1102] LOG:  statement: commit
2026-09-07 12:13:31.727 UTC [1102] LOG:  statement: begin
2026-09-07 12:13:31.728 UTC [1102] LOG:  execute <unnamed>: select set_config('app.organization_id', $1, true)
2026-09-07 12:13:31.729 UTC [1102] LOG:  execute <unnamed>: select "messages_json" from "chat_threads" where "chat_threads"."thread_id" = $1 limit $2
2026-09-07 12:13:31.732 UTC [1102] LOG:  statement: commit
2026-09-07 12:13:31.733 UTC [1102] LOG:  statement: begin
2026-09-07 12:13:31.734 UTC [1102] LOG:  execute <unnamed>: select set_config('app.organization_id', $1, true)
2026-09-07 12:13:31.736 UTC [1102] LOG:  execute <unnamed>: select "id", "org_id", "slug", "display_name", "workspace_repository_url", "github_connection_id", "desired_generation", "desired_sha", "active_projection_url", "active_projection_sha", "indexed_sha", "write_status", "hydrate_status", "hydrate_error", "last_job_at", "hydrate_phases", "read_only_reason", "created_at", "updated_at" from "workspaces" where (("workspaces"."org_id" = $1) and ("workspaces"."id" = $2)) limit $3
2026-09-07 12:13:31.737 UTC [1102] LOG:  statement: commit
2026-09-07 12:13:31.787 UTC [1102] LOG:  execute <unnamed>: select "id", "expires_at", "token", "created_at", "updated_at", "ip_address", "user_agent", "user_id", "active_organization_id" from "sessions" where "sessions"."token" = $1
2026-09-07 12:13:31.789 UTC [1102] LOG:  execute <unnamed>: select "id", "name", "email", "email_verified", "image", "created_at", "updated_at", "two_factor_enabled", "onboarding_completed_at" from "users" where "users"."id" = $1
2026-09-07 12:13:31.790 UTC [1102] LOG:  execute <unnamed>: select "id", "public_key", "private_key", "created_at", "expires_at" from "jwkss" limit $1
2026-09-07 12:13:31.792 UTC [1102] LOG:  execute <unnamed>: select "id", "expires_at", "token", "created_at", "updated_at", "ip_address", "user_agent", "user_id", "active_organization_id" from "sessions" where "sessions"."token" = $1
2026-09-07 12:13:31.793 UTC [1102] LOG:  execute <unnamed>: select "id", "name", "email", "email_verified", "image", "created_at", "updated_at", "two_factor_enabled", "onboarding_completed_at" from "users" where "users"."id" = $1
2026-09-07 12:13:31.795 UTC [1102] LOG:  execute <unnamed>: select "id", "public_key", "private_key", "created_at", "expires_at" from "jwkss" limit $1
2026-09-07 12:13:31.799 UTC [1102] LOG:  execute <unnamed>: select "organizations"."id" from "organizations" inner join "members" on (("members"."organization_id" = "organizations"."id") and ("members"."user_id" = $1)) where "organizations"."slug" = $2 limit $3
2026-09-07 12:13:31.800 UTC [1102] LOG:  statement: begin
2026-09-07 12:13:31.801 UTC [1102] LOG:  execute <unnamed>: select set_config('app.organization_id', $1, true)
2026-09-07 12:13:31.802 UTC [1102] LOG:  execute <unnamed>: select "id", "org_id", "slug", "display_name", "workspace_repository_url", "github_connection_id", "desired_generation", "desired_sha", "active_projection_url", "active_projection_sha", "indexed_sha", "write_status", "hydrate_status", "hydrate_error", "last_job_at", "hydrate_phases", "read_only_reason", "created_at", "updated_at" from "workspaces" where (("workspaces"."org_id" = $1) and ("workspaces"."slug" = $2)) limit $3
2026-09-07 12:13:31.803 UTC [1102] LOG:  statement: commit
2026-09-07 12:13:31.804 UTC [1102] LOG:  statement: begin
2026-09-07 12:13:31.805 UTC [1102] LOG:  execute <unnamed>: select set_config('app.organization_id', $1, true)
2026-09-07 12:13:31.805 UTC [1102] LOG:  execute <unnamed>: select "id", "org_id", "slug", "display_name", "workspace_repository_url", "github_connection_id", "desired_generation", "desired_sha", "active_projection_url", "active_projection_sha", "indexed_sha", "write_status", "hydrate_status", "hydrate_error", "last_job_at", "hydrate_phases", "read_only_reason", "created_at", "updated_at" from "workspaces" where (("workspaces"."org_id" = $1) and ("workspaces"."id" = $2)) limit $3
2026-09-07 12:13:31.807 UTC [1102] LOG:  execute <unnamed>: select "id", "org_id", "workspace_id", "git_url", "desired_ref", "desired_sha", "indexed_sha", "created_at" from "workspace_linked_repositories" where "workspace_linked_repositories"."workspace_id" = $1 order by "workspace_linked_repositories"."created_at"
2026-09-07 12:13:31.808 UTC [1102] LOG:  statement: commit
2026-09-07 12:13:31.808 UTC [1102] LOG:  statement: begin
2026-09-07 12:13:31.809 UTC [1102] LOG:  execute <unnamed>: select set_config('app.organization_id', $1, true)
2026-09-07 12:13:31.810 UTC [1102] LOG:  execute <unnamed>: select "commit_sha" from "workspace_write_jobs" where (("workspace_write_jobs"."workspace_id" = $1) and ("workspace_write_jobs"."kind" = $2) and (("workspace_write_jobs"."commit_sha" is not null))) order by "workspace_write_jobs"."created_at" asc limit $3
2026-09-07 12:13:31.811 UTC [1102] LOG:  statement: commit
2026-09-07 12:13:31.813 UTC [1102] LOG:  execute <unnamed>: select "id", "expires_at", "token", "created_at", "updated_at", "ip_address", "user_agent", "user_id", "active_organization_id" from "sessions" where "sessions"."token" = $1
2026-09-07 12:13:31.814 UTC [1102] LOG:  execute <unnamed>: select "id", "name", "email", "email_verified", "image", "created_at", "updated_at", "two_factor_enabled", "onboarding_completed_at" from "users" where "users"."id" = $1
2026-09-07 12:13:31.816 UTC [1102] LOG:  execute <unnamed>: select "id", "public_key", "private_key", "created_at", "expires_at" from "jwkss" limit $1
2026-09-07 12:13:31.818 UTC [1102] LOG:  execute <unnamed>: select "id", "expires_at", "token", "created_at", "updated_at", "ip_address", "user_agent", "user_id", "active_organization_id" from "sessions" where "sessions"."token" = $1
2026-09-07 12:13:31.821 UTC [1102] LOG:  execute <unnamed>: select "id", "name", "email", "email_verified", "image", "created_at", "updated_at", "two_factor_enabled", "onboarding_completed_at" from "users" where "users"."id" = $1
2026-09-07 12:13:31.822 UTC [1102] LOG:  execute <unnamed>: select "id", "public_key", "private_key", "created_at", "expires_at" from "jwkss" limit $1
2026-09-07 12:13:31.824 UTC [1102] LOG:  execute <unnamed>: select "organizations"."id" from "organizations" inner join "members" on (("members"."organization_id" = "organizations"."id") and ("members"."user_id" = $1)) where "organizations"."slug" = $2 limit $3
2026-09-07 12:13:31.825 UTC [1102] LOG:  statement: begin
2026-09-07 12:13:31.826 UTC [1102] LOG:  execute <unnamed>: select set_config('app.organization_id', $1, true)
2026-09-07 12:13:31.827 UTC [1102] LOG:  execute <unnamed>: select "id" from "workspaces" where (("workspaces"."id" = $1) and ("workspaces"."org_id" = $2)) limit $3
2026-09-07 12:13:31.828 UTC [1102] LOG:  execute <unnamed>: select "id", "org_id", "user_id", "workspace_id", "name", "source", "last_branch", "last_chat_pr_number", "last_message_at", "created_at", "updated_at" from "conversations" where (("conversations"."id" = $1) and ("conversations"."org_id" = $2) and ("conversations"."user_id" = $3)) limit $4
2026-09-07 12:13:31.829 UTC [1102] LOG:  statement: commit
2026-09-07 12:13:31.830 UTC [1102] LOG:  statement: begin
2026-09-07 12:13:31.830 UTC [1102] LOG:  execute <unnamed>: select set_config('app.organization_id', $1, true)
2026-09-07 12:13:31.831 UTC [1102] LOG:  execute <unnamed>: select "id", "org_id", "slug", "display_name", "workspace_repository_url", "github_connection_id", "desired_generation", "desired_sha", "active_projection_url", "active_projection_sha", "indexed_sha", "write_status", "hydrate_status", "hydrate_error", "last_job_at", "hydrate_phases", "read_only_reason", "created_at", "updated_at" from "workspaces" where (("workspaces"."org_id" = $1) and ("workspaces"."id" = $2)) limit $3
2026-09-07 12:13:31.832 UTC [1102] LOG:  statement: commit
2026-09-07 12:13:31.833 UTC [1102] LOG:  statement: begin
2026-09-07 12:13:31.834 UTC [1102] LOG:  execute <unnamed>: select set_config('app.organization_id', $1, true)
2026-09-07 12:13:31.834 UTC [1102] LOG:  execute <unnamed>: update "conversations" set "last_branch" = $1, "updated_at" = $2 where (("conversations"."id" = $3) and ("conversations"."org_id" = $4) and ("conversations"."user_id" = $5))
2026-09-07 12:13:31.835 UTC [1102] LOG:  statement: commit
2026-09-07 12:13:31.836 UTC [1102] LOG:  statement: begin
2026-09-07 12:13:31.836 UTC [1102] LOG:  execute <unnamed>: select set_config('app.organization_id', $1, true)
2026-09-07 12:13:31.836 UTC [1102] LOG:  execute <unnamed>: select "id", "kind", "org_id", "workspace_id", "conversation_id", "desired_url", "desired_generation", "desired_sha", "provider", "provider_sandbox_id", "latest_snapshot_id", "latest_run_id", "state", "last_heartbeat_at", "created_at", "updated_at" from "workspace_sandbox_instances" where (("workspace_sandbox_instances"."conversation_id" = $1) and ("workspace_sandbox_instances"."kind" = $2))
2026-09-07 12:13:31.837 UTC [1102] LOG:  statement: commit
2026-09-07 12:13:31.837 UTC [1102] LOG:  statement: begin
2026-09-07 12:13:31.837 UTC [1102] LOG:  execute <unnamed>: select set_config('app.organization_id', $1, true)
2026-09-07 12:13:31.838 UTC [1102] LOG:  execute <unnamed>: select "id", "kind", "org_id", "workspace_id", "conversation_id", "desired_url", "desired_generation", "desired_sha", "provider", "provider_sandbox_id", "latest_snapshot_id", "latest_run_id", "state", "last_heartbeat_at", "created_at", "updated_at" from "workspace_sandbox_instances" where (("workspace_sandbox_instances"."conversation_id" = $1) and ("workspace_sandbox_instances"."kind" = $2))
2026-09-07 12:13:31.838 UTC [1102] LOG:  statement: commit
2026-09-07 12:13:31.839 UTC [1102] LOG:  statement: begin
2026-09-07 12:13:31.839 UTC [1102] LOG:  execute <unnamed>: select set_config('app.organization_id', $1, true)
2026-09-07 12:13:31.839 UTC [1102] LOG:  execute <unnamed>: select "id", "kind", "org_id", "workspace_id", "conversation_id", "desired_url", "desired_generation", "desired_sha", "provider", "provider_sandbox_id", "latest_snapshot_id", "latest_run_id", "state", "last_heartbeat_at", "created_at", "updated_at" from "workspace_sandbox_instances" where (("workspace_sandbox_instances"."id" = $1) and ("workspace_sandbox_instances"."org_id" = $2)) limit $3
2026-09-07 12:13:31.839 UTC [1102] LOG:  statement: commit
2026-09-07 12:13:31.844 UTC [1102] LOG:  statement: begin
2026-09-07 12:13:31.845 UTC [1102] LOG:  execute <unnamed>: select set_config('app.organization_id', $1, true)
2026-09-07 12:13:31.845 UTC [1102] LOG:  execute <unnamed>: delete from "workspace_sandbox_instances" where (("workspace_sandbox_instances"."id" = $1) and ("workspace_sandbox_instances"."org_id" = $2))
2026-09-07 12:13:31.845 UTC [1102] LOG:  statement: commit
2026-09-07 12:13:31.846 UTC [1102] LOG:  execute <unnamed>: select "slug" from "organizations" where "organizations"."id" = $1 limit $2
2026-09-07 12:13:31.847 UTC [1102] LOG:  statement: begin
2026-09-07 12:13:31.847 UTC [1102] LOG:  execute <unnamed>: select set_config('app.organization_id', $1, true)
2026-09-07 12:13:31.848 UTC [1102] LOG:  execute <unnamed>: select "id", "kind", "org_id", "workspace_id", "conversation_id", "desired_url", "desired_generation", "desired_sha", "provider", "provider_sandbox_id", "latest_snapshot_id", "latest_run_id", "state", "last_heartbeat_at", "created_at", "updated_at" from "workspace_sandbox_instances" where (("workspace_sandbox_instances"."id" = $1) and ("workspace_sandbox_instances"."org_id" = $2)) limit $3
2026-09-07 12:13:31.848 UTC [1102] LOG:  statement: commit
2026-09-07 12:13:31.849 UTC [1102] LOG:  statement: begin
2026-09-07 12:13:31.850 UTC [1102] LOG:  execute <unnamed>: select set_config('app.organization_id', $1, true)
2026-09-07 12:13:31.851 UTC [1102] LOG:  execute <unnamed>: select "id", "kind", "org_id", "workspace_id", "conversation_id", "desired_url", "desired_generation", "desired_sha", "provider", "provider_sandbox_id", "latest_snapshot_id", "latest_run_id", "state", "last_heartbeat_at", "created_at", "updated_at" from "workspace_sandbox_instances" where (("workspace_sandbox_instances"."conversation_id" = $1) and ("workspace_sandbox_instances"."kind" = $2) and ("workspace_sandbox_instances"."state" = $3))
2026-09-07 12:13:31.851 UTC [1102] LOG:  statement: commit
2026-09-07 12:13:31.997 UTC [1102] LOG:  statement: begin
2026-09-07 12:13:31.998 UTC [1102] LOG:  execute <unnamed>: select set_config('app.organization_id', $1, true)
2026-09-07 12:13:31.999 UTC [1102] LOG:  statement: savepoint sp1
2026-09-07 12:13:32.001 UTC [1102] LOG:  execute <unnamed>: select "id", "kind", "org_id", "workspace_id", "conversation_id", "desired_url", "desired_generation", "desired_sha", "provider", "provider_sandbox_id", "latest_snapshot_id", "latest_run_id", "state", "last_heartbeat_at", "created_at", "updated_at" from "workspace_sandbox_instances" where (("workspace_sandbox_instances"."org_id" = $1) and ("workspace_sandbox_instances"."kind" = $2) and ("workspace_sandbox_instances"."conversation_id" = $3) and ((("workspace_sandbox_instances"."state" = $4) or ("workspace_sandbox_instances"."state" = $5)))) order by ("workspace_sandbox_instances"."provider_sandbox_id" is not null) desc, "workspace_sandbox_instances"."created_at" asc, "workspace_sandbox_instances"."id" asc limit $6
2026-09-07 12:13:32.002 UTC [1102] LOG:  execute <unnamed>: insert into "workspace_sandbox_instances" ("id", "kind", "org_id", "workspace_id", "conversation_id", "desired_url", "desired_generation", "desired_sha", "provider", "provider_sandbox_id", "latest_snapshot_id", "latest_run_id", "state", "last_heartbeat_at", "created_at", "updated_at") values ($1, $2, $3, $4, $5, $6, $7, $8, $9, $10, $11, $12, $13, $14, $15, $16) on conflict ("id") do update set "kind" = $17, "conversation_id" = $18, "desired_url" = $19, "desired_generation" = $20, "desired_sha" = $21, "provider" = $22, "provider_sandbox_id" = $23, "latest_snapshot_id" = $24, "latest_run_id" = $25, "state" = $26, "last_heartbeat_at" = $27, "updated_at" = $28
2026-09-07 12:13:32.003 UTC [1102] LOG:  statement: release savepoint sp1
2026-09-07 12:13:32.004 UTC [1102] LOG:  statement: commit
2026-09-07 12:13:32.023 UTC [1102] LOG:  statement: begin
2026-09-07 12:13:32.024 UTC [1102] LOG:  execute <unnamed>: select set_config('app.organization_id', $1, true)
2026-09-07 12:13:32.026 UTC [1102] LOG:  execute <unnamed>: update "conversations" set "last_branch" = $1, "updated_at" = $2 where (("conversations"."id" = $3) and ("conversations"."org_id" = $4) and ("conversations"."user_id" = $5))
2026-09-07 12:13:32.026 UTC [1102] LOG:  statement: commit
2026-09-07 12:13:32.028 UTC [1102] LOG:  statement: begin
2026-09-07 12:13:32.028 UTC [1102] LOG:  execute <unnamed>: select set_config('app.organization_id', $1, true)
2026-09-07 12:13:32.029 UTC [1102] LOG:  execute <unnamed>: select "id", "kind", "org_id", "workspace_id", "conversation_id", "desired_url", "desired_generation", "desired_sha", "provider", "provider_sandbox_id", "latest_snapshot_id", "latest_run_id", "state", "last_heartbeat_at", "created_at", "updated_at" from "workspace_sandbox_instances" where (("workspace_sandbox_instances"."conversation_id" = $1) and ("workspace_sandbox_instances"."kind" = $2))
2026-09-07 12:13:32.030 UTC [1102] LOG:  statement: commit
2026-09-07 12:13:32.033 UTC [1102] LOG:  execute <unnamed>: select "id", "expires_at", "token", "created_at", "updated_at", "ip_address", "user_agent", "user_id", "active_organization_id" from "sessions" where "sessions"."token" = $1
2026-09-07 12:13:32.034 UTC [1102] LOG:  execute <unnamed>: select "id", "name", "email", "email_verified", "image", "created_at", "updated_at", "two_factor_enabled", "onboarding_completed_at" from "users" where "users"."id" = $1
2026-09-07 12:13:32.035 UTC [1102] LOG:  execute <unnamed>: select "id", "public_key", "private_key", "created_at", "expires_at" from "jwkss" limit $1
2026-09-07 12:13:32.037 UTC [1102] LOG:  execute <unnamed>: select "id", "expires_at", "token", "created_at", "updated_at", "ip_address", "user_agent", "user_id", "active_organization_id" from "sessions" where "sessions"."token" = $1
2026-09-07 12:13:32.038 UTC [1102] LOG:  execute <unnamed>: select "id", "name", "email", "email_verified", "image", "created_at", "updated_at", "two_factor_enabled", "onboarding_completed_at" from "users" where "users"."id" = $1
2026-09-07 12:13:32.039 UTC [1102] LOG:  execute <unnamed>: select "id", "public_key", "private_key", "created_at", "expires_at" from "jwkss" limit $1
2026-09-07 12:13:32.040 UTC [1102] LOG:  execute <unnamed>: select "organizations"."id" from "organizations" inner join "members" on (("members"."organization_id" = "organizations"."id") and ("members"."user_id" = $1)) where "organizations"."slug" = $2 limit $3
2026-09-07 12:13:32.042 UTC [1102] LOG:  statement: begin
2026-09-07 12:13:32.045 UTC [1102] LOG:  execute <unnamed>: select set_config('app.organization_id', $1, true)
2026-09-07 12:13:32.046 UTC [1102] LOG:  execute <unnamed>: select "id" from "workspaces" where (("workspaces"."id" = $1) and ("workspaces"."org_id" = $2)) limit $3
2026-09-07 12:13:32.047 UTC [1102] LOG:  execute <unnamed>: select "id", "org_id", "user_id", "workspace_id", "name", "source", "last_branch", "last_chat_pr_number", "last_message_at", "created_at", "updated_at" from "conversations" where (("conversations"."id" = $1) and ("conversations"."org_id" = $2) and ("conversations"."user_id" = $3)) limit $4
2026-09-07 12:13:32.048 UTC [1102] LOG:  statement: commit
2026-09-07 12:13:32.048 UTC [1102] LOG:  statement: begin
2026-09-07 12:13:32.049 UTC [1102] LOG:  execute <unnamed>: select set_config('app.organization_id', $1, true)
2026-09-07 12:13:32.051 UTC [1102] LOG:  execute <unnamed>: select "id", "org_id", "slug", "display_name", "workspace_repository_url", "github_connection_id", "desired_generation", "desired_sha", "active_projection_url", "active_projection_sha", "indexed_sha", "write_status", "hydrate_status", "hydrate_error", "last_job_at", "hydrate_phases", "read_only_reason", "created_at", "updated_at" from "workspaces" where (("workspaces"."org_id" = $1) and ("workspaces"."id" = $2)) limit $3
2026-09-07 12:13:32.051 UTC [1102] LOG:  statement: commit
2026-09-07 12:13:32.053 UTC [1102] LOG:  statement: begin
2026-09-07 12:13:32.053 UTC [1102] LOG:  execute <unnamed>: select set_config('app.organization_id', $1, true)
2026-09-07 12:13:32.054 UTC [1102] LOG:  execute <unnamed>: update "conversations" set "last_branch" = $1, "updated_at" = $2 where (("conversations"."id" = $3) and ("conversations"."org_id" = $4) and ("conversations"."user_id" = $5))
2026-09-07 12:13:32.055 UTC [1102] LOG:  statement: commit
2026-09-07 12:13:32.056 UTC [1102] LOG:  statement: begin
2026-09-07 12:13:32.057 UTC [1102] LOG:  execute <unnamed>: select set_config('app.organization_id', $1, true)
2026-09-07 12:13:32.058 UTC [1102] LOG:  execute <unnamed>: update "conversations" set "last_message_at" = $1, "updated_at" = $2 where (("conversations"."id" = $3) and ("conversations"."org_id" = $4) and ("conversations"."user_id" = $5))
2026-09-07 12:13:32.059 UTC [1102] LOG:  statement: commit
2026-09-07 12:13:32.061 UTC [1102] LOG:  statement: begin
2026-09-07 12:13:32.061 UTC [1102] LOG:  execute <unnamed>: select set_config('app.organization_id', $1, true)
2026-09-07 12:13:32.063 UTC [1102] LOG:  execute <unnamed>: select "id", "kind", "org_id", "workspace_id", "conversation_id", "desired_url", "desired_generation", "desired_sha", "provider", "provider_sandbox_id", "latest_snapshot_id", "latest_run_id", "state", "last_heartbeat_at", "created_at", "updated_at" from "workspace_sandbox_instances" where (("workspace_sandbox_instances"."conversation_id" = $1) and ("workspace_sandbox_instances"."kind" = $2))
2026-09-07 12:13:32.063 UTC [1102] LOG:  statement: commit
2026-09-07 12:13:32.064 UTC [1102] LOG:  statement: begin
2026-09-07 12:13:32.065 UTC [1102] LOG:  execute <unnamed>: select set_config('app.organization_id', $1, true)
2026-09-07 12:13:32.066 UTC [1102] LOG:  execute <unnamed>: select "id", "kind", "org_id", "workspace_id", "conversation_id", "desired_url", "desired_generation", "desired_sha", "provider", "provider_sandbox_id", "latest_snapshot_id", "latest_run_id", "state", "last_heartbeat_at", "created_at", "updated_at" from "workspace_sandbox_instances" where (("workspace_sandbox_instances"."conversation_id" = $1) and ("workspace_sandbox_instances"."kind" = $2))
2026-09-07 12:13:32.068 UTC [1102] LOG:  statement: commit
2026-09-07 12:13:32.069 UTC [1102] LOG:  statement: begin
2026-09-07 12:13:32.069 UTC [1102] LOG:  execute <unnamed>: select set_config('app.organization_id', $1, true)
2026-09-07 12:13:32.070 UTC [1102] LOG:  execute <unnamed>: select "id", "kind", "org_id", "workspace_id", "conversation_id", "desired_url", "desired_generation", "desired_sha", "provider", "provider_sandbox_id", "latest_snapshot_id", "latest_run_id", "state", "last_heartbeat_at", "created_at", "updated_at" from "workspace_sandbox_instances" where (("workspace_sandbox_instances"."id" = $1) and ("workspace_sandbox_instances"."org_id" = $2)) limit $3
2026-09-07 12:13:32.070 UTC [1102] LOG:  statement: commit
2026-09-07 12:13:32.070 UTC [1102] LOG:  statement: begin
2026-09-07 12:13:32.070 UTC [1102] LOG:  execute <unnamed>: select set_config('app.organization_id', $1, true)
2026-09-07 12:13:32.071 UTC [1102] LOG:  execute <unnamed>: delete from "workspace_sandbox_instances" where (("workspace_sandbox_instances"."id" = $1) and ("workspace_sandbox_instances"."org_id" = $2))
2026-09-07 12:13:32.071 UTC [1102] LOG:  statement: commit
2026-09-07 12:13:32.076 UTC [1102] LOG:  statement: begin
2026-09-07 12:13:32.076 UTC [1102] LOG:  execute <unnamed>: select set_config('app.organization_id', $1, true)
2026-09-07 12:13:32.077 UTC [1102] LOG:  execute <unnamed>: select "id", "org_id", "slug", "display_name", "workspace_repository_url", "github_connection_id", "desired_generation", "desired_sha", "active_projection_url", "active_projection_sha", "indexed_sha", "write_status", "hydrate_status", "hydrate_error", "last_job_at", "hydrate_phases", "read_only_reason", "created_at", "updated_at" from "workspaces" where (("workspaces"."org_id" = $1) and ("workspaces"."id" = $2)) limit $3
2026-09-07 12:13:32.077 UTC [1102] LOG:  statement: commit
2026-09-07 12:13:32.078 UTC [1102] LOG:  statement: begin
2026-09-07 12:13:32.078 UTC [1102] LOG:  execute <unnamed>: select set_config('app.organization_id', $1, true)
2026-09-07 12:13:32.078 UTC [1102] LOG:  execute <unnamed>: select "id", "org_id", "slug", "display_name", "workspace_repository_url", "github_connection_id", "desired_generation", "desired_sha", "active_projection_url", "active_projection_sha", "indexed_sha", "write_status", "hydrate_status", "hydrate_error", "last_job_at", "hydrate_phases", "read_only_reason", "created_at", "updated_at" from "workspaces" where (("workspaces"."org_id" = $1) and ("workspaces"."id" = $2)) limit $3
2026-09-07 12:13:32.079 UTC [1102] LOG:  execute <unnamed>: select "id", "org_id", "slug", "display_name", "workspace_repository_url", "github_connection_id", "desired_generation", "desired_sha", "active_projection_url", "active_projection_sha", "indexed_sha", "write_status", "hydrate_status", "hydrate_error", "last_job_at", "hydrate_phases", "read_only_reason", "created_at", "updated_at" from "workspaces" where (("workspaces"."org_id" = $1) and ("workspaces"."id" = $2)) limit $3
2026-09-07 12:13:32.079 UTC [1102] LOG:  execute <unnamed>: select "id", "org_id", "workspace_id", "git_url", "desired_ref", "desired_sha", "indexed_sha", "created_at" from "workspace_linked_repositories" where "workspace_linked_repositories"."workspace_id" = $1 order by "workspace_linked_repositories"."created_at"
2026-09-07 12:13:32.080 UTC [1102] LOG:  execute <unnamed>: select "id", "git_url" from "repositories" where "repositories"."org_id" = $1
2026-09-07 12:13:32.080 UTC [1102] LOG:  statement: commit
2026-09-07 12:13:32.081 UTC [1103] LOG:  statement: begin
2026-09-07 12:13:32.081 UTC [1102] LOG:  statement: begin
2026-09-07 12:13:32.082 UTC [1102] LOG:  execute <unnamed>: select set_config('app.organization_id', $1, true)
2026-09-07 12:13:32.082 UTC [1103] LOG:  execute <unnamed>: select set_config('app.organization_id', $1, true)
2026-09-07 12:13:32.082 UTC [1102] LOG:  execute <unnamed>: select "id", "kind", "org_id", "workspace_id", "conversation_id", "desired_url", "desired_generation", "desired_sha", "provider", "provider_sandbox_id", "latest_snapshot_id", "latest_run_id", "state", "last_heartbeat_at", "created_at", "updated_at" from "workspace_sandbox_instances" where (("workspace_sandbox_instances"."conversation_id" = $1) and ("workspace_sandbox_instances"."kind" = $2))
2026-09-07 12:13:32.082 UTC [1103] LOG:  execute <unnamed>: select "id", "kind", "org_id", "workspace_id", "conversation_id", "desired_url", "desired_generation", "desired_sha", "provider", "provider_sandbox_id", "latest_snapshot_id", "latest_run_id", "state", "last_heartbeat_at", "created_at", "updated_at" from "workspace_sandbox_instances" where (("workspace_sandbox_instances"."id" = $1) and ("workspace_sandbox_instances"."org_id" = $2)) limit $3
2026-09-07 12:13:32.083 UTC [1103] LOG:  statement: commit
2026-09-07 12:13:32.083 UTC [1102] LOG:  statement: commit
2026-09-07 12:13:32.083 UTC [1103] LOG:  statement: begin
2026-09-07 12:13:32.083 UTC [1103] LOG:  execute <unnamed>: select set_config('app.organization_id', $1, true)
2026-09-07 12:13:32.084 UTC [1103] LOG:  execute <unnamed>: select "id", "kind", "org_id", "workspace_id", "conversation_id", "desired_url", "desired_generation", "desired_sha", "provider", "provider_sandbox_id", "latest_snapshot_id", "latest_run_id", "state", "last_heartbeat_at", "created_at", "updated_at" from "workspace_sandbox_instances" where (("workspace_sandbox_instances"."conversation_id" = $1) and ("workspace_sandbox_instances"."kind" = $2) and ("workspace_sandbox_instances"."state" = $3))
2026-09-07 12:13:32.084 UTC [1103] LOG:  statement: commit
2026-09-07 12:13:32.227 UTC [1103] LOG:  statement: begin
2026-09-07 12:13:32.228 UTC [1103] LOG:  execute <unnamed>: select set_config('app.organization_id', $1, true)
2026-09-07 12:13:32.229 UTC [1103] LOG:  statement: savepoint sp1
2026-09-07 12:13:32.230 UTC [1103] LOG:  execute <unnamed>: select "id", "kind", "org_id", "workspace_id", "conversation_id", "desired_url", "desired_generation", "desired_sha", "provider", "provider_sandbox_id", "latest_snapshot_id", "latest_run_id", "state", "last_heartbeat_at", "created_at", "updated_at" from "workspace_sandbox_instances" where (("workspace_sandbox_instances"."org_id" = $1) and ("workspace_sandbox_instances"."kind" = $2) and ("workspace_sandbox_instances"."conversation_id" = $3) and ((("workspace_sandbox_instances"."state" = $4) or ("workspace_sandbox_instances"."state" = $5)))) order by ("workspace_sandbox_instances"."provider_sandbox_id" is not null) desc, "workspace_sandbox_instances"."created_at" asc, "workspace_sandbox_instances"."id" asc limit $6
2026-09-07 12:13:32.231 UTC [1103] LOG:  execute <unnamed>: insert into "workspace_sandbox_instances" ("id", "kind", "org_id", "workspace_id", "conversation_id", "desired_url", "desired_generation", "desired_sha", "provider", "provider_sandbox_id", "latest_snapshot_id", "latest_run_id", "state", "last_heartbeat_at", "created_at", "updated_at") values ($1, $2, $3, $4, $5, $6, $7, $8, $9, $10, $11, $12, $13, $14, $15, $16) on conflict ("id") do update set "kind" = $17, "conversation_id" = $18, "desired_url" = $19, "desired_generation" = $20, "desired_sha" = $21, "provider" = $22, "provider_sandbox_id" = $23, "latest_snapshot_id" = $24, "latest_run_id" = $25, "state" = $26, "last_heartbeat_at" = $27, "updated_at" = $28
2026-09-07 12:13:32.233 UTC [1103] LOG:  statement: release savepoint sp1
2026-09-07 12:13:32.233 UTC [1103] LOG:  statement: commit
2026-09-07 12:13:32.275 UTC [1103] LOG:  statement: begin
2026-09-07 12:13:32.277 UTC [1103] LOG:  execute <unnamed>: select set_config('app.organization_id', $1, true)
2026-09-07 12:13:32.278 UTC [1103] LOG:  execute <unnamed>: select "interrupt_id", "run_id", "thread_id", "org_id", "status", "requested_at", "resolved_at", "payload_json", "response_json" from "chat_interrupts" where (("chat_interrupts"."thread_id" = $1) and ("chat_interrupts"."status" = $2)) order by "chat_interrupts"."requested_at" asc
2026-09-07 12:13:32.278 UTC [1103] LOG:  statement: commit
2026-09-07 12:13:32.279 UTC [1103] LOG:  statement: begin
2026-09-07 12:13:32.280 UTC [1103] LOG:  execute <unnamed>: select set_config('app.organization_id', $1, true)
2026-09-07 12:13:32.281 UTC [1103] LOG:  execute <unnamed>: select "run_id", "thread_id", "org_id", "status", "started_at", "finished_at", "error", "error_code", "usage_json", "sandbox_key", "detached_since", "cancel_requested", "driver_epoch" from "chat_runs" where "chat_runs"."run_id" = $1 limit $2
2026-09-07 12:13:32.282 UTC [1103] LOG:  statement: commit
2026-09-07 12:13:32.283 UTC [1103] LOG:  statement: begin
2026-09-07 12:13:32.283 UTC [1103] LOG:  execute <unnamed>: select set_config('app.organization_id', $1, true)
2026-09-07 12:13:32.285 UTC [1103] LOG:  execute <unnamed>: insert into "chat_runs" ("run_id", "thread_id", "org_id", "status", "started_at", "finished_at", "error", "error_code", "usage_json", "sandbox_key", "detached_since", "cancel_requested", "driver_epoch") values ($1, $2, $3, $4, $5, default, default, default, default, default, default, default, default) on conflict ("run_id") do nothing
2026-09-07 12:13:32.286 UTC [1103] LOG:  statement: commit
2026-09-07 12:13:32.287 UTC [1103] LOG:  statement: begin
2026-09-07 12:13:32.288 UTC [1103] LOG:  execute <unnamed>: select set_config('app.organization_id', $1, true)
2026-09-07 12:13:32.289 UTC [1103] LOG:  execute <unnamed>: select "run_id", "thread_id", "org_id", "status", "started_at", "finished_at", "error", "error_code", "usage_json", "sandbox_key", "detached_since", "cancel_requested", "driver_epoch" from "chat_runs" where "chat_runs"."run_id" = $1 limit $2
2026-09-07 12:13:32.290 UTC [1103] LOG:  statement: commit
2026-09-07 12:13:32.294 UTC [1103] LOG:  statement: begin
2026-09-07 12:13:32.294 UTC [1103] LOG:  execute <unnamed>: select set_config('app.organization_id', $1, true)
2026-09-07 12:13:32.295 UTC [1103] LOG:  execute <unnamed>: select "messages_json" from "chat_threads" where "chat_threads"."thread_id" = $1 limit $2
2026-09-07 12:13:32.296 UTC [1103] LOG:  statement: commit
2026-09-07 12:13:32.297 UTC [1103] LOG:  statement: begin
2026-09-07 12:13:32.298 UTC [1103] LOG:  execute <unnamed>: select set_config('app.organization_id', $1, true)
2026-09-07 12:13:32.299 UTC [1103] LOG:  execute <unnamed>: insert into "chat_threads" ("thread_id", "org_id", "messages_json", "updated_at") values ($1, $2, $3, $4) on conflict ("thread_id") do update set "messages_json" = $5, "updated_at" = $6
2026-09-07 12:13:32.300 UTC [1103] LOG:  statement: commit
2026-09-07 12:13:33.410 UTC [1103] LOG:  statement: begin
2026-09-07 12:13:33.411 UTC [1103] LOG:  execute <unnamed>: select set_config('app.organization_id', $1, true)
2026-09-07 12:13:33.412 UTC [1103] LOG:  execute <unnamed>: insert into "chat_threads" ("thread_id", "org_id", "messages_json", "updated_at") values ($1, $2, $3, $4) on conflict ("thread_id") do update set "messages_json" = $5, "updated_at" = $6
2026-09-07 12:13:33.413 UTC [1103] LOG:  statement: commit
2026-09-07 12:13:37.667 UTC [1103] LOG:  statement: begin
2026-09-07 12:13:37.669 UTC [1103] LOG:  execute <unnamed>: select set_config('app.organization_id', $1, true)
2026-09-07 12:13:37.670 UTC [1103] LOG:  execute <unnamed>: insert into "chat_threads" ("thread_id", "org_id", "messages_json", "updated_at") values ($1, $2, $3, $4) on conflict ("thread_id") do update set "messages_json" = $5, "updated_at" = $6
2026-09-07 12:13:37.672 UTC [1103] LOG:  statement: commit
2026-09-07 12:13:37.777 UTC [1103] LOG:  statement: begin
2026-09-07 12:13:37.778 UTC [1103] LOG:  execute <unnamed>: select set_config('app.organization_id', $1, true)
2026-09-07 12:13:37.779 UTC [1103] LOG:  execute <unnamed>: insert into "chat_threads" ("thread_id", "org_id", "messages_json", "updated_at") values ($1, $2, $3, $4) on conflict ("thread_id") do update set "messages_json" = $5, "updated_at" = $6
2026-09-07 12:13:37.780 UTC [1103] LOG:  statement: commit
2026-09-07 12:13:37.781 UTC [1103] LOG:  statement: begin
2026-09-07 12:13:37.782 UTC [1103] LOG:  execute <unnamed>: select set_config('app.organization_id', $1, true)
2026-09-07 12:13:37.783 UTC [1103] LOG:  execute <unnamed>: update "chat_runs" set "status" = $1, "finished_at" = $2, "usage_json" = $3 where "chat_runs"."run_id" = $4
2026-09-07 12:13:37.784 UTC [1103] LOG:  statement: commit
2026-09-07 12:13:37.786 UTC [1103] LOG:  statement: begin
2026-09-07 12:13:37.787 UTC [1103] LOG:  execute <unnamed>: select set_config('app.organization_id', $1, true)
2026-09-07 12:13:37.788 UTC [1103] LOG:  execute <unnamed>: select "messages_json" from "chat_threads" where "chat_threads"."thread_id" = $1 limit $2
2026-09-07 12:13:37.788 UTC [1103] LOG:  statement: commit
2026-09-07 12:13:37.791 UTC [1103] LOG:  statement: begin
2026-09-07 12:13:37.792 UTC [1103] LOG:  execute <unnamed>: select set_config('app.organization_id', $1, true)
2026-09-07 12:13:37.796 UTC [1103] LOG:  execute <unnamed>: select "run_id", "thread_id", "org_id", "status", "started_at", "finished_at", "error", "error_code", "usage_json", "sandbox_key", "detached_since", "cancel_requested", "driver_epoch" from "chat_runs" where (("chat_runs"."thread_id" = $1) and ("chat_runs"."status" = $2)) order by "chat_runs"."started_at" desc limit $3
2026-09-07 12:13:37.796 UTC [1103] LOG:  statement: commit
2026-09-07 12:13:37.797 UTC [1103] LOG:  statement: begin
2026-09-07 12:13:37.798 UTC [1103] LOG:  execute <unnamed>: select set_config('app.organization_id', $1, true)
2026-09-07 12:13:37.799 UTC [1103] LOG:  execute <unnamed>: select "d0"."id" as "id", "d0"."org_id" as "orgId", "d0"."user_id" as "userId", "d0"."workspace_id" as "workspaceId", "d0"."name" as "name", "d0"."source" as "source", "d0"."last_branch" as "lastBranch", "d0"."last_chat_pr_number" as "lastChatPrNumber", "d0"."last_message_at" as "lastMessageAt", "d0"."created_at" as "createdAt", "d0"."updated_at" as "updatedAt" from "conversations" as "d0" where (("d0"."id" = $1) and ("d0"."org_id" = $2) and ("d0"."user_id" = $3)) limit $4
2026-09-07 12:13:37.801 UTC [1103] LOG:  statement: commit
2026-09-07 12:13:37.807 UTC [1103] LOG:  execute <unnamed>: select "id", "expires_at", "token", "created_at", "updated_at", "ip_address", "user_agent", "user_id", "active_organization_id" from "sessions" where "sessions"."token" = $1
2026-09-07 12:13:37.809 UTC [1103] LOG:  execute <unnamed>: select "id", "name", "email", "email_verified", "image", "created_at", "updated_at", "two_factor_enabled", "onboarding_completed_at" from "users" where "users"."id" = $1
2026-09-07 12:13:37.810 UTC [1103] LOG:  execute <unnamed>: select "id", "public_key", "private_key", "created_at", "expires_at" from "jwkss" limit $1
2026-09-07 12:13:37.812 UTC [1103] LOG:  execute <unnamed>: select "id", "expires_at", "token", "created_at", "updated_at", "ip_address", "user_agent", "user_id", "active_organization_id" from "sessions" where "sessions"."token" = $1
2026-09-07 12:13:37.813 UTC [1103] LOG:  execute <unnamed>: select "id", "name", "email", "email_verified", "image", "created_at", "updated_at", "two_factor_enabled", "onboarding_completed_at" from "users" where "users"."id" = $1
2026-09-07 12:13:37.814 UTC [1103] LOG:  execute <unnamed>: select "id", "public_key", "private_key", "created_at", "expires_at" from "jwkss" limit $1
2026-09-07 12:13:37.816 UTC [1103] LOG:  execute <unnamed>: select "organizations"."id" from "organizations" inner join "members" on (("members"."organization_id" = "organizations"."id") and ("members"."user_id" = $1)) where "organizations"."slug" = $2 limit $3
2026-09-07 12:13:37.819 UTC [1103] LOG:  statement: begin
2026-09-07 12:13:37.819 UTC [1103] LOG:  execute <unnamed>: select set_config('app.organization_id', $1, true)
2026-09-07 12:13:37.820 UTC [1103] LOG:  execute <unnamed>: select "d0"."id" as "id", "d0"."org_id" as "orgId", "d0"."user_id" as "userId", "d0"."workspace_id" as "workspaceId", "d0"."name" as "name", "d0"."source" as "source", "d0"."last_branch" as "lastBranch", "d0"."last_chat_pr_number" as "lastChatPrNumber", "d0"."last_message_at" as "lastMessageAt", "d0"."created_at" as "createdAt", "d0"."updated_at" as "updatedAt" from "conversations" as "d0" where (("d0"."id" = $1) and ("d0"."org_id" = $2) and ("d0"."user_id" = $3)) limit $4
2026-09-07 12:13:37.821 UTC [1103] LOG:  statement: commit
2026-09-07 12:13:37.822 UTC [1103] LOG:  statement: begin
2026-09-07 12:13:37.822 UTC [1103] LOG:  execute <unnamed>: select set_config('app.organization_id', $1, true)
2026-09-07 12:13:37.823 UTC [1103] LOG:  execute <unnamed>: select "messages_json" from "chat_threads" where "chat_threads"."thread_id" = $1 limit $2
2026-09-07 12:13:37.824 UTC [1103] LOG:  statement: commit
2026-09-07 12:13:37.825 UTC [1103] LOG:  statement: begin
2026-09-07 12:13:37.826 UTC [1103] LOG:  execute <unnamed>: select set_config('app.organization_id', $1, true)
2026-09-07 12:13:37.828 UTC [1103] LOG:  execute <unnamed>: select "id", "org_id", "slug", "display_name", "workspace_repository_url", "github_connection_id", "desired_generation", "desired_sha", "active_projection_url", "active_projection_sha", "indexed_sha", "write_status", "hydrate_status", "hydrate_error", "last_job_at", "hydrate_phases", "read_only_reason", "created_at", "updated_at" from "workspaces" where (("workspaces"."org_id" = $1) and ("workspaces"."id" = $2)) limit $3
2026-09-07 12:13:37.828 UTC [1103] LOG:  statement: commit
2026-09-07 12:13:37.875 UTC [1103] LOG:  execute <unnamed>: select "id", "expires_at", "token", "created_at", "updated_at", "ip_address", "user_agent", "user_id", "active_organization_id" from "sessions" where "sessions"."token" = $1
2026-09-07 12:13:37.876 UTC [1103] LOG:  execute <unnamed>: select "id", "name", "email", "email_verified", "image", "created_at", "updated_at", "two_factor_enabled", "onboarding_completed_at" from "users" where "users"."id" = $1
2026-09-07 12:13:37.877 UTC [1103] LOG:  execute <unnamed>: select "id", "public_key", "private_key", "created_at", "expires_at" from "jwkss" limit $1
2026-09-07 12:13:37.879 UTC [1103] LOG:  execute <unnamed>: select "id", "expires_at", "token", "created_at", "updated_at", "ip_address", "user_agent", "user_id", "active_organization_id" from "sessions" where "sessions"."token" = $1
2026-09-07 12:13:37.880 UTC [1103] LOG:  execute <unnamed>: select "id", "name", "email", "email_verified", "image", "created_at", "updated_at", "two_factor_enabled", "onboarding_completed_at" from "users" where "users"."id" = $1
2026-09-07 12:13:37.880 UTC [1103] LOG:  execute <unnamed>: select "id", "public_key", "private_key", "created_at", "expires_at" from "jwkss" limit $1
2026-09-07 12:13:37.882 UTC [1103] LOG:  execute <unnamed>: select "organizations"."id" from "organizations" inner join "members" on (("members"."organization_id" = "organizations"."id") and ("members"."user_id" = $1)) where "organizations"."slug" = $2 limit $3
2026-09-07 12:13:37.885 UTC [1103] LOG:  statement: begin
2026-09-07 12:13:37.886 UTC [1103] LOG:  execute <unnamed>: select set_config('app.organization_id', $1, true)
2026-09-07 12:13:37.887 UTC [1103] LOG:  execute <unnamed>: select "id", "org_id", "slug", "display_name", "workspace_repository_url", "github_connection_id", "desired_generation", "desired_sha", "active_projection_url", "active_projection_sha", "indexed_sha", "write_status", "hydrate_status", "hydrate_error", "last_job_at", "hydrate_phases", "read_only_reason", "created_at", "updated_at" from "workspaces" where (("workspaces"."org_id" = $1) and ("workspaces"."slug" = $2)) limit $3
2026-09-07 12:13:37.888 UTC [1103] LOG:  statement: commit
2026-09-07 12:13:37.888 UTC [1103] LOG:  statement: begin
2026-09-07 12:13:37.889 UTC [1103] LOG:  execute <unnamed>: select set_config('app.organization_id', $1, true)
2026-09-07 12:13:37.890 UTC [1103] LOG:  execute <unnamed>: select "id", "org_id", "slug", "display_name", "workspace_repository_url", "github_connection_id", "desired_generation", "desired_sha", "active_projection_url", "active_projection_sha", "indexed_sha", "write_status", "hydrate_status", "hydrate_error", "last_job_at", "hydrate_phases", "read_only_reason", "created_at", "updated_at" from "workspaces" where (("workspaces"."org_id" = $1) and ("workspaces"."id" = $2)) limit $3
2026-09-07 12:13:37.891 UTC [1103] LOG:  execute <unnamed>: select "id", "org_id", "workspace_id", "git_url", "desired_ref", "desired_sha", "indexed_sha", "created_at" from "workspace_linked_repositories" where "workspace_linked_repositories"."workspace_id" = $1 order by "workspace_linked_repositories"."created_at"
2026-09-07 12:13:37.892 UTC [1103] LOG:  statement: commit
2026-09-07 12:13:37.893 UTC [1103] LOG:  statement: begin
2026-09-07 12:13:37.893 UTC [1103] LOG:  execute <unnamed>: select set_config('app.organization_id', $1, true)
2026-09-07 12:13:37.894 UTC [1103] LOG:  execute <unnamed>: select "commit_sha" from "workspace_write_jobs" where (("workspace_write_jobs"."workspace_id" = $1) and ("workspace_write_jobs"."kind" = $2) and (("workspace_write_jobs"."commit_sha" is not null))) order by "workspace_write_jobs"."created_at" asc limit $3
2026-09-07 12:13:37.895 UTC [1103] LOG:  statement: commit
2026-09-07 12:13:37.897 UTC [1103] LOG:  execute <unnamed>: select "id", "expires_at", "token", "created_at", "updated_at", "ip_address", "user_agent", "user_id", "active_organization_id" from "sessions" where "sessions"."token" = $1
2026-09-07 12:13:37.899 UTC [1103] LOG:  execute <unnamed>: select "id", "name", "email", "email_verified", "image", "created_at", "updated_at", "two_factor_enabled", "onboarding_completed_at" from "users" where "users"."id" = $1
2026-09-07 12:13:37.900 UTC [1103] LOG:  execute <unnamed>: select "id", "public_key", "private_key", "created_at", "expires_at" from "jwkss" limit $1
2026-09-07 12:13:37.901 UTC [1103] LOG:  execute <unnamed>: select "id", "expires_at", "token", "created_at", "updated_at", "ip_address", "user_agent", "user_id", "active_organization_id" from "sessions" where "sessions"."token" = $1
2026-09-07 12:13:37.902 UTC [1103] LOG:  execute <unnamed>: select "id", "name", "email", "email_verified", "image", "created_at", "updated_at", "two_factor_enabled", "onboarding_completed_at" from "users" where "users"."id" = $1
2026-09-07 12:13:37.903 UTC [1103] LOG:  execute <unnamed>: select "id", "public_key", "private_key", "created_at", "expires_at" from "jwkss" limit $1
2026-09-07 12:13:37.906 UTC [1103] LOG:  execute <unnamed>: select "organizations"."id" from "organizations" inner join "members" on (("members"."organization_id" = "organizations"."id") and ("members"."user_id" = $1)) where "organizations"."slug" = $2 limit $3
2026-09-07 12:13:37.908 UTC [1103] LOG:  statement: begin
2026-09-07 12:13:37.909 UTC [1103] LOG:  execute <unnamed>: select set_config('app.organization_id', $1, true)
2026-09-07 12:13:37.910 UTC [1103] LOG:  execute <unnamed>: select "id" from "workspaces" where (("workspaces"."id" = $1) and ("workspaces"."org_id" = $2)) limit $3
2026-09-07 12:13:37.910 UTC [1103] LOG:  execute <unnamed>: select "id", "org_id", "user_id", "workspace_id", "name", "source", "last_branch", "last_chat_pr_number", "last_message_at", "created_at", "updated_at" from "conversations" where (("conversations"."id" = $1) and ("conversations"."org_id" = $2) and ("conversations"."user_id" = $3)) limit $4
2026-09-07 12:13:37.911 UTC [1103] LOG:  statement: commit
2026-09-07 12:13:37.912 UTC [1103] LOG:  statement: begin
2026-09-07 12:13:37.912 UTC [1103] LOG:  execute <unnamed>: select set_config('app.organization_id', $1, true)
2026-09-07 12:13:37.913 UTC [1103] LOG:  execute <unnamed>: select "id", "org_id", "slug", "display_name", "workspace_repository_url", "github_connection_id", "desired_generation", "desired_sha", "active_projection_url", "active_projection_sha", "indexed_sha", "write_status", "hydrate_status", "hydrate_error", "last_job_at", "hydrate_phases", "read_only_reason", "created_at", "updated_at" from "workspaces" where (("workspaces"."org_id" = $1) and ("workspaces"."id" = $2)) limit $3
2026-09-07 12:13:37.913 UTC [1103] LOG:  statement: commit
2026-09-07 12:13:37.914 UTC [1103] LOG:  statement: begin
2026-09-07 12:13:37.914 UTC [1103] LOG:  execute <unnamed>: select set_config('app.organization_id', $1, true)
2026-09-07 12:13:37.915 UTC [1103] LOG:  execute <unnamed>: update "conversations" set "last_branch" = $1, "updated_at" = $2 where (("conversations"."id" = $3) and ("conversations"."org_id" = $4) and ("conversations"."user_id" = $5))
2026-09-07 12:13:37.915 UTC [1103] LOG:  statement: commit
2026-09-07 12:13:37.916 UTC [1103] LOG:  statement: begin
2026-09-07 12:13:37.916 UTC [1103] LOG:  execute <unnamed>: select set_config('app.organization_id', $1, true)
2026-09-07 12:13:37.917 UTC [1103] LOG:  execute <unnamed>: select "id", "kind", "org_id", "workspace_id", "conversation_id", "desired_url", "desired_generation", "desired_sha", "provider", "provider_sandbox_id", "latest_snapshot_id", "latest_run_id", "state", "last_heartbeat_at", "created_at", "updated_at" from "workspace_sandbox_instances" where (("workspace_sandbox_instances"."conversation_id" = $1) and ("workspace_sandbox_instances"."kind" = $2))
2026-09-07 12:13:37.917 UTC [1103] LOG:  statement: commit
2026-09-07 12:13:37.917 UTC [1103] LOG:  statement: begin
2026-09-07 12:13:37.917 UTC [1103] LOG:  execute <unnamed>: select set_config('app.organization_id', $1, true)
2026-09-07 12:13:37.918 UTC [1103] LOG:  execute <unnamed>: select "id", "kind", "org_id", "workspace_id", "conversation_id", "desired_url", "desired_generation", "desired_sha", "provider", "provider_sandbox_id", "latest_snapshot_id", "latest_run_id", "state", "last_heartbeat_at", "created_at", "updated_at" from "workspace_sandbox_instances" where (("workspace_sandbox_instances"."conversation_id" = $1) and ("workspace_sandbox_instances"."kind" = $2))
2026-09-07 12:13:37.918 UTC [1103] LOG:  statement: commit
2026-09-07 12:13:37.918 UTC [1103] LOG:  statement: begin
2026-09-07 12:13:37.918 UTC [1103] LOG:  execute <unnamed>: select set_config('app.organization_id', $1, true)
2026-09-07 12:13:37.919 UTC [1103] LOG:  execute <unnamed>: select "id", "kind", "org_id", "workspace_id", "conversation_id", "desired_url", "desired_generation", "desired_sha", "provider", "provider_sandbox_id", "latest_snapshot_id", "latest_run_id", "state", "last_heartbeat_at", "created_at", "updated_at" from "workspace_sandbox_instances" where (("workspace_sandbox_instances"."id" = $1) and ("workspace_sandbox_instances"."org_id" = $2)) limit $3
2026-09-07 12:13:37.919 UTC [1103] LOG:  statement: commit
2026-09-07 12:13:37.922 UTC [1103] LOG:  statement: begin
2026-09-07 12:13:37.923 UTC [1103] LOG:  execute <unnamed>: select set_config('app.organization_id', $1, true)
2026-09-07 12:13:37.923 UTC [1103] LOG:  execute <unnamed>: delete from "workspace_sandbox_instances" where (("workspace_sandbox_instances"."id" = $1) and ("workspace_sandbox_instances"."org_id" = $2))
2026-09-07 12:13:37.924 UTC [1103] LOG:  statement: commit
2026-09-07 12:13:37.924 UTC [1103] LOG:  execute <unnamed>: select "slug" from "organizations" where "organizations"."id" = $1 limit $2
2026-09-07 12:13:37.925 UTC [1103] LOG:  statement: begin
2026-09-07 12:13:37.925 UTC [1103] LOG:  execute <unnamed>: select set_config('app.organization_id', $1, true)
2026-09-07 12:13:37.926 UTC [1103] LOG:  execute <unnamed>: select "id", "kind", "org_id", "workspace_id", "conversation_id", "desired_url", "desired_generation", "desired_sha", "provider", "provider_sandbox_id", "latest_snapshot_id", "latest_run_id", "state", "last_heartbeat_at", "created_at", "updated_at" from "workspace_sandbox_instances" where (("workspace_sandbox_instances"."id" = $1) and ("workspace_sandbox_instances"."org_id" = $2)) limit $3
2026-09-07 12:13:37.926 UTC [1103] LOG:  statement: commit
2026-09-07 12:13:37.929 UTC [1103] LOG:  statement: begin
2026-09-07 12:13:37.930 UTC [1103] LOG:  execute <unnamed>: select set_config('app.organization_id', $1, true)
2026-09-07 12:13:37.930 UTC [1103] LOG:  execute <unnamed>: select "id", "kind", "org_id", "workspace_id", "conversation_id", "desired_url", "desired_generation", "desired_sha", "provider", "provider_sandbox_id", "latest_snapshot_id", "latest_run_id", "state", "last_heartbeat_at", "created_at", "updated_at" from "workspace_sandbox_instances" where (("workspace_sandbox_instances"."conversation_id" = $1) and ("workspace_sandbox_instances"."kind" = $2) and ("workspace_sandbox_instances"."state" = $3))
2026-09-07 12:13:37.930 UTC [1103] LOG:  statement: commit
2026-09-07 12:13:38.069 UTC [1103] LOG:  statement: begin
2026-09-07 12:13:38.070 UTC [1103] LOG:  execute <unnamed>: select set_config('app.organization_id', $1, true)
2026-09-07 12:13:38.071 UTC [1103] LOG:  statement: savepoint sp1
2026-09-07 12:13:38.072 UTC [1103] LOG:  execute <unnamed>: select "id", "kind", "org_id", "workspace_id", "conversation_id", "desired_url", "desired_generation", "desired_sha", "provider", "provider_sandbox_id", "latest_snapshot_id", "latest_run_id", "state", "last_heartbeat_at", "created_at", "updated_at" from "workspace_sandbox_instances" where (("workspace_sandbox_instances"."org_id" = $1) and ("workspace_sandbox_instances"."kind" = $2) and ("workspace_sandbox_instances"."conversation_id" = $3) and ((("workspace_sandbox_instances"."state" = $4) or ("workspace_sandbox_instances"."state" = $5)))) order by ("workspace_sandbox_instances"."provider_sandbox_id" is not null) desc, "workspace_sandbox_instances"."created_at" asc, "workspace_sandbox_instances"."id" asc limit $6
2026-09-07 12:13:38.073 UTC [1103] LOG:  execute <unnamed>: insert into "workspace_sandbox_instances" ("id", "kind", "org_id", "workspace_id", "conversation_id", "desired_url", "desired_generation", "desired_sha", "provider", "provider_sandbox_id", "latest_snapshot_id", "latest_run_id", "state", "last_heartbeat_at", "created_at", "updated_at") values ($1, $2, $3, $4, $5, $6, $7, $8, $9, $10, $11, $12, $13, $14, $15, $16) on conflict ("id") do update set "kind" = $17, "conversation_id" = $18, "desired_url" = $19, "desired_generation" = $20, "desired_sha" = $21, "provider" = $22, "provider_sandbox_id" = $23, "latest_snapshot_id" = $24, "latest_run_id" = $25, "state" = $26, "last_heartbeat_at" = $27, "updated_at" = $28
2026-09-07 12:13:38.074 UTC [1103] LOG:  statement: release savepoint sp1
2026-09-07 12:13:38.075 UTC [1103] LOG:  statement: commit
2026-09-07 12:13:38.094 UTC [1103] LOG:  statement: begin
2026-09-07 12:13:38.094 UTC [1103] LOG:  execute <unnamed>: select set_config('app.organization_id', $1, true)
2026-09-07 12:13:38.096 UTC [1103] LOG:  execute <unnamed>: update "conversations" set "last_branch" = $1, "updated_at" = $2 where (("conversations"."id" = $3) and ("conversations"."org_id" = $4) and ("conversations"."user_id" = $5))
2026-09-07 12:13:38.096 UTC [1103] LOG:  statement: commit
2026-09-07 12:13:38.097 UTC [1103] LOG:  statement: begin
2026-09-07 12:13:38.098 UTC [1103] LOG:  execute <unnamed>: select set_config('app.organization_id', $1, true)
2026-09-07 12:13:38.099 UTC [1103] LOG:  execute <unnamed>: select "id", "kind", "org_id", "workspace_id", "conversation_id", "desired_url", "desired_generation", "desired_sha", "provider", "provider_sandbox_id", "latest_snapshot_id", "latest_run_id", "state", "last_heartbeat_at", "created_at", "updated_at" from "workspace_sandbox_instances" where (("workspace_sandbox_instances"."conversation_id" = $1) and ("workspace_sandbox_instances"."kind" = $2))
2026-09-07 12:13:38.100 UTC [1103] LOG:  statement: commit
2026-09-07 12:13:38.103 UTC [1103] LOG:  execute <unnamed>: select "id", "expires_at", "token", "created_at", "updated_at", "ip_address", "user_agent", "user_id", "active_organization_id" from "sessions" where "sessions"."token" = $1
2026-09-07 12:13:38.106 UTC [1103] LOG:  execute <unnamed>: select "id", "name", "email", "email_verified", "image", "created_at", "updated_at", "two_factor_enabled", "onboarding_completed_at" from "users" where "users"."id" = $1
2026-09-07 12:13:38.107 UTC [1103] LOG:  execute <unnamed>: select "id", "public_key", "private_key", "created_at", "expires_at" from "jwkss" limit $1
2026-09-07 12:13:38.109 UTC [1103] LOG:  execute <unnamed>: select "id", "expires_at", "token", "created_at", "updated_at", "ip_address", "user_agent", "user_id", "active_organization_id" from "sessions" where "sessions"."token" = $1
2026-09-07 12:13:38.110 UTC [1103] LOG:  execute <unnamed>: select "id", "name", "email", "email_verified", "image", "created_at", "updated_at", "two_factor_enabled", "onboarding_completed_at" from "users" where "users"."id" = $1
2026-09-07 12:13:38.111 UTC [1103] LOG:  execute <unnamed>: select "id", "public_key", "private_key", "created_at", "expires_at" from "jwkss" limit $1
2026-09-07 12:13:38.113 UTC [1103] LOG:  execute <unnamed>: select "organizations"."id" from "organizations" inner join "members" on (("members"."organization_id" = "organizations"."id") and ("members"."user_id" = $1)) where "organizations"."slug" = $2 limit $3
2026-09-07 12:13:38.114 UTC [1103] LOG:  statement: begin
2026-09-07 12:13:38.115 UTC [1103] LOG:  execute <unnamed>: select set_config('app.organization_id', $1, true)
2026-09-07 12:13:38.116 UTC [1103] LOG:  execute <unnamed>: select "id" from "workspaces" where (("workspaces"."id" = $1) and ("workspaces"."org_id" = $2)) limit $3
2026-09-07 12:13:38.117 UTC [1103] LOG:  execute <unnamed>: select "id", "org_id", "user_id", "workspace_id", "name", "source", "last_branch", "last_chat_pr_number", "last_message_at", "created_at", "updated_at" from "conversations" where (("conversations"."id" = $1) and ("conversations"."org_id" = $2) and ("conversations"."user_id" = $3)) limit $4
2026-09-07 12:13:38.118 UTC [1103] LOG:  statement: commit
2026-09-07 12:13:38.118 UTC [1103] LOG:  statement: begin
2026-09-07 12:13:38.119 UTC [1103] LOG:  execute <unnamed>: select set_config('app.organization_id', $1, true)
2026-09-07 12:13:38.120 UTC [1103] LOG:  execute <unnamed>: select "id", "org_id", "slug", "display_name", "workspace_repository_url", "github_connection_id", "desired_generation", "desired_sha", "active_projection_url", "active_projection_sha", "indexed_sha", "write_status", "hydrate_status", "hydrate_error", "last_job_at", "hydrate_phases", "read_only_reason", "created_at", "updated_at" from "workspaces" where (("workspaces"."org_id" = $1) and ("workspaces"."id" = $2)) limit $3
2026-09-07 12:13:38.121 UTC [1103] LOG:  statement: commit
2026-09-07 12:13:38.122 UTC [1103] LOG:  statement: begin
2026-09-07 12:13:38.122 UTC [1103] LOG:  execute <unnamed>: select set_config('app.organization_id', $1, true)
2026-09-07 12:13:38.123 UTC [1103] LOG:  execute <unnamed>: update "conversations" set "last_branch" = $1, "updated_at" = $2 where (("conversations"."id" = $3) and ("conversations"."org_id" = $4) and ("conversations"."user_id" = $5))
2026-09-07 12:13:38.127 UTC [1103] LOG:  statement: commit
2026-09-07 12:13:38.128 UTC [1103] LOG:  statement: begin
2026-09-07 12:13:38.129 UTC [1103] LOG:  execute <unnamed>: select set_config('app.organization_id', $1, true)
2026-09-07 12:13:38.130 UTC [1103] LOG:  execute <unnamed>: update "conversations" set "last_message_at" = $1, "updated_at" = $2 where (("conversations"."id" = $3) and ("conversations"."org_id" = $4) and ("conversations"."user_id" = $5))
2026-09-07 12:13:38.130 UTC [1103] LOG:  statement: commit
2026-09-07 12:13:38.132 UTC [1103] LOG:  statement: begin
2026-09-07 12:13:38.133 UTC [1103] LOG:  execute <unnamed>: select set_config('app.organization_id', $1, true)
2026-09-07 12:13:38.134 UTC [1103] LOG:  execute <unnamed>: select "id", "kind", "org_id", "workspace_id", "conversation_id", "desired_url", "desired_generation", "desired_sha", "provider", "provider_sandbox_id", "latest_snapshot_id", "latest_run_id", "state", "last_heartbeat_at", "created_at", "updated_at" from "workspace_sandbox_instances" where (("workspace_sandbox_instances"."conversation_id" = $1) and ("workspace_sandbox_instances"."kind" = $2))
2026-09-07 12:13:38.135 UTC [1103] LOG:  statement: commit
2026-09-07 12:13:38.136 UTC [1103] LOG:  statement: begin
2026-09-07 12:13:38.136 UTC [1103] LOG:  execute <unnamed>: select set_config('app.organization_id', $1, true)
2026-09-07 12:13:38.137 UTC [1103] LOG:  execute <unnamed>: select "id", "kind", "org_id", "workspace_id", "conversation_id", "desired_url", "desired_generation", "desired_sha", "provider", "provider_sandbox_id", "latest_snapshot_id", "latest_run_id", "state", "last_heartbeat_at", "created_at", "updated_at" from "workspace_sandbox_instances" where (("workspace_sandbox_instances"."conversation_id" = $1) and ("workspace_sandbox_instances"."kind" = $2))
2026-09-07 12:13:38.138 UTC [1103] LOG:  statement: commit
2026-09-07 12:13:38.138 UTC [1103] LOG:  statement: begin
2026-09-07 12:13:38.139 UTC [1103] LOG:  execute <unnamed>: select set_config('app.organization_id', $1, true)
2026-09-07 12:13:38.139 UTC [1103] LOG:  execute <unnamed>: select "id", "kind", "org_id", "workspace_id", "conversation_id", "desired_url", "desired_generation", "desired_sha", "provider", "provider_sandbox_id", "latest_snapshot_id", "latest_run_id", "state", "last_heartbeat_at", "created_at", "updated_at" from "workspace_sandbox_instances" where (("workspace_sandbox_instances"."id" = $1) and ("workspace_sandbox_instances"."org_id" = $2)) limit $3
2026-09-07 12:13:38.140 UTC [1103] LOG:  statement: commit
2026-09-07 12:13:38.140 UTC [1103] LOG:  statement: begin
2026-09-07 12:13:38.140 UTC [1103] LOG:  execute <unnamed>: select set_config('app.organization_id', $1, true)
2026-09-07 12:13:38.141 UTC [1103] LOG:  execute <unnamed>: delete from "workspace_sandbox_instances" where (("workspace_sandbox_instances"."id" = $1) and ("workspace_sandbox_instances"."org_id" = $2))
2026-09-07 12:13:38.141 UTC [1103] LOG:  statement: commit
2026-09-07 12:13:38.147 UTC [1103] LOG:  statement: begin
2026-09-07 12:13:38.148 UTC [1103] LOG:  execute <unnamed>: select set_config('app.organization_id', $1, true)
2026-09-07 12:13:38.149 UTC [1103] LOG:  execute <unnamed>: select "id", "org_id", "slug", "display_name", "workspace_repository_url", "github_connection_id", "desired_generation", "desired_sha", "active_projection_url", "active_projection_sha", "indexed_sha", "write_status", "hydrate_status", "hydrate_error", "last_job_at", "hydrate_phases", "read_only_reason", "created_at", "updated_at" from "workspaces" where (("workspaces"."org_id" = $1) and ("workspaces"."id" = $2)) limit $3
2026-09-07 12:13:38.149 UTC [1103] LOG:  statement: commit
2026-09-07 12:13:38.150 UTC [1103] LOG:  statement: begin
2026-09-07 12:13:38.150 UTC [1103] LOG:  execute <unnamed>: select set_config('app.organization_id', $1, true)
2026-09-07 12:13:38.152 UTC [1103] LOG:  execute <unnamed>: select "id", "org_id", "slug", "display_name", "workspace_repository_url", "github_connection_id", "desired_generation", "desired_sha", "active_projection_url", "active_projection_sha", "indexed_sha", "write_status", "hydrate_status", "hydrate_error", "last_job_at", "hydrate_phases", "read_only_reason", "created_at", "updated_at" from "workspaces" where (("workspaces"."org_id" = $1) and ("workspaces"."id" = $2)) limit $3
2026-09-07 12:13:38.152 UTC [1103] LOG:  execute <unnamed>: select "id", "org_id", "slug", "display_name", "workspace_repository_url", "github_connection_id", "desired_generation", "desired_sha", "active_projection_url", "active_projection_sha", "indexed_sha", "write_status", "hydrate_status", "hydrate_error", "last_job_at", "hydrate_phases", "read_only_reason", "created_at", "updated_at" from "workspaces" where (("workspaces"."org_id" = $1) and ("workspaces"."id" = $2)) limit $3
2026-09-07 12:13:38.152 UTC [1103] LOG:  execute <unnamed>: select "id", "org_id", "workspace_id", "git_url", "desired_ref", "desired_sha", "indexed_sha", "created_at" from "workspace_linked_repositories" where "workspace_linked_repositories"."workspace_id" = $1 order by "workspace_linked_repositories"."created_at"
2026-09-07 12:13:38.153 UTC [1103] LOG:  execute <unnamed>: select "id", "git_url" from "repositories" where "repositories"."org_id" = $1
2026-09-07 12:13:38.153 UTC [1103] LOG:  statement: commit
2026-09-07 12:13:38.154 UTC [1103] LOG:  statement: begin
2026-09-07 12:13:38.154 UTC [1102] LOG:  statement: begin
2026-09-07 12:13:38.155 UTC [1103] LOG:  execute <unnamed>: select set_config('app.organization_id', $1, true)
2026-09-07 12:13:38.155 UTC [1102] LOG:  execute <unnamed>: select set_config('app.organization_id', $1, true)
2026-09-07 12:13:38.156 UTC [1103] LOG:  execute <unnamed>: select "id", "kind", "org_id", "workspace_id", "conversation_id", "desired_url", "desired_generation", "desired_sha", "provider", "provider_sandbox_id", "latest_snapshot_id", "latest_run_id", "state", "last_heartbeat_at", "created_at", "updated_at" from "workspace_sandbox_instances" where (("workspace_sandbox_instances"."conversation_id" = $1) and ("workspace_sandbox_instances"."kind" = $2))
2026-09-07 12:13:38.156 UTC [1102] LOG:  execute <unnamed>: select "id", "kind", "org_id", "workspace_id", "conversation_id", "desired_url", "desired_generation", "desired_sha", "provider", "provider_sandbox_id", "latest_snapshot_id", "latest_run_id", "state", "last_heartbeat_at", "created_at", "updated_at" from "workspace_sandbox_instances" where (("workspace_sandbox_instances"."id" = $1) and ("workspace_sandbox_instances"."org_id" = $2)) limit $3
2026-09-07 12:13:38.156 UTC [1103] LOG:  statement: commit
2026-09-07 12:13:38.156 UTC [1102] LOG:  statement: commit
2026-09-07 12:13:38.157 UTC [1102] LOG:  statement: begin
2026-09-07 12:13:38.157 UTC [1102] LOG:  execute <unnamed>: select set_config('app.organization_id', $1, true)
2026-09-07 12:13:38.157 UTC [1102] LOG:  execute <unnamed>: select "id", "kind", "org_id", "workspace_id", "conversation_id", "desired_url", "desired_generation", "desired_sha", "provider", "provider_sandbox_id", "latest_snapshot_id", "latest_run_id", "state", "last_heartbeat_at", "created_at", "updated_at" from "workspace_sandbox_instances" where (("workspace_sandbox_instances"."conversation_id" = $1) and ("workspace_sandbox_instances"."kind" = $2) and ("workspace_sandbox_instances"."state" = $3))
2026-09-07 12:13:38.158 UTC [1102] LOG:  statement: commit
2026-09-07 12:13:38.295 UTC [1102] LOG:  statement: begin
2026-09-07 12:13:38.296 UTC [1102] LOG:  execute <unnamed>: select set_config('app.organization_id', $1, true)
2026-09-07 12:13:38.297 UTC [1102] LOG:  statement: savepoint sp1
2026-09-07 12:13:38.298 UTC [1102] LOG:  execute <unnamed>: select "id", "kind", "org_id", "workspace_id", "conversation_id", "desired_url", "desired_generation", "desired_sha", "provider", "provider_sandbox_id", "latest_snapshot_id", "latest_run_id", "state", "last_heartbeat_at", "created_at", "updated_at" from "workspace_sandbox_instances" where (("workspace_sandbox_instances"."org_id" = $1) and ("workspace_sandbox_instances"."kind" = $2) and ("workspace_sandbox_instances"."conversation_id" = $3) and ((("workspace_sandbox_instances"."state" = $4) or ("workspace_sandbox_instances"."state" = $5)))) order by ("workspace_sandbox_instances"."provider_sandbox_id" is not null) desc, "workspace_sandbox_instances"."created_at" asc, "workspace_sandbox_instances"."id" asc limit $6
2026-09-07 12:13:38.300 UTC [1102] LOG:  execute <unnamed>: insert into "workspace_sandbox_instances" ("id", "kind", "org_id", "workspace_id", "conversation_id", "desired_url", "desired_generation", "desired_sha", "provider", "provider_sandbox_id", "latest_snapshot_id", "latest_run_id", "state", "last_heartbeat_at", "created_at", "updated_at") values ($1, $2, $3, $4, $5, $6, $7, $8, $9, $10, $11, $12, $13, $14, $15, $16) on conflict ("id") do update set "kind" = $17, "conversation_id" = $18, "desired_url" = $19, "desired_generation" = $20, "desired_sha" = $21, "provider" = $22, "provider_sandbox_id" = $23, "latest_snapshot_id" = $24, "latest_run_id" = $25, "state" = $26, "last_heartbeat_at" = $27, "updated_at" = $28
2026-09-07 12:13:38.301 UTC [1102] LOG:  statement: release savepoint sp1
2026-09-07 12:13:38.302 UTC [1102] LOG:  statement: commit
2026-09-07 12:13:38.343 UTC [1102] LOG:  statement: begin
2026-09-07 12:13:38.344 UTC [1102] LOG:  execute <unnamed>: select set_config('app.organization_id', $1, true)
2026-09-07 12:13:38.345 UTC [1102] LOG:  execute <unnamed>: select "interrupt_id", "run_id", "thread_id", "org_id", "status", "requested_at", "resolved_at", "payload_json", "response_json" from "chat_interrupts" where (("chat_interrupts"."thread_id" = $1) and ("chat_interrupts"."status" = $2)) order by "chat_interrupts"."requested_at" asc
2026-09-07 12:13:38.346 UTC [1102] LOG:  statement: commit
2026-09-07 12:13:38.347 UTC [1102] LOG:  statement: begin
2026-09-07 12:13:38.347 UTC [1102] LOG:  execute <unnamed>: select set_config('app.organization_id', $1, true)
2026-09-07 12:13:38.349 UTC [1102] LOG:  execute <unnamed>: select "run_id", "thread_id", "org_id", "status", "started_at", "finished_at", "error", "error_code", "usage_json", "sandbox_key", "detached_since", "cancel_requested", "driver_epoch" from "chat_runs" where "chat_runs"."run_id" = $1 limit $2
2026-09-07 12:13:38.350 UTC [1102] LOG:  statement: commit
2026-09-07 12:13:38.350 UTC [1102] LOG:  statement: begin
2026-09-07 12:13:38.351 UTC [1102] LOG:  execute <unnamed>: select set_config('app.organization_id', $1, true)
2026-09-07 12:13:38.353 UTC [1102] LOG:  execute <unnamed>: insert into "chat_runs" ("run_id", "thread_id", "org_id", "status", "started_at", "finished_at", "error", "error_code", "usage_json", "sandbox_key", "detached_since", "cancel_requested", "driver_epoch") values ($1, $2, $3, $4, $5, default, default, default, default, default, default, default, default) on conflict ("run_id") do nothing
2026-09-07 12:13:38.354 UTC [1102] LOG:  statement: commit
2026-09-07 12:13:38.355 UTC [1102] LOG:  statement: begin
2026-09-07 12:13:38.355 UTC [1102] LOG:  execute <unnamed>: select set_config('app.organization_id', $1, true)
2026-09-07 12:13:38.356 UTC [1102] LOG:  execute <unnamed>: select "run_id", "thread_id", "org_id", "status", "started_at", "finished_at", "error", "error_code", "usage_json", "sandbox_key", "detached_since", "cancel_requested", "driver_epoch" from "chat_runs" where "chat_runs"."run_id" = $1 limit $2
2026-09-07 12:13:38.357 UTC [1102] LOG:  statement: commit
2026-09-07 12:13:38.358 UTC [1102] LOG:  statement: begin
2026-09-07 12:13:38.359 UTC [1102] LOG:  execute <unnamed>: select set_config('app.organization_id', $1, true)
2026-09-07 12:13:38.359 UTC [1102] LOG:  execute <unnamed>: select "messages_json" from "chat_threads" where "chat_threads"."thread_id" = $1 limit $2
2026-09-07 12:13:38.360 UTC [1102] LOG:  statement: commit
2026-09-07 12:13:38.361 UTC [1102] LOG:  statement: begin
2026-09-07 12:13:38.362 UTC [1102] LOG:  execute <unnamed>: select set_config('app.organization_id', $1, true)
2026-09-07 12:13:38.364 UTC [1102] LOG:  execute <unnamed>: insert into "chat_threads" ("thread_id", "org_id", "messages_json", "updated_at") values ($1, $2, $3, $4) on conflict ("thread_id") do update set "messages_json" = $5, "updated_at" = $6
2026-09-07 12:13:38.365 UTC [1102] LOG:  statement: commit
2026-09-07 12:13:39.526 UTC [1102] LOG:  statement: begin
2026-09-07 12:13:39.527 UTC [1102] LOG:  execute <unnamed>: select set_config('app.organization_id', $1, true)
2026-09-07 12:13:39.529 UTC [1102] LOG:  execute <unnamed>: insert into "chat_threads" ("thread_id", "org_id", "messages_json", "updated_at") values ($1, $2, $3, $4) on conflict ("thread_id") do update set "messages_json" = $5, "updated_at" = $6
2026-09-07 12:13:39.530 UTC [1102] LOG:  statement: commit
2026-09-07 12:13:43.265 UTC [1102] LOG:  statement: begin
2026-09-07 12:13:43.267 UTC [1102] LOG:  execute <unnamed>: select set_config('app.organization_id', $1, true)
2026-09-07 12:13:43.270 UTC [1102] LOG:  execute <unnamed>: insert into "chat_threads" ("thread_id", "org_id", "messages_json", "updated_at") values ($1, $2, $3, $4) on conflict ("thread_id") do update set "messages_json" = $5, "updated_at" = $6
2026-09-07 12:13:43.271 UTC [1102] LOG:  statement: commit
2026-09-07 12:13:43.392 UTC [1102] LOG:  statement: begin
2026-09-07 12:13:43.394 UTC [1102] LOG:  execute <unnamed>: select set_config('app.organization_id', $1, true)
2026-09-07 12:13:43.395 UTC [1102] LOG:  execute <unnamed>: insert into "chat_threads" ("thread_id", "org_id", "messages_json", "updated_at") values ($1, $2, $3, $4) on conflict ("thread_id") do update set "messages_json" = $5, "updated_at" = $6
2026-09-07 12:13:43.396 UTC [1102] LOG:  statement: commit
2026-09-07 12:13:43.398 UTC [1102] LOG:  statement: begin
2026-09-07 12:13:43.399 UTC [1102] LOG:  execute <unnamed>: select set_config('app.organization_id', $1, true)
2026-09-07 12:13:43.403 UTC [1102] LOG:  execute <unnamed>: update "chat_runs" set "status" = $1, "finished_at" = $2, "usage_json" = $3 where "chat_runs"."run_id" = $4
2026-09-07 12:13:43.404 UTC [1102] LOG:  statement: commit
2026-09-07 12:13:43.405 UTC [1102] LOG:  statement: begin
2026-09-07 12:13:43.406 UTC [1102] LOG:  execute <unnamed>: select set_config('app.organization_id', $1, true)
2026-09-07 12:13:43.408 UTC [1102] LOG:  execute <unnamed>: select "messages_json" from "chat_threads" where "chat_threads"."thread_id" = $1 limit $2
2026-09-07 12:13:43.409 UTC [1102] LOG:  statement: commit
2026-09-07 12:13:43.412 UTC [1102] LOG:  statement: begin
2026-09-07 12:13:43.413 UTC [1102] LOG:  execute <unnamed>: select set_config('app.organization_id', $1, true)
2026-09-07 12:13:43.414 UTC [1102] LOG:  execute <unnamed>: select "run_id", "thread_id", "org_id", "status", "started_at", "finished_at", "error", "error_code", "usage_json", "sandbox_key", "detached_since", "cancel_requested", "driver_epoch" from "chat_runs" where (("chat_runs"."thread_id" = $1) and ("chat_runs"."status" = $2)) order by "chat_runs"."started_at" desc limit $3
2026-09-07 12:13:43.416 UTC [1102] LOG:  statement: commit
2026-09-07 12:13:43.417 UTC [1102] LOG:  statement: begin
2026-09-07 12:13:43.418 UTC [1102] LOG:  execute <unnamed>: select set_config('app.organization_id', $1, true)
2026-09-07 12:13:43.420 UTC [1102] LOG:  execute <unnamed>: select "d0"."id" as "id", "d0"."org_id" as "orgId", "d0"."user_id" as "userId", "d0"."workspace_id" as "workspaceId", "d0"."name" as "name", "d0"."source" as "source", "d0"."last_branch" as "lastBranch", "d0"."last_chat_pr_number" as "lastChatPrNumber", "d0"."last_message_at" as "lastMessageAt", "d0"."created_at" as "createdAt", "d0"."updated_at" as "updatedAt" from "conversations" as "d0" where (("d0"."id" = $1) and ("d0"."org_id" = $2) and ("d0"."user_id" = $3)) limit $4
2026-09-07 12:13:43.423 UTC [1102] LOG:  statement: commit
2026-09-07 12:13:43.432 UTC [1102] LOG:  execute <unnamed>: select "id", "expires_at", "token", "created_at", "updated_at", "ip_address", "user_agent", "user_id", "active_organization_id" from "sessions" where "sessions"."token" = $1
2026-09-07 12:13:43.434 UTC [1102] LOG:  execute <unnamed>: select "id", "name", "email", "email_verified", "image", "created_at", "updated_at", "two_factor_enabled", "onboarding_completed_at" from "users" where "users"."id" = $1
2026-09-07 12:13:43.435 UTC [1102] LOG:  execute <unnamed>: select "id", "public_key", "private_key", "created_at", "expires_at" from "jwkss" limit $1
2026-09-07 12:13:43.437 UTC [1102] LOG:  execute <unnamed>: select "id", "expires_at", "token", "created_at", "updated_at", "ip_address", "user_agent", "user_id", "active_organization_id" from "sessions" where "sessions"."token" = $1
2026-09-07 12:13:43.439 UTC [1102] LOG:  execute <unnamed>: select "id", "name", "email", "email_verified", "image", "created_at", "updated_at", "two_factor_enabled", "onboarding_completed_at" from "users" where "users"."id" = $1
2026-09-07 12:13:43.440 UTC [1102] LOG:  execute <unnamed>: select "id", "public_key", "private_key", "created_at", "expires_at" from "jwkss" limit $1
2026-09-07 12:13:43.442 UTC [1102] LOG:  execute <unnamed>: select "organizations"."id" from "organizations" inner join "members" on (("members"."organization_id" = "organizations"."id") and ("members"."user_id" = $1)) where "organizations"."slug" = $2 limit $3
2026-09-07 12:13:43.445 UTC [1102] LOG:  statement: begin
2026-09-07 12:13:43.446 UTC [1102] LOG:  execute <unnamed>: select set_config('app.organization_id', $1, true)
2026-09-07 12:13:43.447 UTC [1102] LOG:  execute <unnamed>: select "d0"."id" as "id", "d0"."org_id" as "orgId", "d0"."user_id" as "userId", "d0"."workspace_id" as "workspaceId", "d0"."name" as "name", "d0"."source" as "source", "d0"."last_branch" as "lastBranch", "d0"."last_chat_pr_number" as "lastChatPrNumber", "d0"."last_message_at" as "lastMessageAt", "d0"."created_at" as "createdAt", "d0"."updated_at" as "updatedAt" from "conversations" as "d0" where (("d0"."id" = $1) and ("d0"."org_id" = $2) and ("d0"."user_id" = $3)) limit $4
2026-09-07 12:13:43.448 UTC [1102] LOG:  statement: commit
2026-09-07 12:13:43.450 UTC [1102] LOG:  statement: begin
2026-09-07 12:13:43.451 UTC [1102] LOG:  execute <unnamed>: select set_config('app.organization_id', $1, true)
2026-09-07 12:13:43.452 UTC [1102] LOG:  execute <unnamed>: select "messages_json" from "chat_threads" where "chat_threads"."thread_id" = $1 limit $2
2026-09-07 12:13:43.453 UTC [1102] LOG:  statement: commit
2026-09-07 12:13:43.454 UTC [1102] LOG:  statement: begin
2026-09-07 12:13:43.455 UTC [1102] LOG:  execute <unnamed>: select set_config('app.organization_id', $1, true)
2026-09-07 12:13:43.456 UTC [1102] LOG:  execute <unnamed>: select "id", "org_id", "slug", "display_name", "workspace_repository_url", "github_connection_id", "desired_generation", "desired_sha", "active_projection_url", "active_projection_sha", "indexed_sha", "write_status", "hydrate_status", "hydrate_error", "last_job_at", "hydrate_phases", "read_only_reason", "created_at", "updated_at" from "workspaces" where (("workspaces"."org_id" = $1) and ("workspaces"."id" = $2)) limit $3
2026-09-07 12:13:43.457 UTC [1102] LOG:  statement: commit
2026-09-07 12:13:43.509 UTC [1102] LOG:  execute <unnamed>: select "id", "expires_at", "token", "created_at", "updated_at", "ip_address", "user_agent", "user_id", "active_organization_id" from "sessions" where "sessions"."token" = $1
2026-09-07 12:13:43.511 UTC [1102] LOG:  execute <unnamed>: select "id", "name", "email", "email_verified", "image", "created_at", "updated_at", "two_factor_enabled", "onboarding_completed_at" from "users" where "users"."id" = $1
2026-09-07 12:13:43.512 UTC [1102] LOG:  execute <unnamed>: select "id", "public_key", "private_key", "created_at", "expires_at" from "jwkss" limit $1
2026-09-07 12:13:43.514 UTC [1102] LOG:  execute <unnamed>: select "id", "expires_at", "token", "created_at", "updated_at", "ip_address", "user_agent", "user_id", "active_organization_id" from "sessions" where "sessions"."token" = $1
2026-09-07 12:13:43.516 UTC [1102] LOG:  execute <unnamed>: select "id", "name", "email", "email_verified", "image", "created_at", "updated_at", "two_factor_enabled", "onboarding_completed_at" from "users" where "users"."id" = $1
2026-09-07 12:13:43.517 UTC [1102] LOG:  execute <unnamed>: select "id", "public_key", "private_key", "created_at", "expires_at" from "jwkss" limit $1
2026-09-07 12:13:43.519 UTC [1102] LOG:  execute <unnamed>: select "organizations"."id" from "organizations" inner join "members" on (("members"."organization_id" = "organizations"."id") and ("members"."user_id" = $1)) where "organizations"."slug" = $2 limit $3
2026-09-07 12:13:43.521 UTC [1102] LOG:  statement: begin
2026-09-07 12:13:43.521 UTC [1102] LOG:  execute <unnamed>: select set_config('app.organization_id', $1, true)
2026-09-07 12:13:43.523 UTC [1102] LOG:  execute <unnamed>: select "id", "org_id", "slug", "display_name", "workspace_repository_url", "github_connection_id", "desired_generation", "desired_sha", "active_projection_url", "active_projection_sha", "indexed_sha", "write_status", "hydrate_status", "hydrate_error", "last_job_at", "hydrate_phases", "read_only_reason", "created_at", "updated_at" from "workspaces" where (("workspaces"."org_id" = $1) and ("workspaces"."slug" = $2)) limit $3
2026-09-07 12:13:43.524 UTC [1102] LOG:  statement: commit
2026-09-07 12:13:43.525 UTC [1102] LOG:  statement: begin
2026-09-07 12:13:43.526 UTC [1102] LOG:  execute <unnamed>: select set_config('app.organization_id', $1, true)
2026-09-07 12:13:43.527 UTC [1102] LOG:  execute <unnamed>: select "id", "org_id", "slug", "display_name", "workspace_repository_url", "github_connection_id", "desired_generation", "desired_sha", "active_projection_url", "active_projection_sha", "indexed_sha", "write_status", "hydrate_status", "hydrate_error", "last_job_at", "hydrate_phases", "read_only_reason", "created_at", "updated_at" from "workspaces" where (("workspaces"."org_id" = $1) and ("workspaces"."id" = $2)) limit $3
2026-09-07 12:13:43.529 UTC [1102] LOG:  execute <unnamed>: select "id", "org_id", "workspace_id", "git_url", "desired_ref", "desired_sha", "indexed_sha", "created_at" from "workspace_linked_repositories" where "workspace_linked_repositories"."workspace_id" = $1 order by "workspace_linked_repositories"."created_at"
2026-09-07 12:13:43.530 UTC [1102] LOG:  statement: commit
2026-09-07 12:13:43.530 UTC [1102] LOG:  statement: begin
2026-09-07 12:13:43.531 UTC [1102] LOG:  execute <unnamed>: select set_config('app.organization_id', $1, true)
2026-09-07 12:13:43.533 UTC [1102] LOG:  execute <unnamed>: select "commit_sha" from "workspace_write_jobs" where (("workspace_write_jobs"."workspace_id" = $1) and ("workspace_write_jobs"."kind" = $2) and (("workspace_write_jobs"."commit_sha" is not null))) order by "workspace_write_jobs"."created_at" asc limit $3
2026-09-07 12:13:43.535 UTC [1102] LOG:  statement: commit
2026-09-07 12:13:43.538 UTC [1102] LOG:  execute <unnamed>: select "id", "expires_at", "token", "created_at", "updated_at", "ip_address", "user_agent", "user_id", "active_organization_id" from "sessions" where "sessions"."token" = $1
2026-09-07 12:13:43.540 UTC [1102] LOG:  execute <unnamed>: select "id", "name", "email", "email_verified", "image", "created_at", "updated_at", "two_factor_enabled", "onboarding_completed_at" from "users" where "users"."id" = $1
2026-09-07 12:13:43.541 UTC [1102] LOG:  execute <unnamed>: select "id", "public_key", "private_key", "created_at", "expires_at" from "jwkss" limit $1
2026-09-07 12:13:43.543 UTC [1102] LOG:  execute <unnamed>: select "id", "expires_at", "token", "created_at", "updated_at", "ip_address", "user_agent", "user_id", "active_organization_id" from "sessions" where "sessions"."token" = $1
2026-09-07 12:13:43.545 UTC [1102] LOG:  execute <unnamed>: select "id", "name", "email", "email_verified", "image", "created_at", "updated_at", "two_factor_enabled", "onboarding_completed_at" from "users" where "users"."id" = $1
2026-09-07 12:13:43.546 UTC [1102] LOG:  execute <unnamed>: select "id", "public_key", "private_key", "created_at", "expires_at" from "jwkss" limit $1
2026-09-07 12:13:43.548 UTC [1102] LOG:  execute <unnamed>: select "organizations"."id" from "organizations" inner join "members" on (("members"."organization_id" = "organizations"."id") and ("members"."user_id" = $1)) where "organizations"."slug" = $2 limit $3
2026-09-07 12:13:43.550 UTC [1102] LOG:  statement: begin
2026-09-07 12:13:43.551 UTC [1102] LOG:  execute <unnamed>: select set_config('app.organization_id', $1, true)
2026-09-07 12:13:43.552 UTC [1102] LOG:  execute <unnamed>: select "id" from "workspaces" where (("workspaces"."id" = $1) and ("workspaces"."org_id" = $2)) limit $3
2026-09-07 12:13:43.553 UTC [1102] LOG:  execute <unnamed>: select "id", "org_id", "user_id", "workspace_id", "name", "source", "last_branch", "last_chat_pr_number", "last_message_at", "created_at", "updated_at" from "conversations" where (("conversations"."id" = $1) and ("conversations"."org_id" = $2) and ("conversations"."user_id" = $3)) limit $4
2026-09-07 12:13:43.556 UTC [1102] LOG:  statement: commit
2026-09-07 12:13:43.557 UTC [1102] LOG:  statement: begin
2026-09-07 12:13:43.558 UTC [1102] LOG:  execute <unnamed>: select set_config('app.organization_id', $1, true)
2026-09-07 12:13:43.560 UTC [1102] LOG:  execute <unnamed>: select "id", "org_id", "slug", "display_name", "workspace_repository_url", "github_connection_id", "desired_generation", "desired_sha", "active_projection_url", "active_projection_sha", "indexed_sha", "write_status", "hydrate_status", "hydrate_error", "last_job_at", "hydrate_phases", "read_only_reason", "created_at", "updated_at" from "workspaces" where (("workspaces"."org_id" = $1) and ("workspaces"."id" = $2)) limit $3
2026-09-07 12:13:43.560 UTC [1102] LOG:  statement: commit
2026-09-07 12:13:43.562 UTC [1102] LOG:  statement: begin
2026-09-07 12:13:43.562 UTC [1102] LOG:  execute <unnamed>: select set_config('app.organization_id', $1, true)
2026-09-07 12:13:43.563 UTC [1102] LOG:  execute <unnamed>: update "conversations" set "last_branch" = $1, "updated_at" = $2 where (("conversations"."id" = $3) and ("conversations"."org_id" = $4) and ("conversations"."user_id" = $5))
2026-09-07 12:13:43.565 UTC [1102] LOG:  statement: commit
2026-09-07 12:13:43.566 UTC [1102] LOG:  statement: begin
2026-09-07 12:13:43.566 UTC [1102] LOG:  execute <unnamed>: select set_config('app.organization_id', $1, true)
2026-09-07 12:13:43.567 UTC [1102] LOG:  execute <unnamed>: select "id", "kind", "org_id", "workspace_id", "conversation_id", "desired_url", "desired_generation", "desired_sha", "provider", "provider_sandbox_id", "latest_snapshot_id", "latest_run_id", "state", "last_heartbeat_at", "created_at", "updated_at" from "workspace_sandbox_instances" where (("workspace_sandbox_instances"."conversation_id" = $1) and ("workspace_sandbox_instances"."kind" = $2))
2026-09-07 12:13:43.567 UTC [1102] LOG:  statement: commit
2026-09-07 12:13:43.568 UTC [1102] LOG:  statement: begin
2026-09-07 12:13:43.568 UTC [1102] LOG:  execute <unnamed>: select set_config('app.organization_id', $1, true)
2026-09-07 12:13:43.568 UTC [1102] LOG:  execute <unnamed>: select "id", "kind", "org_id", "workspace_id", "conversation_id", "desired_url", "desired_generation", "desired_sha", "provider", "provider_sandbox_id", "latest_snapshot_id", "latest_run_id", "state", "last_heartbeat_at", "created_at", "updated_at" from "workspace_sandbox_instances" where (("workspace_sandbox_instances"."conversation_id" = $1) and ("workspace_sandbox_instances"."kind" = $2))
2026-09-07 12:13:43.569 UTC [1102] LOG:  statement: commit
2026-09-07 12:13:43.569 UTC [1102] LOG:  statement: begin
2026-09-07 12:13:43.570 UTC [1102] LOG:  execute <unnamed>: select set_config('app.organization_id', $1, true)
2026-09-07 12:13:43.570 UTC [1102] LOG:  execute <unnamed>: select "id", "kind", "org_id", "workspace_id", "conversation_id", "desired_url", "desired_generation", "desired_sha", "provider", "provider_sandbox_id", "latest_snapshot_id", "latest_run_id", "state", "last_heartbeat_at", "created_at", "updated_at" from "workspace_sandbox_instances" where (("workspace_sandbox_instances"."id" = $1) and ("workspace_sandbox_instances"."org_id" = $2)) limit $3
2026-09-07 12:13:43.571 UTC [1102] LOG:  statement: commit
2026-09-07 12:13:43.576 UTC [1102] LOG:  statement: begin
2026-09-07 12:13:43.577 UTC [1102] LOG:  execute <unnamed>: select set_config('app.organization_id', $1, true)
2026-09-07 12:13:43.578 UTC [1102] LOG:  execute <unnamed>: delete from "workspace_sandbox_instances" where (("workspace_sandbox_instances"."id" = $1) and ("workspace_sandbox_instances"."org_id" = $2))
2026-09-07 12:13:43.578 UTC [1102] LOG:  statement: commit
2026-09-07 12:13:43.579 UTC [1102] LOG:  execute <unnamed>: select "slug" from "organizations" where "organizations"."id" = $1 limit $2
2026-09-07 12:13:43.580 UTC [1102] LOG:  statement: begin
2026-09-07 12:13:43.580 UTC [1102] LOG:  execute <unnamed>: select set_config('app.organization_id', $1, true)
2026-09-07 12:13:43.580 UTC [1102] LOG:  execute <unnamed>: select "id", "kind", "org_id", "workspace_id", "conversation_id", "desired_url", "desired_generation", "desired_sha", "provider", "provider_sandbox_id", "latest_snapshot_id", "latest_run_id", "state", "last_heartbeat_at", "created_at", "updated_at" from "workspace_sandbox_instances" where (("workspace_sandbox_instances"."id" = $1) and ("workspace_sandbox_instances"."org_id" = $2)) limit $3
2026-09-07 12:13:43.581 UTC [1102] LOG:  statement: commit
2026-09-07 12:13:43.581 UTC [1102] LOG:  statement: begin
2026-09-07 12:13:43.581 UTC [1102] LOG:  execute <unnamed>: select set_config('app.organization_id', $1, true)
2026-09-07 12:13:43.582 UTC [1102] LOG:  execute <unnamed>: select "id", "kind", "org_id", "workspace_id", "conversation_id", "desired_url", "desired_generation", "desired_sha", "provider", "provider_sandbox_id", "latest_snapshot_id", "latest_run_id", "state", "last_heartbeat_at", "created_at", "updated_at" from "workspace_sandbox_instances" where (("workspace_sandbox_instances"."conversation_id" = $1) and ("workspace_sandbox_instances"."kind" = $2) and ("workspace_sandbox_instances"."state" = $3))
2026-09-07 12:13:43.582 UTC [1102] LOG:  statement: commit
2026-09-07 12:13:43.733 UTC [1102] LOG:  statement: begin
2026-09-07 12:13:43.734 UTC [1102] LOG:  execute <unnamed>: select set_config('app.organization_id', $1, true)
2026-09-07 12:13:43.736 UTC [1102] LOG:  statement: savepoint sp1
2026-09-07 12:13:43.737 UTC [1102] LOG:  execute <unnamed>: select "id", "kind", "org_id", "workspace_id", "conversation_id", "desired_url", "desired_generation", "desired_sha", "provider", "provider_sandbox_id", "latest_snapshot_id", "latest_run_id", "state", "last_heartbeat_at", "created_at", "updated_at" from "workspace_sandbox_instances" where (("workspace_sandbox_instances"."org_id" = $1) and ("workspace_sandbox_instances"."kind" = $2) and ("workspace_sandbox_instances"."conversation_id" = $3) and ((("workspace_sandbox_instances"."state" = $4) or ("workspace_sandbox_instances"."state" = $5)))) order by ("workspace_sandbox_instances"."provider_sandbox_id" is not null) desc, "workspace_sandbox_instances"."created_at" asc, "workspace_sandbox_instances"."id" asc limit $6
2026-09-07 12:13:43.740 UTC [1102] LOG:  execute <unnamed>: insert into "workspace_sandbox_instances" ("id", "kind", "org_id", "workspace_id", "conversation_id", "desired_url", "desired_generation", "desired_sha", "provider", "provider_sandbox_id", "latest_snapshot_id", "latest_run_id", "state", "last_heartbeat_at", "created_at", "updated_at") values ($1, $2, $3, $4, $5, $6, $7, $8, $9, $10, $11, $12, $13, $14, $15, $16) on conflict ("id") do update set "kind" = $17, "conversation_id" = $18, "desired_url" = $19, "desired_generation" = $20, "desired_sha" = $21, "provider" = $22, "provider_sandbox_id" = $23, "latest_snapshot_id" = $24, "latest_run_id" = $25, "state" = $26, "last_heartbeat_at" = $27, "updated_at" = $28
2026-09-07 12:13:43.741 UTC [1102] LOG:  statement: release savepoint sp1
2026-09-07 12:13:43.742 UTC [1102] LOG:  statement: commit
2026-09-07 12:13:43.763 UTC [1102] LOG:  statement: begin
2026-09-07 12:13:43.764 UTC [1102] LOG:  execute <unnamed>: select set_config('app.organization_id', $1, true)
2026-09-07 12:13:43.765 UTC [1102] LOG:  execute <unnamed>: update "conversations" set "last_branch" = $1, "updated_at" = $2 where (("conversations"."id" = $3) and ("conversations"."org_id" = $4) and ("conversations"."user_id" = $5))
2026-09-07 12:13:43.766 UTC [1102] LOG:  statement: commit
2026-09-07 12:13:43.770 UTC [1102] LOG:  statement: begin
2026-09-07 12:13:43.771 UTC [1102] LOG:  execute <unnamed>: select set_config('app.organization_id', $1, true)
2026-09-07 12:13:43.772 UTC [1102] LOG:  execute <unnamed>: select "id", "kind", "org_id", "workspace_id", "conversation_id", "desired_url", "desired_generation", "desired_sha", "provider", "provider_sandbox_id", "latest_snapshot_id", "latest_run_id", "state", "last_heartbeat_at", "created_at", "updated_at" from "workspace_sandbox_instances" where (("workspace_sandbox_instances"."conversation_id" = $1) and ("workspace_sandbox_instances"."kind" = $2))
2026-09-07 12:13:43.773 UTC [1102] LOG:  statement: commit
2026-09-07 12:13:43.776 UTC [1102] LOG:  execute <unnamed>: select "id", "expires_at", "token", "created_at", "updated_at", "ip_address", "user_agent", "user_id", "active_organization_id" from "sessions" where "sessions"."token" = $1
2026-09-07 12:13:43.778 UTC [1102] LOG:  execute <unnamed>: select "id", "name", "email", "email_verified", "image", "created_at", "updated_at", "two_factor_enabled", "onboarding_completed_at" from "users" where "users"."id" = $1
2026-09-07 12:13:43.780 UTC [1102] LOG:  execute <unnamed>: select "id", "public_key", "private_key", "created_at", "expires_at" from "jwkss" limit $1
2026-09-07 12:13:43.781 UTC [1102] LOG:  execute <unnamed>: select "id", "expires_at", "token", "created_at", "updated_at", "ip_address", "user_agent", "user_id", "active_organization_id" from "sessions" where "sessions"."token" = $1
2026-09-07 12:13:43.782 UTC [1102] LOG:  execute <unnamed>: select "id", "name", "email", "email_verified", "image", "created_at", "updated_at", "two_factor_enabled", "onboarding_completed_at" from "users" where "users"."id" = $1
2026-09-07 12:13:43.785 UTC [1102] LOG:  execute <unnamed>: select "id", "public_key", "private_key", "created_at", "expires_at" from "jwkss" limit $1
2026-09-07 12:13:43.786 UTC [1102] LOG:  execute <unnamed>: select "organizations"."id" from "organizations" inner join "members" on (("members"."organization_id" = "organizations"."id") and ("members"."user_id" = $1)) where "organizations"."slug" = $2 limit $3
2026-09-07 12:13:43.788 UTC [1102] LOG:  statement: begin
2026-09-07 12:13:43.788 UTC [1102] LOG:  execute <unnamed>: select set_config('app.organization_id', $1, true)
2026-09-07 12:13:43.790 UTC [1102] LOG:  execute <unnamed>: select "id" from "workspaces" where (("workspaces"."id" = $1) and ("workspaces"."org_id" = $2)) limit $3
2026-09-07 12:13:43.791 UTC [1102] LOG:  execute <unnamed>: select "id", "org_id", "user_id", "workspace_id", "name", "source", "last_branch", "last_chat_pr_number", "last_message_at", "created_at", "updated_at" from "conversations" where (("conversations"."id" = $1) and ("conversations"."org_id" = $2) and ("conversations"."user_id" = $3)) limit $4
2026-09-07 12:13:43.792 UTC [1102] LOG:  statement: commit
2026-09-07 12:13:43.793 UTC [1102] LOG:  statement: begin
2026-09-07 12:13:43.794 UTC [1102] LOG:  execute <unnamed>: select set_config('app.organization_id', $1, true)
2026-09-07 12:13:43.795 UTC [1102] LOG:  execute <unnamed>: select "id", "org_id", "slug", "display_name", "workspace_repository_url", "github_connection_id", "desired_generation", "desired_sha", "active_projection_url", "active_projection_sha", "indexed_sha", "write_status", "hydrate_status", "hydrate_error", "last_job_at", "hydrate_phases", "read_only_reason", "created_at", "updated_at" from "workspaces" where (("workspaces"."org_id" = $1) and ("workspaces"."id" = $2)) limit $3
2026-09-07 12:13:43.796 UTC [1102] LOG:  statement: commit
2026-09-07 12:13:43.797 UTC [1102] LOG:  statement: begin
2026-09-07 12:13:43.797 UTC [1102] LOG:  execute <unnamed>: select set_config('app.organization_id', $1, true)
2026-09-07 12:13:43.798 UTC [1102] LOG:  execute <unnamed>: update "conversations" set "last_branch" = $1, "updated_at" = $2 where (("conversations"."id" = $3) and ("conversations"."org_id" = $4) and ("conversations"."user_id" = $5))
2026-09-07 12:13:43.798 UTC [1102] LOG:  statement: commit
2026-09-07 12:13:43.802 UTC [1102] LOG:  statement: begin
2026-09-07 12:13:43.802 UTC [1102] LOG:  execute <unnamed>: select set_config('app.organization_id', $1, true)
2026-09-07 12:13:43.803 UTC [1102] LOG:  execute <unnamed>: update "conversations" set "last_message_at" = $1, "updated_at" = $2 where (("conversations"."id" = $3) and ("conversations"."org_id" = $4) and ("conversations"."user_id" = $5))
2026-09-07 12:13:43.804 UTC [1102] LOG:  statement: commit
2026-09-07 12:13:43.805 UTC [1102] LOG:  statement: begin
2026-09-07 12:13:43.805 UTC [1102] LOG:  execute <unnamed>: select set_config('app.organization_id', $1, true)
2026-09-07 12:13:43.806 UTC [1102] LOG:  execute <unnamed>: select "id", "kind", "org_id", "workspace_id", "conversation_id", "desired_url", "desired_generation", "desired_sha", "provider", "provider_sandbox_id", "latest_snapshot_id", "latest_run_id", "state", "last_heartbeat_at", "created_at", "updated_at" from "workspace_sandbox_instances" where (("workspace_sandbox_instances"."conversation_id" = $1) and ("workspace_sandbox_instances"."kind" = $2))
2026-09-07 12:13:43.806 UTC [1102] LOG:  statement: commit
2026-09-07 12:13:43.807 UTC [1102] LOG:  statement: begin
2026-09-07 12:13:43.807 UTC [1102] LOG:  execute <unnamed>: select set_config('app.organization_id', $1, true)
2026-09-07 12:13:43.808 UTC [1102] LOG:  execute <unnamed>: select "id", "kind", "org_id", "workspace_id", "conversation_id", "desired_url", "desired_generation", "desired_sha", "provider", "provider_sandbox_id", "latest_snapshot_id", "latest_run_id", "state", "last_heartbeat_at", "created_at", "updated_at" from "workspace_sandbox_instances" where (("workspace_sandbox_instances"."conversation_id" = $1) and ("workspace_sandbox_instances"."kind" = $2))
2026-09-07 12:13:43.808 UTC [1102] LOG:  statement: commit
2026-09-07 12:13:43.808 UTC [1102] LOG:  statement: begin
2026-09-07 12:13:43.809 UTC [1102] LOG:  execute <unnamed>: select set_config('app.organization_id', $1, true)
2026-09-07 12:13:43.809 UTC [1102] LOG:  execute <unnamed>: select "id", "kind", "org_id", "workspace_id", "conversation_id", "desired_url", "desired_generation", "desired_sha", "provider", "provider_sandbox_id", "latest_snapshot_id", "latest_run_id", "state", "last_heartbeat_at", "created_at", "updated_at" from "workspace_sandbox_instances" where (("workspace_sandbox_instances"."id" = $1) and ("workspace_sandbox_instances"."org_id" = $2)) limit $3
2026-09-07 12:13:43.809 UTC [1102] LOG:  statement: commit
2026-09-07 12:13:43.810 UTC [1102] LOG:  statement: begin
2026-09-07 12:13:43.810 UTC [1102] LOG:  execute <unnamed>: select set_config('app.organization_id', $1, true)
2026-09-07 12:13:43.810 UTC [1102] LOG:  execute <unnamed>: delete from "workspace_sandbox_instances" where (("workspace_sandbox_instances"."id" = $1) and ("workspace_sandbox_instances"."org_id" = $2))
2026-09-07 12:13:43.810 UTC [1102] LOG:  statement: commit
2026-09-07 12:13:43.815 UTC [1102] LOG:  statement: begin
2026-09-07 12:13:43.816 UTC [1102] LOG:  execute <unnamed>: select set_config('app.organization_id', $1, true)
2026-09-07 12:13:43.817 UTC [1102] LOG:  execute <unnamed>: select "id", "org_id", "slug", "display_name", "workspace_repository_url", "github_connection_id", "desired_generation", "desired_sha", "active_projection_url", "active_projection_sha", "indexed_sha", "write_status", "hydrate_status", "hydrate_error", "last_job_at", "hydrate_phases", "read_only_reason", "created_at", "updated_at" from "workspaces" where (("workspaces"."org_id" = $1) and ("workspaces"."id" = $2)) limit $3
2026-09-07 12:13:43.817 UTC [1102] LOG:  statement: commit
2026-09-07 12:13:43.817 UTC [1102] LOG:  statement: begin
2026-09-07 12:13:43.818 UTC [1102] LOG:  execute <unnamed>: select set_config('app.organization_id', $1, true)
2026-09-07 12:13:43.818 UTC [1102] LOG:  execute <unnamed>: select "id", "org_id", "slug", "display_name", "workspace_repository_url", "github_connection_id", "desired_generation", "desired_sha", "active_projection_url", "active_projection_sha", "indexed_sha", "write_status", "hydrate_status", "hydrate_error", "last_job_at", "hydrate_phases", "read_only_reason", "created_at", "updated_at" from "workspaces" where (("workspaces"."org_id" = $1) and ("workspaces"."id" = $2)) limit $3
2026-09-07 12:13:43.819 UTC [1102] LOG:  execute <unnamed>: select "id", "org_id", "slug", "display_name", "workspace_repository_url", "github_connection_id", "desired_generation", "desired_sha", "active_projection_url", "active_projection_sha", "indexed_sha", "write_status", "hydrate_status", "hydrate_error", "last_job_at", "hydrate_phases", "read_only_reason", "created_at", "updated_at" from "workspaces" where (("workspaces"."org_id" = $1) and ("workspaces"."id" = $2)) limit $3
2026-09-07 12:13:43.819 UTC [1102] LOG:  execute <unnamed>: select "id", "org_id", "workspace_id", "git_url", "desired_ref", "desired_sha", "indexed_sha", "created_at" from "workspace_linked_repositories" where "workspace_linked_repositories"."workspace_id" = $1 order by "workspace_linked_repositories"."created_at"
2026-09-07 12:13:43.819 UTC [1102] LOG:  execute <unnamed>: select "id", "git_url" from "repositories" where "repositories"."org_id" = $1
2026-09-07 12:13:43.820 UTC [1102] LOG:  statement: commit
2026-09-07 12:13:43.821 UTC [1103] LOG:  statement: begin
2026-09-07 12:13:43.821 UTC [1102] LOG:  statement: begin
2026-09-07 12:13:43.824 UTC [1102] LOG:  execute <unnamed>: select set_config('app.organization_id', $1, true)
2026-09-07 12:13:43.824 UTC [1103] LOG:  execute <unnamed>: select set_config('app.organization_id', $1, true)
2026-09-07 12:13:43.825 UTC [1102] LOG:  execute <unnamed>: select "id", "kind", "org_id", "workspace_id", "conversation_id", "desired_url", "desired_generation", "desired_sha", "provider", "provider_sandbox_id", "latest_snapshot_id", "latest_run_id", "state", "last_heartbeat_at", "created_at", "updated_at" from "workspace_sandbox_instances" where (("workspace_sandbox_instances"."conversation_id" = $1) and ("workspace_sandbox_instances"."kind" = $2))
2026-09-07 12:13:43.825 UTC [1103] LOG:  execute <unnamed>: select "id", "kind", "org_id", "workspace_id", "conversation_id", "desired_url", "desired_generation", "desired_sha", "provider", "provider_sandbox_id", "latest_snapshot_id", "latest_run_id", "state", "last_heartbeat_at", "created_at", "updated_at" from "workspace_sandbox_instances" where (("workspace_sandbox_instances"."id" = $1) and ("workspace_sandbox_instances"."org_id" = $2)) limit $3
2026-09-07 12:13:43.825 UTC [1103] LOG:  statement: commit
2026-09-07 12:13:43.825 UTC [1102] LOG:  statement: commit
2026-09-07 12:13:43.826 UTC [1103] LOG:  statement: begin
2026-09-07 12:13:43.826 UTC [1103] LOG:  execute <unnamed>: select set_config('app.organization_id', $1, true)
2026-09-07 12:13:43.826 UTC [1103] LOG:  execute <unnamed>: select "id", "kind", "org_id", "workspace_id", "conversation_id", "desired_url", "desired_generation", "desired_sha", "provider", "provider_sandbox_id", "latest_snapshot_id", "latest_run_id", "state", "last_heartbeat_at", "created_at", "updated_at" from "workspace_sandbox_instances" where (("workspace_sandbox_instances"."conversation_id" = $1) and ("workspace_sandbox_instances"."kind" = $2) and ("workspace_sandbox_instances"."state" = $3))
2026-09-07 12:13:43.827 UTC [1103] LOG:  statement: commit
2026-09-07 12:13:43.972 UTC [1103] LOG:  statement: begin
2026-09-07 12:13:43.973 UTC [1103] LOG:  execute <unnamed>: select set_config('app.organization_id', $1, true)
2026-09-07 12:13:43.974 UTC [1103] LOG:  statement: savepoint sp1
2026-09-07 12:13:43.976 UTC [1103] LOG:  execute <unnamed>: select "id", "kind", "org_id", "workspace_id", "conversation_id", "desired_url", "desired_generation", "desired_sha", "provider", "provider_sandbox_id", "latest_snapshot_id", "latest_run_id", "state", "last_heartbeat_at", "created_at", "updated_at" from "workspace_sandbox_instances" where (("workspace_sandbox_instances"."org_id" = $1) and ("workspace_sandbox_instances"."kind" = $2) and ("workspace_sandbox_instances"."conversation_id" = $3) and ((("workspace_sandbox_instances"."state" = $4) or ("workspace_sandbox_instances"."state" = $5)))) order by ("workspace_sandbox_instances"."provider_sandbox_id" is not null) desc, "workspace_sandbox_instances"."created_at" asc, "workspace_sandbox_instances"."id" asc limit $6
2026-09-07 12:13:43.977 UTC [1103] LOG:  execute <unnamed>: insert into "workspace_sandbox_instances" ("id", "kind", "org_id", "workspace_id", "conversation_id", "desired_url", "desired_generation", "desired_sha", "provider", "provider_sandbox_id", "latest_snapshot_id", "latest_run_id", "state", "last_heartbeat_at", "created_at", "updated_at") values ($1, $2, $3, $4, $5, $6, $7, $8, $9, $10, $11, $12, $13, $14, $15, $16) on conflict ("id") do update set "kind" = $17, "conversation_id" = $18, "desired_url" = $19, "desired_generation" = $20, "desired_sha" = $21, "provider" = $22, "provider_sandbox_id" = $23, "latest_snapshot_id" = $24, "latest_run_id" = $25, "state" = $26, "last_heartbeat_at" = $27, "updated_at" = $28
2026-09-07 12:13:43.978 UTC [1103] LOG:  statement: release savepoint sp1
2026-09-07 12:13:43.979 UTC [1103] LOG:  statement: commit
2026-09-07 12:13:44.021 UTC [1103] LOG:  statement: begin
2026-09-07 12:13:44.021 UTC [1103] LOG:  execute <unnamed>: select set_config('app.organization_id', $1, true)
2026-09-07 12:13:44.023 UTC [1103] LOG:  execute <unnamed>: select "interrupt_id", "run_id", "thread_id", "org_id", "status", "requested_at", "resolved_at", "payload_json", "response_json" from "chat_interrupts" where (("chat_interrupts"."thread_id" = $1) and ("chat_interrupts"."status" = $2)) order by "chat_interrupts"."requested_at" asc
2026-09-07 12:13:44.023 UTC [1103] LOG:  statement: commit
2026-09-07 12:13:44.024 UTC [1103] LOG:  statement: begin
2026-09-07 12:13:44.025 UTC [1103] LOG:  execute <unnamed>: select set_config('app.organization_id', $1, true)
2026-09-07 12:13:44.027 UTC [1103] LOG:  execute <unnamed>: select "run_id", "thread_id", "org_id", "status", "started_at", "finished_at", "error", "error_code", "usage_json", "sandbox_key", "detached_since", "cancel_requested", "driver_epoch" from "chat_runs" where "chat_runs"."run_id" = $1 limit $2
2026-09-07 12:13:44.028 UTC [1103] LOG:  statement: commit
2026-09-07 12:13:44.028 UTC [1103] LOG:  statement: begin
2026-09-07 12:13:44.029 UTC [1103] LOG:  execute <unnamed>: select set_config('app.organization_id', $1, true)
2026-09-07 12:13:44.030 UTC [1103] LOG:  execute <unnamed>: insert into "chat_runs" ("run_id", "thread_id", "org_id", "status", "started_at", "finished_at", "error", "error_code", "usage_json", "sandbox_key", "detached_since", "cancel_requested", "driver_epoch") values ($1, $2, $3, $4, $5, default, default, default, default, default, default, default, default) on conflict ("run_id") do nothing
2026-09-07 12:13:44.031 UTC [1103] LOG:  statement: commit
2026-09-07 12:13:44.033 UTC [1103] LOG:  statement: begin
2026-09-07 12:13:44.034 UTC [1103] LOG:  execute <unnamed>: select set_config('app.organization_id', $1, true)
2026-09-07 12:13:44.036 UTC [1103] LOG:  execute <unnamed>: select "run_id", "thread_id", "org_id", "status", "started_at", "finished_at", "error", "error_code", "usage_json", "sandbox_key", "detached_since", "cancel_requested", "driver_epoch" from "chat_runs" where "chat_runs"."run_id" = $1 limit $2
2026-09-07 12:13:44.037 UTC [1103] LOG:  statement: commit
2026-09-07 12:13:44.039 UTC [1103] LOG:  statement: begin
2026-09-07 12:13:44.040 UTC [1103] LOG:  execute <unnamed>: select set_config('app.organization_id', $1, true)
2026-09-07 12:13:44.042 UTC [1103] LOG:  execute <unnamed>: select "messages_json" from "chat_threads" where "chat_threads"."thread_id" = $1 limit $2
2026-09-07 12:13:44.043 UTC [1103] LOG:  statement: commit
2026-09-07 12:13:44.044 UTC [1103] LOG:  statement: begin
2026-09-07 12:13:44.044 UTC [1103] LOG:  execute <unnamed>: select set_config('app.organization_id', $1, true)
2026-09-07 12:13:44.046 UTC [1103] LOG:  execute <unnamed>: insert into "chat_threads" ("thread_id", "org_id", "messages_json", "updated_at") values ($1, $2, $3, $4) on conflict ("thread_id") do update set "messages_json" = $5, "updated_at" = $6
2026-09-07 12:13:44.046 UTC [1103] LOG:  statement: commit
2026-09-07 12:13:45.147 UTC [1103] LOG:  statement: begin
2026-09-07 12:13:45.148 UTC [1103] LOG:  execute <unnamed>: select set_config('app.organization_id', $1, true)
2026-09-07 12:13:45.149 UTC [1103] LOG:  execute <unnamed>: insert into "chat_threads" ("thread_id", "org_id", "messages_json", "updated_at") values ($1, $2, $3, $4) on conflict ("thread_id") do update set "messages_json" = $5, "updated_at" = $6
2026-09-07 12:13:45.150 UTC [1103] LOG:  statement: commit
2026-09-07 12:13:49.594 UTC [1103] LOG:  statement: begin
2026-09-07 12:13:49.595 UTC [1103] LOG:  execute <unnamed>: select set_config('app.organization_id', $1, true)
2026-09-07 12:13:49.597 UTC [1103] LOG:  execute <unnamed>: insert into "chat_threads" ("thread_id", "org_id", "messages_json", "updated_at") values ($1, $2, $3, $4) on conflict ("thread_id") do update set "messages_json" = $5, "updated_at" = $6
2026-09-07 12:13:49.598 UTC [1103] LOG:  statement: commit
2026-09-07 12:13:49.719 UTC [1103] LOG:  statement: begin
2026-09-07 12:13:49.721 UTC [1103] LOG:  execute <unnamed>: select set_config('app.organization_id', $1, true)
2026-09-07 12:13:49.722 UTC [1103] LOG:  execute <unnamed>: insert into "chat_threads" ("thread_id", "org_id", "messages_json", "updated_at") values ($1, $2, $3, $4) on conflict ("thread_id") do update set "messages_json" = $5, "updated_at" = $6
2026-09-07 12:13:49.723 UTC [1103] LOG:  statement: commit
2026-09-07 12:13:49.725 UTC [1103] LOG:  statement: begin
2026-09-07 12:13:49.726 UTC [1103] LOG:  execute <unnamed>: select set_config('app.organization_id', $1, true)
2026-09-07 12:13:49.727 UTC [1103] LOG:  execute <unnamed>: update "chat_runs" set "status" = $1, "finished_at" = $2, "usage_json" = $3 where "chat_runs"."run_id" = $4
2026-09-07 12:13:49.728 UTC [1103] LOG:  statement: commit
2026-09-07 12:13:49.732 UTC [1103] LOG:  statement: begin
2026-09-07 12:13:49.734 UTC [1103] LOG:  execute <unnamed>: select set_config('app.organization_id', $1, true)
2026-09-07 12:13:49.735 UTC [1103] LOG:  execute <unnamed>: select "messages_json" from "chat_threads" where "chat_threads"."thread_id" = $1 limit $2
2026-09-07 12:13:49.736 UTC [1103] LOG:  statement: commit
2026-09-07 12:13:49.739 UTC [1103] LOG:  statement: begin
2026-09-07 12:13:49.740 UTC [1103] LOG:  execute <unnamed>: select set_config('app.organization_id', $1, true)
2026-09-07 12:13:49.742 UTC [1103] LOG:  execute <unnamed>: select "run_id", "thread_id", "org_id", "status", "started_at", "finished_at", "error", "error_code", "usage_json", "sandbox_key", "detached_since", "cancel_requested", "driver_epoch" from "chat_runs" where (("chat_runs"."thread_id" = $1) and ("chat_runs"."status" = $2)) order by "chat_runs"."started_at" desc limit $3
2026-09-07 12:13:49.743 UTC [1103] LOG:  statement: commit
2026-09-07 12:13:49.744 UTC [1103] LOG:  statement: begin
2026-09-07 12:13:49.745 UTC [1103] LOG:  execute <unnamed>: select set_config('app.organization_id', $1, true)
2026-09-07 12:13:49.747 UTC [1103] LOG:  execute <unnamed>: select "d0"."id" as "id", "d0"."org_id" as "orgId", "d0"."user_id" as "userId", "d0"."workspace_id" as "workspaceId", "d0"."name" as "name", "d0"."source" as "source", "d0"."last_branch" as "lastBranch", "d0"."last_chat_pr_number" as "lastChatPrNumber", "d0"."last_message_at" as "lastMessageAt", "d0"."created_at" as "createdAt", "d0"."updated_at" as "updatedAt" from "conversations" as "d0" where (("d0"."id" = $1) and ("d0"."org_id" = $2) and ("d0"."user_id" = $3)) limit $4
2026-09-07 12:13:49.749 UTC [1103] LOG:  statement: commit
2026-09-07 12:13:49.758 UTC [1103] LOG:  execute <unnamed>: select "id", "expires_at", "token", "created_at", "updated_at", "ip_address", "user_agent", "user_id", "active_organization_id" from "sessions" where "sessions"."token" = $1
2026-09-07 12:13:49.760 UTC [1103] LOG:  execute <unnamed>: select "id", "name", "email", "email_verified", "image", "created_at", "updated_at", "two_factor_enabled", "onboarding_completed_at" from "users" where "users"."id" = $1
2026-09-07 12:13:49.761 UTC [1103] LOG:  execute <unnamed>: select "id", "public_key", "private_key", "created_at", "expires_at" from "jwkss" limit $1
2026-09-07 12:13:49.763 UTC [1103] LOG:  execute <unnamed>: select "id", "expires_at", "token", "created_at", "updated_at", "ip_address", "user_agent", "user_id", "active_organization_id" from "sessions" where "sessions"."token" = $1
2026-09-07 12:13:49.765 UTC [1103] LOG:  execute <unnamed>: select "id", "name", "email", "email_verified", "image", "created_at", "updated_at", "two_factor_enabled", "onboarding_completed_at" from "users" where "users"."id" = $1
2026-09-07 12:13:49.766 UTC [1103] LOG:  execute <unnamed>: select "id", "public_key", "private_key", "created_at", "expires_at" from "jwkss" limit $1
2026-09-07 12:13:49.768 UTC [1103] LOG:  execute <unnamed>: select "organizations"."id" from "organizations" inner join "members" on (("members"."organization_id" = "organizations"."id") and ("members"."user_id" = $1)) where "organizations"."slug" = $2 limit $3
2026-09-07 12:13:49.769 UTC [1103] LOG:  statement: begin
2026-09-07 12:13:49.770 UTC [1103] LOG:  execute <unnamed>: select set_config('app.organization_id', $1, true)
2026-09-07 12:13:49.774 UTC [1103] LOG:  execute <unnamed>: select "d0"."id" as "id", "d0"."org_id" as "orgId", "d0"."user_id" as "userId", "d0"."workspace_id" as "workspaceId", "d0"."name" as "name", "d0"."source" as "source", "d0"."last_branch" as "lastBranch", "d0"."last_chat_pr_number" as "lastChatPrNumber", "d0"."last_message_at" as "lastMessageAt", "d0"."created_at" as "createdAt", "d0"."updated_at" as "updatedAt" from "conversations" as "d0" where (("d0"."id" = $1) and ("d0"."org_id" = $2) and ("d0"."user_id" = $3)) limit $4
2026-09-07 12:13:49.775 UTC [1103] LOG:  statement: commit
2026-09-07 12:13:49.776 UTC [1103] LOG:  statement: begin
2026-09-07 12:13:49.777 UTC [1103] LOG:  execute <unnamed>: select set_config('app.organization_id', $1, true)
2026-09-07 12:13:49.778 UTC [1103] LOG:  execute <unnamed>: select "messages_json" from "chat_threads" where "chat_threads"."thread_id" = $1 limit $2
2026-09-07 12:13:49.778 UTC [1103] LOG:  statement: commit
2026-09-07 12:13:49.778 UTC [1103] LOG:  statement: begin
2026-09-07 12:13:49.779 UTC [1103] LOG:  execute <unnamed>: select set_config('app.organization_id', $1, true)
2026-09-07 12:13:49.779 UTC [1103] LOG:  execute <unnamed>: select "id", "org_id", "slug", "display_name", "workspace_repository_url", "github_connection_id", "desired_generation", "desired_sha", "active_projection_url", "active_projection_sha", "indexed_sha", "write_status", "hydrate_status", "hydrate_error", "last_job_at", "hydrate_phases", "read_only_reason", "created_at", "updated_at" from "workspaces" where (("workspaces"."org_id" = $1) and ("workspaces"."id" = $2)) limit $3
2026-09-07 12:13:49.780 UTC [1103] LOG:  statement: commit
2026-09-07 12:13:49.831 UTC [1103] LOG:  execute <unnamed>: select "id", "expires_at", "token", "created_at", "updated_at", "ip_address", "user_agent", "user_id", "active_organization_id" from "sessions" where "sessions"."token" = $1
2026-09-07 12:13:49.832 UTC [1103] LOG:  execute <unnamed>: select "id", "name", "email", "email_verified", "image", "created_at", "updated_at", "two_factor_enabled", "onboarding_completed_at" from "users" where "users"."id" = $1
2026-09-07 12:13:49.834 UTC [1103] LOG:  execute <unnamed>: select "id", "public_key", "private_key", "created_at", "expires_at" from "jwkss" limit $1
2026-09-07 12:13:49.836 UTC [1103] LOG:  execute <unnamed>: select "id", "expires_at", "token", "created_at", "updated_at", "ip_address", "user_agent", "user_id", "active_organization_id" from "sessions" where "sessions"."token" = $1
2026-09-07 12:13:49.837 UTC [1103] LOG:  execute <unnamed>: select "id", "name", "email", "email_verified", "image", "created_at", "updated_at", "two_factor_enabled", "onboarding_completed_at" from "users" where "users"."id" = $1
2026-09-07 12:13:49.840 UTC [1103] LOG:  execute <unnamed>: select "id", "public_key", "private_key", "created_at", "expires_at" from "jwkss" limit $1
2026-09-07 12:13:49.842 UTC [1103] LOG:  execute <unnamed>: select "organizations"."id" from "organizations" inner join "members" on (("members"."organization_id" = "organizations"."id") and ("members"."user_id" = $1)) where "organizations"."slug" = $2 limit $3
2026-09-07 12:13:49.843 UTC [1103] LOG:  statement: begin
2026-09-07 12:13:49.844 UTC [1103] LOG:  execute <unnamed>: select set_config('app.organization_id', $1, true)
2026-09-07 12:13:49.846 UTC [1103] LOG:  execute <unnamed>: select "id", "org_id", "slug", "display_name", "workspace_repository_url", "github_connection_id", "desired_generation", "desired_sha", "active_projection_url", "active_projection_sha", "indexed_sha", "write_status", "hydrate_status", "hydrate_error", "last_job_at", "hydrate_phases", "read_only_reason", "created_at", "updated_at" from "workspaces" where (("workspaces"."org_id" = $1) and ("workspaces"."slug" = $2)) limit $3
2026-09-07 12:13:49.846 UTC [1103] LOG:  statement: commit
2026-09-07 12:13:49.847 UTC [1103] LOG:  statement: begin
2026-09-07 12:13:49.848 UTC [1103] LOG:  execute <unnamed>: select set_config('app.organization_id', $1, true)
2026-09-07 12:13:49.849 UTC [1103] LOG:  execute <unnamed>: select "id", "org_id", "slug", "display_name", "workspace_repository_url", "github_connection_id", "desired_generation", "desired_sha", "active_projection_url", "active_projection_sha", "indexed_sha", "write_status", "hydrate_status", "hydrate_error", "last_job_at", "hydrate_phases", "read_only_reason", "created_at", "updated_at" from "workspaces" where (("workspaces"."org_id" = $1) and ("workspaces"."id" = $2)) limit $3
2026-09-07 12:13:49.851 UTC [1103] LOG:  execute <unnamed>: select "id", "org_id", "workspace_id", "git_url", "desired_ref", "desired_sha", "indexed_sha", "created_at" from "workspace_linked_repositories" where "workspace_linked_repositories"."workspace_id" = $1 order by "workspace_linked_repositories"."created_at"
2026-09-07 12:13:49.852 UTC [1103] LOG:  statement: commit
2026-09-07 12:13:49.853 UTC [1103] LOG:  statement: begin
2026-09-07 12:13:49.853 UTC [1103] LOG:  execute <unnamed>: select set_config('app.organization_id', $1, true)
2026-09-07 12:13:49.855 UTC [1103] LOG:  execute <unnamed>: select "commit_sha" from "workspace_write_jobs" where (("workspace_write_jobs"."workspace_id" = $1) and ("workspace_write_jobs"."kind" = $2) and (("workspace_write_jobs"."commit_sha" is not null))) order by "workspace_write_jobs"."created_at" asc limit $3
2026-09-07 12:13:49.855 UTC [1103] LOG:  statement: commit
2026-09-07 12:13:49.858 UTC [1103] LOG:  execute <unnamed>: select "id", "expires_at", "token", "created_at", "updated_at", "ip_address", "user_agent", "user_id", "active_organization_id" from "sessions" where "sessions"."token" = $1
2026-09-07 12:13:49.860 UTC [1103] LOG:  execute <unnamed>: select "id", "name", "email", "email_verified", "image", "created_at", "updated_at", "two_factor_enabled", "onboarding_completed_at" from "users" where "users"."id" = $1
2026-09-07 12:13:49.863 UTC [1103] LOG:  execute <unnamed>: select "id", "public_key", "private_key", "created_at", "expires_at" from "jwkss" limit $1
2026-09-07 12:13:49.864 UTC [1103] LOG:  execute <unnamed>: select "id", "expires_at", "token", "created_at", "updated_at", "ip_address", "user_agent", "user_id", "active_organization_id" from "sessions" where "sessions"."token" = $1
2026-09-07 12:13:49.866 UTC [1103] LOG:  execute <unnamed>: select "id", "name", "email", "email_verified", "image", "created_at", "updated_at", "two_factor_enabled", "onboarding_completed_at" from "users" where "users"."id" = $1
2026-09-07 12:13:49.867 UTC [1103] LOG:  execute <unnamed>: select "id", "public_key", "private_key", "created_at", "expires_at" from "jwkss" limit $1
2026-09-07 12:13:49.869 UTC [1103] LOG:  execute <unnamed>: select "organizations"."id" from "organizations" inner join "members" on (("members"."organization_id" = "organizations"."id") and ("members"."user_id" = $1)) where "organizations"."slug" = $2 limit $3
2026-09-07 12:13:49.870 UTC [1103] LOG:  statement: begin
2026-09-07 12:13:49.871 UTC [1103] LOG:  execute <unnamed>: select set_config('app.organization_id', $1, true)
2026-09-07 12:13:49.871 UTC [1103] LOG:  execute <unnamed>: select "id" from "workspaces" where (("workspaces"."id" = $1) and ("workspaces"."org_id" = $2)) limit $3
2026-09-07 12:13:49.872 UTC [1103] LOG:  execute <unnamed>: select "id", "org_id", "user_id", "workspace_id", "name", "source", "last_branch", "last_chat_pr_number", "last_message_at", "created_at", "updated_at" from "conversations" where (("conversations"."id" = $1) and ("conversations"."org_id" = $2) and ("conversations"."user_id" = $3)) limit $4
2026-09-07 12:13:49.872 UTC [1103] LOG:  statement: commit
2026-09-07 12:13:49.873 UTC [1103] LOG:  statement: begin
2026-09-07 12:13:49.873 UTC [1103] LOG:  execute <unnamed>: select set_config('app.organization_id', $1, true)
2026-09-07 12:13:49.874 UTC [1103] LOG:  execute <unnamed>: select "id", "org_id", "slug", "display_name", "workspace_repository_url", "github_connection_id", "desired_generation", "desired_sha", "active_projection_url", "active_projection_sha", "indexed_sha", "write_status", "hydrate_status", "hydrate_error", "last_job_at", "hydrate_phases", "read_only_reason", "created_at", "updated_at" from "workspaces" where (("workspaces"."org_id" = $1) and ("workspaces"."id" = $2)) limit $3
2026-09-07 12:13:49.874 UTC [1103] LOG:  statement: commit
2026-09-07 12:13:49.875 UTC [1103] LOG:  statement: begin
2026-09-07 12:13:49.875 UTC [1103] LOG:  execute <unnamed>: select set_config('app.organization_id', $1, true)
2026-09-07 12:13:49.876 UTC [1103] LOG:  execute <unnamed>: update "conversations" set "last_branch" = $1, "updated_at" = $2 where (("conversations"."id" = $3) and ("conversations"."org_id" = $4) and ("conversations"."user_id" = $5))
2026-09-07 12:13:49.876 UTC [1103] LOG:  statement: commit
2026-09-07 12:13:49.877 UTC [1103] LOG:  statement: begin
2026-09-07 12:13:49.877 UTC [1103] LOG:  execute <unnamed>: select set_config('app.organization_id', $1, true)
2026-09-07 12:13:49.878 UTC [1103] LOG:  execute <unnamed>: select "id", "kind", "org_id", "workspace_id", "conversation_id", "desired_url", "desired_generation", "desired_sha", "provider", "provider_sandbox_id", "latest_snapshot_id", "latest_run_id", "state", "last_heartbeat_at", "created_at", "updated_at" from "workspace_sandbox_instances" where (("workspace_sandbox_instances"."conversation_id" = $1) and ("workspace_sandbox_instances"."kind" = $2))
2026-09-07 12:13:49.878 UTC [1103] LOG:  statement: commit
2026-09-07 12:13:49.879 UTC [1103] LOG:  statement: begin
2026-09-07 12:13:49.879 UTC [1103] LOG:  execute <unnamed>: select set_config('app.organization_id', $1, true)
2026-09-07 12:13:49.879 UTC [1103] LOG:  execute <unnamed>: select "id", "kind", "org_id", "workspace_id", "conversation_id", "desired_url", "desired_generation", "desired_sha", "provider", "provider_sandbox_id", "latest_snapshot_id", "latest_run_id", "state", "last_heartbeat_at", "created_at", "updated_at" from "workspace_sandbox_instances" where (("workspace_sandbox_instances"."conversation_id" = $1) and ("workspace_sandbox_instances"."kind" = $2))
2026-09-07 12:13:49.880 UTC [1103] LOG:  statement: commit
2026-09-07 12:13:49.880 UTC [1103] LOG:  statement: begin
2026-09-07 12:13:49.880 UTC [1103] LOG:  execute <unnamed>: select set_config('app.organization_id', $1, true)
2026-09-07 12:13:49.881 UTC [1103] LOG:  execute <unnamed>: select "id", "kind", "org_id", "workspace_id", "conversation_id", "desired_url", "desired_generation", "desired_sha", "provider", "provider_sandbox_id", "latest_snapshot_id", "latest_run_id", "state", "last_heartbeat_at", "created_at", "updated_at" from "workspace_sandbox_instances" where (("workspace_sandbox_instances"."id" = $1) and ("workspace_sandbox_instances"."org_id" = $2)) limit $3
2026-09-07 12:13:49.881 UTC [1103] LOG:  statement: commit
2026-09-07 12:13:49.886 UTC [1103] LOG:  statement: begin
2026-09-07 12:13:49.886 UTC [1103] LOG:  execute <unnamed>: select set_config('app.organization_id', $1, true)
2026-09-07 12:13:49.887 UTC [1103] LOG:  execute <unnamed>: delete from "workspace_sandbox_instances" where (("workspace_sandbox_instances"."id" = $1) and ("workspace_sandbox_instances"."org_id" = $2))
2026-09-07 12:13:49.887 UTC [1103] LOG:  statement: commit
2026-09-07 12:13:49.888 UTC [1103] LOG:  execute <unnamed>: select "slug" from "organizations" where "organizations"."id" = $1 limit $2
2026-09-07 12:13:49.889 UTC [1103] LOG:  statement: begin
2026-09-07 12:13:49.889 UTC [1103] LOG:  execute <unnamed>: select set_config('app.organization_id', $1, true)
2026-09-07 12:13:49.890 UTC [1103] LOG:  execute <unnamed>: select "id", "kind", "org_id", "workspace_id", "conversation_id", "desired_url", "desired_generation", "desired_sha", "provider", "provider_sandbox_id", "latest_snapshot_id", "latest_run_id", "state", "last_heartbeat_at", "created_at", "updated_at" from "workspace_sandbox_instances" where (("workspace_sandbox_instances"."id" = $1) and ("workspace_sandbox_instances"."org_id" = $2)) limit $3
2026-09-07 12:13:49.890 UTC [1103] LOG:  statement: commit
2026-09-07 12:13:49.890 UTC [1103] LOG:  statement: begin
2026-09-07 12:13:49.891 UTC [1103] LOG:  execute <unnamed>: select set_config('app.organization_id', $1, true)
2026-09-07 12:13:49.891 UTC [1103] LOG:  execute <unnamed>: select "id", "kind", "org_id", "workspace_id", "conversation_id", "desired_url", "desired_generation", "desired_sha", "provider", "provider_sandbox_id", "latest_snapshot_id", "latest_run_id", "state", "last_heartbeat_at", "created_at", "updated_at" from "workspace_sandbox_instances" where (("workspace_sandbox_instances"."conversation_id" = $1) and ("workspace_sandbox_instances"."kind" = $2) and ("workspace_sandbox_instances"."state" = $3))
2026-09-07 12:13:49.891 UTC [1103] LOG:  statement: commit
2026-09-07 12:13:50.030 UTC [1103] LOG:  statement: begin
2026-09-07 12:13:50.031 UTC [1103] LOG:  execute <unnamed>: select set_config('app.organization_id', $1, true)
2026-09-07 12:13:50.032 UTC [1103] LOG:  statement: savepoint sp1
2026-09-07 12:13:50.033 UTC [1103] LOG:  execute <unnamed>: select "id", "kind", "org_id", "workspace_id", "conversation_id", "desired_url", "desired_generation", "desired_sha", "provider", "provider_sandbox_id", "latest_snapshot_id", "latest_run_id", "state", "last_heartbeat_at", "created_at", "updated_at" from "workspace_sandbox_instances" where (("workspace_sandbox_instances"."org_id" = $1) and ("workspace_sandbox_instances"."kind" = $2) and ("workspace_sandbox_instances"."conversation_id" = $3) and ((("workspace_sandbox_instances"."state" = $4) or ("workspace_sandbox_instances"."state" = $5)))) order by ("workspace_sandbox_instances"."provider_sandbox_id" is not null) desc, "workspace_sandbox_instances"."created_at" asc, "workspace_sandbox_instances"."id" asc limit $6
2026-09-07 12:13:50.035 UTC [1103] LOG:  execute <unnamed>: insert into "workspace_sandbox_instances" ("id", "kind", "org_id", "workspace_id", "conversation_id", "desired_url", "desired_generation", "desired_sha", "provider", "provider_sandbox_id", "latest_snapshot_id", "latest_run_id", "state", "last_heartbeat_at", "created_at", "updated_at") values ($1, $2, $3, $4, $5, $6, $7, $8, $9, $10, $11, $12, $13, $14, $15, $16) on conflict ("id") do update set "kind" = $17, "conversation_id" = $18, "desired_url" = $19, "desired_generation" = $20, "desired_sha" = $21, "provider" = $22, "provider_sandbox_id" = $23, "latest_snapshot_id" = $24, "latest_run_id" = $25, "state" = $26, "last_heartbeat_at" = $27, "updated_at" = $28
2026-09-07 12:13:50.036 UTC [1103] LOG:  statement: release savepoint sp1
2026-09-07 12:13:50.037 UTC [1103] LOG:  statement: commit
2026-09-07 12:13:50.055 UTC [1103] LOG:  statement: begin
2026-09-07 12:13:50.056 UTC [1103] LOG:  execute <unnamed>: select set_config('app.organization_id', $1, true)
2026-09-07 12:13:50.058 UTC [1103] LOG:  execute <unnamed>: update "conversations" set "last_branch" = $1, "updated_at" = $2 where (("conversations"."id" = $3) and ("conversations"."org_id" = $4) and ("conversations"."user_id" = $5))
2026-09-07 12:13:50.059 UTC [1103] LOG:  statement: commit
2026-09-07 12:13:50.060 UTC [1103] LOG:  statement: begin
2026-09-07 12:13:50.061 UTC [1103] LOG:  execute <unnamed>: select set_config('app.organization_id', $1, true)
2026-09-07 12:13:50.062 UTC [1103] LOG:  execute <unnamed>: select "id", "kind", "org_id", "workspace_id", "conversation_id", "desired_url", "desired_generation", "desired_sha", "provider", "provider_sandbox_id", "latest_snapshot_id", "latest_run_id", "state", "last_heartbeat_at", "created_at", "updated_at" from "workspace_sandbox_instances" where (("workspace_sandbox_instances"."conversation_id" = $1) and ("workspace_sandbox_instances"."kind" = $2))
2026-09-07 12:13:50.063 UTC [1103] LOG:  statement: commit
2026-09-07 12:13:50.065 UTC [1103] LOG:  execute <unnamed>: select "id", "expires_at", "token", "created_at", "updated_at", "ip_address", "user_agent", "user_id", "active_organization_id" from "sessions" where "sessions"."token" = $1
2026-09-07 12:13:50.067 UTC [1103] LOG:  execute <unnamed>: select "id", "name", "email", "email_verified", "image", "created_at", "updated_at", "two_factor_enabled", "onboarding_completed_at" from "users" where "users"."id" = $1
2026-09-07 12:13:50.069 UTC [1103] LOG:  execute <unnamed>: select "id", "public_key", "private_key", "created_at", "expires_at" from "jwkss" limit $1
2026-09-07 12:13:50.070 UTC [1103] LOG:  execute <unnamed>: select "id", "expires_at", "token", "created_at", "updated_at", "ip_address", "user_agent", "user_id", "active_organization_id" from "sessions" where "sessions"."token" = $1
2026-09-07 12:13:50.071 UTC [1103] LOG:  execute <unnamed>: select "id", "name", "email", "email_verified", "image", "created_at", "updated_at", "two_factor_enabled", "onboarding_completed_at" from "users" where "users"."id" = $1
2026-09-07 12:13:50.072 UTC [1103] LOG:  execute <unnamed>: select "id", "public_key", "private_key", "created_at", "expires_at" from "jwkss" limit $1
2026-09-07 12:13:50.073 UTC [1103] LOG:  execute <unnamed>: select "organizations"."id" from "organizations" inner join "members" on (("members"."organization_id" = "organizations"."id") and ("members"."user_id" = $1)) where "organizations"."slug" = $2 limit $3
2026-09-07 12:13:50.075 UTC [1103] LOG:  statement: begin
2026-09-07 12:13:50.076 UTC [1103] LOG:  execute <unnamed>: select set_config('app.organization_id', $1, true)
2026-09-07 12:13:50.079 UTC [1103] LOG:  execute <unnamed>: select "id" from "workspaces" where (("workspaces"."id" = $1) and ("workspaces"."org_id" = $2)) limit $3
2026-09-07 12:13:50.080 UTC [1103] LOG:  execute <unnamed>: select "id", "org_id", "user_id", "workspace_id", "name", "source", "last_branch", "last_chat_pr_number", "last_message_at", "created_at", "updated_at" from "conversations" where (("conversations"."id" = $1) and ("conversations"."org_id" = $2) and ("conversations"."user_id" = $3)) limit $4
2026-09-07 12:13:50.081 UTC [1103] LOG:  statement: commit
2026-09-07 12:13:50.081 UTC [1103] LOG:  statement: begin
2026-09-07 12:13:50.082 UTC [1103] LOG:  execute <unnamed>: select set_config('app.organization_id', $1, true)
2026-09-07 12:13:50.084 UTC [1103] LOG:  execute <unnamed>: select "id", "org_id", "slug", "display_name", "workspace_repository_url", "github_connection_id", "desired_generation", "desired_sha", "active_projection_url", "active_projection_sha", "indexed_sha", "write_status", "hydrate_status", "hydrate_error", "last_job_at", "hydrate_phases", "read_only_reason", "created_at", "updated_at" from "workspaces" where (("workspaces"."org_id" = $1) and ("workspaces"."id" = $2)) limit $3
2026-09-07 12:13:50.084 UTC [1103] LOG:  statement: commit
2026-09-07 12:13:50.086 UTC [1103] LOG:  statement: begin
2026-09-07 12:13:50.086 UTC [1103] LOG:  execute <unnamed>: select set_config('app.organization_id', $1, true)
2026-09-07 12:13:50.087 UTC [1103] LOG:  execute <unnamed>: update "conversations" set "last_branch" = $1, "updated_at" = $2 where (("conversations"."id" = $3) and ("conversations"."org_id" = $4) and ("conversations"."user_id" = $5))
2026-09-07 12:13:50.088 UTC [1103] LOG:  statement: commit
2026-09-07 12:13:50.089 UTC [1103] LOG:  statement: begin
2026-09-07 12:13:50.090 UTC [1103] LOG:  execute <unnamed>: select set_config('app.organization_id', $1, true)
2026-09-07 12:13:50.091 UTC [1103] LOG:  execute <unnamed>: update "conversations" set "last_message_at" = $1, "updated_at" = $2 where (("conversations"."id" = $3) and ("conversations"."org_id" = $4) and ("conversations"."user_id" = $5))
2026-09-07 12:13:50.092 UTC [1103] LOG:  statement: commit
2026-09-07 12:13:50.093 UTC [1103] LOG:  statement: begin
2026-09-07 12:13:50.094 UTC [1103] LOG:  execute <unnamed>: select set_config('app.organization_id', $1, true)
2026-09-07 12:13:50.095 UTC [1103] LOG:  execute <unnamed>: select "id", "kind", "org_id", "workspace_id", "conversation_id", "desired_url", "desired_generation", "desired_sha", "provider", "provider_sandbox_id", "latest_snapshot_id", "latest_run_id", "state", "last_heartbeat_at", "created_at", "updated_at" from "workspace_sandbox_instances" where (("workspace_sandbox_instances"."conversation_id" = $1) and ("workspace_sandbox_instances"."kind" = $2))
2026-09-07 12:13:50.096 UTC [1103] LOG:  statement: commit
2026-09-07 12:13:50.096 UTC [1103] LOG:  statement: begin
2026-09-07 12:13:50.097 UTC [1103] LOG:  execute <unnamed>: select set_config('app.organization_id', $1, true)
2026-09-07 12:13:50.097 UTC [1103] LOG:  execute <unnamed>: select "id", "kind", "org_id", "workspace_id", "conversation_id", "desired_url", "desired_generation", "desired_sha", "provider", "provider_sandbox_id", "latest_snapshot_id", "latest_run_id", "state", "last_heartbeat_at", "created_at", "updated_at" from "workspace_sandbox_instances" where (("workspace_sandbox_instances"."conversation_id" = $1) and ("workspace_sandbox_instances"."kind" = $2))
2026-09-07 12:13:50.098 UTC [1103] LOG:  statement: commit
2026-09-07 12:13:50.098 UTC [1103] LOG:  statement: begin
2026-09-07 12:13:50.100 UTC [1103] LOG:  execute <unnamed>: select set_config('app.organization_id', $1, true)
2026-09-07 12:13:50.101 UTC [1103] LOG:  execute <unnamed>: select "id", "kind", "org_id", "workspace_id", "conversation_id", "desired_url", "desired_generation", "desired_sha", "provider", "provider_sandbox_id", "latest_snapshot_id", "latest_run_id", "state", "last_heartbeat_at", "created_at", "updated_at" from "workspace_sandbox_instances" where (("workspace_sandbox_instances"."id" = $1) and ("workspace_sandbox_instances"."org_id" = $2)) limit $3
2026-09-07 12:13:50.102 UTC [1103] LOG:  statement: commit
2026-09-07 12:13:50.102 UTC [1103] LOG:  statement: begin
2026-09-07 12:13:50.103 UTC [1103] LOG:  execute <unnamed>: select set_config('app.organization_id', $1, true)
2026-09-07 12:13:50.104 UTC [1103] LOG:  execute <unnamed>: delete from "workspace_sandbox_instances" where (("workspace_sandbox_instances"."id" = $1) and ("workspace_sandbox_instances"."org_id" = $2))
2026-09-07 12:13:50.104 UTC [1103] LOG:  statement: commit
2026-09-07 12:13:50.109 UTC [1103] LOG:  statement: begin
2026-09-07 12:13:50.109 UTC [1103] LOG:  execute <unnamed>: select set_config('app.organization_id', $1, true)
2026-09-07 12:13:50.110 UTC [1103] LOG:  execute <unnamed>: select "id", "org_id", "slug", "display_name", "workspace_repository_url", "github_connection_id", "desired_generation", "desired_sha", "active_projection_url", "active_projection_sha", "indexed_sha", "write_status", "hydrate_status", "hydrate_error", "last_job_at", "hydrate_phases", "read_only_reason", "created_at", "updated_at" from "workspaces" where (("workspaces"."org_id" = $1) and ("workspaces"."id" = $2)) limit $3
2026-09-07 12:13:50.110 UTC [1103] LOG:  statement: commit
2026-09-07 12:13:50.110 UTC [1103] LOG:  statement: begin
2026-09-07 12:13:50.111 UTC [1103] LOG:  execute <unnamed>: select set_config('app.organization_id', $1, true)
2026-09-07 12:13:50.111 UTC [1103] LOG:  execute <unnamed>: select "id", "org_id", "slug", "display_name", "workspace_repository_url", "github_connection_id", "desired_generation", "desired_sha", "active_projection_url", "active_projection_sha", "indexed_sha", "write_status", "hydrate_status", "hydrate_error", "last_job_at", "hydrate_phases", "read_only_reason", "created_at", "updated_at" from "workspaces" where (("workspaces"."org_id" = $1) and ("workspaces"."id" = $2)) limit $3
2026-09-07 12:13:50.111 UTC [1103] LOG:  execute <unnamed>: select "id", "org_id", "slug", "display_name", "workspace_repository_url", "github_connection_id", "desired_generation", "desired_sha", "active_projection_url", "active_projection_sha", "indexed_sha", "write_status", "hydrate_status", "hydrate_error", "last_job_at", "hydrate_phases", "read_only_reason", "created_at", "updated_at" from "workspaces" where (("workspaces"."org_id" = $1) and ("workspaces"."id" = $2)) limit $3
2026-09-07 12:13:50.112 UTC [1103] LOG:  execute <unnamed>: select "id", "org_id", "workspace_id", "git_url", "desired_ref", "desired_sha", "indexed_sha", "created_at" from "workspace_linked_repositories" where "workspace_linked_repositories"."workspace_id" = $1 order by "workspace_linked_repositories"."created_at"
2026-09-07 12:13:50.112 UTC [1103] LOG:  execute <unnamed>: select "id", "git_url" from "repositories" where "repositories"."org_id" = $1
2026-09-07 12:13:50.112 UTC [1103] LOG:  statement: commit
2026-09-07 12:13:50.113 UTC [1103] LOG:  statement: begin
2026-09-07 12:13:50.114 UTC [1102] LOG:  statement: begin
2026-09-07 12:13:50.114 UTC [1103] LOG:  execute <unnamed>: select set_config('app.organization_id', $1, true)
2026-09-07 12:13:50.114 UTC [1102] LOG:  execute <unnamed>: select set_config('app.organization_id', $1, true)
2026-09-07 12:13:50.114 UTC [1103] LOG:  execute <unnamed>: select "id", "kind", "org_id", "workspace_id", "conversation_id", "desired_url", "desired_generation", "desired_sha", "provider", "provider_sandbox_id", "latest_snapshot_id", "latest_run_id", "state", "last_heartbeat_at", "created_at", "updated_at" from "workspace_sandbox_instances" where (("workspace_sandbox_instances"."conversation_id" = $1) and ("workspace_sandbox_instances"."kind" = $2))
2026-09-07 12:13:50.115 UTC [1103] LOG:  statement: commit
2026-09-07 12:13:50.116 UTC [1102] LOG:  execute <unnamed>: select "id", "kind", "org_id", "workspace_id", "conversation_id", "desired_url", "desired_generation", "desired_sha", "provider", "provider_sandbox_id", "latest_snapshot_id", "latest_run_id", "state", "last_heartbeat_at", "created_at", "updated_at" from "workspace_sandbox_instances" where (("workspace_sandbox_instances"."id" = $1) and ("workspace_sandbox_instances"."org_id" = $2)) limit $3
2026-09-07 12:13:50.116 UTC [1102] LOG:  statement: commit
2026-09-07 12:13:50.116 UTC [1102] LOG:  statement: begin
2026-09-07 12:13:50.117 UTC [1102] LOG:  execute <unnamed>: select set_config('app.organization_id', $1, true)
2026-09-07 12:13:50.117 UTC [1102] LOG:  execute <unnamed>: select "id", "kind", "org_id", "workspace_id", "conversation_id", "desired_url", "desired_generation", "desired_sha", "provider", "provider_sandbox_id", "latest_snapshot_id", "latest_run_id", "state", "last_heartbeat_at", "created_at", "updated_at" from "workspace_sandbox_instances" where (("workspace_sandbox_instances"."conversation_id" = $1) and ("workspace_sandbox_instances"."kind" = $2) and ("workspace_sandbox_instances"."state" = $3))
2026-09-07 12:13:50.117 UTC [1102] LOG:  statement: commit
2026-09-07 12:13:50.255 UTC [1102] LOG:  statement: begin
2026-09-07 12:13:50.256 UTC [1102] LOG:  execute <unnamed>: select set_config('app.organization_id', $1, true)
2026-09-07 12:13:50.256 UTC [1102] LOG:  statement: savepoint sp1
2026-09-07 12:13:50.258 UTC [1102] LOG:  execute <unnamed>: select "id", "kind", "org_id", "workspace_id", "conversation_id", "desired_url", "desired_generation", "desired_sha", "provider", "provider_sandbox_id", "latest_snapshot_id", "latest_run_id", "state", "last_heartbeat_at", "created_at", "updated_at" from "workspace_sandbox_instances" where (("workspace_sandbox_instances"."org_id" = $1) and ("workspace_sandbox_instances"."kind" = $2) and ("workspace_sandbox_instances"."conversation_id" = $3) and ((("workspace_sandbox_instances"."state" = $4) or ("workspace_sandbox_instances"."state" = $5)))) order by ("workspace_sandbox_instances"."provider_sandbox_id" is not null) desc, "workspace_sandbox_instances"."created_at" asc, "workspace_sandbox_instances"."id" asc limit $6
2026-09-07 12:13:50.260 UTC [1102] LOG:  execute <unnamed>: insert into "workspace_sandbox_instances" ("id", "kind", "org_id", "workspace_id", "conversation_id", "desired_url", "desired_generation", "desired_sha", "provider", "provider_sandbox_id", "latest_snapshot_id", "latest_run_id", "state", "last_heartbeat_at", "created_at", "updated_at") values ($1, $2, $3, $4, $5, $6, $7, $8, $9, $10, $11, $12, $13, $14, $15, $16) on conflict ("id") do update set "kind" = $17, "conversation_id" = $18, "desired_url" = $19, "desired_generation" = $20, "desired_sha" = $21, "provider" = $22, "provider_sandbox_id" = $23, "latest_snapshot_id" = $24, "latest_run_id" = $25, "state" = $26, "last_heartbeat_at" = $27, "updated_at" = $28
2026-09-07 12:13:50.261 UTC [1102] LOG:  statement: release savepoint sp1
2026-09-07 12:13:50.261 UTC [1102] LOG:  statement: commit
2026-09-07 12:13:50.300 UTC [1102] LOG:  statement: begin
2026-09-07 12:13:50.302 UTC [1102] LOG:  execute <unnamed>: select set_config('app.organization_id', $1, true)
2026-09-07 12:13:50.303 UTC [1102] LOG:  execute <unnamed>: select "interrupt_id", "run_id", "thread_id", "org_id", "status", "requested_at", "resolved_at", "payload_json", "response_json" from "chat_interrupts" where (("chat_interrupts"."thread_id" = $1) and ("chat_interrupts"."status" = $2)) order by "chat_interrupts"."requested_at" asc
2026-09-07 12:13:50.304 UTC [1102] LOG:  statement: commit
2026-09-07 12:13:50.304 UTC [1102] LOG:  statement: begin
2026-09-07 12:13:50.305 UTC [1102] LOG:  execute <unnamed>: select set_config('app.organization_id', $1, true)
2026-09-07 12:13:50.306 UTC [1102] LOG:  execute <unnamed>: select "run_id", "thread_id", "org_id", "status", "started_at", "finished_at", "error", "error_code", "usage_json", "sandbox_key", "detached_since", "cancel_requested", "driver_epoch" from "chat_runs" where "chat_runs"."run_id" = $1 limit $2
2026-09-07 12:13:50.306 UTC [1102] LOG:  statement: commit
2026-09-07 12:13:50.307 UTC [1102] LOG:  statement: begin
2026-09-07 12:13:50.308 UTC [1102] LOG:  execute <unnamed>: select set_config('app.organization_id', $1, true)
2026-09-07 12:13:50.309 UTC [1102] LOG:  execute <unnamed>: insert into "chat_runs" ("run_id", "thread_id", "org_id", "status", "started_at", "finished_at", "error", "error_code", "usage_json", "sandbox_key", "detached_since", "cancel_requested", "driver_epoch") values ($1, $2, $3, $4, $5, default, default, default, default, default, default, default, default) on conflict ("run_id") do nothing
2026-09-07 12:13:50.311 UTC [1102] LOG:  statement: commit
2026-09-07 12:13:50.313 UTC [1102] LOG:  statement: begin
2026-09-07 12:13:50.313 UTC [1102] LOG:  execute <unnamed>: select set_config('app.organization_id', $1, true)
2026-09-07 12:13:50.314 UTC [1102] LOG:  execute <unnamed>: select "run_id", "thread_id", "org_id", "status", "started_at", "finished_at", "error", "error_code", "usage_json", "sandbox_key", "detached_since", "cancel_requested", "driver_epoch" from "chat_runs" where "chat_runs"."run_id" = $1 limit $2
2026-09-07 12:13:50.315 UTC [1102] LOG:  statement: commit
2026-09-07 12:13:50.316 UTC [1102] LOG:  statement: begin
2026-09-07 12:13:50.317 UTC [1102] LOG:  execute <unnamed>: select set_config('app.organization_id', $1, true)
2026-09-07 12:13:50.318 UTC [1102] LOG:  execute <unnamed>: select "messages_json" from "chat_threads" where "chat_threads"."thread_id" = $1 limit $2
2026-09-07 12:13:50.319 UTC [1102] LOG:  statement: commit
2026-09-07 12:13:50.320 UTC [1102] LOG:  statement: begin
2026-09-07 12:13:50.321 UTC [1102] LOG:  execute <unnamed>: select set_config('app.organization_id', $1, true)
2026-09-07 12:13:50.321 UTC [1102] LOG:  execute <unnamed>: insert into "chat_threads" ("thread_id", "org_id", "messages_json", "updated_at") values ($1, $2, $3, $4) on conflict ("thread_id") do update set "messages_json" = $5, "updated_at" = $6
2026-09-07 12:13:50.322 UTC [1102] LOG:  statement: commit
2026-09-07 12:13:51.446 UTC [1102] LOG:  statement: begin
2026-09-07 12:13:51.447 UTC [1102] LOG:  execute <unnamed>: select set_config('app.organization_id', $1, true)
2026-09-07 12:13:51.448 UTC [1102] LOG:  execute <unnamed>: insert into "chat_threads" ("thread_id", "org_id", "messages_json", "updated_at") values ($1, $2, $3, $4) on conflict ("thread_id") do update set "messages_json" = $5, "updated_at" = $6
2026-09-07 12:13:51.449 UTC [1102] LOG:  statement: commit
2026-09-07 12:13:56.000 UTC [1102] LOG:  statement: begin
2026-09-07 12:13:56.002 UTC [1102] LOG:  execute <unnamed>: select set_config('app.organization_id', $1, true)
2026-09-07 12:13:56.005 UTC [1102] LOG:  execute <unnamed>: insert into "chat_threads" ("thread_id", "org_id", "messages_json", "updated_at") values ($1, $2, $3, $4) on conflict ("thread_id") do update set "messages_json" = $5, "updated_at" = $6
2026-09-07 12:13:56.006 UTC [1102] LOG:  statement: commit
2026-09-07 12:13:56.124 UTC [1102] LOG:  statement: begin
2026-09-07 12:13:56.125 UTC [1102] LOG:  execute <unnamed>: select set_config('app.organization_id', $1, true)
2026-09-07 12:13:56.127 UTC [1102] LOG:  execute <unnamed>: insert into "chat_threads" ("thread_id", "org_id", "messages_json", "updated_at") values ($1, $2, $3, $4) on conflict ("thread_id") do update set "messages_json" = $5, "updated_at" = $6
2026-09-07 12:13:56.128 UTC [1102] LOG:  statement: commit
2026-09-07 12:13:56.129 UTC [1102] LOG:  statement: begin
2026-09-07 12:13:56.130 UTC [1102] LOG:  execute <unnamed>: select set_config('app.organization_id', $1, true)
2026-09-07 12:13:56.132 UTC [1102] LOG:  execute <unnamed>: update "chat_runs" set "status" = $1, "finished_at" = $2, "usage_json" = $3 where "chat_runs"."run_id" = $4
2026-09-07 12:13:56.135 UTC [1102] LOG:  statement: commit
2026-09-07 12:13:56.137 UTC [1102] LOG:  statement: begin
2026-09-07 12:13:56.138 UTC [1102] LOG:  execute <unnamed>: select set_config('app.organization_id', $1, true)
2026-09-07 12:13:56.139 UTC [1102] LOG:  execute <unnamed>: select "messages_json" from "chat_threads" where "chat_threads"."thread_id" = $1 limit $2
2026-09-07 12:13:56.139 UTC [1102] LOG:  statement: commit
2026-09-07 12:13:56.142 UTC [1102] LOG:  statement: begin
2026-09-07 12:13:56.143 UTC [1102] LOG:  execute <unnamed>: select set_config('app.organization_id', $1, true)
2026-09-07 12:13:56.145 UTC [1102] LOG:  execute <unnamed>: select "run_id", "thread_id", "org_id", "status", "started_at", "finished_at", "error", "error_code", "usage_json", "sandbox_key", "detached_since", "cancel_requested", "driver_epoch" from "chat_runs" where (("chat_runs"."thread_id" = $1) and ("chat_runs"."status" = $2)) order by "chat_runs"."started_at" desc limit $3
2026-09-07 12:13:56.146 UTC [1102] LOG:  statement: commit
2026-09-07 12:13:56.147 UTC [1102] LOG:  statement: begin
2026-09-07 12:13:56.148 UTC [1102] LOG:  execute <unnamed>: select set_config('app.organization_id', $1, true)
2026-09-07 12:13:56.150 UTC [1102] LOG:  execute <unnamed>: select "d0"."id" as "id", "d0"."org_id" as "orgId", "d0"."user_id" as "userId", "d0"."workspace_id" as "workspaceId", "d0"."name" as "name", "d0"."source" as "source", "d0"."last_branch" as "lastBranch", "d0"."last_chat_pr_number" as "lastChatPrNumber", "d0"."last_message_at" as "lastMessageAt", "d0"."created_at" as "createdAt", "d0"."updated_at" as "updatedAt" from "conversations" as "d0" where (("d0"."id" = $1) and ("d0"."org_id" = $2) and ("d0"."user_id" = $3)) limit $4
2026-09-07 12:13:56.151 UTC [1102] LOG:  statement: commit
2026-09-07 12:13:56.161 UTC [1102] LOG:  execute <unnamed>: select "id", "expires_at", "token", "created_at", "updated_at", "ip_address", "user_agent", "user_id", "active_organization_id" from "sessions" where "sessions"."token" = $1
2026-09-07 12:13:56.162 UTC [1102] LOG:  execute <unnamed>: select "id", "name", "email", "email_verified", "image", "created_at", "updated_at", "two_factor_enabled", "onboarding_completed_at" from "users" where "users"."id" = $1
2026-09-07 12:13:56.163 UTC [1102] LOG:  execute <unnamed>: select "id", "public_key", "private_key", "created_at", "expires_at" from "jwkss" limit $1
2026-09-07 12:13:56.166 UTC [1102] LOG:  execute <unnamed>: select "id", "expires_at", "token", "created_at", "updated_at", "ip_address", "user_agent", "user_id", "active_organization_id" from "sessions" where "sessions"."token" = $1
2026-09-07 12:13:56.167 UTC [1102] LOG:  execute <unnamed>: select "id", "name", "email", "email_verified", "image", "created_at", "updated_at", "two_factor_enabled", "onboarding_completed_at" from "users" where "users"."id" = $1
2026-09-07 12:13:56.169 UTC [1102] LOG:  execute <unnamed>: select "id", "public_key", "private_key", "created_at", "expires_at" from "jwkss" limit $1
2026-09-07 12:13:56.170 UTC [1102] LOG:  execute <unnamed>: select "organizations"."id" from "organizations" inner join "members" on (("members"."organization_id" = "organizations"."id") and ("members"."user_id" = $1)) where "organizations"."slug" = $2 limit $3
2026-09-07 12:13:56.172 UTC [1102] LOG:  statement: begin
2026-09-07 12:13:56.172 UTC [1102] LOG:  execute <unnamed>: select set_config('app.organization_id', $1, true)
2026-09-07 12:13:56.175 UTC [1102] LOG:  execute <unnamed>: select "d0"."id" as "id", "d0"."org_id" as "orgId", "d0"."user_id" as "userId", "d0"."workspace_id" as "workspaceId", "d0"."name" as "name", "d0"."source" as "source", "d0"."last_branch" as "lastBranch", "d0"."last_chat_pr_number" as "lastChatPrNumber", "d0"."last_message_at" as "lastMessageAt", "d0"."created_at" as "createdAt", "d0"."updated_at" as "updatedAt" from "conversations" as "d0" where (("d0"."id" = $1) and ("d0"."org_id" = $2) and ("d0"."user_id" = $3)) limit $4
2026-09-07 12:13:56.176 UTC [1102] LOG:  statement: commit
2026-09-07 12:13:56.177 UTC [1102] LOG:  statement: begin
2026-09-07 12:13:56.178 UTC [1102] LOG:  execute <unnamed>: select set_config('app.organization_id', $1, true)
2026-09-07 12:13:56.182 UTC [1102] LOG:  execute <unnamed>: select "messages_json" from "chat_threads" where "chat_threads"."thread_id" = $1 limit $2
2026-09-07 12:13:56.183 UTC [1102] LOG:  statement: commit
2026-09-07 12:13:56.184 UTC [1102] LOG:  statement: begin
2026-09-07 12:13:56.185 UTC [1102] LOG:  execute <unnamed>: select set_config('app.organization_id', $1, true)
2026-09-07 12:13:56.187 UTC [1102] LOG:  execute <unnamed>: select "id", "org_id", "slug", "display_name", "workspace_repository_url", "github_connection_id", "desired_generation", "desired_sha", "active_projection_url", "active_projection_sha", "indexed_sha", "write_status", "hydrate_status", "hydrate_error", "last_job_at", "hydrate_phases", "read_only_reason", "created_at", "updated_at" from "workspaces" where (("workspaces"."org_id" = $1) and ("workspaces"."id" = $2)) limit $3
2026-09-07 12:13:56.188 UTC [1102] LOG:  statement: commit
2026-09-07 12:13:56.239 UTC [1102] LOG:  execute <unnamed>: select "id", "expires_at", "token", "created_at", "updated_at", "ip_address", "user_agent", "user_id", "active_organization_id" from "sessions" where "sessions"."token" = $1
2026-09-07 12:13:56.241 UTC [1102] LOG:  execute <unnamed>: select "id", "name", "email", "email_verified", "image", "created_at", "updated_at", "two_factor_enabled", "onboarding_completed_at" from "users" where "users"."id" = $1
2026-09-07 12:13:56.242 UTC [1102] LOG:  execute <unnamed>: select "id", "public_key", "private_key", "created_at", "expires_at" from "jwkss" limit $1
2026-09-07 12:13:56.246 UTC [1102] LOG:  execute <unnamed>: select "id", "expires_at", "token", "created_at", "updated_at", "ip_address", "user_agent", "user_id", "active_organization_id" from "sessions" where "sessions"."token" = $1
2026-09-07 12:13:56.247 UTC [1102] LOG:  execute <unnamed>: select "id", "name", "email", "email_verified", "image", "created_at", "updated_at", "two_factor_enabled", "onboarding_completed_at" from "users" where "users"."id" = $1
2026-09-07 12:13:56.249 UTC [1102] LOG:  execute <unnamed>: select "id", "public_key", "private_key", "created_at", "expires_at" from "jwkss" limit $1
2026-09-07 12:13:56.251 UTC [1102] LOG:  execute <unnamed>: select "organizations"."id" from "organizations" inner join "members" on (("members"."organization_id" = "organizations"."id") and ("members"."user_id" = $1)) where "organizations"."slug" = $2 limit $3
2026-09-07 12:13:56.252 UTC [1102] LOG:  statement: begin
2026-09-07 12:13:56.253 UTC [1102] LOG:  execute <unnamed>: select set_config('app.organization_id', $1, true)
2026-09-07 12:13:56.254 UTC [1102] LOG:  execute <unnamed>: select "id", "org_id", "slug", "display_name", "workspace_repository_url", "github_connection_id", "desired_generation", "desired_sha", "active_projection_url", "active_projection_sha", "indexed_sha", "write_status", "hydrate_status", "hydrate_error", "last_job_at", "hydrate_phases", "read_only_reason", "created_at", "updated_at" from "workspaces" where (("workspaces"."org_id" = $1) and ("workspaces"."slug" = $2)) limit $3
2026-09-07 12:13:56.255 UTC [1102] LOG:  statement: commit
2026-09-07 12:13:56.256 UTC [1102] LOG:  statement: begin
2026-09-07 12:13:56.257 UTC [1102] LOG:  execute <unnamed>: select set_config('app.organization_id', $1, true)
2026-09-07 12:13:56.259 UTC [1102] LOG:  execute <unnamed>: select "id", "org_id", "slug", "display_name", "workspace_repository_url", "github_connection_id", "desired_generation", "desired_sha", "active_projection_url", "active_projection_sha", "indexed_sha", "write_status", "hydrate_status", "hydrate_error", "last_job_at", "hydrate_phases", "read_only_reason", "created_at", "updated_at" from "workspaces" where (("workspaces"."org_id" = $1) and ("workspaces"."id" = $2)) limit $3
2026-09-07 12:13:56.260 UTC [1102] LOG:  execute <unnamed>: select "id", "org_id", "workspace_id", "git_url", "desired_ref", "desired_sha", "indexed_sha", "created_at" from "workspace_linked_repositories" where "workspace_linked_repositories"."workspace_id" = $1 order by "workspace_linked_repositories"."created_at"
2026-09-07 12:13:56.261 UTC [1102] LOG:  statement: commit
2026-09-07 12:13:56.262 UTC [1102] LOG:  statement: begin
2026-09-07 12:13:56.263 UTC [1102] LOG:  execute <unnamed>: select set_config('app.organization_id', $1, true)
2026-09-07 12:13:56.264 UTC [1102] LOG:  execute <unnamed>: select "commit_sha" from "workspace_write_jobs" where (("workspace_write_jobs"."workspace_id" = $1) and ("workspace_write_jobs"."kind" = $2) and (("workspace_write_jobs"."commit_sha" is not null))) order by "workspace_write_jobs"."created_at" asc limit $3
2026-09-07 12:13:56.265 UTC [1102] LOG:  statement: commit
2026-09-07 12:13:56.270 UTC [1102] LOG:  execute <unnamed>: select "id", "expires_at", "token", "created_at", "updated_at", "ip_address", "user_agent", "user_id", "active_organization_id" from "sessions" where "sessions"."token" = $1
2026-09-07 12:13:56.271 UTC [1102] LOG:  execute <unnamed>: select "id", "name", "email", "email_verified", "image", "created_at", "updated_at", "two_factor_enabled", "onboarding_completed_at" from "users" where "users"."id" = $1
2026-09-07 12:13:56.273 UTC [1102] LOG:  execute <unnamed>: select "id", "public_key", "private_key", "created_at", "expires_at" from "jwkss" limit $1
2026-09-07 12:13:56.275 UTC [1102] LOG:  execute <unnamed>: select "id", "expires_at", "token", "created_at", "updated_at", "ip_address", "user_agent", "user_id", "active_organization_id" from "sessions" where "sessions"."token" = $1
2026-09-07 12:13:56.276 UTC [1102] LOG:  execute <unnamed>: select "id", "name", "email", "email_verified", "image", "created_at", "updated_at", "two_factor_enabled", "onboarding_completed_at" from "users" where "users"."id" = $1
2026-09-07 12:13:56.277 UTC [1102] LOG:  execute <unnamed>: select "id", "public_key", "private_key", "created_at", "expires_at" from "jwkss" limit $1
2026-09-07 12:13:56.279 UTC [1102] LOG:  execute <unnamed>: select "organizations"."id" from "organizations" inner join "members" on (("members"."organization_id" = "organizations"."id") and ("members"."user_id" = $1)) where "organizations"."slug" = $2 limit $3
2026-09-07 12:13:56.280 UTC [1102] LOG:  statement: begin
2026-09-07 12:13:56.281 UTC [1102] LOG:  execute <unnamed>: select set_config('app.organization_id', $1, true)
2026-09-07 12:13:56.282 UTC [1102] LOG:  execute <unnamed>: select "id" from "workspaces" where (("workspaces"."id" = $1) and ("workspaces"."org_id" = $2)) limit $3
2026-09-07 12:13:56.283 UTC [1102] LOG:  execute <unnamed>: select "id", "org_id", "user_id", "workspace_id", "name", "source", "last_branch", "last_chat_pr_number", "last_message_at", "created_at", "updated_at" from "conversations" where (("conversations"."id" = $1) and ("conversations"."org_id" = $2) and ("conversations"."user_id" = $3)) limit $4
2026-09-07 12:13:56.283 UTC [1102] LOG:  statement: commit
2026-09-07 12:13:56.284 UTC [1102] LOG:  statement: begin
2026-09-07 12:13:56.284 UTC [1102] LOG:  execute <unnamed>: select set_config('app.organization_id', $1, true)
2026-09-07 12:13:56.284 UTC [1102] LOG:  execute <unnamed>: select "id", "org_id", "slug", "display_name", "workspace_repository_url", "github_connection_id", "desired_generation", "desired_sha", "active_projection_url", "active_projection_sha", "indexed_sha", "write_status", "hydrate_status", "hydrate_error", "last_job_at", "hydrate_phases", "read_only_reason", "created_at", "updated_at" from "workspaces" where (("workspaces"."org_id" = $1) and ("workspaces"."id" = $2)) limit $3
2026-09-07 12:13:56.285 UTC [1102] LOG:  statement: commit
2026-09-07 12:13:56.285 UTC [1102] LOG:  statement: begin
2026-09-07 12:13:56.286 UTC [1102] LOG:  execute <unnamed>: select set_config('app.organization_id', $1, true)
2026-09-07 12:13:56.286 UTC [1102] LOG:  execute <unnamed>: update "conversations" set "last_branch" = $1, "updated_at" = $2 where (("conversations"."id" = $3) and ("conversations"."org_id" = $4) and ("conversations"."user_id" = $5))
2026-09-07 12:13:56.287 UTC [1102] LOG:  statement: commit
2026-09-07 12:13:56.290 UTC [1102] LOG:  statement: begin
2026-09-07 12:13:56.290 UTC [1102] LOG:  execute <unnamed>: select set_config('app.organization_id', $1, true)
2026-09-07 12:13:56.291 UTC [1102] LOG:  execute <unnamed>: select "id", "kind", "org_id", "workspace_id", "conversation_id", "desired_url", "desired_generation", "desired_sha", "provider", "provider_sandbox_id", "latest_snapshot_id", "latest_run_id", "state", "last_heartbeat_at", "created_at", "updated_at" from "workspace_sandbox_instances" where (("workspace_sandbox_instances"."conversation_id" = $1) and ("workspace_sandbox_instances"."kind" = $2))
2026-09-07 12:13:56.291 UTC [1102] LOG:  statement: commit
2026-09-07 12:13:56.292 UTC [1102] LOG:  statement: begin
2026-09-07 12:13:56.292 UTC [1102] LOG:  execute <unnamed>: select set_config('app.organization_id', $1, true)
2026-09-07 12:13:56.292 UTC [1102] LOG:  execute <unnamed>: select "id", "kind", "org_id", "workspace_id", "conversation_id", "desired_url", "desired_generation", "desired_sha", "provider", "provider_sandbox_id", "latest_snapshot_id", "latest_run_id", "state", "last_heartbeat_at", "created_at", "updated_at" from "workspace_sandbox_instances" where (("workspace_sandbox_instances"."conversation_id" = $1) and ("workspace_sandbox_instances"."kind" = $2))
2026-09-07 12:13:56.293 UTC [1102] LOG:  statement: commit
2026-09-07 12:13:56.293 UTC [1102] LOG:  statement: begin
2026-09-07 12:13:56.293 UTC [1102] LOG:  execute <unnamed>: select set_config('app.organization_id', $1, true)
2026-09-07 12:13:56.294 UTC [1102] LOG:  execute <unnamed>: select "id", "kind", "org_id", "workspace_id", "conversation_id", "desired_url", "desired_generation", "desired_sha", "provider", "provider_sandbox_id", "latest_snapshot_id", "latest_run_id", "state", "last_heartbeat_at", "created_at", "updated_at" from "workspace_sandbox_instances" where (("workspace_sandbox_instances"."id" = $1) and ("workspace_sandbox_instances"."org_id" = $2)) limit $3
2026-09-07 12:13:56.294 UTC [1102] LOG:  statement: commit
2026-09-07 12:13:56.298 UTC [1102] LOG:  statement: begin
2026-09-07 12:13:56.298 UTC [1102] LOG:  execute <unnamed>: select set_config('app.organization_id', $1, true)
2026-09-07 12:13:56.299 UTC [1102] LOG:  execute <unnamed>: delete from "workspace_sandbox_instances" where (("workspace_sandbox_instances"."id" = $1) and ("workspace_sandbox_instances"."org_id" = $2))
2026-09-07 12:13:56.299 UTC [1102] LOG:  statement: commit
2026-09-07 12:13:56.300 UTC [1102] LOG:  execute <unnamed>: select "slug" from "organizations" where "organizations"."id" = $1 limit $2
2026-09-07 12:13:56.301 UTC [1102] LOG:  statement: begin
2026-09-07 12:13:56.301 UTC [1102] LOG:  execute <unnamed>: select set_config('app.organization_id', $1, true)
2026-09-07 12:13:56.302 UTC [1102] LOG:  execute <unnamed>: select "id", "kind", "org_id", "workspace_id", "conversation_id", "desired_url", "desired_generation", "desired_sha", "provider", "provider_sandbox_id", "latest_snapshot_id", "latest_run_id", "state", "last_heartbeat_at", "created_at", "updated_at" from "workspace_sandbox_instances" where (("workspace_sandbox_instances"."id" = $1) and ("workspace_sandbox_instances"."org_id" = $2)) limit $3
2026-09-07 12:13:56.302 UTC [1102] LOG:  statement: commit
2026-09-07 12:13:56.302 UTC [1102] LOG:  statement: begin
2026-09-07 12:13:56.303 UTC [1102] LOG:  execute <unnamed>: select set_config('app.organization_id', $1, true)
2026-09-07 12:13:56.303 UTC [1102] LOG:  execute <unnamed>: select "id", "kind", "org_id", "workspace_id", "conversation_id", "desired_url", "desired_generation", "desired_sha", "provider", "provider_sandbox_id", "latest_snapshot_id", "latest_run_id", "state", "last_heartbeat_at", "created_at", "updated_at" from "workspace_sandbox_instances" where (("workspace_sandbox_instances"."conversation_id" = $1) and ("workspace_sandbox_instances"."kind" = $2) and ("workspace_sandbox_instances"."state" = $3))
2026-09-07 12:13:56.303 UTC [1102] LOG:  statement: commit
2026-09-07 12:13:56.449 UTC [1102] LOG:  statement: begin
2026-09-07 12:13:56.450 UTC [1102] LOG:  execute <unnamed>: select set_config('app.organization_id', $1, true)
2026-09-07 12:13:56.451 UTC [1102] LOG:  statement: savepoint sp1
2026-09-07 12:13:56.453 UTC [1102] LOG:  execute <unnamed>: select "id", "kind", "org_id", "workspace_id", "conversation_id", "desired_url", "desired_generation", "desired_sha", "provider", "provider_sandbox_id", "latest_snapshot_id", "latest_run_id", "state", "last_heartbeat_at", "created_at", "updated_at" from "workspace_sandbox_instances" where (("workspace_sandbox_instances"."org_id" = $1) and ("workspace_sandbox_instances"."kind" = $2) and ("workspace_sandbox_instances"."conversation_id" = $3) and ((("workspace_sandbox_instances"."state" = $4) or ("workspace_sandbox_instances"."state" = $5)))) order by ("workspace_sandbox_instances"."provider_sandbox_id" is not null) desc, "workspace_sandbox_instances"."created_at" asc, "workspace_sandbox_instances"."id" asc limit $6
2026-09-07 12:13:56.454 UTC [1102] LOG:  execute <unnamed>: insert into "workspace_sandbox_instances" ("id", "kind", "org_id", "workspace_id", "conversation_id", "desired_url", "desired_generation", "desired_sha", "provider", "provider_sandbox_id", "latest_snapshot_id", "latest_run_id", "state", "last_heartbeat_at", "created_at", "updated_at") values ($1, $2, $3, $4, $5, $6, $7, $8, $9, $10, $11, $12, $13, $14, $15, $16) on conflict ("id") do update set "kind" = $17, "conversation_id" = $18, "desired_url" = $19, "desired_generation" = $20, "desired_sha" = $21, "provider" = $22, "provider_sandbox_id" = $23, "latest_snapshot_id" = $24, "latest_run_id" = $25, "state" = $26, "last_heartbeat_at" = $27, "updated_at" = $28
2026-09-07 12:13:56.455 UTC [1102] LOG:  statement: release savepoint sp1
2026-09-07 12:13:56.455 UTC [1102] LOG:  statement: commit
2026-09-07 12:13:56.475 UTC [1102] LOG:  statement: begin
2026-09-07 12:13:56.476 UTC [1102] LOG:  execute <unnamed>: select set_config('app.organization_id', $1, true)
2026-09-07 12:13:56.477 UTC [1102] LOG:  execute <unnamed>: update "conversations" set "last_branch" = $1, "updated_at" = $2 where (("conversations"."id" = $3) and ("conversations"."org_id" = $4) and ("conversations"."user_id" = $5))
2026-09-07 12:13:56.478 UTC [1102] LOG:  statement: commit
2026-09-07 12:13:56.479 UTC [1102] LOG:  statement: begin
2026-09-07 12:13:56.480 UTC [1102] LOG:  execute <unnamed>: select set_config('app.organization_id', $1, true)
2026-09-07 12:13:56.481 UTC [1102] LOG:  execute <unnamed>: select "id", "kind", "org_id", "workspace_id", "conversation_id", "desired_url", "desired_generation", "desired_sha", "provider", "provider_sandbox_id", "latest_snapshot_id", "latest_run_id", "state", "last_heartbeat_at", "created_at", "updated_at" from "workspace_sandbox_instances" where (("workspace_sandbox_instances"."conversation_id" = $1) and ("workspace_sandbox_instances"."kind" = $2))
2026-09-07 12:13:56.482 UTC [1102] LOG:  statement: commit
2026-09-07 12:13:56.484 UTC [1102] LOG:  execute <unnamed>: select "id", "expires_at", "token", "created_at", "updated_at", "ip_address", "user_agent", "user_id", "active_organization_id" from "sessions" where "sessions"."token" = $1
2026-09-07 12:13:56.486 UTC [1102] LOG:  execute <unnamed>: select "id", "name", "email", "email_verified", "image", "created_at", "updated_at", "two_factor_enabled", "onboarding_completed_at" from "users" where "users"."id" = $1
2026-09-07 12:13:56.487 UTC [1102] LOG:  execute <unnamed>: select "id", "public_key", "private_key", "created_at", "expires_at" from "jwkss" limit $1
2026-09-07 12:13:56.488 UTC [1102] LOG:  execute <unnamed>: select "id", "expires_at", "token", "created_at", "updated_at", "ip_address", "user_agent", "user_id", "active_organization_id" from "sessions" where "sessions"."token" = $1
2026-09-07 12:13:56.490 UTC [1102] LOG:  execute <unnamed>: select "id", "name", "email", "email_verified", "image", "created_at", "updated_at", "two_factor_enabled", "onboarding_completed_at" from "users" where "users"."id" = $1
2026-09-07 12:13:56.491 UTC [1102] LOG:  execute <unnamed>: select "id", "public_key", "private_key", "created_at", "expires_at" from "jwkss" limit $1
2026-09-07 12:13:56.493 UTC [1102] LOG:  execute <unnamed>: select "organizations"."id" from "organizations" inner join "members" on (("members"."organization_id" = "organizations"."id") and ("members"."user_id" = $1)) where "organizations"."slug" = $2 limit $3
2026-09-07 12:13:56.494 UTC [1102] LOG:  statement: begin
2026-09-07 12:13:56.495 UTC [1102] LOG:  execute <unnamed>: select set_config('app.organization_id', $1, true)
2026-09-07 12:13:56.498 UTC [1102] LOG:  execute <unnamed>: select "id" from "workspaces" where (("workspaces"."id" = $1) and ("workspaces"."org_id" = $2)) limit $3
2026-09-07 12:13:56.499 UTC [1102] LOG:  execute <unnamed>: select "id", "org_id", "user_id", "workspace_id", "name", "source", "last_branch", "last_chat_pr_number", "last_message_at", "created_at", "updated_at" from "conversations" where (("conversations"."id" = $1) and ("conversations"."org_id" = $2) and ("conversations"."user_id" = $3)) limit $4
2026-09-07 12:13:56.500 UTC [1102] LOG:  statement: commit
2026-09-07 12:13:56.501 UTC [1102] LOG:  statement: begin
2026-09-07 12:13:56.502 UTC [1102] LOG:  execute <unnamed>: select set_config('app.organization_id', $1, true)
2026-09-07 12:13:56.503 UTC [1102] LOG:  execute <unnamed>: select "id", "org_id", "slug", "display_name", "workspace_repository_url", "github_connection_id", "desired_generation", "desired_sha", "active_projection_url", "active_projection_sha", "indexed_sha", "write_status", "hydrate_status", "hydrate_error", "last_job_at", "hydrate_phases", "read_only_reason", "created_at", "updated_at" from "workspaces" where (("workspaces"."org_id" = $1) and ("workspaces"."id" = $2)) limit $3
2026-09-07 12:13:56.504 UTC [1102] LOG:  statement: commit
2026-09-07 12:13:56.505 UTC [1102] LOG:  statement: begin
2026-09-07 12:13:56.505 UTC [1102] LOG:  execute <unnamed>: select set_config('app.organization_id', $1, true)
2026-09-07 12:13:56.506 UTC [1102] LOG:  execute <unnamed>: update "conversations" set "last_branch" = $1, "updated_at" = $2 where (("conversations"."id" = $3) and ("conversations"."org_id" = $4) and ("conversations"."user_id" = $5))
2026-09-07 12:13:56.508 UTC [1102] LOG:  statement: commit
2026-09-07 12:13:56.509 UTC [1102] LOG:  statement: begin
2026-09-07 12:13:56.510 UTC [1102] LOG:  execute <unnamed>: select set_config('app.organization_id', $1, true)
2026-09-07 12:13:56.511 UTC [1102] LOG:  execute <unnamed>: update "conversations" set "last_message_at" = $1, "updated_at" = $2 where (("conversations"."id" = $3) and ("conversations"."org_id" = $4) and ("conversations"."user_id" = $5))
2026-09-07 12:13:56.512 UTC [1102] LOG:  statement: commit
2026-09-07 12:13:56.513 UTC [1102] LOG:  statement: begin
2026-09-07 12:13:56.514 UTC [1102] LOG:  execute <unnamed>: select set_config('app.organization_id', $1, true)
2026-09-07 12:13:56.515 UTC [1102] LOG:  execute <unnamed>: select "id", "kind", "org_id", "workspace_id", "conversation_id", "desired_url", "desired_generation", "desired_sha", "provider", "provider_sandbox_id", "latest_snapshot_id", "latest_run_id", "state", "last_heartbeat_at", "created_at", "updated_at" from "workspace_sandbox_instances" where (("workspace_sandbox_instances"."conversation_id" = $1) and ("workspace_sandbox_instances"."kind" = $2))
2026-09-07 12:13:56.516 UTC [1102] LOG:  statement: commit
2026-09-07 12:13:56.517 UTC [1102] LOG:  statement: begin
2026-09-07 12:13:56.517 UTC [1102] LOG:  execute <unnamed>: select set_config('app.organization_id', $1, true)
2026-09-07 12:13:56.520 UTC [1102] LOG:  execute <unnamed>: select "id", "kind", "org_id", "workspace_id", "conversation_id", "desired_url", "desired_generation", "desired_sha", "provider", "provider_sandbox_id", "latest_snapshot_id", "latest_run_id", "state", "last_heartbeat_at", "created_at", "updated_at" from "workspace_sandbox_instances" where (("workspace_sandbox_instances"."conversation_id" = $1) and ("workspace_sandbox_instances"."kind" = $2))
2026-09-07 12:13:56.521 UTC [1102] LOG:  statement: commit
2026-09-07 12:13:56.521 UTC [1102] LOG:  statement: begin
2026-09-07 12:13:56.522 UTC [1102] LOG:  execute <unnamed>: select set_config('app.organization_id', $1, true)
2026-09-07 12:13:56.522 UTC [1102] LOG:  execute <unnamed>: select "id", "kind", "org_id", "workspace_id", "conversation_id", "desired_url", "desired_generation", "desired_sha", "provider", "provider_sandbox_id", "latest_snapshot_id", "latest_run_id", "state", "last_heartbeat_at", "created_at", "updated_at" from "workspace_sandbox_instances" where (("workspace_sandbox_instances"."id" = $1) and ("workspace_sandbox_instances"."org_id" = $2)) limit $3
2026-09-07 12:13:56.522 UTC [1102] LOG:  statement: commit
2026-09-07 12:13:56.523 UTC [1102] LOG:  statement: begin
2026-09-07 12:13:56.523 UTC [1102] LOG:  execute <unnamed>: select set_config('app.organization_id', $1, true)
2026-09-07 12:13:56.524 UTC [1102] LOG:  execute <unnamed>: delete from "workspace_sandbox_instances" where (("workspace_sandbox_instances"."id" = $1) and ("workspace_sandbox_instances"."org_id" = $2))
2026-09-07 12:13:56.524 UTC [1102] LOG:  statement: commit
2026-09-07 12:13:56.529 UTC [1102] LOG:  statement: begin
2026-09-07 12:13:56.529 UTC [1102] LOG:  execute <unnamed>: select set_config('app.organization_id', $1, true)
2026-09-07 12:13:56.530 UTC [1102] LOG:  execute <unnamed>: select "id", "org_id", "slug", "display_name", "workspace_repository_url", "github_connection_id", "desired_generation", "desired_sha", "active_projection_url", "active_projection_sha", "indexed_sha", "write_status", "hydrate_status", "hydrate_error", "last_job_at", "hydrate_phases", "read_only_reason", "created_at", "updated_at" from "workspaces" where (("workspaces"."org_id" = $1) and ("workspaces"."id" = $2)) limit $3
2026-09-07 12:13:56.530 UTC [1102] LOG:  statement: commit
2026-09-07 12:13:56.530 UTC [1102] LOG:  statement: begin
2026-09-07 12:13:56.531 UTC [1102] LOG:  execute <unnamed>: select set_config('app.organization_id', $1, true)
2026-09-07 12:13:56.531 UTC [1102] LOG:  execute <unnamed>: select "id", "org_id", "slug", "display_name", "workspace_repository_url", "github_connection_id", "desired_generation", "desired_sha", "active_projection_url", "active_projection_sha", "indexed_sha", "write_status", "hydrate_status", "hydrate_error", "last_job_at", "hydrate_phases", "read_only_reason", "created_at", "updated_at" from "workspaces" where (("workspaces"."org_id" = $1) and ("workspaces"."id" = $2)) limit $3
2026-09-07 12:13:56.531 UTC [1102] LOG:  execute <unnamed>: select "id", "org_id", "slug", "display_name", "workspace_repository_url", "github_connection_id", "desired_generation", "desired_sha", "active_projection_url", "active_projection_sha", "indexed_sha", "write_status", "hydrate_status", "hydrate_error", "last_job_at", "hydrate_phases", "read_only_reason", "created_at", "updated_at" from "workspaces" where (("workspaces"."org_id" = $1) and ("workspaces"."id" = $2)) limit $3
2026-09-07 12:13:56.532 UTC [1102] LOG:  execute <unnamed>: select "id", "org_id", "workspace_id", "git_url", "desired_ref", "desired_sha", "indexed_sha", "created_at" from "workspace_linked_repositories" where "workspace_linked_repositories"."workspace_id" = $1 order by "workspace_linked_repositories"."created_at"
2026-09-07 12:13:56.532 UTC [1102] LOG:  execute <unnamed>: select "id", "git_url" from "repositories" where "repositories"."org_id" = $1
2026-09-07 12:13:56.533 UTC [1102] LOG:  statement: commit
2026-09-07 12:13:56.534 UTC [1102] LOG:  statement: begin
2026-09-07 12:13:56.534 UTC [1103] LOG:  statement: begin
2026-09-07 12:13:56.534 UTC [1102] LOG:  execute <unnamed>: select set_config('app.organization_id', $1, true)
2026-09-07 12:13:56.534 UTC [1103] LOG:  execute <unnamed>: select set_config('app.organization_id', $1, true)
2026-09-07 12:13:56.536 UTC [1102] LOG:  execute <unnamed>: select "id", "kind", "org_id", "workspace_id", "conversation_id", "desired_url", "desired_generation", "desired_sha", "provider", "provider_sandbox_id", "latest_snapshot_id", "latest_run_id", "state", "last_heartbeat_at", "created_at", "updated_at" from "workspace_sandbox_instances" where (("workspace_sandbox_instances"."conversation_id" = $1) and ("workspace_sandbox_instances"."kind" = $2))
2026-09-07 12:13:56.536 UTC [1103] LOG:  execute <unnamed>: select "id", "kind", "org_id", "workspace_id", "conversation_id", "desired_url", "desired_generation", "desired_sha", "provider", "provider_sandbox_id", "latest_snapshot_id", "latest_run_id", "state", "last_heartbeat_at", "created_at", "updated_at" from "workspace_sandbox_instances" where (("workspace_sandbox_instances"."id" = $1) and ("workspace_sandbox_instances"."org_id" = $2)) limit $3
2026-09-07 12:13:56.536 UTC [1102] LOG:  statement: commit
2026-09-07 12:13:56.536 UTC [1103] LOG:  statement: commit
2026-09-07 12:13:56.536 UTC [1103] LOG:  statement: begin
2026-09-07 12:13:56.536 UTC [1103] LOG:  execute <unnamed>: select set_config('app.organization_id', $1, true)
2026-09-07 12:13:56.537 UTC [1103] LOG:  execute <unnamed>: select "id", "kind", "org_id", "workspace_id", "conversation_id", "desired_url", "desired_generation", "desired_sha", "provider", "provider_sandbox_id", "latest_snapshot_id", "latest_run_id", "state", "last_heartbeat_at", "created_at", "updated_at" from "workspace_sandbox_instances" where (("workspace_sandbox_instances"."conversation_id" = $1) and ("workspace_sandbox_instances"."kind" = $2) and ("workspace_sandbox_instances"."state" = $3))
2026-09-07 12:13:56.537 UTC [1103] LOG:  statement: commit
2026-09-07 12:13:56.687 UTC [1103] LOG:  statement: begin
2026-09-07 12:13:56.688 UTC [1103] LOG:  execute <unnamed>: select set_config('app.organization_id', $1, true)
2026-09-07 12:13:56.689 UTC [1103] LOG:  statement: savepoint sp1
2026-09-07 12:13:56.690 UTC [1103] LOG:  execute <unnamed>: select "id", "kind", "org_id", "workspace_id", "conversation_id", "desired_url", "desired_generation", "desired_sha", "provider", "provider_sandbox_id", "latest_snapshot_id", "latest_run_id", "state", "last_heartbeat_at", "created_at", "updated_at" from "workspace_sandbox_instances" where (("workspace_sandbox_instances"."org_id" = $1) and ("workspace_sandbox_instances"."kind" = $2) and ("workspace_sandbox_instances"."conversation_id" = $3) and ((("workspace_sandbox_instances"."state" = $4) or ("workspace_sandbox_instances"."state" = $5)))) order by ("workspace_sandbox_instances"."provider_sandbox_id" is not null) desc, "workspace_sandbox_instances"."created_at" asc, "workspace_sandbox_instances"."id" asc limit $6
2026-09-07 12:13:56.692 UTC [1103] LOG:  execute <unnamed>: insert into "workspace_sandbox_instances" ("id", "kind", "org_id", "workspace_id", "conversation_id", "desired_url", "desired_generation", "desired_sha", "provider", "provider_sandbox_id", "latest_snapshot_id", "latest_run_id", "state", "last_heartbeat_at", "created_at", "updated_at") values ($1, $2, $3, $4, $5, $6, $7, $8, $9, $10, $11, $12, $13, $14, $15, $16) on conflict ("id") do update set "kind" = $17, "conversation_id" = $18, "desired_url" = $19, "desired_generation" = $20, "desired_sha" = $21, "provider" = $22, "provider_sandbox_id" = $23, "latest_snapshot_id" = $24, "latest_run_id" = $25, "state" = $26, "last_heartbeat_at" = $27, "updated_at" = $28
2026-09-07 12:13:56.693 UTC [1103] LOG:  statement: release savepoint sp1
2026-09-07 12:13:56.694 UTC [1103] LOG:  statement: commit
2026-09-07 12:13:56.746 UTC [1103] LOG:  statement: begin
2026-09-07 12:13:56.747 UTC [1103] LOG:  execute <unnamed>: select set_config('app.organization_id', $1, true)
2026-09-07 12:13:56.748 UTC [1103] LOG:  execute <unnamed>: select "interrupt_id", "run_id", "thread_id", "org_id", "status", "requested_at", "resolved_at", "payload_json", "response_json" from "chat_interrupts" where (("chat_interrupts"."thread_id" = $1) and ("chat_interrupts"."status" = $2)) order by "chat_interrupts"."requested_at" asc
2026-09-07 12:13:56.749 UTC [1103] LOG:  statement: commit
2026-09-07 12:13:56.750 UTC [1103] LOG:  statement: begin
2026-09-07 12:13:56.751 UTC [1103] LOG:  execute <unnamed>: select set_config('app.organization_id', $1, true)
2026-09-07 12:13:56.752 UTC [1103] LOG:  execute <unnamed>: select "run_id", "thread_id", "org_id", "status", "started_at", "finished_at", "error", "error_code", "usage_json", "sandbox_key", "detached_since", "cancel_requested", "driver_epoch" from "chat_runs" where "chat_runs"."run_id" = $1 limit $2
2026-09-07 12:13:56.753 UTC [1103] LOG:  statement: commit
2026-09-07 12:13:56.757 UTC [1103] LOG:  statement: begin
2026-09-07 12:13:56.758 UTC [1103] LOG:  execute <unnamed>: select set_config('app.organization_id', $1, true)
2026-09-07 12:13:56.760 UTC [1103] LOG:  execute <unnamed>: insert into "chat_runs" ("run_id", "thread_id", "org_id", "status", "started_at", "finished_at", "error", "error_code", "usage_json", "sandbox_key", "detached_since", "cancel_requested", "driver_epoch") values ($1, $2, $3, $4, $5, default, default, default, default, default, default, default, default) on conflict ("run_id") do nothing
2026-09-07 12:13:56.762 UTC [1103] LOG:  statement: commit
2026-09-07 12:13:56.763 UTC [1103] LOG:  statement: begin
2026-09-07 12:13:56.763 UTC [1103] LOG:  execute <unnamed>: select set_config('app.organization_id', $1, true)
2026-09-07 12:13:56.764 UTC [1103] LOG:  execute <unnamed>: select "run_id", "thread_id", "org_id", "status", "started_at", "finished_at", "error", "error_code", "usage_json", "sandbox_key", "detached_since", "cancel_requested", "driver_epoch" from "chat_runs" where "chat_runs"."run_id" = $1 limit $2
2026-09-07 12:13:56.765 UTC [1103] LOG:  statement: commit
2026-09-07 12:13:56.766 UTC [1103] LOG:  statement: begin
2026-09-07 12:13:56.767 UTC [1103] LOG:  execute <unnamed>: select set_config('app.organization_id', $1, true)
2026-09-07 12:13:56.768 UTC [1103] LOG:  execute <unnamed>: select "messages_json" from "chat_threads" where "chat_threads"."thread_id" = $1 limit $2
2026-09-07 12:13:56.769 UTC [1103] LOG:  statement: commit
2026-09-07 12:13:56.770 UTC [1103] LOG:  statement: begin
2026-09-07 12:13:56.771 UTC [1103] LOG:  execute <unnamed>: select set_config('app.organization_id', $1, true)
2026-09-07 12:13:56.772 UTC [1103] LOG:  execute <unnamed>: insert into "chat_threads" ("thread_id", "org_id", "messages_json", "updated_at") values ($1, $2, $3, $4) on conflict ("thread_id") do update set "messages_json" = $5, "updated_at" = $6
2026-09-07 12:13:56.773 UTC [1103] LOG:  statement: commit
2026-09-07 12:13:57.943 UTC [1103] LOG:  statement: begin
2026-09-07 12:13:57.944 UTC [1103] LOG:  execute <unnamed>: select set_config('app.organization_id', $1, true)
2026-09-07 12:13:57.945 UTC [1103] LOG:  execute <unnamed>: insert into "chat_threads" ("thread_id", "org_id", "messages_json", "updated_at") values ($1, $2, $3, $4) on conflict ("thread_id") do update set "messages_json" = $5, "updated_at" = $6
2026-09-07 12:13:57.945 UTC [1103] LOG:  statement: commit
2026-09-07 12:14:02.632 UTC [1103] LOG:  statement: begin
2026-09-07 12:14:02.634 UTC [1103] LOG:  execute <unnamed>: select set_config('app.organization_id', $1, true)
2026-09-07 12:14:02.636 UTC [1103] LOG:  execute <unnamed>: insert into "chat_threads" ("thread_id", "org_id", "messages_json", "updated_at") values ($1, $2, $3, $4) on conflict ("thread_id") do update set "messages_json" = $5, "updated_at" = $6
2026-09-07 12:14:02.637 UTC [1103] LOG:  statement: commit
2026-09-07 12:14:02.759 UTC [1103] LOG:  statement: begin
2026-09-07 12:14:02.760 UTC [1103] LOG:  execute <unnamed>: select set_config('app.organization_id', $1, true)
2026-09-07 12:14:02.762 UTC [1103] LOG:  execute <unnamed>: insert into "chat_threads" ("thread_id", "org_id", "messages_json", "updated_at") values ($1, $2, $3, $4) on conflict ("thread_id") do update set "messages_json" = $5, "updated_at" = $6
2026-09-07 12:14:02.764 UTC [1103] LOG:  statement: commit
2026-09-07 12:14:02.767 UTC [1103] LOG:  statement: begin
2026-09-07 12:14:02.768 UTC [1103] LOG:  execute <unnamed>: select set_config('app.organization_id', $1, true)
2026-09-07 12:14:02.770 UTC [1103] LOG:  execute <unnamed>: update "chat_runs" set "status" = $1, "finished_at" = $2, "usage_json" = $3 where "chat_runs"."run_id" = $4
2026-09-07 12:14:02.771 UTC [1103] LOG:  statement: commit
2026-09-07 12:14:02.773 UTC [1103] LOG:  statement: begin
2026-09-07 12:14:02.775 UTC [1103] LOG:  execute <unnamed>: select set_config('app.organization_id', $1, true)
2026-09-07 12:14:02.776 UTC [1103] LOG:  execute <unnamed>: select "messages_json" from "chat_threads" where "chat_threads"."thread_id" = $1 limit $2
2026-09-07 12:14:02.777 UTC [1103] LOG:  statement: commit
2026-09-07 12:14:02.780 UTC [1103] LOG:  statement: begin
2026-09-07 12:14:02.784 UTC [1103] LOG:  execute <unnamed>: select set_config('app.organization_id', $1, true)
2026-09-07 12:14:02.786 UTC [1103] LOG:  execute <unnamed>: select "run_id", "thread_id", "org_id", "status", "started_at", "finished_at", "error", "error_code", "usage_json", "sandbox_key", "detached_since", "cancel_requested", "driver_epoch" from "chat_runs" where (("chat_runs"."thread_id" = $1) and ("chat_runs"."status" = $2)) order by "chat_runs"."started_at" desc limit $3
2026-09-07 12:14:02.787 UTC [1103] LOG:  statement: commit
2026-09-07 12:14:02.788 UTC [1103] LOG:  statement: begin
2026-09-07 12:14:02.790 UTC [1103] LOG:  execute <unnamed>: select set_config('app.organization_id', $1, true)
2026-09-07 12:14:02.792 UTC [1103] LOG:  execute <unnamed>: select "d0"."id" as "id", "d0"."org_id" as "orgId", "d0"."user_id" as "userId", "d0"."workspace_id" as "workspaceId", "d0"."name" as "name", "d0"."source" as "source", "d0"."last_branch" as "lastBranch", "d0"."last_chat_pr_number" as "lastChatPrNumber", "d0"."last_message_at" as "lastMessageAt", "d0"."created_at" as "createdAt", "d0"."updated_at" as "updatedAt" from "conversations" as "d0" where (("d0"."id" = $1) and ("d0"."org_id" = $2) and ("d0"."user_id" = $3)) limit $4
2026-09-07 12:14:02.793 UTC [1103] LOG:  statement: commit
2026-09-07 12:14:02.802 UTC [1103] LOG:  execute <unnamed>: select "id", "expires_at", "token", "created_at", "updated_at", "ip_address", "user_agent", "user_id", "active_organization_id" from "sessions" where "sessions"."token" = $1
2026-09-07 12:14:02.806 UTC [1103] LOG:  execute <unnamed>: select "id", "name", "email", "email_verified", "image", "created_at", "updated_at", "two_factor_enabled", "onboarding_completed_at" from "users" where "users"."id" = $1
2026-09-07 12:14:02.808 UTC [1103] LOG:  execute <unnamed>: select "id", "public_key", "private_key", "created_at", "expires_at" from "jwkss" limit $1
2026-09-07 12:14:02.810 UTC [1103] LOG:  execute <unnamed>: select "id", "expires_at", "token", "created_at", "updated_at", "ip_address", "user_agent", "user_id", "active_organization_id" from "sessions" where "sessions"."token" = $1
2026-09-07 12:14:02.811 UTC [1103] LOG:  execute <unnamed>: select "id", "name", "email", "email_verified", "image", "created_at", "updated_at", "two_factor_enabled", "onboarding_completed_at" from "users" where "users"."id" = $1
2026-09-07 12:14:02.813 UTC [1103] LOG:  execute <unnamed>: select "id", "public_key", "private_key", "created_at", "expires_at" from "jwkss" limit $1
2026-09-07 12:14:02.815 UTC [1103] LOG:  execute <unnamed>: select "organizations"."id" from "organizations" inner join "members" on (("members"."organization_id" = "organizations"."id") and ("members"."user_id" = $1)) where "organizations"."slug" = $2 limit $3
2026-09-07 12:14:02.816 UTC [1103] LOG:  statement: begin
2026-09-07 12:14:02.817 UTC [1103] LOG:  execute <unnamed>: select set_config('app.organization_id', $1, true)
2026-09-07 12:14:02.819 UTC [1103] LOG:  execute <unnamed>: select "d0"."id" as "id", "d0"."org_id" as "orgId", "d0"."user_id" as "userId", "d0"."workspace_id" as "workspaceId", "d0"."name" as "name", "d0"."source" as "source", "d0"."last_branch" as "lastBranch", "d0"."last_chat_pr_number" as "lastChatPrNumber", "d0"."last_message_at" as "lastMessageAt", "d0"."created_at" as "createdAt", "d0"."updated_at" as "updatedAt" from "conversations" as "d0" where (("d0"."id" = $1) and ("d0"."org_id" = $2) and ("d0"."user_id" = $3)) limit $4
2026-09-07 12:14:02.819 UTC [1103] LOG:  statement: commit
2026-09-07 12:14:02.820 UTC [1103] LOG:  statement: begin
2026-09-07 12:14:02.820 UTC [1103] LOG:  execute <unnamed>: select set_config('app.organization_id', $1, true)
2026-09-07 12:14:02.821 UTC [1103] LOG:  execute <unnamed>: select "messages_json" from "chat_threads" where "chat_threads"."thread_id" = $1 limit $2
2026-09-07 12:14:02.821 UTC [1103] LOG:  statement: commit
2026-09-07 12:14:02.821 UTC [1103] LOG:  statement: begin
2026-09-07 12:14:02.822 UTC [1103] LOG:  execute <unnamed>: select set_config('app.organization_id', $1, true)
2026-09-07 12:14:02.823 UTC [1103] LOG:  execute <unnamed>: select "id", "org_id", "slug", "display_name", "workspace_repository_url", "github_connection_id", "desired_generation", "desired_sha", "active_projection_url", "active_projection_sha", "indexed_sha", "write_status", "hydrate_status", "hydrate_error", "last_job_at", "hydrate_phases", "read_only_reason", "created_at", "updated_at" from "workspaces" where (("workspaces"."org_id" = $1) and ("workspaces"."id" = $2)) limit $3
2026-09-07 12:14:02.825 UTC [1103] LOG:  statement: commit
2026-09-07 12:14:02.877 UTC [1103] LOG:  execute <unnamed>: select "id", "expires_at", "token", "created_at", "updated_at", "ip_address", "user_agent", "user_id", "active_organization_id" from "sessions" where "sessions"."token" = $1
2026-09-07 12:14:02.879 UTC [1103] LOG:  execute <unnamed>: select "id", "name", "email", "email_verified", "image", "created_at", "updated_at", "two_factor_enabled", "onboarding_completed_at" from "users" where "users"."id" = $1
2026-09-07 12:14:02.881 UTC [1103] LOG:  execute <unnamed>: select "id", "public_key", "private_key", "created_at", "expires_at" from "jwkss" limit $1
2026-09-07 12:14:02.883 UTC [1103] LOG:  execute <unnamed>: select "id", "expires_at", "token", "created_at", "updated_at", "ip_address", "user_agent", "user_id", "active_organization_id" from "sessions" where "sessions"."token" = $1
2026-09-07 12:14:02.884 UTC [1103] LOG:  execute <unnamed>: select "id", "name", "email", "email_verified", "image", "created_at", "updated_at", "two_factor_enabled", "onboarding_completed_at" from "users" where "users"."id" = $1
2026-09-07 12:14:02.886 UTC [1103] LOG:  execute <unnamed>: select "id", "public_key", "private_key", "created_at", "expires_at" from "jwkss" limit $1
2026-09-07 12:14:02.888 UTC [1103] LOG:  execute <unnamed>: select "organizations"."id" from "organizations" inner join "members" on (("members"."organization_id" = "organizations"."id") and ("members"."user_id" = $1)) where "organizations"."slug" = $2 limit $3
2026-09-07 12:14:02.890 UTC [1103] LOG:  statement: begin
2026-09-07 12:14:02.892 UTC [1103] LOG:  execute <unnamed>: select set_config('app.organization_id', $1, true)
2026-09-07 12:14:02.894 UTC [1103] LOG:  execute <unnamed>: select "id", "org_id", "slug", "display_name", "workspace_repository_url", "github_connection_id", "desired_generation", "desired_sha", "active_projection_url", "active_projection_sha", "indexed_sha", "write_status", "hydrate_status", "hydrate_error", "last_job_at", "hydrate_phases", "read_only_reason", "created_at", "updated_at" from "workspaces" where (("workspaces"."org_id" = $1) and ("workspaces"."slug" = $2)) limit $3
2026-09-07 12:14:02.895 UTC [1103] LOG:  statement: commit
2026-09-07 12:14:02.896 UTC [1103] LOG:  statement: begin
2026-09-07 12:14:02.897 UTC [1103] LOG:  execute <unnamed>: select set_config('app.organization_id', $1, true)
2026-09-07 12:14:02.899 UTC [1103] LOG:  execute <unnamed>: select "id", "org_id", "slug", "display_name", "workspace_repository_url", "github_connection_id", "desired_generation", "desired_sha", "active_projection_url", "active_projection_sha", "indexed_sha", "write_status", "hydrate_status", "hydrate_error", "last_job_at", "hydrate_phases", "read_only_reason", "created_at", "updated_at" from "workspaces" where (("workspaces"."org_id" = $1) and ("workspaces"."id" = $2)) limit $3
2026-09-07 12:14:02.900 UTC [1103] LOG:  execute <unnamed>: select "id", "org_id", "workspace_id", "git_url", "desired_ref", "desired_sha", "indexed_sha", "created_at" from "workspace_linked_repositories" where "workspace_linked_repositories"."workspace_id" = $1 order by "workspace_linked_repositories"."created_at"
2026-09-07 12:14:02.901 UTC [1103] LOG:  statement: commit
2026-09-07 12:14:02.902 UTC [1103] LOG:  statement: begin
2026-09-07 12:14:02.903 UTC [1103] LOG:  execute <unnamed>: select set_config('app.organization_id', $1, true)
2026-09-07 12:14:02.903 UTC [1103] LOG:  execute <unnamed>: select "commit_sha" from "workspace_write_jobs" where (("workspace_write_jobs"."workspace_id" = $1) and ("workspace_write_jobs"."kind" = $2) and (("workspace_write_jobs"."commit_sha" is not null))) order by "workspace_write_jobs"."created_at" asc limit $3
2026-09-07 12:14:02.904 UTC [1103] LOG:  statement: commit
2026-09-07 12:14:02.907 UTC [1103] LOG:  execute <unnamed>: select "id", "expires_at", "token", "created_at", "updated_at", "ip_address", "user_agent", "user_id", "active_organization_id" from "sessions" where "sessions"."token" = $1
2026-09-07 12:14:02.908 UTC [1103] LOG:  execute <unnamed>: select "id", "name", "email", "email_verified", "image", "created_at", "updated_at", "two_factor_enabled", "onboarding_completed_at" from "users" where "users"."id" = $1
2026-09-07 12:14:02.909 UTC [1103] LOG:  execute <unnamed>: select "id", "public_key", "private_key", "created_at", "expires_at" from "jwkss" limit $1
2026-09-07 12:14:02.913 UTC [1103] LOG:  execute <unnamed>: select "id", "expires_at", "token", "created_at", "updated_at", "ip_address", "user_agent", "user_id", "active_organization_id" from "sessions" where "sessions"."token" = $1
2026-09-07 12:14:02.915 UTC [1103] LOG:  execute <unnamed>: select "id", "name", "email", "email_verified", "image", "created_at", "updated_at", "two_factor_enabled", "onboarding_completed_at" from "users" where "users"."id" = $1
2026-09-07 12:14:02.916 UTC [1103] LOG:  execute <unnamed>: select "id", "public_key", "private_key", "created_at", "expires_at" from "jwkss" limit $1
2026-09-07 12:14:02.918 UTC [1103] LOG:  execute <unnamed>: select "organizations"."id" from "organizations" inner join "members" on (("members"."organization_id" = "organizations"."id") and ("members"."user_id" = $1)) where "organizations"."slug" = $2 limit $3
2026-09-07 12:14:02.919 UTC [1103] LOG:  statement: begin
2026-09-07 12:14:02.919 UTC [1103] LOG:  execute <unnamed>: select set_config('app.organization_id', $1, true)
2026-09-07 12:14:02.920 UTC [1103] LOG:  execute <unnamed>: select "id" from "workspaces" where (("workspaces"."id" = $1) and ("workspaces"."org_id" = $2)) limit $3
2026-09-07 12:14:02.921 UTC [1103] LOG:  execute <unnamed>: select "id", "org_id", "user_id", "workspace_id", "name", "source", "last_branch", "last_chat_pr_number", "last_message_at", "created_at", "updated_at" from "conversations" where (("conversations"."id" = $1) and ("conversations"."org_id" = $2) and ("conversations"."user_id" = $3)) limit $4
2026-09-07 12:14:02.922 UTC [1103] LOG:  statement: commit
2026-09-07 12:14:02.923 UTC [1103] LOG:  statement: begin
2026-09-07 12:14:02.923 UTC [1103] LOG:  execute <unnamed>: select set_config('app.organization_id', $1, true)
2026-09-07 12:14:02.924 UTC [1103] LOG:  execute <unnamed>: select "id", "org_id", "slug", "display_name", "workspace_repository_url", "github_connection_id", "desired_generation", "desired_sha", "active_projection_url", "active_projection_sha", "indexed_sha", "write_status", "hydrate_status", "hydrate_error", "last_job_at", "hydrate_phases", "read_only_reason", "created_at", "updated_at" from "workspaces" where (("workspaces"."org_id" = $1) and ("workspaces"."id" = $2)) limit $3
2026-09-07 12:14:02.925 UTC [1103] LOG:  statement: commit
2026-09-07 12:14:02.925 UTC [1103] LOG:  statement: begin
2026-09-07 12:14:02.926 UTC [1103] LOG:  execute <unnamed>: select set_config('app.organization_id', $1, true)
2026-09-07 12:14:02.927 UTC [1103] LOG:  execute <unnamed>: update "conversations" set "last_branch" = $1, "updated_at" = $2 where (("conversations"."id" = $3) and ("conversations"."org_id" = $4) and ("conversations"."user_id" = $5))
2026-09-07 12:14:02.927 UTC [1103] LOG:  statement: commit
2026-09-07 12:14:02.928 UTC [1103] LOG:  statement: begin
2026-09-07 12:14:02.928 UTC [1103] LOG:  execute <unnamed>: select set_config('app.organization_id', $1, true)
2026-09-07 12:14:02.929 UTC [1103] LOG:  execute <unnamed>: select "id", "kind", "org_id", "workspace_id", "conversation_id", "desired_url", "desired_generation", "desired_sha", "provider", "provider_sandbox_id", "latest_snapshot_id", "latest_run_id", "state", "last_heartbeat_at", "created_at", "updated_at" from "workspace_sandbox_instances" where (("workspace_sandbox_instances"."conversation_id" = $1) and ("workspace_sandbox_instances"."kind" = $2))
2026-09-07 12:14:02.929 UTC [1103] LOG:  statement: commit
2026-09-07 12:14:02.929 UTC [1103] LOG:  statement: begin
2026-09-07 12:14:02.930 UTC [1103] LOG:  execute <unnamed>: select set_config('app.organization_id', $1, true)
2026-09-07 12:14:02.930 UTC [1103] LOG:  execute <unnamed>: select "id", "kind", "org_id", "workspace_id", "conversation_id", "desired_url", "desired_generation", "desired_sha", "provider", "provider_sandbox_id", "latest_snapshot_id", "latest_run_id", "state", "last_heartbeat_at", "created_at", "updated_at" from "workspace_sandbox_instances" where (("workspace_sandbox_instances"."conversation_id" = $1) and ("workspace_sandbox_instances"."kind" = $2))
2026-09-07 12:14:02.931 UTC [1103] LOG:  statement: commit
2026-09-07 12:14:02.933 UTC [1103] LOG:  statement: begin
2026-09-07 12:14:02.934 UTC [1103] LOG:  execute <unnamed>: select set_config('app.organization_id', $1, true)
2026-09-07 12:14:02.934 UTC [1103] LOG:  execute <unnamed>: select "id", "kind", "org_id", "workspace_id", "conversation_id", "desired_url", "desired_generation", "desired_sha", "provider", "provider_sandbox_id", "latest_snapshot_id", "latest_run_id", "state", "last_heartbeat_at", "created_at", "updated_at" from "workspace_sandbox_instances" where (("workspace_sandbox_instances"."id" = $1) and ("workspace_sandbox_instances"."org_id" = $2)) limit $3
2026-09-07 12:14:02.935 UTC [1103] LOG:  statement: commit
2026-09-07 12:14:02.939 UTC [1103] LOG:  statement: begin
2026-09-07 12:14:02.939 UTC [1103] LOG:  execute <unnamed>: select set_config('app.organization_id', $1, true)
2026-09-07 12:14:02.940 UTC [1103] LOG:  execute <unnamed>: delete from "workspace_sandbox_instances" where (("workspace_sandbox_instances"."id" = $1) and ("workspace_sandbox_instances"."org_id" = $2))
2026-09-07 12:14:02.940 UTC [1103] LOG:  statement: commit
2026-09-07 12:14:02.941 UTC [1103] LOG:  execute <unnamed>: select "slug" from "organizations" where "organizations"."id" = $1 limit $2
2026-09-07 12:14:02.942 UTC [1103] LOG:  statement: begin
2026-09-07 12:14:02.942 UTC [1103] LOG:  execute <unnamed>: select set_config('app.organization_id', $1, true)
2026-09-07 12:14:02.943 UTC [1103] LOG:  execute <unnamed>: select "id", "kind", "org_id", "workspace_id", "conversation_id", "desired_url", "desired_generation", "desired_sha", "provider", "provider_sandbox_id", "latest_snapshot_id", "latest_run_id", "state", "last_heartbeat_at", "created_at", "updated_at" from "workspace_sandbox_instances" where (("workspace_sandbox_instances"."id" = $1) and ("workspace_sandbox_instances"."org_id" = $2)) limit $3
2026-09-07 12:14:02.943 UTC [1103] LOG:  statement: commit
2026-09-07 12:14:02.944 UTC [1103] LOG:  statement: begin
2026-09-07 12:14:02.944 UTC [1103] LOG:  execute <unnamed>: select set_config('app.organization_id', $1, true)
2026-09-07 12:14:02.944 UTC [1103] LOG:  execute <unnamed>: select "id", "kind", "org_id", "workspace_id", "conversation_id", "desired_url", "desired_generation", "desired_sha", "provider", "provider_sandbox_id", "latest_snapshot_id", "latest_run_id", "state", "last_heartbeat_at", "created_at", "updated_at" from "workspace_sandbox_instances" where (("workspace_sandbox_instances"."conversation_id" = $1) and ("workspace_sandbox_instances"."kind" = $2) and ("workspace_sandbox_instances"."state" = $3))
2026-09-07 12:14:02.945 UTC [1103] LOG:  statement: commit
2026-09-07 12:14:03.093 UTC [1103] LOG:  statement: begin
2026-09-07 12:14:03.095 UTC [1103] LOG:  execute <unnamed>: select set_config('app.organization_id', $1, true)
2026-09-07 12:14:03.096 UTC [1103] LOG:  statement: savepoint sp1
2026-09-07 12:14:03.098 UTC [1103] LOG:  execute <unnamed>: select "id", "kind", "org_id", "workspace_id", "conversation_id", "desired_url", "desired_generation", "desired_sha", "provider", "provider_sandbox_id", "latest_snapshot_id", "latest_run_id", "state", "last_heartbeat_at", "created_at", "updated_at" from "workspace_sandbox_instances" where (("workspace_sandbox_instances"."org_id" = $1) and ("workspace_sandbox_instances"."kind" = $2) and ("workspace_sandbox_instances"."conversation_id" = $3) and ((("workspace_sandbox_instances"."state" = $4) or ("workspace_sandbox_instances"."state" = $5)))) order by ("workspace_sandbox_instances"."provider_sandbox_id" is not null) desc, "workspace_sandbox_instances"."created_at" asc, "workspace_sandbox_instances"."id" asc limit $6
2026-09-07 12:14:03.100 UTC [1103] LOG:  execute <unnamed>: insert into "workspace_sandbox_instances" ("id", "kind", "org_id", "workspace_id", "conversation_id", "desired_url", "desired_generation", "desired_sha", "provider", "provider_sandbox_id", "latest_snapshot_id", "latest_run_id", "state", "last_heartbeat_at", "created_at", "updated_at") values ($1, $2, $3, $4, $5, $6, $7, $8, $9, $10, $11, $12, $13, $14, $15, $16) on conflict ("id") do update set "kind" = $17, "conversation_id" = $18, "desired_url" = $19, "desired_generation" = $20, "desired_sha" = $21, "provider" = $22, "provider_sandbox_id" = $23, "latest_snapshot_id" = $24, "latest_run_id" = $25, "state" = $26, "last_heartbeat_at" = $27, "updated_at" = $28
2026-09-07 12:14:03.101 UTC [1103] LOG:  statement: release savepoint sp1
2026-09-07 12:14:03.102 UTC [1103] LOG:  statement: commit
2026-09-07 12:14:03.122 UTC [1103] LOG:  statement: begin
2026-09-07 12:14:03.124 UTC [1103] LOG:  execute <unnamed>: select set_config('app.organization_id', $1, true)
2026-09-07 12:14:03.125 UTC [1103] LOG:  execute <unnamed>: update "conversations" set "last_branch" = $1, "updated_at" = $2 where (("conversations"."id" = $3) and ("conversations"."org_id" = $4) and ("conversations"."user_id" = $5))
2026-09-07 12:14:03.126 UTC [1103] LOG:  statement: commit
2026-09-07 12:14:03.128 UTC [1103] LOG:  statement: begin
2026-09-07 12:14:03.129 UTC [1103] LOG:  execute <unnamed>: select set_config('app.organization_id', $1, true)
2026-09-07 12:14:03.130 UTC [1103] LOG:  execute <unnamed>: select "id", "kind", "org_id", "workspace_id", "conversation_id", "desired_url", "desired_generation", "desired_sha", "provider", "provider_sandbox_id", "latest_snapshot_id", "latest_run_id", "state", "last_heartbeat_at", "created_at", "updated_at" from "workspace_sandbox_instances" where (("workspace_sandbox_instances"."conversation_id" = $1) and ("workspace_sandbox_instances"."kind" = $2))
2026-09-07 12:14:03.133 UTC [1103] LOG:  statement: commit
2026-09-07 12:14:03.136 UTC [1103] LOG:  execute <unnamed>: select "id", "expires_at", "token", "created_at", "updated_at", "ip_address", "user_agent", "user_id", "active_organization_id" from "sessions" where "sessions"."token" = $1
2026-09-07 12:14:03.138 UTC [1103] LOG:  execute <unnamed>: select "id", "name", "email", "email_verified", "image", "created_at", "updated_at", "two_factor_enabled", "onboarding_completed_at" from "users" where "users"."id" = $1
2026-09-07 12:14:03.139 UTC [1103] LOG:  execute <unnamed>: select "id", "public_key", "private_key", "created_at", "expires_at" from "jwkss" limit $1
2026-09-07 12:14:03.141 UTC [1103] LOG:  execute <unnamed>: select "id", "expires_at", "token", "created_at", "updated_at", "ip_address", "user_agent", "user_id", "active_organization_id" from "sessions" where "sessions"."token" = $1
2026-09-07 12:14:03.143 UTC [1103] LOG:  execute <unnamed>: select "id", "name", "email", "email_verified", "image", "created_at", "updated_at", "two_factor_enabled", "onboarding_completed_at" from "users" where "users"."id" = $1
2026-09-07 12:14:03.144 UTC [1103] LOG:  execute <unnamed>: select "id", "public_key", "private_key", "created_at", "expires_at" from "jwkss" limit $1
2026-09-07 12:14:03.146 UTC [1103] LOG:  execute <unnamed>: select "organizations"."id" from "organizations" inner join "members" on (("members"."organization_id" = "organizations"."id") and ("members"."user_id" = $1)) where "organizations"."slug" = $2 limit $3
2026-09-07 12:14:03.148 UTC [1103] LOG:  statement: begin
2026-09-07 12:14:03.149 UTC [1103] LOG:  execute <unnamed>: select set_config('app.organization_id', $1, true)
2026-09-07 12:14:03.151 UTC [1103] LOG:  execute <unnamed>: select "id" from "workspaces" where (("workspaces"."id" = $1) and ("workspaces"."org_id" = $2)) limit $3
2026-09-07 12:14:03.152 UTC [1103] LOG:  execute <unnamed>: select "id", "org_id", "user_id", "workspace_id", "name", "source", "last_branch", "last_chat_pr_number", "last_message_at", "created_at", "updated_at" from "conversations" where (("conversations"."id" = $1) and ("conversations"."org_id" = $2) and ("conversations"."user_id" = $3)) limit $4
2026-09-07 12:14:03.155 UTC [1103] LOG:  statement: commit
2026-09-07 12:14:03.156 UTC [1103] LOG:  statement: begin
2026-09-07 12:14:03.158 UTC [1103] LOG:  execute <unnamed>: select set_config('app.organization_id', $1, true)
2026-09-07 12:14:03.160 UTC [1103] LOG:  execute <unnamed>: select "id", "org_id", "slug", "display_name", "workspace_repository_url", "github_connection_id", "desired_generation", "desired_sha", "active_projection_url", "active_projection_sha", "indexed_sha", "write_status", "hydrate_status", "hydrate_error", "last_job_at", "hydrate_phases", "read_only_reason", "created_at", "updated_at" from "workspaces" where (("workspaces"."org_id" = $1) and ("workspaces"."id" = $2)) limit $3
2026-09-07 12:14:03.161 UTC [1103] LOG:  statement: commit
2026-09-07 12:14:03.162 UTC [1103] LOG:  statement: begin
2026-09-07 12:14:03.163 UTC [1103] LOG:  execute <unnamed>: select set_config('app.organization_id', $1, true)
2026-09-07 12:14:03.164 UTC [1103] LOG:  execute <unnamed>: update "conversations" set "last_branch" = $1, "updated_at" = $2 where (("conversations"."id" = $3) and ("conversations"."org_id" = $4) and ("conversations"."user_id" = $5))
2026-09-07 12:14:03.165 UTC [1103] LOG:  statement: commit
2026-09-07 12:14:03.167 UTC [1103] LOG:  statement: begin
2026-09-07 12:14:03.167 UTC [1103] LOG:  execute <unnamed>: select set_config('app.organization_id', $1, true)
2026-09-07 12:14:03.168 UTC [1103] LOG:  execute <unnamed>: update "conversations" set "last_message_at" = $1, "updated_at" = $2 where (("conversations"."id" = $3) and ("conversations"."org_id" = $4) and ("conversations"."user_id" = $5))
2026-09-07 12:14:03.169 UTC [1103] LOG:  statement: commit
2026-09-07 12:14:03.170 UTC [1103] LOG:  statement: begin
2026-09-07 12:14:03.171 UTC [1103] LOG:  execute <unnamed>: select set_config('app.organization_id', $1, true)
2026-09-07 12:14:03.172 UTC [1103] LOG:  execute <unnamed>: select "id", "kind", "org_id", "workspace_id", "conversation_id", "desired_url", "desired_generation", "desired_sha", "provider", "provider_sandbox_id", "latest_snapshot_id", "latest_run_id", "state", "last_heartbeat_at", "created_at", "updated_at" from "workspace_sandbox_instances" where (("workspace_sandbox_instances"."conversation_id" = $1) and ("workspace_sandbox_instances"."kind" = $2))
2026-09-07 12:14:03.173 UTC [1103] LOG:  statement: commit
2026-09-07 12:14:03.173 UTC [1103] LOG:  statement: begin
2026-09-07 12:14:03.174 UTC [1103] LOG:  execute <unnamed>: select set_config('app.organization_id', $1, true)
2026-09-07 12:14:03.175 UTC [1103] LOG:  execute <unnamed>: select "id", "kind", "org_id", "workspace_id", "conversation_id", "desired_url", "desired_generation", "desired_sha", "provider", "provider_sandbox_id", "latest_snapshot_id", "latest_run_id", "state", "last_heartbeat_at", "created_at", "updated_at" from "workspace_sandbox_instances" where (("workspace_sandbox_instances"."conversation_id" = $1) and ("workspace_sandbox_instances"."kind" = $2))
2026-09-07 12:14:03.177 UTC [1103] LOG:  statement: commit
2026-09-07 12:14:03.178 UTC [1103] LOG:  statement: begin
2026-09-07 12:14:03.178 UTC [1103] LOG:  execute <unnamed>: select set_config('app.organization_id', $1, true)
2026-09-07 12:14:03.179 UTC [1103] LOG:  execute <unnamed>: select "id", "kind", "org_id", "workspace_id", "conversation_id", "desired_url", "desired_generation", "desired_sha", "provider", "provider_sandbox_id", "latest_snapshot_id", "latest_run_id", "state", "last_heartbeat_at", "created_at", "updated_at" from "workspace_sandbox_instances" where (("workspace_sandbox_instances"."id" = $1) and ("workspace_sandbox_instances"."org_id" = $2)) limit $3
2026-09-07 12:14:03.179 UTC [1103] LOG:  statement: commit
2026-09-07 12:14:03.180 UTC [1103] LOG:  statement: begin
2026-09-07 12:14:03.180 UTC [1103] LOG:  execute <unnamed>: select set_config('app.organization_id', $1, true)
2026-09-07 12:14:03.181 UTC [1103] LOG:  execute <unnamed>: delete from "workspace_sandbox_instances" where (("workspace_sandbox_instances"."id" = $1) and ("workspace_sandbox_instances"."org_id" = $2))
2026-09-07 12:14:03.181 UTC [1103] LOG:  statement: commit
2026-09-07 12:14:03.187 UTC [1103] LOG:  statement: begin
2026-09-07 12:14:03.187 UTC [1103] LOG:  execute <unnamed>: select set_config('app.organization_id', $1, true)
2026-09-07 12:14:03.188 UTC [1103] LOG:  execute <unnamed>: select "id", "org_id", "slug", "display_name", "workspace_repository_url", "github_connection_id", "desired_generation", "desired_sha", "active_projection_url", "active_projection_sha", "indexed_sha", "write_status", "hydrate_status", "hydrate_error", "last_job_at", "hydrate_phases", "read_only_reason", "created_at", "updated_at" from "workspaces" where (("workspaces"."org_id" = $1) and ("workspaces"."id" = $2)) limit $3
2026-09-07 12:14:03.189 UTC [1103] LOG:  statement: commit
2026-09-07 12:14:03.190 UTC [1103] LOG:  statement: begin
2026-09-07 12:14:03.191 UTC [1103] LOG:  execute <unnamed>: select set_config('app.organization_id', $1, true)
2026-09-07 12:14:03.192 UTC [1103] LOG:  execute <unnamed>: select "id", "org_id", "slug", "display_name", "workspace_repository_url", "github_connection_id", "desired_generation", "desired_sha", "active_projection_url", "active_projection_sha", "indexed_sha", "write_status", "hydrate_status", "hydrate_error", "last_job_at", "hydrate_phases", "read_only_reason", "created_at", "updated_at" from "workspaces" where (("workspaces"."org_id" = $1) and ("workspaces"."id" = $2)) limit $3
2026-09-07 12:14:03.193 UTC [1103] LOG:  execute <unnamed>: select "id", "org_id", "slug", "display_name", "workspace_repository_url", "github_connection_id", "desired_generation", "desired_sha", "active_projection_url", "active_projection_sha", "indexed_sha", "write_status", "hydrate_status", "hydrate_error", "last_job_at", "hydrate_phases", "read_only_reason", "created_at", "updated_at" from "workspaces" where (("workspaces"."org_id" = $1) and ("workspaces"."id" = $2)) limit $3
2026-09-07 12:14:03.193 UTC [1103] LOG:  execute <unnamed>: select "id", "org_id", "workspace_id", "git_url", "desired_ref", "desired_sha", "indexed_sha", "created_at" from "workspace_linked_repositories" where "workspace_linked_repositories"."workspace_id" = $1 order by "workspace_linked_repositories"."created_at"
2026-09-07 12:14:03.194 UTC [1103] LOG:  execute <unnamed>: select "id", "git_url" from "repositories" where "repositories"."org_id" = $1
2026-09-07 12:14:03.194 UTC [1103] LOG:  statement: commit
2026-09-07 12:14:03.196 UTC [1103] LOG:  statement: begin
2026-09-07 12:14:03.196 UTC [1102] LOG:  statement: begin
2026-09-07 12:14:03.196 UTC [1102] LOG:  execute <unnamed>: select set_config('app.organization_id', $1, true)
2026-09-07 12:14:03.196 UTC [1103] LOG:  execute <unnamed>: select set_config('app.organization_id', $1, true)
2026-09-07 12:14:03.198 UTC [1103] LOG:  execute <unnamed>: select "id", "kind", "org_id", "workspace_id", "conversation_id", "desired_url", "desired_generation", "desired_sha", "provider", "provider_sandbox_id", "latest_snapshot_id", "latest_run_id", "state", "last_heartbeat_at", "created_at", "updated_at" from "workspace_sandbox_instances" where (("workspace_sandbox_instances"."conversation_id" = $1) and ("workspace_sandbox_instances"."kind" = $2))
2026-09-07 12:14:03.198 UTC [1102] LOG:  execute <unnamed>: select "id", "kind", "org_id", "workspace_id", "conversation_id", "desired_url", "desired_generation", "desired_sha", "provider", "provider_sandbox_id", "latest_snapshot_id", "latest_run_id", "state", "last_heartbeat_at", "created_at", "updated_at" from "workspace_sandbox_instances" where (("workspace_sandbox_instances"."id" = $1) and ("workspace_sandbox_instances"."org_id" = $2)) limit $3
2026-09-07 12:14:03.202 UTC [1102] LOG:  statement: commit
2026-09-07 12:14:03.202 UTC [1103] LOG:  statement: commit
2026-09-07 12:14:03.203 UTC [1102] LOG:  statement: begin
2026-09-07 12:14:03.204 UTC [1102] LOG:  execute <unnamed>: select set_config('app.organization_id', $1, true)
2026-09-07 12:14:03.205 UTC [1102] LOG:  execute <unnamed>: select "id", "kind", "org_id", "workspace_id", "conversation_id", "desired_url", "desired_generation", "desired_sha", "provider", "provider_sandbox_id", "latest_snapshot_id", "latest_run_id", "state", "last_heartbeat_at", "created_at", "updated_at" from "workspace_sandbox_instances" where (("workspace_sandbox_instances"."conversation_id" = $1) and ("workspace_sandbox_instances"."kind" = $2) and ("workspace_sandbox_instances"."state" = $3))
2026-09-07 12:14:03.205 UTC [1102] LOG:  statement: commit
2026-09-07 12:14:03.354 UTC [1102] LOG:  statement: begin
2026-09-07 12:14:03.356 UTC [1102] LOG:  execute <unnamed>: select set_config('app.organization_id', $1, true)
2026-09-07 12:14:03.357 UTC [1102] LOG:  statement: savepoint sp1
2026-09-07 12:14:03.359 UTC [1102] LOG:  execute <unnamed>: select "id", "kind", "org_id", "workspace_id", "conversation_id", "desired_url", "desired_generation", "desired_sha", "provider", "provider_sandbox_id", "latest_snapshot_id", "latest_run_id", "state", "last_heartbeat_at", "created_at", "updated_at" from "workspace_sandbox_instances" where (("workspace_sandbox_instances"."org_id" = $1) and ("workspace_sandbox_instances"."kind" = $2) and ("workspace_sandbox_instances"."conversation_id" = $3) and ((("workspace_sandbox_instances"."state" = $4) or ("workspace_sandbox_instances"."state" = $5)))) order by ("workspace_sandbox_instances"."provider_sandbox_id" is not null) desc, "workspace_sandbox_instances"."created_at" asc, "workspace_sandbox_instances"."id" asc limit $6
2026-09-07 12:14:03.361 UTC [1102] LOG:  execute <unnamed>: insert into "workspace_sandbox_instances" ("id", "kind", "org_id", "workspace_id", "conversation_id", "desired_url", "desired_generation", "desired_sha", "provider", "provider_sandbox_id", "latest_snapshot_id", "latest_run_id", "state", "last_heartbeat_at", "created_at", "updated_at") values ($1, $2, $3, $4, $5, $6, $7, $8, $9, $10, $11, $12, $13, $14, $15, $16) on conflict ("id") do update set "kind" = $17, "conversation_id" = $18, "desired_url" = $19, "desired_generation" = $20, "desired_sha" = $21, "provider" = $22, "provider_sandbox_id" = $23, "latest_snapshot_id" = $24, "latest_run_id" = $25, "state" = $26, "last_heartbeat_at" = $27, "updated_at" = $28
2026-09-07 12:14:03.362 UTC [1102] LOG:  statement: release savepoint sp1
2026-09-07 12:14:03.363 UTC [1102] LOG:  statement: commit
2026-09-07 12:14:03.406 UTC [1102] LOG:  statement: begin
2026-09-07 12:14:03.407 UTC [1102] LOG:  execute <unnamed>: select set_config('app.organization_id', $1, true)
2026-09-07 12:14:03.409 UTC [1102] LOG:  execute <unnamed>: select "interrupt_id", "run_id", "thread_id", "org_id", "status", "requested_at", "resolved_at", "payload_json", "response_json" from "chat_interrupts" where (("chat_interrupts"."thread_id" = $1) and ("chat_interrupts"."status" = $2)) order by "chat_interrupts"."requested_at" asc
2026-09-07 12:14:03.410 UTC [1102] LOG:  statement: commit
2026-09-07 12:14:03.411 UTC [1102] LOG:  statement: begin
2026-09-07 12:14:03.412 UTC [1102] LOG:  execute <unnamed>: select set_config('app.organization_id', $1, true)
2026-09-07 12:14:03.413 UTC [1102] LOG:  execute <unnamed>: select "run_id", "thread_id", "org_id", "status", "started_at", "finished_at", "error", "error_code", "usage_json", "sandbox_key", "detached_since", "cancel_requested", "driver_epoch" from "chat_runs" where "chat_runs"."run_id" = $1 limit $2
2026-09-07 12:14:03.415 UTC [1102] LOG:  statement: commit
2026-09-07 12:14:03.416 UTC [1102] LOG:  statement: begin
2026-09-07 12:14:03.417 UTC [1102] LOG:  execute <unnamed>: select set_config('app.organization_id', $1, true)
2026-09-07 12:14:03.418 UTC [1102] LOG:  execute <unnamed>: insert into "chat_runs" ("run_id", "thread_id", "org_id", "status", "started_at", "finished_at", "error", "error_code", "usage_json", "sandbox_key", "detached_since", "cancel_requested", "driver_epoch") values ($1, $2, $3, $4, $5, default, default, default, default, default, default, default, default) on conflict ("run_id") do nothing
2026-09-07 12:14:03.421 UTC [1102] LOG:  statement: commit
2026-09-07 12:14:03.423 UTC [1102] LOG:  statement: begin
2026-09-07 12:14:03.424 UTC [1102] LOG:  execute <unnamed>: select set_config('app.organization_id', $1, true)
2026-09-07 12:14:03.425 UTC [1102] LOG:  execute <unnamed>: select "run_id", "thread_id", "org_id", "status", "started_at", "finished_at", "error", "error_code", "usage_json", "sandbox_key", "detached_since", "cancel_requested", "driver_epoch" from "chat_runs" where "chat_runs"."run_id" = $1 limit $2
2026-09-07 12:14:03.426 UTC [1102] LOG:  statement: commit
2026-09-07 12:14:03.426 UTC [1102] LOG:  statement: begin
2026-09-07 12:14:03.427 UTC [1102] LOG:  execute <unnamed>: select set_config('app.organization_id', $1, true)
2026-09-07 12:14:03.428 UTC [1102] LOG:  execute <unnamed>: select "messages_json" from "chat_threads" where "chat_threads"."thread_id" = $1 limit $2
2026-09-07 12:14:03.429 UTC [1102] LOG:  statement: commit
2026-09-07 12:14:03.429 UTC [1102] LOG:  statement: begin
2026-09-07 12:14:03.430 UTC [1102] LOG:  execute <unnamed>: select set_config('app.organization_id', $1, true)
2026-09-07 12:14:03.430 UTC [1102] LOG:  execute <unnamed>: insert into "chat_threads" ("thread_id", "org_id", "messages_json", "updated_at") values ($1, $2, $3, $4) on conflict ("thread_id") do update set "messages_json" = $5, "updated_at" = $6
2026-09-07 12:14:03.431 UTC [1102] LOG:  statement: commit
2026-09-07 12:14:04.594 UTC [1102] LOG:  statement: begin
2026-09-07 12:14:04.596 UTC [1102] LOG:  execute <unnamed>: select set_config('app.organization_id', $1, true)
2026-09-07 12:14:04.598 UTC [1102] LOG:  execute <unnamed>: insert into "chat_threads" ("thread_id", "org_id", "messages_json", "updated_at") values ($1, $2, $3, $4) on conflict ("thread_id") do update set "messages_json" = $5, "updated_at" = $6
2026-09-07 12:14:04.599 UTC [1102] LOG:  statement: commit
2026-09-07 12:14:08.341 UTC [1102] LOG:  statement: begin
2026-09-07 12:14:08.343 UTC [1102] LOG:  execute <unnamed>: select set_config('app.organization_id', $1, true)
2026-09-07 12:14:08.346 UTC [1102] LOG:  execute <unnamed>: insert into "chat_threads" ("thread_id", "org_id", "messages_json", "updated_at") values ($1, $2, $3, $4) on conflict ("thread_id") do update set "messages_json" = $5, "updated_at" = $6
2026-09-07 12:14:08.348 UTC [1102] LOG:  statement: commit
2026-09-07 12:14:08.486 UTC [1102] LOG:  statement: begin
2026-09-07 12:14:08.488 UTC [1102] LOG:  execute <unnamed>: select set_config('app.organization_id', $1, true)
2026-09-07 12:14:08.490 UTC [1102] LOG:  execute <unnamed>: insert into "chat_threads" ("thread_id", "org_id", "messages_json", "updated_at") values ($1, $2, $3, $4) on conflict ("thread_id") do update set "messages_json" = $5, "updated_at" = $6
2026-09-07 12:14:08.491 UTC [1102] LOG:  statement: commit
2026-09-07 12:14:08.506 UTC [1102] LOG:  statement: begin
2026-09-07 12:14:08.507 UTC [1102] LOG:  execute <unnamed>: select set_config('app.organization_id', $1, true)
2026-09-07 12:14:08.509 UTC [1102] LOG:  execute <unnamed>: update "chat_runs" set "status" = $1, "finished_at" = $2, "usage_json" = $3 where "chat_runs"."run_id" = $4
2026-09-07 12:14:08.511 UTC [1102] LOG:  statement: commit
2026-09-07 12:14:08.512 UTC [1102] LOG:  statement: begin
2026-09-07 12:14:08.513 UTC [1102] LOG:  execute <unnamed>: select set_config('app.organization_id', $1, true)
2026-09-07 12:14:08.515 UTC [1102] LOG:  execute <unnamed>: select "messages_json" from "chat_threads" where "chat_threads"."thread_id" = $1 limit $2
2026-09-07 12:14:08.516 UTC [1102] LOG:  statement: commit
2026-09-07 12:14:08.519 UTC [1102] LOG:  statement: begin
2026-09-07 12:14:08.520 UTC [1102] LOG:  execute <unnamed>: select set_config('app.organization_id', $1, true)
2026-09-07 12:14:08.521 UTC [1102] LOG:  execute <unnamed>: select "run_id", "thread_id", "org_id", "status", "started_at", "finished_at", "error", "error_code", "usage_json", "sandbox_key", "detached_since", "cancel_requested", "driver_epoch" from "chat_runs" where (("chat_runs"."thread_id" = $1) and ("chat_runs"."status" = $2)) order by "chat_runs"."started_at" desc limit $3
2026-09-07 12:14:08.522 UTC [1102] LOG:  statement: commit
2026-09-07 12:14:08.525 UTC [1102] LOG:  statement: begin
2026-09-07 12:14:08.526 UTC [1102] LOG:  execute <unnamed>: select set_config('app.organization_id', $1, true)
2026-09-07 12:14:08.528 UTC [1102] LOG:  execute <unnamed>: select "d0"."id" as "id", "d0"."org_id" as "orgId", "d0"."user_id" as "userId", "d0"."workspace_id" as "workspaceId", "d0"."name" as "name", "d0"."source" as "source", "d0"."last_branch" as "lastBranch", "d0"."last_chat_pr_number" as "lastChatPrNumber", "d0"."last_message_at" as "lastMessageAt", "d0"."created_at" as "createdAt", "d0"."updated_at" as "updatedAt" from "conversations" as "d0" where (("d0"."id" = $1) and ("d0"."org_id" = $2) and ("d0"."user_id" = $3)) limit $4
2026-09-07 12:14:08.529 UTC [1102] LOG:  statement: commit
2026-09-07 12:14:08.538 UTC [1102] LOG:  execute <unnamed>: select "id", "expires_at", "token", "created_at", "updated_at", "ip_address", "user_agent", "user_id", "active_organization_id" from "sessions" where "sessions"."token" = $1
2026-09-07 12:14:08.540 UTC [1102] LOG:  execute <unnamed>: select "id", "name", "email", "email_verified", "image", "created_at", "updated_at", "two_factor_enabled", "onboarding_completed_at" from "users" where "users"."id" = $1
2026-09-07 12:14:08.541 UTC [1102] LOG:  execute <unnamed>: select "id", "public_key", "private_key", "created_at", "expires_at" from "jwkss" limit $1
2026-09-07 12:14:08.543 UTC [1102] LOG:  execute <unnamed>: select "id", "expires_at", "token", "created_at", "updated_at", "ip_address", "user_agent", "user_id", "active_organization_id" from "sessions" where "sessions"."token" = $1
2026-09-07 12:14:08.548 UTC [1102] LOG:  execute <unnamed>: select "id", "name", "email", "email_verified", "image", "created_at", "updated_at", "two_factor_enabled", "onboarding_completed_at" from "users" where "users"."id" = $1
2026-09-07 12:14:08.549 UTC [1102] LOG:  execute <unnamed>: select "id", "public_key", "private_key", "created_at", "expires_at" from "jwkss" limit $1
2026-09-07 12:14:08.552 UTC [1102] LOG:  execute <unnamed>: select "organizations"."id" from "organizations" inner join "members" on (("members"."organization_id" = "organizations"."id") and ("members"."user_id" = $1)) where "organizations"."slug" = $2 limit $3
2026-09-07 12:14:08.553 UTC [1102] LOG:  statement: begin
2026-09-07 12:14:08.554 UTC [1102] LOG:  execute <unnamed>: select set_config('app.organization_id', $1, true)
2026-09-07 12:14:08.556 UTC [1102] LOG:  execute <unnamed>: select "d0"."id" as "id", "d0"."org_id" as "orgId", "d0"."user_id" as "userId", "d0"."workspace_id" as "workspaceId", "d0"."name" as "name", "d0"."source" as "source", "d0"."last_branch" as "lastBranch", "d0"."last_chat_pr_number" as "lastChatPrNumber", "d0"."last_message_at" as "lastMessageAt", "d0"."created_at" as "createdAt", "d0"."updated_at" as "updatedAt" from "conversations" as "d0" where (("d0"."id" = $1) and ("d0"."org_id" = $2) and ("d0"."user_id" = $3)) limit $4
2026-09-07 12:14:08.557 UTC [1102] LOG:  statement: commit
2026-09-07 12:14:08.558 UTC [1102] LOG:  statement: begin
2026-09-07 12:14:08.559 UTC [1102] LOG:  execute <unnamed>: select set_config('app.organization_id', $1, true)
2026-09-07 12:14:08.561 UTC [1102] LOG:  execute <unnamed>: select "messages_json" from "chat_threads" where "chat_threads"."thread_id" = $1 limit $2
2026-09-07 12:14:08.562 UTC [1102] LOG:  statement: commit
2026-09-07 12:14:08.563 UTC [1102] LOG:  statement: begin
2026-09-07 12:14:08.564 UTC [1102] LOG:  execute <unnamed>: select set_config('app.organization_id', $1, true)
2026-09-07 12:14:08.568 UTC [1102] LOG:  execute <unnamed>: select "id", "org_id", "slug", "display_name", "workspace_repository_url", "github_connection_id", "desired_generation", "desired_sha", "active_projection_url", "active_projection_sha", "indexed_sha", "write_status", "hydrate_status", "hydrate_error", "last_job_at", "hydrate_phases", "read_only_reason", "created_at", "updated_at" from "workspaces" where (("workspaces"."org_id" = $1) and ("workspaces"."id" = $2)) limit $3
2026-09-07 12:14:08.569 UTC [1102] LOG:  statement: commit
2026-09-07 12:14:08.624 UTC [1102] LOG:  execute <unnamed>: select "id", "expires_at", "token", "created_at", "updated_at", "ip_address", "user_agent", "user_id", "active_organization_id" from "sessions" where "sessions"."token" = $1
2026-09-07 12:14:08.627 UTC [1102] LOG:  execute <unnamed>: select "id", "name", "email", "email_verified", "image", "created_at", "updated_at", "two_factor_enabled", "onboarding_completed_at" from "users" where "users"."id" = $1
2026-09-07 12:14:08.629 UTC [1102] LOG:  execute <unnamed>: select "id", "public_key", "private_key", "created_at", "expires_at" from "jwkss" limit $1
2026-09-07 12:14:08.631 UTC [1102] LOG:  execute <unnamed>: select "id", "expires_at", "token", "created_at", "updated_at", "ip_address", "user_agent", "user_id", "active_organization_id" from "sessions" where "sessions"."token" = $1
2026-09-07 12:14:08.634 UTC [1102] LOG:  execute <unnamed>: select "id", "name", "email", "email_verified", "image", "created_at", "updated_at", "two_factor_enabled", "onboarding_completed_at" from "users" where "users"."id" = $1
2026-09-07 12:14:08.636 UTC [1102] LOG:  execute <unnamed>: select "id", "public_key", "private_key", "created_at", "expires_at" from "jwkss" limit $1
2026-09-07 12:14:08.637 UTC [1102] LOG:  execute <unnamed>: select "organizations"."id" from "organizations" inner join "members" on (("members"."organization_id" = "organizations"."id") and ("members"."user_id" = $1)) where "organizations"."slug" = $2 limit $3
2026-09-07 12:14:08.639 UTC [1102] LOG:  statement: begin
2026-09-07 12:14:08.640 UTC [1102] LOG:  execute <unnamed>: select set_config('app.organization_id', $1, true)
2026-09-07 12:14:08.642 UTC [1102] LOG:  execute <unnamed>: select "id", "org_id", "slug", "display_name", "workspace_repository_url", "github_connection_id", "desired_generation", "desired_sha", "active_projection_url", "active_projection_sha", "indexed_sha", "write_status", "hydrate_status", "hydrate_error", "last_job_at", "hydrate_phases", "read_only_reason", "created_at", "updated_at" from "workspaces" where (("workspaces"."org_id" = $1) and ("workspaces"."slug" = $2)) limit $3
2026-09-07 12:14:08.643 UTC [1102] LOG:  statement: commit
2026-09-07 12:14:08.644 UTC [1102] LOG:  statement: begin
2026-09-07 12:14:08.645 UTC [1102] LOG:  execute <unnamed>: select set_config('app.organization_id', $1, true)
2026-09-07 12:14:08.646 UTC [1102] LOG:  execute <unnamed>: select "id", "org_id", "slug", "display_name", "workspace_repository_url", "github_connection_id", "desired_generation", "desired_sha", "active_projection_url", "active_projection_sha", "indexed_sha", "write_status", "hydrate_status", "hydrate_error", "last_job_at", "hydrate_phases", "read_only_reason", "created_at", "updated_at" from "workspaces" where (("workspaces"."org_id" = $1) and ("workspaces"."id" = $2)) limit $3
2026-09-07 12:14:08.648 UTC [1102] LOG:  execute <unnamed>: select "id", "org_id", "workspace_id", "git_url", "desired_ref", "desired_sha", "indexed_sha", "created_at" from "workspace_linked_repositories" where "workspace_linked_repositories"."workspace_id" = $1 order by "workspace_linked_repositories"."created_at"
2026-09-07 12:14:08.649 UTC [1102] LOG:  statement: commit
2026-09-07 12:14:08.650 UTC [1102] LOG:  statement: begin
2026-09-07 12:14:08.651 UTC [1102] LOG:  execute <unnamed>: select set_config('app.organization_id', $1, true)
2026-09-07 12:14:08.652 UTC [1102] LOG:  execute <unnamed>: select "commit_sha" from "workspace_write_jobs" where (("workspace_write_jobs"."workspace_id" = $1) and ("workspace_write_jobs"."kind" = $2) and (("workspace_write_jobs"."commit_sha" is not null))) order by "workspace_write_jobs"."created_at" asc limit $3
2026-09-07 12:14:08.655 UTC [1102] LOG:  statement: commit
2026-09-07 12:14:08.659 UTC [1102] LOG:  execute <unnamed>: select "id", "expires_at", "token", "created_at", "updated_at", "ip_address", "user_agent", "user_id", "active_organization_id" from "sessions" where "sessions"."token" = $1
2026-09-07 12:14:08.660 UTC [1102] LOG:  execute <unnamed>: select "id", "name", "email", "email_verified", "image", "created_at", "updated_at", "two_factor_enabled", "onboarding_completed_at" from "users" where "users"."id" = $1
2026-09-07 12:14:08.661 UTC [1102] LOG:  execute <unnamed>: select "id", "public_key", "private_key", "created_at", "expires_at" from "jwkss" limit $1
2026-09-07 12:14:08.662 UTC [1102] LOG:  execute <unnamed>: select "id", "expires_at", "token", "created_at", "updated_at", "ip_address", "user_agent", "user_id", "active_organization_id" from "sessions" where "sessions"."token" = $1
2026-09-07 12:14:08.663 UTC [1102] LOG:  execute <unnamed>: select "id", "name", "email", "email_verified", "image", "created_at", "updated_at", "two_factor_enabled", "onboarding_completed_at" from "users" where "users"."id" = $1
2026-09-07 12:14:08.664 UTC [1102] LOG:  execute <unnamed>: select "id", "public_key", "private_key", "created_at", "expires_at" from "jwkss" limit $1
2026-09-07 12:14:08.665 UTC [1102] LOG:  execute <unnamed>: select "organizations"."id" from "organizations" inner join "members" on (("members"."organization_id" = "organizations"."id") and ("members"."user_id" = $1)) where "organizations"."slug" = $2 limit $3
2026-09-07 12:14:08.666 UTC [1102] LOG:  statement: begin
2026-09-07 12:14:08.666 UTC [1102] LOG:  execute <unnamed>: select set_config('app.organization_id', $1, true)
2026-09-07 12:14:08.667 UTC [1102] LOG:  execute <unnamed>: select "id" from "workspaces" where (("workspaces"."id" = $1) and ("workspaces"."org_id" = $2)) limit $3
2026-09-07 12:14:08.667 UTC [1102] LOG:  execute <unnamed>: select "id", "org_id", "user_id", "workspace_id", "name", "source", "last_branch", "last_chat_pr_number", "last_message_at", "created_at", "updated_at" from "conversations" where (("conversations"."id" = $1) and ("conversations"."org_id" = $2) and ("conversations"."user_id" = $3)) limit $4
2026-09-07 12:14:08.668 UTC [1102] LOG:  statement: commit
2026-09-07 12:14:08.668 UTC [1102] LOG:  statement: begin
2026-09-07 12:14:08.669 UTC [1102] LOG:  execute <unnamed>: select set_config('app.organization_id', $1, true)
2026-09-07 12:14:08.669 UTC [1102] LOG:  execute <unnamed>: select "id", "org_id", "slug", "display_name", "workspace_repository_url", "github_connection_id", "desired_generation", "desired_sha", "active_projection_url", "active_projection_sha", "indexed_sha", "write_status", "hydrate_status", "hydrate_error", "last_job_at", "hydrate_phases", "read_only_reason", "created_at", "updated_at" from "workspaces" where (("workspaces"."org_id" = $1) and ("workspaces"."id" = $2)) limit $3
2026-09-07 12:14:08.669 UTC [1102] LOG:  statement: commit
2026-09-07 12:14:08.670 UTC [1102] LOG:  statement: begin
2026-09-07 12:14:08.671 UTC [1102] LOG:  execute <unnamed>: select set_config('app.organization_id', $1, true)
2026-09-07 12:14:08.671 UTC [1102] LOG:  execute <unnamed>: update "conversations" set "last_branch" = $1, "updated_at" = $2 where (("conversations"."id" = $3) and ("conversations"."org_id" = $4) and ("conversations"."user_id" = $5))
2026-09-07 12:14:08.671 UTC [1102] LOG:  statement: commit
2026-09-07 12:14:08.672 UTC [1102] LOG:  statement: begin
2026-09-07 12:14:08.673 UTC [1102] LOG:  execute <unnamed>: select set_config('app.organization_id', $1, true)
2026-09-07 12:14:08.673 UTC [1102] LOG:  execute <unnamed>: select "id", "kind", "org_id", "workspace_id", "conversation_id", "desired_url", "desired_generation", "desired_sha", "provider", "provider_sandbox_id", "latest_snapshot_id", "latest_run_id", "state", "last_heartbeat_at", "created_at", "updated_at" from "workspace_sandbox_instances" where (("workspace_sandbox_instances"."conversation_id" = $1) and ("workspace_sandbox_instances"."kind" = $2))
2026-09-07 12:14:08.674 UTC [1102] LOG:  statement: commit
2026-09-07 12:14:08.674 UTC [1102] LOG:  statement: begin
2026-09-07 12:14:08.674 UTC [1102] LOG:  execute <unnamed>: select set_config('app.organization_id', $1, true)
2026-09-07 12:14:08.677 UTC [1102] LOG:  execute <unnamed>: select "id", "kind", "org_id", "workspace_id", "conversation_id", "desired_url", "desired_generation", "desired_sha", "provider", "provider_sandbox_id", "latest_snapshot_id", "latest_run_id", "state", "last_heartbeat_at", "created_at", "updated_at" from "workspace_sandbox_instances" where (("workspace_sandbox_instances"."conversation_id" = $1) and ("workspace_sandbox_instances"."kind" = $2))
2026-09-07 12:14:08.678 UTC [1102] LOG:  statement: commit
2026-09-07 12:14:08.678 UTC [1102] LOG:  statement: begin
2026-09-07 12:14:08.678 UTC [1102] LOG:  execute <unnamed>: select set_config('app.organization_id', $1, true)
2026-09-07 12:14:08.679 UTC [1102] LOG:  execute <unnamed>: select "id", "kind", "org_id", "workspace_id", "conversation_id", "desired_url", "desired_generation", "desired_sha", "provider", "provider_sandbox_id", "latest_snapshot_id", "latest_run_id", "state", "last_heartbeat_at", "created_at", "updated_at" from "workspace_sandbox_instances" where (("workspace_sandbox_instances"."id" = $1) and ("workspace_sandbox_instances"."org_id" = $2)) limit $3
2026-09-07 12:14:08.679 UTC [1102] LOG:  statement: commit
2026-09-07 12:14:08.684 UTC [1102] LOG:  statement: begin
2026-09-07 12:14:08.684 UTC [1102] LOG:  execute <unnamed>: select set_config('app.organization_id', $1, true)
2026-09-07 12:14:08.685 UTC [1102] LOG:  execute <unnamed>: delete from "workspace_sandbox_instances" where (("workspace_sandbox_instances"."id" = $1) and ("workspace_sandbox_instances"."org_id" = $2))
2026-09-07 12:14:08.685 UTC [1102] LOG:  statement: commit
2026-09-07 12:14:08.686 UTC [1102] LOG:  execute <unnamed>: select "slug" from "organizations" where "organizations"."id" = $1 limit $2
2026-09-07 12:14:08.687 UTC [1102] LOG:  statement: begin
2026-09-07 12:14:08.687 UTC [1102] LOG:  execute <unnamed>: select set_config('app.organization_id', $1, true)
2026-09-07 12:14:08.688 UTC [1102] LOG:  execute <unnamed>: select "id", "kind", "org_id", "workspace_id", "conversation_id", "desired_url", "desired_generation", "desired_sha", "provider", "provider_sandbox_id", "latest_snapshot_id", "latest_run_id", "state", "last_heartbeat_at", "created_at", "updated_at" from "workspace_sandbox_instances" where (("workspace_sandbox_instances"."id" = $1) and ("workspace_sandbox_instances"."org_id" = $2)) limit $3
2026-09-07 12:14:08.688 UTC [1102] LOG:  statement: commit
2026-09-07 12:14:08.688 UTC [1102] LOG:  statement: begin
2026-09-07 12:14:08.688 UTC [1102] LOG:  execute <unnamed>: select set_config('app.organization_id', $1, true)
2026-09-07 12:14:08.689 UTC [1102] LOG:  execute <unnamed>: select "id", "kind", "org_id", "workspace_id", "conversation_id", "desired_url", "desired_generation", "desired_sha", "provider", "provider_sandbox_id", "latest_snapshot_id", "latest_run_id", "state", "last_heartbeat_at", "created_at", "updated_at" from "workspace_sandbox_instances" where (("workspace_sandbox_instances"."conversation_id" = $1) and ("workspace_sandbox_instances"."kind" = $2) and ("workspace_sandbox_instances"."state" = $3))
2026-09-07 12:14:08.689 UTC [1102] LOG:  statement: commit
2026-09-07 12:14:08.841 UTC [1102] LOG:  statement: begin
2026-09-07 12:14:08.842 UTC [1102] LOG:  execute <unnamed>: select set_config('app.organization_id', $1, true)
2026-09-07 12:14:08.843 UTC [1102] LOG:  statement: savepoint sp1
2026-09-07 12:14:08.844 UTC [1102] LOG:  execute <unnamed>: select "id", "kind", "org_id", "workspace_id", "conversation_id", "desired_url", "desired_generation", "desired_sha", "provider", "provider_sandbox_id", "latest_snapshot_id", "latest_run_id", "state", "last_heartbeat_at", "created_at", "updated_at" from "workspace_sandbox_instances" where (("workspace_sandbox_instances"."org_id" = $1) and ("workspace_sandbox_instances"."kind" = $2) and ("workspace_sandbox_instances"."conversation_id" = $3) and ((("workspace_sandbox_instances"."state" = $4) or ("workspace_sandbox_instances"."state" = $5)))) order by ("workspace_sandbox_instances"."provider_sandbox_id" is not null) desc, "workspace_sandbox_instances"."created_at" asc, "workspace_sandbox_instances"."id" asc limit $6
2026-09-07 12:14:08.846 UTC [1102] LOG:  execute <unnamed>: insert into "workspace_sandbox_instances" ("id", "kind", "org_id", "workspace_id", "conversation_id", "desired_url", "desired_generation", "desired_sha", "provider", "provider_sandbox_id", "latest_snapshot_id", "latest_run_id", "state", "last_heartbeat_at", "created_at", "updated_at") values ($1, $2, $3, $4, $5, $6, $7, $8, $9, $10, $11, $12, $13, $14, $15, $16) on conflict ("id") do update set "kind" = $17, "conversation_id" = $18, "desired_url" = $19, "desired_generation" = $20, "desired_sha" = $21, "provider" = $22, "provider_sandbox_id" = $23, "latest_snapshot_id" = $24, "latest_run_id" = $25, "state" = $26, "last_heartbeat_at" = $27, "updated_at" = $28
2026-09-07 12:14:08.847 UTC [1102] LOG:  statement: release savepoint sp1
2026-09-07 12:14:08.848 UTC [1102] LOG:  statement: commit
2026-09-07 12:14:08.869 UTC [1102] LOG:  statement: begin
2026-09-07 12:14:08.870 UTC [1102] LOG:  execute <unnamed>: select set_config('app.organization_id', $1, true)
2026-09-07 12:14:08.871 UTC [1102] LOG:  execute <unnamed>: update "conversations" set "last_branch" = $1, "updated_at" = $2 where (("conversations"."id" = $3) and ("conversations"."org_id" = $4) and ("conversations"."user_id" = $5))
2026-09-07 12:14:08.872 UTC [1102] LOG:  statement: commit
2026-09-07 12:14:08.874 UTC [1102] LOG:  statement: begin
2026-09-07 12:14:08.875 UTC [1102] LOG:  execute <unnamed>: select set_config('app.organization_id', $1, true)
2026-09-07 12:14:08.877 UTC [1102] LOG:  execute <unnamed>: select "id", "kind", "org_id", "workspace_id", "conversation_id", "desired_url", "desired_generation", "desired_sha", "provider", "provider_sandbox_id", "latest_snapshot_id", "latest_run_id", "state", "last_heartbeat_at", "created_at", "updated_at" from "workspace_sandbox_instances" where (("workspace_sandbox_instances"."conversation_id" = $1) and ("workspace_sandbox_instances"."kind" = $2))
2026-09-07 12:14:08.878 UTC [1102] LOG:  statement: commit
2026-09-07 12:14:08.881 UTC [1102] LOG:  execute <unnamed>: select "id", "expires_at", "token", "created_at", "updated_at", "ip_address", "user_agent", "user_id", "active_organization_id" from "sessions" where "sessions"."token" = $1
2026-09-07 12:14:08.882 UTC [1102] LOG:  execute <unnamed>: select "id", "name", "email", "email_verified", "image", "created_at", "updated_at", "two_factor_enabled", "onboarding_completed_at" from "users" where "users"."id" = $1
2026-09-07 12:14:08.883 UTC [1102] LOG:  execute <unnamed>: select "id", "public_key", "private_key", "created_at", "expires_at" from "jwkss" limit $1
2026-09-07 12:14:08.885 UTC [1102] LOG:  execute <unnamed>: select "id", "expires_at", "token", "created_at", "updated_at", "ip_address", "user_agent", "user_id", "active_organization_id" from "sessions" where "sessions"."token" = $1
2026-09-07 12:14:08.886 UTC [1102] LOG:  execute <unnamed>: select "id", "name", "email", "email_verified", "image", "created_at", "updated_at", "two_factor_enabled", "onboarding_completed_at" from "users" where "users"."id" = $1
2026-09-07 12:14:08.887 UTC [1102] LOG:  execute <unnamed>: select "id", "public_key", "private_key", "created_at", "expires_at" from "jwkss" limit $1
2026-09-07 12:14:08.888 UTC [1102] LOG:  execute <unnamed>: select "organizations"."id" from "organizations" inner join "members" on (("members"."organization_id" = "organizations"."id") and ("members"."user_id" = $1)) where "organizations"."slug" = $2 limit $3
2026-09-07 12:14:08.890 UTC [1102] LOG:  statement: begin
2026-09-07 12:14:08.891 UTC [1102] LOG:  execute <unnamed>: select set_config('app.organization_id', $1, true)
2026-09-07 12:14:08.892 UTC [1102] LOG:  execute <unnamed>: select "id" from "workspaces" where (("workspaces"."id" = $1) and ("workspaces"."org_id" = $2)) limit $3
2026-09-07 12:14:08.893 UTC [1102] LOG:  execute <unnamed>: select "id", "org_id", "user_id", "workspace_id", "name", "source", "last_branch", "last_chat_pr_number", "last_message_at", "created_at", "updated_at" from "conversations" where (("conversations"."id" = $1) and ("conversations"."org_id" = $2) and ("conversations"."user_id" = $3)) limit $4
2026-09-07 12:14:08.894 UTC [1102] LOG:  statement: commit
2026-09-07 12:14:08.894 UTC [1102] LOG:  statement: begin
2026-09-07 12:14:08.895 UTC [1102] LOG:  execute <unnamed>: select set_config('app.organization_id', $1, true)
2026-09-07 12:14:08.896 UTC [1102] LOG:  execute <unnamed>: select "id", "org_id", "slug", "display_name", "workspace_repository_url", "github_connection_id", "desired_generation", "desired_sha", "active_projection_url", "active_projection_sha", "indexed_sha", "write_status", "hydrate_status", "hydrate_error", "last_job_at", "hydrate_phases", "read_only_reason", "created_at", "updated_at" from "workspaces" where (("workspaces"."org_id" = $1) and ("workspaces"."id" = $2)) limit $3
2026-09-07 12:14:08.897 UTC [1102] LOG:  statement: commit
2026-09-07 12:14:08.898 UTC [1102] LOG:  statement: begin
2026-09-07 12:14:08.901 UTC [1102] LOG:  execute <unnamed>: select set_config('app.organization_id', $1, true)
2026-09-07 12:14:08.902 UTC [1102] LOG:  execute <unnamed>: update "conversations" set "last_branch" = $1, "updated_at" = $2 where (("conversations"."id" = $3) and ("conversations"."org_id" = $4) and ("conversations"."user_id" = $5))
2026-09-07 12:14:08.903 UTC [1102] LOG:  statement: commit
2026-09-07 12:14:08.904 UTC [1102] LOG:  statement: begin
2026-09-07 12:14:08.904 UTC [1102] LOG:  execute <unnamed>: select set_config('app.organization_id', $1, true)
2026-09-07 12:14:08.906 UTC [1102] LOG:  execute <unnamed>: update "conversations" set "last_message_at" = $1, "updated_at" = $2 where (("conversations"."id" = $3) and ("conversations"."org_id" = $4) and ("conversations"."user_id" = $5))
2026-09-07 12:14:08.907 UTC [1102] LOG:  statement: commit
2026-09-07 12:14:08.908 UTC [1102] LOG:  statement: begin
2026-09-07 12:14:08.909 UTC [1102] LOG:  execute <unnamed>: select set_config('app.organization_id', $1, true)
2026-09-07 12:14:08.910 UTC [1102] LOG:  execute <unnamed>: select "id", "kind", "org_id", "workspace_id", "conversation_id", "desired_url", "desired_generation", "desired_sha", "provider", "provider_sandbox_id", "latest_snapshot_id", "latest_run_id", "state", "last_heartbeat_at", "created_at", "updated_at" from "workspace_sandbox_instances" where (("workspace_sandbox_instances"."conversation_id" = $1) and ("workspace_sandbox_instances"."kind" = $2))
2026-09-07 12:14:08.911 UTC [1102] LOG:  statement: commit
2026-09-07 12:14:08.911 UTC [1102] LOG:  statement: begin
2026-09-07 12:14:08.912 UTC [1102] LOG:  execute <unnamed>: select set_config('app.organization_id', $1, true)
2026-09-07 12:14:08.913 UTC [1102] LOG:  execute <unnamed>: select "id", "kind", "org_id", "workspace_id", "conversation_id", "desired_url", "desired_generation", "desired_sha", "provider", "provider_sandbox_id", "latest_snapshot_id", "latest_run_id", "state", "last_heartbeat_at", "created_at", "updated_at" from "workspace_sandbox_instances" where (("workspace_sandbox_instances"."conversation_id" = $1) and ("workspace_sandbox_instances"."kind" = $2))
2026-09-07 12:14:08.914 UTC [1102] LOG:  statement: commit
2026-09-07 12:14:08.915 UTC [1102] LOG:  statement: begin
2026-09-07 12:14:08.916 UTC [1102] LOG:  execute <unnamed>: select set_config('app.organization_id', $1, true)
2026-09-07 12:14:08.917 UTC [1102] LOG:  execute <unnamed>: select "id", "kind", "org_id", "workspace_id", "conversation_id", "desired_url", "desired_generation", "desired_sha", "provider", "provider_sandbox_id", "latest_snapshot_id", "latest_run_id", "state", "last_heartbeat_at", "created_at", "updated_at" from "workspace_sandbox_instances" where (("workspace_sandbox_instances"."id" = $1) and ("workspace_sandbox_instances"."org_id" = $2)) limit $3
2026-09-07 12:14:08.918 UTC [1102] LOG:  statement: commit
2026-09-07 12:14:08.918 UTC [1102] LOG:  statement: begin
2026-09-07 12:14:08.919 UTC [1102] LOG:  execute <unnamed>: select set_config('app.organization_id', $1, true)
2026-09-07 12:14:08.921 UTC [1102] LOG:  execute <unnamed>: delete from "workspace_sandbox_instances" where (("workspace_sandbox_instances"."id" = $1) and ("workspace_sandbox_instances"."org_id" = $2))
2026-09-07 12:14:08.922 UTC [1102] LOG:  statement: commit
2026-09-07 12:14:08.927 UTC [1102] LOG:  statement: begin
2026-09-07 12:14:08.927 UTC [1102] LOG:  execute <unnamed>: select set_config('app.organization_id', $1, true)
2026-09-07 12:14:08.928 UTC [1102] LOG:  execute <unnamed>: select "id", "org_id", "slug", "display_name", "workspace_repository_url", "github_connection_id", "desired_generation", "desired_sha", "active_projection_url", "active_projection_sha", "indexed_sha", "write_status", "hydrate_status", "hydrate_error", "last_job_at", "hydrate_phases", "read_only_reason", "created_at", "updated_at" from "workspaces" where (("workspaces"."org_id" = $1) and ("workspaces"."id" = $2)) limit $3
2026-09-07 12:14:08.928 UTC [1102] LOG:  statement: commit
2026-09-07 12:14:08.928 UTC [1102] LOG:  statement: begin
2026-09-07 12:14:08.928 UTC [1102] LOG:  execute <unnamed>: select set_config('app.organization_id', $1, true)
2026-09-07 12:14:08.929 UTC [1102] LOG:  execute <unnamed>: select "id", "org_id", "slug", "display_name", "workspace_repository_url", "github_connection_id", "desired_generation", "desired_sha", "active_projection_url", "active_projection_sha", "indexed_sha", "write_status", "hydrate_status", "hydrate_error", "last_job_at", "hydrate_phases", "read_only_reason", "created_at", "updated_at" from "workspaces" where (("workspaces"."org_id" = $1) and ("workspaces"."id" = $2)) limit $3
2026-09-07 12:14:08.929 UTC [1102] LOG:  execute <unnamed>: select "id", "org_id", "slug", "display_name", "workspace_repository_url", "github_connection_id", "desired_generation", "desired_sha", "active_projection_url", "active_projection_sha", "indexed_sha", "write_status", "hydrate_status", "hydrate_error", "last_job_at", "hydrate_phases", "read_only_reason", "created_at", "updated_at" from "workspaces" where (("workspaces"."org_id" = $1) and ("workspaces"."id" = $2)) limit $3
2026-09-07 12:14:08.930 UTC [1102] LOG:  execute <unnamed>: select "id", "org_id", "workspace_id", "git_url", "desired_ref", "desired_sha", "indexed_sha", "created_at" from "workspace_linked_repositories" where "workspace_linked_repositories"."workspace_id" = $1 order by "workspace_linked_repositories"."created_at"
2026-09-07 12:14:08.930 UTC [1102] LOG:  execute <unnamed>: select "id", "git_url" from "repositories" where "repositories"."org_id" = $1
2026-09-07 12:14:08.930 UTC [1102] LOG:  statement: commit
2026-09-07 12:14:08.932 UTC [1102] LOG:  statement: begin
2026-09-07 12:14:08.932 UTC [1103] LOG:  statement: begin
2026-09-07 12:14:08.933 UTC [1102] LOG:  execute <unnamed>: select set_config('app.organization_id', $1, true)
2026-09-07 12:14:08.933 UTC [1103] LOG:  execute <unnamed>: select set_config('app.organization_id', $1, true)
2026-09-07 12:14:08.934 UTC [1102] LOG:  execute <unnamed>: select "id", "kind", "org_id", "workspace_id", "conversation_id", "desired_url", "desired_generation", "desired_sha", "provider", "provider_sandbox_id", "latest_snapshot_id", "latest_run_id", "state", "last_heartbeat_at", "created_at", "updated_at" from "workspace_sandbox_instances" where (("workspace_sandbox_instances"."conversation_id" = $1) and ("workspace_sandbox_instances"."kind" = $2))
2026-09-07 12:14:08.934 UTC [1102] LOG:  statement: commit
2026-09-07 12:14:08.934 UTC [1103] LOG:  execute <unnamed>: select "id", "kind", "org_id", "workspace_id", "conversation_id", "desired_url", "desired_generation", "desired_sha", "provider", "provider_sandbox_id", "latest_snapshot_id", "latest_run_id", "state", "last_heartbeat_at", "created_at", "updated_at" from "workspace_sandbox_instances" where (("workspace_sandbox_instances"."id" = $1) and ("workspace_sandbox_instances"."org_id" = $2)) limit $3
2026-09-07 12:14:08.935 UTC [1103] LOG:  statement: commit
2026-09-07 12:14:08.935 UTC [1103] LOG:  statement: begin
2026-09-07 12:14:08.935 UTC [1103] LOG:  execute <unnamed>: select set_config('app.organization_id', $1, true)
2026-09-07 12:14:08.936 UTC [1103] LOG:  execute <unnamed>: select "id", "kind", "org_id", "workspace_id", "conversation_id", "desired_url", "desired_generation", "desired_sha", "provider", "provider_sandbox_id", "latest_snapshot_id", "latest_run_id", "state", "last_heartbeat_at", "created_at", "updated_at" from "workspace_sandbox_instances" where (("workspace_sandbox_instances"."conversation_id" = $1) and ("workspace_sandbox_instances"."kind" = $2) and ("workspace_sandbox_instances"."state" = $3))
2026-09-07 12:14:08.936 UTC [1103] LOG:  statement: commit
2026-09-07 12:14:09.082 UTC [1103] LOG:  statement: begin
2026-09-07 12:14:09.083 UTC [1103] LOG:  execute <unnamed>: select set_config('app.organization_id', $1, true)
2026-09-07 12:14:09.084 UTC [1103] LOG:  statement: savepoint sp1
2026-09-07 12:14:09.085 UTC [1103] LOG:  execute <unnamed>: select "id", "kind", "org_id", "workspace_id", "conversation_id", "desired_url", "desired_generation", "desired_sha", "provider", "provider_sandbox_id", "latest_snapshot_id", "latest_run_id", "state", "last_heartbeat_at", "created_at", "updated_at" from "workspace_sandbox_instances" where (("workspace_sandbox_instances"."org_id" = $1) and ("workspace_sandbox_instances"."kind" = $2) and ("workspace_sandbox_instances"."conversation_id" = $3) and ((("workspace_sandbox_instances"."state" = $4) or ("workspace_sandbox_instances"."state" = $5)))) order by ("workspace_sandbox_instances"."provider_sandbox_id" is not null) desc, "workspace_sandbox_instances"."created_at" asc, "workspace_sandbox_instances"."id" asc limit $6
2026-09-07 12:14:09.087 UTC [1103] LOG:  execute <unnamed>: insert into "workspace_sandbox_instances" ("id", "kind", "org_id", "workspace_id", "conversation_id", "desired_url", "desired_generation", "desired_sha", "provider", "provider_sandbox_id", "latest_snapshot_id", "latest_run_id", "state", "last_heartbeat_at", "created_at", "updated_at") values ($1, $2, $3, $4, $5, $6, $7, $8, $9, $10, $11, $12, $13, $14, $15, $16) on conflict ("id") do update set "kind" = $17, "conversation_id" = $18, "desired_url" = $19, "desired_generation" = $20, "desired_sha" = $21, "provider" = $22, "provider_sandbox_id" = $23, "latest_snapshot_id" = $24, "latest_run_id" = $25, "state" = $26, "last_heartbeat_at" = $27, "updated_at" = $28
2026-09-07 12:14:09.088 UTC [1103] LOG:  statement: release savepoint sp1
2026-09-07 12:14:09.088 UTC [1103] LOG:  statement: commit
2026-09-07 12:14:09.129 UTC [1103] LOG:  statement: begin
2026-09-07 12:14:09.130 UTC [1103] LOG:  execute <unnamed>: select set_config('app.organization_id', $1, true)
2026-09-07 12:14:09.131 UTC [1103] LOG:  execute <unnamed>: select "interrupt_id", "run_id", "thread_id", "org_id", "status", "requested_at", "resolved_at", "payload_json", "response_json" from "chat_interrupts" where (("chat_interrupts"."thread_id" = $1) and ("chat_interrupts"."status" = $2)) order by "chat_interrupts"."requested_at" asc
2026-09-07 12:14:09.131 UTC [1103] LOG:  statement: commit
2026-09-07 12:14:09.132 UTC [1103] LOG:  statement: begin
2026-09-07 12:14:09.133 UTC [1103] LOG:  execute <unnamed>: select set_config('app.organization_id', $1, true)
2026-09-07 12:14:09.134 UTC [1103] LOG:  execute <unnamed>: select "run_id", "thread_id", "org_id", "status", "started_at", "finished_at", "error", "error_code", "usage_json", "sandbox_key", "detached_since", "cancel_requested", "driver_epoch" from "chat_runs" where "chat_runs"."run_id" = $1 limit $2
2026-09-07 12:14:09.134 UTC [1103] LOG:  statement: commit
2026-09-07 12:14:09.135 UTC [1103] LOG:  statement: begin
2026-09-07 12:14:09.136 UTC [1103] LOG:  execute <unnamed>: select set_config('app.organization_id', $1, true)
2026-09-07 12:14:09.136 UTC [1103] LOG:  execute <unnamed>: insert into "chat_runs" ("run_id", "thread_id", "org_id", "status", "started_at", "finished_at", "error", "error_code", "usage_json", "sandbox_key", "detached_since", "cancel_requested", "driver_epoch") values ($1, $2, $3, $4, $5, default, default, default, default, default, default, default, default) on conflict ("run_id") do nothing
2026-09-07 12:14:09.137 UTC [1103] LOG:  statement: commit
2026-09-07 12:14:09.138 UTC [1103] LOG:  statement: begin
2026-09-07 12:14:09.139 UTC [1103] LOG:  execute <unnamed>: select set_config('app.organization_id', $1, true)
2026-09-07 12:14:09.140 UTC [1103] LOG:  execute <unnamed>: select "run_id", "thread_id", "org_id", "status", "started_at", "finished_at", "error", "error_code", "usage_json", "sandbox_key", "detached_since", "cancel_requested", "driver_epoch" from "chat_runs" where "chat_runs"."run_id" = $1 limit $2
2026-09-07 12:14:09.142 UTC [1103] LOG:  statement: commit
2026-09-07 12:14:09.142 UTC [1103] LOG:  statement: begin
2026-09-07 12:14:09.143 UTC [1103] LOG:  execute <unnamed>: select set_config('app.organization_id', $1, true)
2026-09-07 12:14:09.144 UTC [1103] LOG:  execute <unnamed>: select "messages_json" from "chat_threads" where "chat_threads"."thread_id" = $1 limit $2
2026-09-07 12:14:09.144 UTC [1103] LOG:  statement: commit
2026-09-07 12:14:09.145 UTC [1103] LOG:  statement: begin
2026-09-07 12:14:09.145 UTC [1103] LOG:  execute <unnamed>: select set_config('app.organization_id', $1, true)
2026-09-07 12:14:09.146 UTC [1103] LOG:  execute <unnamed>: insert into "chat_threads" ("thread_id", "org_id", "messages_json", "updated_at") values ($1, $2, $3, $4) on conflict ("thread_id") do update set "messages_json" = $5, "updated_at" = $6
2026-09-07 12:14:09.146 UTC [1103] LOG:  statement: commit
2026-09-07 12:14:10.255 UTC [1103] LOG:  statement: begin
2026-09-07 12:14:10.257 UTC [1103] LOG:  execute <unnamed>: select set_config('app.organization_id', $1, true)
2026-09-07 12:14:10.258 UTC [1103] LOG:  execute <unnamed>: insert into "chat_threads" ("thread_id", "org_id", "messages_json", "updated_at") values ($1, $2, $3, $4) on conflict ("thread_id") do update set "messages_json" = $5, "updated_at" = $6
2026-09-07 12:14:10.259 UTC [1103] LOG:  statement: commit
2026-09-07 12:14:14.429 UTC [1103] LOG:  statement: begin
2026-09-07 12:14:14.430 UTC [1103] LOG:  execute <unnamed>: select set_config('app.organization_id', $1, true)
2026-09-07 12:14:14.432 UTC [1103] LOG:  execute <unnamed>: insert into "chat_threads" ("thread_id", "org_id", "messages_json", "updated_at") values ($1, $2, $3, $4) on conflict ("thread_id") do update set "messages_json" = $5, "updated_at" = $6
2026-09-07 12:14:14.433 UTC [1103] LOG:  statement: commit
2026-09-07 12:14:14.550 UTC [1103] LOG:  statement: begin
2026-09-07 12:14:14.551 UTC [1103] LOG:  execute <unnamed>: select set_config('app.organization_id', $1, true)
2026-09-07 12:14:14.553 UTC [1103] LOG:  execute <unnamed>: insert into "chat_threads" ("thread_id", "org_id", "messages_json", "updated_at") values ($1, $2, $3, $4) on conflict ("thread_id") do update set "messages_json" = $5, "updated_at" = $6
2026-09-07 12:14:14.553 UTC [1103] LOG:  statement: commit
2026-09-07 12:14:14.554 UTC [1103] LOG:  statement: begin
2026-09-07 12:14:14.555 UTC [1103] LOG:  execute <unnamed>: select set_config('app.organization_id', $1, true)
2026-09-07 12:14:14.556 UTC [1103] LOG:  execute <unnamed>: update "chat_runs" set "status" = $1, "finished_at" = $2, "usage_json" = $3 where "chat_runs"."run_id" = $4
2026-09-07 12:14:14.559 UTC [1103] LOG:  statement: commit
2026-09-07 12:14:14.560 UTC [1103] LOG:  statement: begin
2026-09-07 12:14:14.561 UTC [1103] LOG:  execute <unnamed>: select set_config('app.organization_id', $1, true)
2026-09-07 12:14:14.562 UTC [1103] LOG:  execute <unnamed>: select "messages_json" from "chat_threads" where "chat_threads"."thread_id" = $1 limit $2
2026-09-07 12:14:14.562 UTC [1103] LOG:  statement: commit
2026-09-07 12:14:14.565 UTC [1103] LOG:  statement: begin
2026-09-07 12:14:14.566 UTC [1103] LOG:  execute <unnamed>: select set_config('app.organization_id', $1, true)
2026-09-07 12:14:14.567 UTC [1103] LOG:  execute <unnamed>: select "run_id", "thread_id", "org_id", "status", "started_at", "finished_at", "error", "error_code", "usage_json", "sandbox_key", "detached_since", "cancel_requested", "driver_epoch" from "chat_runs" where (("chat_runs"."thread_id" = $1) and ("chat_runs"."status" = $2)) order by "chat_runs"."started_at" desc limit $3
2026-09-07 12:14:14.568 UTC [1103] LOG:  statement: commit
2026-09-07 12:14:14.569 UTC [1103] LOG:  statement: begin
2026-09-07 12:14:14.570 UTC [1103] LOG:  execute <unnamed>: select set_config('app.organization_id', $1, true)
2026-09-07 12:14:14.571 UTC [1103] LOG:  execute <unnamed>: select "d0"."id" as "id", "d0"."org_id" as "orgId", "d0"."user_id" as "userId", "d0"."workspace_id" as "workspaceId", "d0"."name" as "name", "d0"."source" as "source", "d0"."last_branch" as "lastBranch", "d0"."last_chat_pr_number" as "lastChatPrNumber", "d0"."last_message_at" as "lastMessageAt", "d0"."created_at" as "createdAt", "d0"."updated_at" as "updatedAt" from "conversations" as "d0" where (("d0"."id" = $1) and ("d0"."org_id" = $2) and ("d0"."user_id" = $3)) limit $4
2026-09-07 12:14:14.571 UTC [1103] LOG:  statement: commit
2026-09-07 12:14:14.581 UTC [1103] LOG:  execute <unnamed>: select "id", "expires_at", "token", "created_at", "updated_at", "ip_address", "user_agent", "user_id", "active_organization_id" from "sessions" where "sessions"."token" = $1
2026-09-07 12:14:14.582 UTC [1103] LOG:  execute <unnamed>: select "id", "name", "email", "email_verified", "image", "created_at", "updated_at", "two_factor_enabled", "onboarding_completed_at" from "users" where "users"."id" = $1
2026-09-07 12:14:14.584 UTC [1103] LOG:  execute <unnamed>: select "id", "public_key", "private_key", "created_at", "expires_at" from "jwkss" limit $1
2026-09-07 12:14:14.585 UTC [1103] LOG:  execute <unnamed>: select "id", "expires_at", "token", "created_at", "updated_at", "ip_address", "user_agent", "user_id", "active_organization_id" from "sessions" where "sessions"."token" = $1
2026-09-07 12:14:14.586 UTC [1103] LOG:  execute <unnamed>: select "id", "name", "email", "email_verified", "image", "created_at", "updated_at", "two_factor_enabled", "onboarding_completed_at" from "users" where "users"."id" = $1
2026-09-07 12:14:14.587 UTC [1103] LOG:  execute <unnamed>: select "id", "public_key", "private_key", "created_at", "expires_at" from "jwkss" limit $1
2026-09-07 12:14:14.588 UTC [1103] LOG:  execute <unnamed>: select "organizations"."id" from "organizations" inner join "members" on (("members"."organization_id" = "organizations"."id") and ("members"."user_id" = $1)) where "organizations"."slug" = $2 limit $3
2026-09-07 12:14:14.590 UTC [1103] LOG:  statement: begin
2026-09-07 12:14:14.591 UTC [1103] LOG:  execute <unnamed>: select set_config('app.organization_id', $1, true)
2026-09-07 12:14:14.592 UTC [1103] LOG:  execute <unnamed>: select "d0"."id" as "id", "d0"."org_id" as "orgId", "d0"."user_id" as "userId", "d0"."workspace_id" as "workspaceId", "d0"."name" as "name", "d0"."source" as "source", "d0"."last_branch" as "lastBranch", "d0"."last_chat_pr_number" as "lastChatPrNumber", "d0"."last_message_at" as "lastMessageAt", "d0"."created_at" as "createdAt", "d0"."updated_at" as "updatedAt" from "conversations" as "d0" where (("d0"."id" = $1) and ("d0"."org_id" = $2) and ("d0"."user_id" = $3)) limit $4
2026-09-07 12:14:14.593 UTC [1103] LOG:  statement: commit
2026-09-07 12:14:14.594 UTC [1103] LOG:  statement: begin
2026-09-07 12:14:14.594 UTC [1103] LOG:  execute <unnamed>: select set_config('app.organization_id', $1, true)
2026-09-07 12:14:14.595 UTC [1103] LOG:  execute <unnamed>: select "messages_json" from "chat_threads" where "chat_threads"."thread_id" = $1 limit $2
2026-09-07 12:14:14.595 UTC [1103] LOG:  statement: commit
2026-09-07 12:14:14.596 UTC [1103] LOG:  statement: begin
2026-09-07 12:14:14.596 UTC [1103] LOG:  execute <unnamed>: select set_config('app.organization_id', $1, true)
2026-09-07 12:14:14.598 UTC [1103] LOG:  execute <unnamed>: select "id", "org_id", "slug", "display_name", "workspace_repository_url", "github_connection_id", "desired_generation", "desired_sha", "active_projection_url", "active_projection_sha", "indexed_sha", "write_status", "hydrate_status", "hydrate_error", "last_job_at", "hydrate_phases", "read_only_reason", "created_at", "updated_at" from "workspaces" where (("workspaces"."org_id" = $1) and ("workspaces"."id" = $2)) limit $3
2026-09-07 12:14:14.600 UTC [1103] LOG:  statement: commit
2026-09-07 12:14:14.649 UTC [1103] LOG:  execute <unnamed>: select "id", "expires_at", "token", "created_at", "updated_at", "ip_address", "user_agent", "user_id", "active_organization_id" from "sessions" where "sessions"."token" = $1
2026-09-07 12:14:14.650 UTC [1103] LOG:  execute <unnamed>: select "id", "name", "email", "email_verified", "image", "created_at", "updated_at", "two_factor_enabled", "onboarding_completed_at" from "users" where "users"."id" = $1
2026-09-07 12:14:14.652 UTC [1103] LOG:  execute <unnamed>: select "id", "public_key", "private_key", "created_at", "expires_at" from "jwkss" limit $1
2026-09-07 12:14:14.653 UTC [1103] LOG:  execute <unnamed>: select "id", "expires_at", "token", "created_at", "updated_at", "ip_address", "user_agent", "user_id", "active_organization_id" from "sessions" where "sessions"."token" = $1
2026-09-07 12:14:14.654 UTC [1103] LOG:  execute <unnamed>: select "id", "name", "email", "email_verified", "image", "created_at", "updated_at", "two_factor_enabled", "onboarding_completed_at" from "users" where "users"."id" = $1
2026-09-07 12:14:14.655 UTC [1103] LOG:  execute <unnamed>: select "id", "public_key", "private_key", "created_at", "expires_at" from "jwkss" limit $1
2026-09-07 12:14:14.656 UTC [1103] LOG:  execute <unnamed>: select "organizations"."id" from "organizations" inner join "members" on (("members"."organization_id" = "organizations"."id") and ("members"."user_id" = $1)) where "organizations"."slug" = $2 limit $3
2026-09-07 12:14:14.659 UTC [1103] LOG:  statement: begin
2026-09-07 12:14:14.660 UTC [1103] LOG:  execute <unnamed>: select set_config('app.organization_id', $1, true)
2026-09-07 12:14:14.661 UTC [1103] LOG:  execute <unnamed>: select "d0"."id" as "id", "d0"."org_id" as "orgId", "d0"."user_id" as "userId", "d0"."workspace_id" as "workspaceId", "d0"."name" as "name", "d0"."source" as "source", "d0"."last_branch" as "lastBranch", "d0"."last_chat_pr_number" as "lastChatPrNumber", "d0"."last_message_at" as "lastMessageAt", "d0"."created_at" as "createdAt", "d0"."updated_at" as "updatedAt" from "conversations" as "d0" where (("d0"."id" = $1) and ("d0"."org_id" = $2) and ("d0"."user_id" = $3)) limit $4
2026-09-07 12:14:14.662 UTC [1103] LOG:  statement: commit
2026-09-07 12:14:14.662 UTC [1103] LOG:  statement: begin
2026-09-07 12:14:14.663 UTC [1103] LOG:  execute <unnamed>: select set_config('app.organization_id', $1, true)
2026-09-07 12:14:14.664 UTC [1103] LOG:  execute <unnamed>: select "id", "kind", "org_id", "workspace_id", "conversation_id", "desired_url", "desired_generation", "desired_sha", "provider", "provider_sandbox_id", "latest_snapshot_id", "latest_run_id", "state", "last_heartbeat_at", "created_at", "updated_at" from "workspace_sandbox_instances" where (("workspace_sandbox_instances"."conversation_id" = $1) and ("workspace_sandbox_instances"."kind" = $2))
2026-09-07 12:14:14.667 UTC [1103] LOG:  statement: commit
2026-09-07 12:14:14.668 UTC [1103] LOG:  statement: begin
2026-09-07 12:14:14.668 UTC [1103] LOG:  execute <unnamed>: select set_config('app.organization_id', $1, true)
2026-09-07 12:14:14.669 UTC [1103] LOG:  execute <unnamed>: select "id", "kind", "org_id", "workspace_id", "conversation_id", "desired_url", "desired_generation", "desired_sha", "provider", "provider_sandbox_id", "latest_snapshot_id", "latest_run_id", "state", "last_heartbeat_at", "created_at", "updated_at" from "workspace_sandbox_instances" where (("workspace_sandbox_instances"."id" = $1) and ("workspace_sandbox_instances"."org_id" = $2)) limit $3
2026-09-07 12:14:14.670 UTC [1103] LOG:  statement: commit
2026-09-07 12:14:14.674 UTC [1103] LOG:  statement: begin
2026-09-07 12:14:14.675 UTC [1103] LOG:  execute <unnamed>: select set_config('app.organization_id', $1, true)
2026-09-07 12:14:14.676 UTC [1103] LOG:  execute <unnamed>: delete from "workspace_sandbox_instances" where (("workspace_sandbox_instances"."id" = $1) and ("workspace_sandbox_instances"."org_id" = $2))
2026-09-07 12:14:14.677 UTC [1103] LOG:  statement: commit
2026-09-07 12:14:14.678 UTC [1103] LOG:  statement: begin
2026-09-07 12:14:14.679 UTC [1103] LOG:  execute <unnamed>: select set_config('app.organization_id', $1, true)
2026-09-07 12:14:14.680 UTC [1103] LOG:  execute <unnamed>: delete from "conversations" where (("conversations"."id" = $1) and ("conversations"."org_id" = $2) and ("conversations"."user_id" = $3)) returning "id"
2026-09-07 12:14:14.683 UTC [1103] LOG:  statement: commit
2026-09-07 12:14:14.689 UTC [1103] LOG:  execute <unnamed>: select "id", "expires_at", "token", "created_at", "updated_at", "ip_address", "user_agent", "user_id", "active_organization_id" from "sessions" where "sessions"."token" = $1
2026-09-07 12:14:14.690 UTC [1103] LOG:  execute <unnamed>: select "id", "name", "email", "email_verified", "image", "created_at", "updated_at", "two_factor_enabled", "onboarding_completed_at" from "users" where "users"."id" = $1
2026-09-07 12:14:14.692 UTC [1103] LOG:  execute <unnamed>: select "id", "public_key", "private_key", "created_at", "expires_at" from "jwkss" limit $1
2026-09-07 12:14:14.693 UTC [1103] LOG:  execute <unnamed>: select "id", "expires_at", "token", "created_at", "updated_at", "ip_address", "user_agent", "user_id", "active_organization_id" from "sessions" where "sessions"."token" = $1
2026-09-07 12:14:14.694 UTC [1103] LOG:  execute <unnamed>: select "id", "name", "email", "email_verified", "image", "created_at", "updated_at", "two_factor_enabled", "onboarding_completed_at" from "users" where "users"."id" = $1
2026-09-07 12:14:14.695 UTC [1103] LOG:  execute <unnamed>: select "id", "public_key", "private_key", "created_at", "expires_at" from "jwkss" limit $1
2026-09-07 12:14:14.696 UTC [1103] LOG:  execute <unnamed>: select "organizations"."id" from "organizations" inner join "members" on (("members"."organization_id" = "organizations"."id") and ("members"."user_id" = $1)) where "organizations"."slug" = $2 limit $3
2026-09-07 12:14:14.697 UTC [1103] LOG:  statement: begin
2026-09-07 12:14:14.698 UTC [1103] LOG:  execute <unnamed>: select set_config('app.organization_id', $1, true)
2026-09-07 12:14:14.699 UTC [1103] LOG:  execute <unnamed>: select "id", "org_id", "slug", "display_name", "workspace_repository_url", "github_connection_id", "desired_generation", "desired_sha", "active_projection_url", "active_projection_sha", "indexed_sha", "write_status", "hydrate_status", "hydrate_error", "last_job_at", "hydrate_phases", "read_only_reason", "created_at", "updated_at" from "workspaces" where (("workspaces"."org_id" = $1) and ("workspaces"."slug" = $2)) limit $3
2026-09-07 12:14:14.700 UTC [1103] LOG:  statement: commit
2026-09-07 12:14:14.701 UTC [1103] LOG:  statement: begin
2026-09-07 12:14:14.701 UTC [1103] LOG:  execute <unnamed>: select set_config('app.organization_id', $1, true)
2026-09-07 12:14:14.702 UTC [1103] LOG:  execute <unnamed>: select "id", "org_id", "slug", "display_name", "workspace_repository_url", "github_connection_id", "desired_generation", "desired_sha", "active_projection_url", "active_projection_sha", "indexed_sha", "write_status", "hydrate_status", "hydrate_error", "last_job_at", "hydrate_phases", "read_only_reason", "created_at", "updated_at" from "workspaces" where (("workspaces"."org_id" = $1) and ("workspaces"."id" = $2)) limit $3
2026-09-07 12:14:14.703 UTC [1103] LOG:  execute <unnamed>: select "id", "org_id", "workspace_id", "git_url", "desired_ref", "desired_sha", "indexed_sha", "created_at" from "workspace_linked_repositories" where "workspace_linked_repositories"."workspace_id" = $1 order by "workspace_linked_repositories"."created_at"
2026-09-07 12:14:14.704 UTC [1103] LOG:  statement: commit
2026-09-07 12:14:14.704 UTC [1103] LOG:  statement: begin
2026-09-07 12:14:14.705 UTC [1103] LOG:  execute <unnamed>: select set_config('app.organization_id', $1, true)
2026-09-07 12:14:14.706 UTC [1103] LOG:  execute <unnamed>: select "commit_sha" from "workspace_write_jobs" where (("workspace_write_jobs"."workspace_id" = $1) and ("workspace_write_jobs"."kind" = $2) and (("workspace_write_jobs"."commit_sha" is not null))) order by "workspace_write_jobs"."created_at" asc limit $3
2026-09-07 12:14:14.706 UTC [1103] LOG:  statement: commit
2026-09-07 12:14:14.711 UTC [1103] LOG:  execute <unnamed>: select "id", "expires_at", "token", "created_at", "updated_at", "ip_address", "user_agent", "user_id", "active_organization_id" from "sessions" where "sessions"."token" = $1
2026-09-07 12:14:14.712 UTC [1103] LOG:  execute <unnamed>: select "id", "name", "email", "email_verified", "image", "created_at", "updated_at", "two_factor_enabled", "onboarding_completed_at" from "users" where "users"."id" = $1
2026-09-07 12:14:14.712 UTC [1103] LOG:  execute <unnamed>: select "id", "public_key", "private_key", "created_at", "expires_at" from "jwkss" limit $1
2026-09-07 12:14:14.713 UTC [1103] LOG:  execute <unnamed>: select "id", "expires_at", "token", "created_at", "updated_at", "ip_address", "user_agent", "user_id", "active_organization_id" from "sessions" where "sessions"."token" = $1
2026-09-07 12:14:14.714 UTC [1103] LOG:  execute <unnamed>: select "id", "name", "email", "email_verified", "image", "created_at", "updated_at", "two_factor_enabled", "onboarding_completed_at" from "users" where "users"."id" = $1
2026-09-07 12:14:14.714 UTC [1103] LOG:  execute <unnamed>: select "id", "public_key", "private_key", "created_at", "expires_at" from "jwkss" limit $1
2026-09-07 12:14:14.716 UTC [1103] LOG:  execute <unnamed>: select "organizations"."id" from "organizations" inner join "members" on (("members"."organization_id" = "organizations"."id") and ("members"."user_id" = $1)) where "organizations"."slug" = $2 limit $3
2026-09-07 12:14:14.716 UTC [1103] LOG:  statement: begin
2026-09-07 12:14:14.716 UTC [1103] LOG:  execute <unnamed>: select set_config('app.organization_id', $1, true)
2026-09-07 12:14:14.717 UTC [1103] LOG:  execute <unnamed>: select "id" from "workspaces" where (("workspaces"."id" = $1) and ("workspaces"."org_id" = $2)) limit $3
2026-09-07 12:14:14.717 UTC [1103] LOG:  execute <unnamed>: select "id", "org_id", "user_id", "workspace_id", "name", "source", "last_branch", "last_chat_pr_number", "last_message_at", "created_at", "updated_at" from "conversations" where (("conversations"."id" = $1) and ("conversations"."org_id" = $2) and ("conversations"."user_id" = $3)) limit $4
2026-09-07 12:14:14.718 UTC [1103] LOG:  execute <unnamed>: select "id" from "conversations" where (("conversations"."id" = $1) and ("conversations"."org_id" = $2)) limit $3
2026-09-07 12:14:14.718 UTC [1103] LOG:  execute <unnamed>: insert into "conversations" ("id", "org_id", "user_id", "workspace_id", "name", "source", "last_branch", "last_chat_pr_number", "last_message_at", "created_at", "updated_at") values ($1, $2, $3, $4, $5, $6, default, default, default, default, default) returning "id", "org_id", "user_id", "workspace_id", "name", "source", "last_branch", "last_chat_pr_number", "last_message_at", "created_at", "updated_at"
2026-09-07 12:14:14.719 UTC [1103] LOG:  statement: commit
2026-09-07 12:14:14.720 UTC [1103] LOG:  statement: begin
2026-09-07 12:14:14.720 UTC [1103] LOG:  execute <unnamed>: select set_config('app.organization_id', $1, true)
2026-09-07 12:14:14.721 UTC [1103] LOG:  execute <unnamed>: select "id", "org_id", "slug", "display_name", "workspace_repository_url", "github_connection_id", "desired_generation", "desired_sha", "active_projection_url", "active_projection_sha", "indexed_sha", "write_status", "hydrate_status", "hydrate_error", "last_job_at", "hydrate_phases", "read_only_reason", "created_at", "updated_at" from "workspaces" where (("workspaces"."org_id" = $1) and ("workspaces"."id" = $2)) limit $3
2026-09-07 12:14:14.721 UTC [1103] LOG:  statement: commit
2026-09-07 12:14:14.721 UTC [1103] LOG:  statement: begin
2026-09-07 12:14:14.722 UTC [1103] LOG:  execute <unnamed>: select set_config('app.organization_id', $1, true)
2026-09-07 12:14:14.722 UTC [1103] LOG:  execute <unnamed>: update "conversations" set "last_branch" = $1, "updated_at" = $2 where (("conversations"."id" = $3) and ("conversations"."org_id" = $4) and ("conversations"."user_id" = $5))
2026-09-07 12:14:14.723 UTC [1103] LOG:  statement: commit
2026-09-07 12:14:14.723 UTC [1103] LOG:  statement: begin
2026-09-07 12:14:14.724 UTC [1103] LOG:  execute <unnamed>: select set_config('app.organization_id', $1, true)
2026-09-07 12:14:14.724 UTC [1103] LOG:  execute <unnamed>: select "id", "kind", "org_id", "workspace_id", "conversation_id", "desired_url", "desired_generation", "desired_sha", "provider", "provider_sandbox_id", "latest_snapshot_id", "latest_run_id", "state", "last_heartbeat_at", "created_at", "updated_at" from "workspace_sandbox_instances" where (("workspace_sandbox_instances"."conversation_id" = $1) and ("workspace_sandbox_instances"."kind" = $2))
2026-09-07 12:14:14.724 UTC [1103] LOG:  statement: commit
2026-09-07 12:14:14.725 UTC [1103] LOG:  execute <unnamed>: select "slug" from "organizations" where "organizations"."id" = $1 limit $2
2026-09-07 12:14:14.726 UTC [1103] LOG:  statement: begin
2026-09-07 12:14:14.726 UTC [1103] LOG:  execute <unnamed>: select set_config('app.organization_id', $1, true)
2026-09-07 12:14:14.727 UTC [1103] LOG:  execute <unnamed>: select "id", "kind", "org_id", "workspace_id", "conversation_id", "desired_url", "desired_generation", "desired_sha", "provider", "provider_sandbox_id", "latest_snapshot_id", "latest_run_id", "state", "last_heartbeat_at", "created_at", "updated_at" from "workspace_sandbox_instances" where (("workspace_sandbox_instances"."id" = $1) and ("workspace_sandbox_instances"."org_id" = $2)) limit $3
2026-09-07 12:14:14.727 UTC [1103] LOG:  statement: commit
2026-09-07 12:14:14.727 UTC [1103] LOG:  statement: begin
2026-09-07 12:14:14.727 UTC [1103] LOG:  execute <unnamed>: select set_config('app.organization_id', $1, true)
2026-09-07 12:14:14.728 UTC [1103] LOG:  execute <unnamed>: select "id", "kind", "org_id", "workspace_id", "conversation_id", "desired_url", "desired_generation", "desired_sha", "provider", "provider_sandbox_id", "latest_snapshot_id", "latest_run_id", "state", "last_heartbeat_at", "created_at", "updated_at" from "workspace_sandbox_instances" where (("workspace_sandbox_instances"."conversation_id" = $1) and ("workspace_sandbox_instances"."kind" = $2) and ("workspace_sandbox_instances"."state" = $3))
2026-09-07 12:14:14.728 UTC [1103] LOG:  statement: commit
2026-09-07 12:14:14.866 UTC [1103] LOG:  statement: begin
2026-09-07 12:14:14.867 UTC [1103] LOG:  execute <unnamed>: select set_config('app.organization_id', $1, true)
2026-09-07 12:14:14.868 UTC [1103] LOG:  statement: savepoint sp1
2026-09-07 12:14:14.869 UTC [1103] LOG:  execute <unnamed>: select "id", "kind", "org_id", "workspace_id", "conversation_id", "desired_url", "desired_generation", "desired_sha", "provider", "provider_sandbox_id", "latest_snapshot_id", "latest_run_id", "state", "last_heartbeat_at", "created_at", "updated_at" from "workspace_sandbox_instances" where (("workspace_sandbox_instances"."org_id" = $1) and ("workspace_sandbox_instances"."kind" = $2) and ("workspace_sandbox_instances"."conversation_id" = $3) and ((("workspace_sandbox_instances"."state" = $4) or ("workspace_sandbox_instances"."state" = $5)))) order by ("workspace_sandbox_instances"."provider_sandbox_id" is not null) desc, "workspace_sandbox_instances"."created_at" asc, "workspace_sandbox_instances"."id" asc limit $6
2026-09-07 12:14:14.870 UTC [1103] LOG:  execute <unnamed>: insert into "workspace_sandbox_instances" ("id", "kind", "org_id", "workspace_id", "conversation_id", "desired_url", "desired_generation", "desired_sha", "provider", "provider_sandbox_id", "latest_snapshot_id", "latest_run_id", "state", "last_heartbeat_at", "created_at", "updated_at") values ($1, $2, $3, $4, $5, $6, $7, $8, $9, $10, $11, $12, $13, $14, $15, $16) on conflict ("id") do update set "kind" = $17, "conversation_id" = $18, "desired_url" = $19, "desired_generation" = $20, "desired_sha" = $21, "provider" = $22, "provider_sandbox_id" = $23, "latest_snapshot_id" = $24, "latest_run_id" = $25, "state" = $26, "last_heartbeat_at" = $27, "updated_at" = $28
2026-09-07 12:14:14.871 UTC [1103] LOG:  statement: release savepoint sp1
2026-09-07 12:14:14.872 UTC [1103] LOG:  statement: commit
2026-09-07 12:14:14.890 UTC [1103] LOG:  statement: begin
2026-09-07 12:14:14.891 UTC [1103] LOG:  execute <unnamed>: select set_config('app.organization_id', $1, true)
2026-09-07 12:14:14.892 UTC [1103] LOG:  execute <unnamed>: update "conversations" set "last_branch" = $1, "updated_at" = $2 where (("conversations"."id" = $3) and ("conversations"."org_id" = $4) and ("conversations"."user_id" = $5))
2026-09-07 12:14:14.893 UTC [1103] LOG:  statement: commit
2026-09-07 12:14:14.894 UTC [1103] LOG:  statement: begin
2026-09-07 12:14:14.895 UTC [1103] LOG:  execute <unnamed>: select set_config('app.organization_id', $1, true)
2026-09-07 12:14:14.895 UTC [1103] LOG:  execute <unnamed>: select "id", "kind", "org_id", "workspace_id", "conversation_id", "desired_url", "desired_generation", "desired_sha", "provider", "provider_sandbox_id", "latest_snapshot_id", "latest_run_id", "state", "last_heartbeat_at", "created_at", "updated_at" from "workspace_sandbox_instances" where (("workspace_sandbox_instances"."conversation_id" = $1) and ("workspace_sandbox_instances"."kind" = $2))
2026-09-07 12:14:14.896 UTC [1103] LOG:  statement: commit
2026-09-07 12:14:14.899 UTC [1103] LOG:  execute <unnamed>: select "id", "expires_at", "token", "created_at", "updated_at", "ip_address", "user_agent", "user_id", "active_organization_id" from "sessions" where "sessions"."token" = $1
2026-09-07 12:14:14.900 UTC [1103] LOG:  execute <unnamed>: select "id", "name", "email", "email_verified", "image", "created_at", "updated_at", "two_factor_enabled", "onboarding_completed_at" from "users" where "users"."id" = $1
2026-09-07 12:14:14.901 UTC [1103] LOG:  execute <unnamed>: select "id", "public_key", "private_key", "created_at", "expires_at" from "jwkss" limit $1
2026-09-07 12:14:14.902 UTC [1103] LOG:  execute <unnamed>: select "id", "expires_at", "token", "created_at", "updated_at", "ip_address", "user_agent", "user_id", "active_organization_id" from "sessions" where "sessions"."token" = $1
2026-09-07 12:14:14.905 UTC [1103] LOG:  execute <unnamed>: select "id", "name", "email", "email_verified", "image", "created_at", "updated_at", "two_factor_enabled", "onboarding_completed_at" from "users" where "users"."id" = $1
2026-09-07 12:14:14.906 UTC [1103] LOG:  execute <unnamed>: select "id", "public_key", "private_key", "created_at", "expires_at" from "jwkss" limit $1
2026-09-07 12:14:14.908 UTC [1103] LOG:  execute <unnamed>: select "organizations"."id" from "organizations" inner join "members" on (("members"."organization_id" = "organizations"."id") and ("members"."user_id" = $1)) where "organizations"."slug" = $2 limit $3
2026-09-07 12:14:14.909 UTC [1103] LOG:  statement: begin
2026-09-07 12:14:14.910 UTC [1103] LOG:  execute <unnamed>: select set_config('app.organization_id', $1, true)
2026-09-07 12:14:14.910 UTC [1103] LOG:  execute <unnamed>: select "id" from "workspaces" where (("workspaces"."id" = $1) and ("workspaces"."org_id" = $2)) limit $3
2026-09-07 12:14:14.911 UTC [1103] LOG:  execute <unnamed>: select "id", "org_id", "user_id", "workspace_id", "name", "source", "last_branch", "last_chat_pr_number", "last_message_at", "created_at", "updated_at" from "conversations" where (("conversations"."id" = $1) and ("conversations"."org_id" = $2) and ("conversations"."user_id" = $3)) limit $4
2026-09-07 12:14:14.912 UTC [1103] LOG:  statement: commit
2026-09-07 12:14:14.912 UTC [1103] LOG:  statement: begin
2026-09-07 12:14:14.913 UTC [1103] LOG:  execute <unnamed>: select set_config('app.organization_id', $1, true)
2026-09-07 12:14:14.914 UTC [1103] LOG:  execute <unnamed>: select "id", "org_id", "slug", "display_name", "workspace_repository_url", "github_connection_id", "desired_generation", "desired_sha", "active_projection_url", "active_projection_sha", "indexed_sha", "write_status", "hydrate_status", "hydrate_error", "last_job_at", "hydrate_phases", "read_only_reason", "created_at", "updated_at" from "workspaces" where (("workspaces"."org_id" = $1) and ("workspaces"."id" = $2)) limit $3
2026-09-07 12:14:14.915 UTC [1103] LOG:  statement: commit
2026-09-07 12:14:14.916 UTC [1103] LOG:  statement: begin
2026-09-07 12:14:14.916 UTC [1103] LOG:  execute <unnamed>: select set_config('app.organization_id', $1, true)
2026-09-07 12:14:14.917 UTC [1103] LOG:  execute <unnamed>: update "conversations" set "last_branch" = $1, "updated_at" = $2 where (("conversations"."id" = $3) and ("conversations"."org_id" = $4) and ("conversations"."user_id" = $5))
2026-09-07 12:14:14.918 UTC [1103] LOG:  statement: commit
2026-09-07 12:14:14.919 UTC [1103] LOG:  statement: begin
2026-09-07 12:14:14.919 UTC [1103] LOG:  execute <unnamed>: select set_config('app.organization_id', $1, true)
2026-09-07 12:14:14.920 UTC [1103] LOG:  execute <unnamed>: update "conversations" set "last_message_at" = $1, "updated_at" = $2 where (("conversations"."id" = $3) and ("conversations"."org_id" = $4) and ("conversations"."user_id" = $5))
2026-09-07 12:14:14.920 UTC [1103] LOG:  statement: commit
2026-09-07 12:14:14.922 UTC [1103] LOG:  statement: begin
2026-09-07 12:14:14.922 UTC [1103] LOG:  execute <unnamed>: select set_config('app.organization_id', $1, true)
2026-09-07 12:14:14.924 UTC [1103] LOG:  execute <unnamed>: select "id", "kind", "org_id", "workspace_id", "conversation_id", "desired_url", "desired_generation", "desired_sha", "provider", "provider_sandbox_id", "latest_snapshot_id", "latest_run_id", "state", "last_heartbeat_at", "created_at", "updated_at" from "workspace_sandbox_instances" where (("workspace_sandbox_instances"."conversation_id" = $1) and ("workspace_sandbox_instances"."kind" = $2))
2026-09-07 12:14:14.924 UTC [1103] LOG:  statement: commit
2026-09-07 12:14:14.927 UTC [1103] LOG:  statement: begin
2026-09-07 12:14:14.928 UTC [1103] LOG:  execute <unnamed>: select set_config('app.organization_id', $1, true)
2026-09-07 12:14:14.928 UTC [1103] LOG:  execute <unnamed>: select "id", "kind", "org_id", "workspace_id", "conversation_id", "desired_url", "desired_generation", "desired_sha", "provider", "provider_sandbox_id", "latest_snapshot_id", "latest_run_id", "state", "last_heartbeat_at", "created_at", "updated_at" from "workspace_sandbox_instances" where (("workspace_sandbox_instances"."conversation_id" = $1) and ("workspace_sandbox_instances"."kind" = $2))
2026-09-07 12:14:14.929 UTC [1103] LOG:  statement: commit
2026-09-07 12:14:14.929 UTC [1103] LOG:  statement: begin
2026-09-07 12:14:14.930 UTC [1103] LOG:  execute <unnamed>: select set_config('app.organization_id', $1, true)
2026-09-07 12:14:14.931 UTC [1103] LOG:  execute <unnamed>: select "id", "kind", "org_id", "workspace_id", "conversation_id", "desired_url", "desired_generation", "desired_sha", "provider", "provider_sandbox_id", "latest_snapshot_id", "latest_run_id", "state", "last_heartbeat_at", "created_at", "updated_at" from "workspace_sandbox_instances" where (("workspace_sandbox_instances"."id" = $1) and ("workspace_sandbox_instances"."org_id" = $2)) limit $3
2026-09-07 12:14:14.932 UTC [1103] LOG:  statement: commit
2026-09-07 12:14:14.932 UTC [1103] LOG:  statement: begin
2026-09-07 12:14:14.932 UTC [1103] LOG:  execute <unnamed>: select set_config('app.organization_id', $1, true)
2026-09-07 12:14:14.933 UTC [1103] LOG:  execute <unnamed>: delete from "workspace_sandbox_instances" where (("workspace_sandbox_instances"."id" = $1) and ("workspace_sandbox_instances"."org_id" = $2))
2026-09-07 12:14:14.933 UTC [1103] LOG:  statement: commit
2026-09-07 12:14:14.938 UTC [1103] LOG:  statement: begin
2026-09-07 12:14:14.938 UTC [1103] LOG:  execute <unnamed>: select set_config('app.organization_id', $1, true)
2026-09-07 12:14:14.939 UTC [1103] LOG:  execute <unnamed>: select "id", "org_id", "slug", "display_name", "workspace_repository_url", "github_connection_id", "desired_generation", "desired_sha", "active_projection_url", "active_projection_sha", "indexed_sha", "write_status", "hydrate_status", "hydrate_error", "last_job_at", "hydrate_phases", "read_only_reason", "created_at", "updated_at" from "workspaces" where (("workspaces"."org_id" = $1) and ("workspaces"."id" = $2)) limit $3
2026-09-07 12:14:14.939 UTC [1103] LOG:  statement: commit
2026-09-07 12:14:14.940 UTC [1103] LOG:  statement: begin
2026-09-07 12:14:14.940 UTC [1103] LOG:  execute <unnamed>: select set_config('app.organization_id', $1, true)
2026-09-07 12:14:14.940 UTC [1103] LOG:  execute <unnamed>: select "id", "org_id", "slug", "display_name", "workspace_repository_url", "github_connection_id", "desired_generation", "desired_sha", "active_projection_url", "active_projection_sha", "indexed_sha", "write_status", "hydrate_status", "hydrate_error", "last_job_at", "hydrate_phases", "read_only_reason", "created_at", "updated_at" from "workspaces" where (("workspaces"."org_id" = $1) and ("workspaces"."id" = $2)) limit $3
2026-09-07 12:14:14.941 UTC [1103] LOG:  execute <unnamed>: select "id", "org_id", "slug", "display_name", "workspace_repository_url", "github_connection_id", "desired_generation", "desired_sha", "active_projection_url", "active_projection_sha", "indexed_sha", "write_status", "hydrate_status", "hydrate_error", "last_job_at", "hydrate_phases", "read_only_reason", "created_at", "updated_at" from "workspaces" where (("workspaces"."org_id" = $1) and ("workspaces"."id" = $2)) limit $3
2026-09-07 12:14:14.941 UTC [1103] LOG:  execute <unnamed>: select "id", "org_id", "workspace_id", "git_url", "desired_ref", "desired_sha", "indexed_sha", "created_at" from "workspace_linked_repositories" where "workspace_linked_repositories"."workspace_id" = $1 order by "workspace_linked_repositories"."created_at"
2026-09-07 12:14:14.942 UTC [1103] LOG:  execute <unnamed>: select "id", "git_url" from "repositories" where "repositories"."org_id" = $1
2026-09-07 12:14:14.942 UTC [1103] LOG:  statement: commit
2026-09-07 12:14:14.943 UTC [1103] LOG:  statement: begin
2026-09-07 12:14:14.943 UTC [1102] LOG:  statement: begin
2026-09-07 12:14:14.943 UTC [1103] LOG:  execute <unnamed>: select set_config('app.organization_id', $1, true)
2026-09-07 12:14:14.943 UTC [1102] LOG:  execute <unnamed>: select set_config('app.organization_id', $1, true)
2026-09-07 12:14:14.944 UTC [1103] LOG:  execute <unnamed>: select "id", "kind", "org_id", "workspace_id", "conversation_id", "desired_url", "desired_generation", "desired_sha", "provider", "provider_sandbox_id", "latest_snapshot_id", "latest_run_id", "state", "last_heartbeat_at", "created_at", "updated_at" from "workspace_sandbox_instances" where (("workspace_sandbox_instances"."conversation_id" = $1) and ("workspace_sandbox_instances"."kind" = $2))
2026-09-07 12:14:14.944 UTC [1102] LOG:  execute <unnamed>: select "id", "kind", "org_id", "workspace_id", "conversation_id", "desired_url", "desired_generation", "desired_sha", "provider", "provider_sandbox_id", "latest_snapshot_id", "latest_run_id", "state", "last_heartbeat_at", "created_at", "updated_at" from "workspace_sandbox_instances" where (("workspace_sandbox_instances"."id" = $1) and ("workspace_sandbox_instances"."org_id" = $2)) limit $3
2026-09-07 12:14:14.944 UTC [1103] LOG:  statement: commit
2026-09-07 12:14:14.944 UTC [1102] LOG:  statement: commit
2026-09-07 12:14:14.945 UTC [1102] LOG:  statement: begin
2026-09-07 12:14:14.945 UTC [1102] LOG:  execute <unnamed>: select set_config('app.organization_id', $1, true)
2026-09-07 12:14:14.945 UTC [1102] LOG:  execute <unnamed>: select "id", "kind", "org_id", "workspace_id", "conversation_id", "desired_url", "desired_generation", "desired_sha", "provider", "provider_sandbox_id", "latest_snapshot_id", "latest_run_id", "state", "last_heartbeat_at", "created_at", "updated_at" from "workspace_sandbox_instances" where (("workspace_sandbox_instances"."conversation_id" = $1) and ("workspace_sandbox_instances"."kind" = $2) and ("workspace_sandbox_instances"."state" = $3))
2026-09-07 12:14:14.945 UTC [1102] LOG:  statement: commit
2026-09-07 12:14:15.093 UTC [1102] LOG:  statement: begin
2026-09-07 12:14:15.094 UTC [1102] LOG:  execute <unnamed>: select set_config('app.organization_id', $1, true)
2026-09-07 12:14:15.095 UTC [1102] LOG:  statement: savepoint sp1
2026-09-07 12:14:15.096 UTC [1102] LOG:  execute <unnamed>: select "id", "kind", "org_id", "workspace_id", "conversation_id", "desired_url", "desired_generation", "desired_sha", "provider", "provider_sandbox_id", "latest_snapshot_id", "latest_run_id", "state", "last_heartbeat_at", "created_at", "updated_at" from "workspace_sandbox_instances" where (("workspace_sandbox_instances"."org_id" = $1) and ("workspace_sandbox_instances"."kind" = $2) and ("workspace_sandbox_instances"."conversation_id" = $3) and ((("workspace_sandbox_instances"."state" = $4) or ("workspace_sandbox_instances"."state" = $5)))) order by ("workspace_sandbox_instances"."provider_sandbox_id" is not null) desc, "workspace_sandbox_instances"."created_at" asc, "workspace_sandbox_instances"."id" asc limit $6
2026-09-07 12:14:15.097 UTC [1102] LOG:  execute <unnamed>: insert into "workspace_sandbox_instances" ("id", "kind", "org_id", "workspace_id", "conversation_id", "desired_url", "desired_generation", "desired_sha", "provider", "provider_sandbox_id", "latest_snapshot_id", "latest_run_id", "state", "last_heartbeat_at", "created_at", "updated_at") values ($1, $2, $3, $4, $5, $6, $7, $8, $9, $10, $11, $12, $13, $14, $15, $16) on conflict ("id") do update set "kind" = $17, "conversation_id" = $18, "desired_url" = $19, "desired_generation" = $20, "desired_sha" = $21, "provider" = $22, "provider_sandbox_id" = $23, "latest_snapshot_id" = $24, "latest_run_id" = $25, "state" = $26, "last_heartbeat_at" = $27, "updated_at" = $28
2026-09-07 12:14:15.099 UTC [1102] LOG:  statement: release savepoint sp1
2026-09-07 12:14:15.099 UTC [1102] LOG:  statement: commit
2026-09-07 12:14:15.142 UTC [1102] LOG:  statement: begin
2026-09-07 12:14:15.143 UTC [1102] LOG:  execute <unnamed>: select set_config('app.organization_id', $1, true)
2026-09-07 12:14:15.144 UTC [1102] LOG:  execute <unnamed>: select "interrupt_id", "run_id", "thread_id", "org_id", "status", "requested_at", "resolved_at", "payload_json", "response_json" from "chat_interrupts" where (("chat_interrupts"."thread_id" = $1) and ("chat_interrupts"."status" = $2)) order by "chat_interrupts"."requested_at" asc
2026-09-07 12:14:15.145 UTC [1102] LOG:  statement: commit
2026-09-07 12:14:15.146 UTC [1102] LOG:  statement: begin
2026-09-07 12:14:15.147 UTC [1102] LOG:  execute <unnamed>: select set_config('app.organization_id', $1, true)
2026-09-07 12:14:15.148 UTC [1102] LOG:  execute <unnamed>: select "run_id", "thread_id", "org_id", "status", "started_at", "finished_at", "error", "error_code", "usage_json", "sandbox_key", "detached_since", "cancel_requested", "driver_epoch" from "chat_runs" where "chat_runs"."run_id" = $1 limit $2
2026-09-07 12:14:15.149 UTC [1102] LOG:  statement: commit
2026-09-07 12:14:15.150 UTC [1102] LOG:  statement: begin
2026-09-07 12:14:15.153 UTC [1102] LOG:  execute <unnamed>: select set_config('app.organization_id', $1, true)
2026-09-07 12:14:15.154 UTC [1102] LOG:  execute <unnamed>: insert into "chat_runs" ("run_id", "thread_id", "org_id", "status", "started_at", "finished_at", "error", "error_code", "usage_json", "sandbox_key", "detached_since", "cancel_requested", "driver_epoch") values ($1, $2, $3, $4, $5, default, default, default, default, default, default, default, default) on conflict ("run_id") do nothing
2026-09-07 12:14:15.155 UTC [1102] LOG:  statement: commit
2026-09-07 12:14:15.157 UTC [1102] LOG:  statement: begin
2026-09-07 12:14:15.158 UTC [1102] LOG:  execute <unnamed>: select set_config('app.organization_id', $1, true)
2026-09-07 12:14:15.159 UTC [1102] LOG:  execute <unnamed>: select "run_id", "thread_id", "org_id", "status", "started_at", "finished_at", "error", "error_code", "usage_json", "sandbox_key", "detached_since", "cancel_requested", "driver_epoch" from "chat_runs" where "chat_runs"."run_id" = $1 limit $2
2026-09-07 12:14:15.160 UTC [1102] LOG:  statement: commit
2026-09-07 12:14:15.161 UTC [1102] LOG:  statement: begin
2026-09-07 12:14:15.162 UTC [1102] LOG:  execute <unnamed>: select set_config('app.organization_id', $1, true)
2026-09-07 12:14:15.163 UTC [1102] LOG:  execute <unnamed>: select "messages_json" from "chat_threads" where "chat_threads"."thread_id" = $1 limit $2
2026-09-07 12:14:15.164 UTC [1102] LOG:  statement: commit
2026-09-07 12:14:15.165 UTC [1102] LOG:  statement: begin
2026-09-07 12:14:15.166 UTC [1102] LOG:  execute <unnamed>: select set_config('app.organization_id', $1, true)
2026-09-07 12:14:15.166 UTC [1102] LOG:  execute <unnamed>: insert into "chat_threads" ("thread_id", "org_id", "messages_json", "updated_at") values ($1, $2, $3, $4) on conflict ("thread_id") do update set "messages_json" = $5, "updated_at" = $6
2026-09-07 12:14:15.167 UTC [1102] LOG:  statement: commit
2026-09-07 12:14:16.269 UTC [1102] LOG:  statement: begin
2026-09-07 12:14:16.270 UTC [1102] LOG:  execute <unnamed>: select set_config('app.organization_id', $1, true)
2026-09-07 12:14:16.271 UTC [1102] LOG:  execute <unnamed>: insert into "chat_threads" ("thread_id", "org_id", "messages_json", "updated_at") values ($1, $2, $3, $4) on conflict ("thread_id") do update set "messages_json" = $5, "updated_at" = $6
2026-09-07 12:14:16.272 UTC [1102] LOG:  statement: commit
2026-09-07 12:14:20.195 UTC [1102] LOG:  statement: begin
2026-09-07 12:14:20.196 UTC [1102] LOG:  execute <unnamed>: select set_config('app.organization_id', $1, true)
2026-09-07 12:14:20.198 UTC [1102] LOG:  execute <unnamed>: insert into "chat_threads" ("thread_id", "org_id", "messages_json", "updated_at") values ($1, $2, $3, $4) on conflict ("thread_id") do update set "messages_json" = $5, "updated_at" = $6
2026-09-07 12:14:20.199 UTC [1102] LOG:  statement: commit
2026-09-07 12:14:20.331 UTC [1102] LOG:  statement: begin
2026-09-07 12:14:20.332 UTC [1102] LOG:  execute <unnamed>: select set_config('app.organization_id', $1, true)
2026-09-07 12:14:20.334 UTC [1102] LOG:  execute <unnamed>: insert into "chat_threads" ("thread_id", "org_id", "messages_json", "updated_at") values ($1, $2, $3, $4) on conflict ("thread_id") do update set "messages_json" = $5, "updated_at" = $6
2026-09-07 12:14:20.335 UTC [1102] LOG:  statement: commit
2026-09-07 12:14:20.339 UTC [1102] LOG:  statement: begin
2026-09-07 12:14:20.340 UTC [1102] LOG:  execute <unnamed>: select set_config('app.organization_id', $1, true)
2026-09-07 12:14:20.341 UTC [1102] LOG:  execute <unnamed>: update "chat_runs" set "status" = $1, "finished_at" = $2, "usage_json" = $3 where "chat_runs"."run_id" = $4
2026-09-07 12:14:20.342 UTC [1102] LOG:  statement: commit
2026-09-07 12:14:20.344 UTC [1102] LOG:  statement: begin
2026-09-07 12:14:20.345 UTC [1102] LOG:  execute <unnamed>: select set_config('app.organization_id', $1, true)
2026-09-07 12:14:20.346 UTC [1102] LOG:  execute <unnamed>: select "messages_json" from "chat_threads" where "chat_threads"."thread_id" = $1 limit $2
2026-09-07 12:14:20.347 UTC [1102] LOG:  statement: commit
2026-09-07 12:14:20.350 UTC [1102] LOG:  statement: begin
2026-09-07 12:14:20.351 UTC [1102] LOG:  execute <unnamed>: select set_config('app.organization_id', $1, true)
2026-09-07 12:14:20.352 UTC [1102] LOG:  execute <unnamed>: select "run_id", "thread_id", "org_id", "status", "started_at", "finished_at", "error", "error_code", "usage_json", "sandbox_key", "detached_since", "cancel_requested", "driver_epoch" from "chat_runs" where (("chat_runs"."thread_id" = $1) and ("chat_runs"."status" = $2)) order by "chat_runs"."started_at" desc limit $3
2026-09-07 12:14:20.353 UTC [1102] LOG:  statement: commit
2026-09-07 12:14:20.354 UTC [1102] LOG:  statement: begin
2026-09-07 12:14:20.355 UTC [1102] LOG:  execute <unnamed>: select set_config('app.organization_id', $1, true)
2026-09-07 12:14:20.357 UTC [1102] LOG:  execute <unnamed>: select "d0"."id" as "id", "d0"."org_id" as "orgId", "d0"."user_id" as "userId", "d0"."workspace_id" as "workspaceId", "d0"."name" as "name", "d0"."source" as "source", "d0"."last_branch" as "lastBranch", "d0"."last_chat_pr_number" as "lastChatPrNumber", "d0"."last_message_at" as "lastMessageAt", "d0"."created_at" as "createdAt", "d0"."updated_at" as "updatedAt" from "conversations" as "d0" where (("d0"."id" = $1) and ("d0"."org_id" = $2) and ("d0"."user_id" = $3)) limit $4
2026-09-07 12:14:20.358 UTC [1102] LOG:  statement: commit
2026-09-07 12:14:23.147 UTC [1102] LOG:  statement: begin
2026-09-07 12:14:23.149 UTC [1102] LOG:  execute <unnamed>: select set_config('app.organization_id', $1, true)
2026-09-07 12:14:23.151 UTC [1102] LOG:  execute <unnamed>: update "conversations" set "name" = $1, "updated_at" = $2 where (("conversations"."id" = $3) and ("conversations"."org_id" = $4) and ("conversations"."user_id" = $5)) returning "id", "org_id", "user_id", "workspace_id", "name", "source", "last_branch", "last_chat_pr_number", "last_message_at", "created_at", "updated_at"
2026-09-07 12:14:23.153 UTC [1102] LOG:  statement: commit
2026-09-07 12:14:23.170 UTC [1102] LOG:  execute <unnamed>: select "id", "expires_at", "token", "created_at", "updated_at", "ip_address", "user_agent", "user_id", "active_organization_id" from "sessions" where "sessions"."token" = $1
2026-09-07 12:14:23.175 UTC [1102] LOG:  execute <unnamed>: select "id", "name", "email", "email_verified", "image", "created_at", "updated_at", "two_factor_enabled", "onboarding_completed_at" from "users" where "users"."id" = $1
2026-09-07 12:14:23.177 UTC [1102] LOG:  execute <unnamed>: select "id", "public_key", "private_key", "created_at", "expires_at" from "jwkss" limit $1
2026-09-07 12:14:23.180 UTC [1102] LOG:  execute <unnamed>: select "id", "expires_at", "token", "created_at", "updated_at", "ip_address", "user_agent", "user_id", "active_organization_id" from "sessions" where "sessions"."token" = $1
2026-09-07 12:14:23.182 UTC [1102] LOG:  execute <unnamed>: select "id", "name", "email", "email_verified", "image", "created_at", "updated_at", "two_factor_enabled", "onboarding_completed_at" from "users" where "users"."id" = $1
2026-09-07 12:14:23.184 UTC [1102] LOG:  execute <unnamed>: select "id", "public_key", "private_key", "created_at", "expires_at" from "jwkss" limit $1
2026-09-07 12:14:23.186 UTC [1102] LOG:  execute <unnamed>: select "organizations"."id" from "organizations" inner join "members" on (("members"."organization_id" = "organizations"."id") and ("members"."user_id" = $1)) where "organizations"."slug" = $2 limit $3
2026-09-07 12:14:23.188 UTC [1102] LOG:  statement: begin
2026-09-07 12:14:23.189 UTC [1102] LOG:  execute <unnamed>: select set_config('app.organization_id', $1, true)
2026-09-07 12:14:23.191 UTC [1102] LOG:  execute <unnamed>: select "d0"."id" as "id", "d0"."org_id" as "orgId", "d0"."user_id" as "userId", "d0"."workspace_id" as "workspaceId", "d0"."name" as "name", "d0"."source" as "source", "d0"."last_branch" as "lastBranch", "d0"."last_chat_pr_number" as "lastChatPrNumber", "d0"."last_message_at" as "lastMessageAt", "d0"."created_at" as "createdAt", "d0"."updated_at" as "updatedAt" from "conversations" as "d0" where (("d0"."id" = $1) and ("d0"."org_id" = $2) and ("d0"."user_id" = $3)) limit $4
2026-09-07 12:14:23.194 UTC [1102] LOG:  statement: commit
2026-09-07 12:14:23.195 UTC [1102] LOG:  statement: begin
2026-09-07 12:14:23.196 UTC [1102] LOG:  execute <unnamed>: select set_config('app.organization_id', $1, true)
2026-09-07 12:14:23.197 UTC [1102] LOG:  execute <unnamed>: select "messages_json" from "chat_threads" where "chat_threads"."thread_id" = $1 limit $2
2026-09-07 12:14:23.199 UTC [1102] LOG:  statement: commit
2026-09-07 12:14:23.200 UTC [1102] LOG:  statement: begin
2026-09-07 12:14:23.201 UTC [1102] LOG:  execute <unnamed>: select set_config('app.organization_id', $1, true)
2026-09-07 12:14:23.203 UTC [1102] LOG:  execute <unnamed>: select "id", "org_id", "slug", "display_name", "workspace_repository_url", "github_connection_id", "desired_generation", "desired_sha", "active_projection_url", "active_projection_sha", "indexed_sha", "write_status", "hydrate_status", "hydrate_error", "last_job_at", "hydrate_phases", "read_only_reason", "created_at", "updated_at" from "workspaces" where (("workspaces"."org_id" = $1) and ("workspaces"."id" = $2)) limit $3
2026-09-07 12:14:23.203 UTC [1102] LOG:  statement: commit
2026-09-07 12:14:23.263 UTC [1102] LOG:  execute <unnamed>: select "id", "expires_at", "token", "created_at", "updated_at", "ip_address", "user_agent", "user_id", "active_organization_id" from "sessions" where "sessions"."token" = $1
2026-09-07 12:14:23.265 UTC [1102] LOG:  execute <unnamed>: select "id", "name", "email", "email_verified", "image", "created_at", "updated_at", "two_factor_enabled", "onboarding_completed_at" from "users" where "users"."id" = $1
2026-09-07 12:14:23.266 UTC [1102] LOG:  execute <unnamed>: select "id", "public_key", "private_key", "created_at", "expires_at" from "jwkss" limit $1
2026-09-07 12:14:23.268 UTC [1102] LOG:  execute <unnamed>: select "id", "expires_at", "token", "created_at", "updated_at", "ip_address", "user_agent", "user_id", "active_organization_id" from "sessions" where "sessions"."token" = $1
2026-09-07 12:14:23.270 UTC [1102] LOG:  execute <unnamed>: select "id", "name", "email", "email_verified", "image", "created_at", "updated_at", "two_factor_enabled", "onboarding_completed_at" from "users" where "users"."id" = $1
2026-09-07 12:14:23.271 UTC [1102] LOG:  execute <unnamed>: select "id", "public_key", "private_key", "created_at", "expires_at" from "jwkss" limit $1
2026-09-07 12:14:23.272 UTC [1102] LOG:  execute <unnamed>: select "organizations"."id" from "organizations" inner join "members" on (("members"."organization_id" = "organizations"."id") and ("members"."user_id" = $1)) where "organizations"."slug" = $2 limit $3
2026-09-07 12:14:23.274 UTC [1102] LOG:  statement: begin
2026-09-07 12:14:23.274 UTC [1102] LOG:  execute <unnamed>: select set_config('app.organization_id', $1, true)
2026-09-07 12:14:23.276 UTC [1102] LOG:  execute <unnamed>: select "d0"."id" as "id", "d0"."org_id" as "orgId", "d0"."user_id" as "userId", "d0"."workspace_id" as "workspaceId", "d0"."name" as "name", "d0"."source" as "source", "d0"."last_branch" as "lastBranch", "d0"."last_chat_pr_number" as "lastChatPrNumber", "d0"."last_message_at" as "lastMessageAt", "d0"."created_at" as "createdAt", "d0"."updated_at" as "updatedAt" from "conversations" as "d0" where (("d0"."id" = $1) and ("d0"."org_id" = $2) and ("d0"."user_id" = $3)) limit $4
2026-09-07 12:14:23.277 UTC [1102] LOG:  statement: commit
2026-09-07 12:14:23.278 UTC [1102] LOG:  statement: begin
2026-09-07 12:14:23.278 UTC [1102] LOG:  execute <unnamed>: select set_config('app.organization_id', $1, true)
2026-09-07 12:14:23.279 UTC [1102] LOG:  execute <unnamed>: select "id", "kind", "org_id", "workspace_id", "conversation_id", "desired_url", "desired_generation", "desired_sha", "provider", "provider_sandbox_id", "latest_snapshot_id", "latest_run_id", "state", "last_heartbeat_at", "created_at", "updated_at" from "workspace_sandbox_instances" where (("workspace_sandbox_instances"."conversation_id" = $1) and ("workspace_sandbox_instances"."kind" = $2))
2026-09-07 12:14:23.280 UTC [1102] LOG:  statement: commit
2026-09-07 12:14:23.281 UTC [1102] LOG:  statement: begin
2026-09-07 12:14:23.282 UTC [1102] LOG:  execute <unnamed>: select set_config('app.organization_id', $1, true)
2026-09-07 12:14:23.283 UTC [1102] LOG:  execute <unnamed>: select "id", "kind", "org_id", "workspace_id", "conversation_id", "desired_url", "desired_generation", "desired_sha", "provider", "provider_sandbox_id", "latest_snapshot_id", "latest_run_id", "state", "last_heartbeat_at", "created_at", "updated_at" from "workspace_sandbox_instances" where (("workspace_sandbox_instances"."id" = $1) and ("workspace_sandbox_instances"."org_id" = $2)) limit $3
2026-09-07 12:14:23.284 UTC [1102] LOG:  statement: commit
2026-09-07 12:14:23.289 UTC [1102] LOG:  statement: begin
2026-09-07 12:14:23.291 UTC [1102] LOG:  execute <unnamed>: select set_config('app.organization_id', $1, true)
2026-09-07 12:14:23.292 UTC [1102] LOG:  execute <unnamed>: delete from "workspace_sandbox_instances" where (("workspace_sandbox_instances"."id" = $1) and ("workspace_sandbox_instances"."org_id" = $2))
2026-09-07 12:14:23.293 UTC [1102] LOG:  statement: commit
2026-09-07 12:14:23.294 UTC [1102] LOG:  statement: begin
2026-09-07 12:14:23.295 UTC [1102] LOG:  execute <unnamed>: select set_config('app.organization_id', $1, true)
2026-09-07 12:14:23.296 UTC [1102] LOG:  execute <unnamed>: delete from "conversations" where (("conversations"."id" = $1) and ("conversations"."org_id" = $2) and ("conversations"."user_id" = $3)) returning "id"
2026-09-07 12:14:23.299 UTC [1102] LOG:  statement: commit
2026-09-07 12:14:23.301 UTC [1102] LOG:  execute <unnamed>: select "id", "expires_at", "token", "created_at", "updated_at", "ip_address", "user_agent", "user_id", "active_organization_id" from "sessions" where "sessions"."token" = $1
2026-09-07 12:14:23.302 UTC [1102] LOG:  execute <unnamed>: select "id", "name", "email", "email_verified", "image", "created_at", "updated_at", "two_factor_enabled", "onboarding_completed_at" from "users" where "users"."id" = $1
2026-09-07 12:14:23.303 UTC [1102] LOG:  execute <unnamed>: select "id", "public_key", "private_key", "created_at", "expires_at" from "jwkss" limit $1
2026-09-07 12:14:23.304 UTC [1102] LOG:  execute <unnamed>: select "id", "expires_at", "token", "created_at", "updated_at", "ip_address", "user_agent", "user_id", "active_organization_id" from "sessions" where "sessions"."token" = $1
2026-09-07 12:14:23.305 UTC [1102] LOG:  execute <unnamed>: select "id", "name", "email", "email_verified", "image", "created_at", "updated_at", "two_factor_enabled", "onboarding_completed_at" from "users" where "users"."id" = $1
2026-09-07 12:14:23.306 UTC [1102] LOG:  execute <unnamed>: select "id", "public_key", "private_key", "created_at", "expires_at" from "jwkss" limit $1
2026-09-07 12:14:23.307 UTC [1102] LOG:  execute <unnamed>: select "organizations"."id" from "organizations" inner join "members" on (("members"."organization_id" = "organizations"."id") and ("members"."user_id" = $1)) where "organizations"."slug" = $2 limit $3
2026-09-07 12:14:23.308 UTC [1102] LOG:  statement: begin
2026-09-07 12:14:23.308 UTC [1102] LOG:  execute <unnamed>: select set_config('app.organization_id', $1, true)
2026-09-07 12:14:23.309 UTC [1102] LOG:  execute <unnamed>: select "id", "org_id", "slug", "display_name", "workspace_repository_url", "github_connection_id", "desired_generation", "desired_sha", "active_projection_url", "active_projection_sha", "indexed_sha", "write_status", "hydrate_status", "hydrate_error", "last_job_at", "hydrate_phases", "read_only_reason", "created_at", "updated_at" from "workspaces" where (("workspaces"."org_id" = $1) and ("workspaces"."slug" = $2)) limit $3
2026-09-07 12:14:23.312 UTC [1102] LOG:  statement: commit
2026-09-07 12:14:23.312 UTC [1102] LOG:  statement: begin
2026-09-07 12:14:23.313 UTC [1102] LOG:  execute <unnamed>: select set_config('app.organization_id', $1, true)
2026-09-07 12:14:23.314 UTC [1102] LOG:  execute <unnamed>: select "id", "org_id", "slug", "display_name", "workspace_repository_url", "github_connection_id", "desired_generation", "desired_sha", "active_projection_url", "active_projection_sha", "indexed_sha", "write_status", "hydrate_status", "hydrate_error", "last_job_at", "hydrate_phases", "read_only_reason", "created_at", "updated_at" from "workspaces" where (("workspaces"."org_id" = $1) and ("workspaces"."id" = $2)) limit $3
2026-09-07 12:14:23.314 UTC [1102] LOG:  execute <unnamed>: select "id", "org_id", "workspace_id", "git_url", "desired_ref", "desired_sha", "indexed_sha", "created_at" from "workspace_linked_repositories" where "workspace_linked_repositories"."workspace_id" = $1 order by "workspace_linked_repositories"."created_at"
2026-09-07 12:14:23.315 UTC [1102] LOG:  statement: commit
2026-09-07 12:14:23.315 UTC [1102] LOG:  statement: begin
2026-09-07 12:14:23.315 UTC [1102] LOG:  execute <unnamed>: select set_config('app.organization_id', $1, true)
2026-09-07 12:14:23.316 UTC [1102] LOG:  execute <unnamed>: select "commit_sha" from "workspace_write_jobs" where (("workspace_write_jobs"."workspace_id" = $1) and ("workspace_write_jobs"."kind" = $2) and (("workspace_write_jobs"."commit_sha" is not null))) order by "workspace_write_jobs"."created_at" asc limit $3
2026-09-07 12:14:23.316 UTC [1102] LOG:  statement: commit
2026-09-07 12:14:23.318 UTC [1102] LOG:  execute <unnamed>: select "id", "expires_at", "token", "created_at", "updated_at", "ip_address", "user_agent", "user_id", "active_organization_id" from "sessions" where "sessions"."token" = $1
2026-09-07 12:14:23.319 UTC [1102] LOG:  execute <unnamed>: select "id", "name", "email", "email_verified", "image", "created_at", "updated_at", "two_factor_enabled", "onboarding_completed_at" from "users" where "users"."id" = $1
2026-09-07 12:14:23.320 UTC [1102] LOG:  execute <unnamed>: select "id", "public_key", "private_key", "created_at", "expires_at" from "jwkss" limit $1
2026-09-07 12:14:23.321 UTC [1102] LOG:  execute <unnamed>: select "id", "expires_at", "token", "created_at", "updated_at", "ip_address", "user_agent", "user_id", "active_organization_id" from "sessions" where "sessions"."token" = $1
2026-09-07 12:14:23.321 UTC [1102] LOG:  execute <unnamed>: select "id", "name", "email", "email_verified", "image", "created_at", "updated_at", "two_factor_enabled", "onboarding_completed_at" from "users" where "users"."id" = $1
2026-09-07 12:14:23.322 UTC [1102] LOG:  execute <unnamed>: select "id", "public_key", "private_key", "created_at", "expires_at" from "jwkss" limit $1
2026-09-07 12:14:23.323 UTC [1102] LOG:  execute <unnamed>: select "organizations"."id" from "organizations" inner join "members" on (("members"."organization_id" = "organizations"."id") and ("members"."user_id" = $1)) where "organizations"."slug" = $2 limit $3
2026-09-07 12:14:23.323 UTC [1102] LOG:  statement: begin
2026-09-07 12:14:23.324 UTC [1102] LOG:  execute <unnamed>: select set_config('app.organization_id', $1, true)
2026-09-07 12:14:23.324 UTC [1102] LOG:  execute <unnamed>: select "id" from "workspaces" where (("workspaces"."id" = $1) and ("workspaces"."org_id" = $2)) limit $3
2026-09-07 12:14:23.325 UTC [1102] LOG:  execute <unnamed>: select "id", "org_id", "user_id", "workspace_id", "name", "source", "last_branch", "last_chat_pr_number", "last_message_at", "created_at", "updated_at" from "conversations" where (("conversations"."id" = $1) and ("conversations"."org_id" = $2) and ("conversations"."user_id" = $3)) limit $4
2026-09-07 12:14:23.325 UTC [1102] LOG:  execute <unnamed>: select "id" from "conversations" where (("conversations"."id" = $1) and ("conversations"."org_id" = $2)) limit $3
2026-09-07 12:14:23.326 UTC [1102] LOG:  execute <unnamed>: insert into "conversations" ("id", "org_id", "user_id", "workspace_id", "name", "source", "last_branch", "last_chat_pr_number", "last_message_at", "created_at", "updated_at") values ($1, $2, $3, $4, $5, $6, default, default, default, default, default) returning "id", "org_id", "user_id", "workspace_id", "name", "source", "last_branch", "last_chat_pr_number", "last_message_at", "created_at", "updated_at"
2026-09-07 12:14:23.326 UTC [1102] LOG:  statement: commit
2026-09-07 12:14:23.327 UTC [1102] LOG:  statement: begin
2026-09-07 12:14:23.327 UTC [1102] LOG:  execute <unnamed>: select set_config('app.organization_id', $1, true)
2026-09-07 12:14:23.328 UTC [1102] LOG:  execute <unnamed>: select "id", "org_id", "slug", "display_name", "workspace_repository_url", "github_connection_id", "desired_generation", "desired_sha", "active_projection_url", "active_projection_sha", "indexed_sha", "write_status", "hydrate_status", "hydrate_error", "last_job_at", "hydrate_phases", "read_only_reason", "created_at", "updated_at" from "workspaces" where (("workspaces"."org_id" = $1) and ("workspaces"."id" = $2)) limit $3
2026-09-07 12:14:23.328 UTC [1102] LOG:  statement: commit
2026-09-07 12:14:23.329 UTC [1102] LOG:  statement: begin
2026-09-07 12:14:23.329 UTC [1102] LOG:  execute <unnamed>: select set_config('app.organization_id', $1, true)
2026-09-07 12:14:23.329 UTC [1102] LOG:  execute <unnamed>: update "conversations" set "last_branch" = $1, "updated_at" = $2 where (("conversations"."id" = $3) and ("conversations"."org_id" = $4) and ("conversations"."user_id" = $5))
2026-09-07 12:14:23.330 UTC [1102] LOG:  statement: commit
2026-09-07 12:14:23.330 UTC [1102] LOG:  statement: begin
2026-09-07 12:14:23.334 UTC [1102] LOG:  execute <unnamed>: select set_config('app.organization_id', $1, true)
2026-09-07 12:14:23.335 UTC [1102] LOG:  execute <unnamed>: select "id", "kind", "org_id", "workspace_id", "conversation_id", "desired_url", "desired_generation", "desired_sha", "provider", "provider_sandbox_id", "latest_snapshot_id", "latest_run_id", "state", "last_heartbeat_at", "created_at", "updated_at" from "workspace_sandbox_instances" where (("workspace_sandbox_instances"."conversation_id" = $1) and ("workspace_sandbox_instances"."kind" = $2))
2026-09-07 12:14:23.335 UTC [1102] LOG:  statement: commit
2026-09-07 12:14:23.335 UTC [1102] LOG:  execute <unnamed>: select "slug" from "organizations" where "organizations"."id" = $1 limit $2
2026-09-07 12:14:23.337 UTC [1102] LOG:  statement: begin
2026-09-07 12:14:23.337 UTC [1102] LOG:  execute <unnamed>: select set_config('app.organization_id', $1, true)
2026-09-07 12:14:23.337 UTC [1102] LOG:  execute <unnamed>: select "id", "kind", "org_id", "workspace_id", "conversation_id", "desired_url", "desired_generation", "desired_sha", "provider", "provider_sandbox_id", "latest_snapshot_id", "latest_run_id", "state", "last_heartbeat_at", "created_at", "updated_at" from "workspace_sandbox_instances" where (("workspace_sandbox_instances"."id" = $1) and ("workspace_sandbox_instances"."org_id" = $2)) limit $3
2026-09-07 12:14:23.338 UTC [1102] LOG:  statement: commit
2026-09-07 12:14:23.338 UTC [1102] LOG:  statement: begin
2026-09-07 12:14:23.338 UTC [1102] LOG:  execute <unnamed>: select set_config('app.organization_id', $1, true)
2026-09-07 12:14:23.339 UTC [1102] LOG:  execute <unnamed>: select "id", "kind", "org_id", "workspace_id", "conversation_id", "desired_url", "desired_generation", "desired_sha", "provider", "provider_sandbox_id", "latest_snapshot_id", "latest_run_id", "state", "last_heartbeat_at", "created_at", "updated_at" from "workspace_sandbox_instances" where (("workspace_sandbox_instances"."conversation_id" = $1) and ("workspace_sandbox_instances"."kind" = $2) and ("workspace_sandbox_instances"."state" = $3))
2026-09-07 12:14:23.339 UTC [1102] LOG:  statement: commit
2026-09-07 12:14:23.489 UTC [1102] LOG:  statement: begin
2026-09-07 12:14:23.490 UTC [1102] LOG:  execute <unnamed>: select set_config('app.organization_id', $1, true)
2026-09-07 12:14:23.491 UTC [1102] LOG:  statement: savepoint sp1
2026-09-07 12:14:23.493 UTC [1102] LOG:  execute <unnamed>: select "id", "kind", "org_id", "workspace_id", "conversation_id", "desired_url", "desired_generation", "desired_sha", "provider", "provider_sandbox_id", "latest_snapshot_id", "latest_run_id", "state", "last_heartbeat_at", "created_at", "updated_at" from "workspace_sandbox_instances" where (("workspace_sandbox_instances"."org_id" = $1) and ("workspace_sandbox_instances"."kind" = $2) and ("workspace_sandbox_instances"."conversation_id" = $3) and ((("workspace_sandbox_instances"."state" = $4) or ("workspace_sandbox_instances"."state" = $5)))) order by ("workspace_sandbox_instances"."provider_sandbox_id" is not null) desc, "workspace_sandbox_instances"."created_at" asc, "workspace_sandbox_instances"."id" asc limit $6
2026-09-07 12:14:23.495 UTC [1102] LOG:  execute <unnamed>: insert into "workspace_sandbox_instances" ("id", "kind", "org_id", "workspace_id", "conversation_id", "desired_url", "desired_generation", "desired_sha", "provider", "provider_sandbox_id", "latest_snapshot_id", "latest_run_id", "state", "last_heartbeat_at", "created_at", "updated_at") values ($1, $2, $3, $4, $5, $6, $7, $8, $9, $10, $11, $12, $13, $14, $15, $16) on conflict ("id") do update set "kind" = $17, "conversation_id" = $18, "desired_url" = $19, "desired_generation" = $20, "desired_sha" = $21, "provider" = $22, "provider_sandbox_id" = $23, "latest_snapshot_id" = $24, "latest_run_id" = $25, "state" = $26, "last_heartbeat_at" = $27, "updated_at" = $28
2026-09-07 12:14:23.496 UTC [1102] LOG:  statement: release savepoint sp1
2026-09-07 12:14:23.496 UTC [1102] LOG:  statement: commit
2026-09-07 12:14:23.518 UTC [1102] LOG:  statement: begin
2026-09-07 12:14:23.519 UTC [1102] LOG:  execute <unnamed>: select set_config('app.organization_id', $1, true)
2026-09-07 12:14:23.521 UTC [1102] LOG:  execute <unnamed>: update "conversations" set "last_branch" = $1, "updated_at" = $2 where (("conversations"."id" = $3) and ("conversations"."org_id" = $4) and ("conversations"."user_id" = $5))
2026-09-07 12:14:23.521 UTC [1102] LOG:  statement: commit
2026-09-07 12:14:23.523 UTC [1102] LOG:  statement: begin
2026-09-07 12:14:23.524 UTC [1102] LOG:  execute <unnamed>: select set_config('app.organization_id', $1, true)
2026-09-07 12:14:23.525 UTC [1102] LOG:  execute <unnamed>: select "id", "kind", "org_id", "workspace_id", "conversation_id", "desired_url", "desired_generation", "desired_sha", "provider", "provider_sandbox_id", "latest_snapshot_id", "latest_run_id", "state", "last_heartbeat_at", "created_at", "updated_at" from "workspace_sandbox_instances" where (("workspace_sandbox_instances"."conversation_id" = $1) and ("workspace_sandbox_instances"."kind" = $2))
2026-09-07 12:14:23.526 UTC [1102] LOG:  statement: commit
2026-09-07 12:14:23.529 UTC [1102] LOG:  execute <unnamed>: select "id", "expires_at", "token", "created_at", "updated_at", "ip_address", "user_agent", "user_id", "active_organization_id" from "sessions" where "sessions"."token" = $1
2026-09-07 12:14:23.530 UTC [1102] LOG:  execute <unnamed>: select "id", "name", "email", "email_verified", "image", "created_at", "updated_at", "two_factor_enabled", "onboarding_completed_at" from "users" where "users"."id" = $1
2026-09-07 12:14:23.532 UTC [1102] LOG:  execute <unnamed>: select "id", "public_key", "private_key", "created_at", "expires_at" from "jwkss" limit $1
2026-09-07 12:14:23.534 UTC [1102] LOG:  execute <unnamed>: select "id", "expires_at", "token", "created_at", "updated_at", "ip_address", "user_agent", "user_id", "active_organization_id" from "sessions" where "sessions"."token" = $1
2026-09-07 12:14:23.538 UTC [1102] LOG:  execute <unnamed>: select "id", "name", "email", "email_verified", "image", "created_at", "updated_at", "two_factor_enabled", "onboarding_completed_at" from "users" where "users"."id" = $1
2026-09-07 12:14:23.539 UTC [1102] LOG:  execute <unnamed>: select "id", "public_key", "private_key", "created_at", "expires_at" from "jwkss" limit $1
2026-09-07 12:14:23.541 UTC [1102] LOG:  execute <unnamed>: select "organizations"."id" from "organizations" inner join "members" on (("members"."organization_id" = "organizations"."id") and ("members"."user_id" = $1)) where "organizations"."slug" = $2 limit $3
2026-09-07 12:14:23.542 UTC [1102] LOG:  statement: begin
2026-09-07 12:14:23.543 UTC [1102] LOG:  execute <unnamed>: select set_config('app.organization_id', $1, true)
2026-09-07 12:14:23.544 UTC [1102] LOG:  execute <unnamed>: select "id" from "workspaces" where (("workspaces"."id" = $1) and ("workspaces"."org_id" = $2)) limit $3
2026-09-07 12:14:23.545 UTC [1102] LOG:  execute <unnamed>: select "id", "org_id", "user_id", "workspace_id", "name", "source", "last_branch", "last_chat_pr_number", "last_message_at", "created_at", "updated_at" from "conversations" where (("conversations"."id" = $1) and ("conversations"."org_id" = $2) and ("conversations"."user_id" = $3)) limit $4
2026-09-07 12:14:23.547 UTC [1102] LOG:  statement: commit
2026-09-07 12:14:23.548 UTC [1102] LOG:  statement: begin
2026-09-07 12:14:23.549 UTC [1102] LOG:  execute <unnamed>: select set_config('app.organization_id', $1, true)
2026-09-07 12:14:23.550 UTC [1102] LOG:  execute <unnamed>: select "id", "org_id", "slug", "display_name", "workspace_repository_url", "github_connection_id", "desired_generation", "desired_sha", "active_projection_url", "active_projection_sha", "indexed_sha", "write_status", "hydrate_status", "hydrate_error", "last_job_at", "hydrate_phases", "read_only_reason", "created_at", "updated_at" from "workspaces" where (("workspaces"."org_id" = $1) and ("workspaces"."id" = $2)) limit $3
2026-09-07 12:14:23.552 UTC [1102] LOG:  statement: commit
2026-09-07 12:14:23.553 UTC [1102] LOG:  statement: begin
2026-09-07 12:14:23.553 UTC [1102] LOG:  execute <unnamed>: select set_config('app.organization_id', $1, true)
2026-09-07 12:14:23.554 UTC [1102] LOG:  execute <unnamed>: update "conversations" set "last_branch" = $1, "updated_at" = $2 where (("conversations"."id" = $3) and ("conversations"."org_id" = $4) and ("conversations"."user_id" = $5))
2026-09-07 12:14:23.555 UTC [1102] LOG:  statement: commit
2026-09-07 12:14:23.560 UTC [1102] LOG:  statement: begin
2026-09-07 12:14:23.560 UTC [1102] LOG:  execute <unnamed>: select set_config('app.organization_id', $1, true)
2026-09-07 12:14:23.562 UTC [1102] LOG:  execute <unnamed>: update "conversations" set "last_message_at" = $1, "updated_at" = $2 where (("conversations"."id" = $3) and ("conversations"."org_id" = $4) and ("conversations"."user_id" = $5))
2026-09-07 12:14:23.563 UTC [1102] LOG:  statement: commit
2026-09-07 12:14:23.564 UTC [1102] LOG:  statement: begin
2026-09-07 12:14:23.565 UTC [1102] LOG:  execute <unnamed>: select set_config('app.organization_id', $1, true)
2026-09-07 12:14:23.566 UTC [1102] LOG:  execute <unnamed>: select "id", "kind", "org_id", "workspace_id", "conversation_id", "desired_url", "desired_generation", "desired_sha", "provider", "provider_sandbox_id", "latest_snapshot_id", "latest_run_id", "state", "last_heartbeat_at", "created_at", "updated_at" from "workspace_sandbox_instances" where (("workspace_sandbox_instances"."conversation_id" = $1) and ("workspace_sandbox_instances"."kind" = $2))
2026-09-07 12:14:23.566 UTC [1102] LOG:  statement: commit
2026-09-07 12:14:23.567 UTC [1102] LOG:  statement: begin
2026-09-07 12:14:23.567 UTC [1102] LOG:  execute <unnamed>: select set_config('app.organization_id', $1, true)
2026-09-07 12:14:23.567 UTC [1102] LOG:  execute <unnamed>: select "id", "kind", "org_id", "workspace_id", "conversation_id", "desired_url", "desired_generation", "desired_sha", "provider", "provider_sandbox_id", "latest_snapshot_id", "latest_run_id", "state", "last_heartbeat_at", "created_at", "updated_at" from "workspace_sandbox_instances" where (("workspace_sandbox_instances"."conversation_id" = $1) and ("workspace_sandbox_instances"."kind" = $2))
2026-09-07 12:14:23.568 UTC [1102] LOG:  statement: commit
2026-09-07 12:14:23.568 UTC [1102] LOG:  statement: begin
2026-09-07 12:14:23.568 UTC [1102] LOG:  execute <unnamed>: select set_config('app.organization_id', $1, true)
2026-09-07 12:14:23.569 UTC [1102] LOG:  execute <unnamed>: select "id", "kind", "org_id", "workspace_id", "conversation_id", "desired_url", "desired_generation", "desired_sha", "provider", "provider_sandbox_id", "latest_snapshot_id", "latest_run_id", "state", "last_heartbeat_at", "created_at", "updated_at" from "workspace_sandbox_instances" where (("workspace_sandbox_instances"."id" = $1) and ("workspace_sandbox_instances"."org_id" = $2)) limit $3
2026-09-07 12:14:23.569 UTC [1102] LOG:  statement: commit
2026-09-07 12:14:23.569 UTC [1102] LOG:  statement: begin
2026-09-07 12:14:23.569 UTC [1102] LOG:  execute <unnamed>: select set_config('app.organization_id', $1, true)
2026-09-07 12:14:23.570 UTC [1102] LOG:  execute <unnamed>: delete from "workspace_sandbox_instances" where (("workspace_sandbox_instances"."id" = $1) and ("workspace_sandbox_instances"."org_id" = $2))
2026-09-07 12:14:23.570 UTC [1102] LOG:  statement: commit
2026-09-07 12:14:23.576 UTC [1102] LOG:  statement: begin
2026-09-07 12:14:23.576 UTC [1102] LOG:  execute <unnamed>: select set_config('app.organization_id', $1, true)
2026-09-07 12:14:23.577 UTC [1102] LOG:  execute <unnamed>: select "id", "org_id", "slug", "display_name", "workspace_repository_url", "github_connection_id", "desired_generation", "desired_sha", "active_projection_url", "active_projection_sha", "indexed_sha", "write_status", "hydrate_status", "hydrate_error", "last_job_at", "hydrate_phases", "read_only_reason", "created_at", "updated_at" from "workspaces" where (("workspaces"."org_id" = $1) and ("workspaces"."id" = $2)) limit $3
2026-09-07 12:14:23.579 UTC [1102] LOG:  statement: commit
2026-09-07 12:14:23.580 UTC [1102] LOG:  statement: begin
2026-09-07 12:14:23.580 UTC [1102] LOG:  execute <unnamed>: select set_config('app.organization_id', $1, true)
2026-09-07 12:14:23.581 UTC [1102] LOG:  execute <unnamed>: select "id", "org_id", "slug", "display_name", "workspace_repository_url", "github_connection_id", "desired_generation", "desired_sha", "active_projection_url", "active_projection_sha", "indexed_sha", "write_status", "hydrate_status", "hydrate_error", "last_job_at", "hydrate_phases", "read_only_reason", "created_at", "updated_at" from "workspaces" where (("workspaces"."org_id" = $1) and ("workspaces"."id" = $2)) limit $3
2026-09-07 12:14:23.581 UTC [1102] LOG:  execute <unnamed>: select "id", "org_id", "slug", "display_name", "workspace_repository_url", "github_connection_id", "desired_generation", "desired_sha", "active_projection_url", "active_projection_sha", "indexed_sha", "write_status", "hydrate_status", "hydrate_error", "last_job_at", "hydrate_phases", "read_only_reason", "created_at", "updated_at" from "workspaces" where (("workspaces"."org_id" = $1) and ("workspaces"."id" = $2)) limit $3
2026-09-07 12:14:23.582 UTC [1102] LOG:  execute <unnamed>: select "id", "org_id", "workspace_id", "git_url", "desired_ref", "desired_sha", "indexed_sha", "created_at" from "workspace_linked_repositories" where "workspace_linked_repositories"."workspace_id" = $1 order by "workspace_linked_repositories"."created_at"
2026-09-07 12:14:23.582 UTC [1102] LOG:  execute <unnamed>: select "id", "git_url" from "repositories" where "repositories"."org_id" = $1
2026-09-07 12:14:23.583 UTC [1102] LOG:  statement: commit
2026-09-07 12:14:23.584 UTC [1102] LOG:  statement: begin
2026-09-07 12:14:23.584 UTC [1103] LOG:  statement: begin
2026-09-07 12:14:23.584 UTC [1102] LOG:  execute <unnamed>: select set_config('app.organization_id', $1, true)
2026-09-07 12:14:23.585 UTC [1103] LOG:  execute <unnamed>: select set_config('app.organization_id', $1, true)
2026-09-07 12:14:23.585 UTC [1102] LOG:  execute <unnamed>: select "id", "kind", "org_id", "workspace_id", "conversation_id", "desired_url", "desired_generation", "desired_sha", "provider", "provider_sandbox_id", "latest_snapshot_id", "latest_run_id", "state", "last_heartbeat_at", "created_at", "updated_at" from "workspace_sandbox_instances" where (("workspace_sandbox_instances"."conversation_id" = $1) and ("workspace_sandbox_instances"."kind" = $2))
2026-09-07 12:14:23.585 UTC [1102] LOG:  statement: commit
2026-09-07 12:14:23.586 UTC [1103] LOG:  execute <unnamed>: select "id", "kind", "org_id", "workspace_id", "conversation_id", "desired_url", "desired_generation", "desired_sha", "provider", "provider_sandbox_id", "latest_snapshot_id", "latest_run_id", "state", "last_heartbeat_at", "created_at", "updated_at" from "workspace_sandbox_instances" where (("workspace_sandbox_instances"."id" = $1) and ("workspace_sandbox_instances"."org_id" = $2)) limit $3
2026-09-07 12:14:23.586 UTC [1103] LOG:  statement: commit
2026-09-07 12:14:23.586 UTC [1103] LOG:  statement: begin
2026-09-07 12:14:23.587 UTC [1103] LOG:  execute <unnamed>: select set_config('app.organization_id', $1, true)
2026-09-07 12:14:23.587 UTC [1103] LOG:  execute <unnamed>: select "id", "kind", "org_id", "workspace_id", "conversation_id", "desired_url", "desired_generation", "desired_sha", "provider", "provider_sandbox_id", "latest_snapshot_id", "latest_run_id", "state", "last_heartbeat_at", "created_at", "updated_at" from "workspace_sandbox_instances" where (("workspace_sandbox_instances"."conversation_id" = $1) and ("workspace_sandbox_instances"."kind" = $2) and ("workspace_sandbox_instances"."state" = $3))
2026-09-07 12:14:23.587 UTC [1103] LOG:  statement: commit
2026-09-07 12:14:23.726 UTC [1103] LOG:  statement: begin
2026-09-07 12:14:23.727 UTC [1103] LOG:  execute <unnamed>: select set_config('app.organization_id', $1, true)
2026-09-07 12:14:23.728 UTC [1103] LOG:  statement: savepoint sp1
2026-09-07 12:14:23.729 UTC [1103] LOG:  execute <unnamed>: select "id", "kind", "org_id", "workspace_id", "conversation_id", "desired_url", "desired_generation", "desired_sha", "provider", "provider_sandbox_id", "latest_snapshot_id", "latest_run_id", "state", "last_heartbeat_at", "created_at", "updated_at" from "workspace_sandbox_instances" where (("workspace_sandbox_instances"."org_id" = $1) and ("workspace_sandbox_instances"."kind" = $2) and ("workspace_sandbox_instances"."conversation_id" = $3) and ((("workspace_sandbox_instances"."state" = $4) or ("workspace_sandbox_instances"."state" = $5)))) order by ("workspace_sandbox_instances"."provider_sandbox_id" is not null) desc, "workspace_sandbox_instances"."created_at" asc, "workspace_sandbox_instances"."id" asc limit $6
2026-09-07 12:14:23.730 UTC [1103] LOG:  execute <unnamed>: insert into "workspace_sandbox_instances" ("id", "kind", "org_id", "workspace_id", "conversation_id", "desired_url", "desired_generation", "desired_sha", "provider", "provider_sandbox_id", "latest_snapshot_id", "latest_run_id", "state", "last_heartbeat_at", "created_at", "updated_at") values ($1, $2, $3, $4, $5, $6, $7, $8, $9, $10, $11, $12, $13, $14, $15, $16) on conflict ("id") do update set "kind" = $17, "conversation_id" = $18, "desired_url" = $19, "desired_generation" = $20, "desired_sha" = $21, "provider" = $22, "provider_sandbox_id" = $23, "latest_snapshot_id" = $24, "latest_run_id" = $25, "state" = $26, "last_heartbeat_at" = $27, "updated_at" = $28
2026-09-07 12:14:23.732 UTC [1103] LOG:  statement: release savepoint sp1
2026-09-07 12:14:23.732 UTC [1103] LOG:  statement: commit
2026-09-07 12:14:23.772 UTC [1103] LOG:  statement: begin
2026-09-07 12:14:23.773 UTC [1103] LOG:  execute <unnamed>: select set_config('app.organization_id', $1, true)
2026-09-07 12:14:23.774 UTC [1103] LOG:  execute <unnamed>: select "interrupt_id", "run_id", "thread_id", "org_id", "status", "requested_at", "resolved_at", "payload_json", "response_json" from "chat_interrupts" where (("chat_interrupts"."thread_id" = $1) and ("chat_interrupts"."status" = $2)) order by "chat_interrupts"."requested_at" asc
2026-09-07 12:14:23.775 UTC [1103] LOG:  statement: commit
2026-09-07 12:14:23.776 UTC [1103] LOG:  statement: begin
2026-09-07 12:14:23.776 UTC [1103] LOG:  execute <unnamed>: select set_config('app.organization_id', $1, true)
2026-09-07 12:14:23.777 UTC [1103] LOG:  execute <unnamed>: select "run_id", "thread_id", "org_id", "status", "started_at", "finished_at", "error", "error_code", "usage_json", "sandbox_key", "detached_since", "cancel_requested", "driver_epoch" from "chat_runs" where "chat_runs"."run_id" = $1 limit $2
2026-09-07 12:14:23.778 UTC [1103] LOG:  statement: commit
2026-09-07 12:14:23.778 UTC [1103] LOG:  statement: begin
2026-09-07 12:14:23.779 UTC [1103] LOG:  execute <unnamed>: select set_config('app.organization_id', $1, true)
2026-09-07 12:14:23.779 UTC [1103] LOG:  execute <unnamed>: insert into "chat_runs" ("run_id", "thread_id", "org_id", "status", "started_at", "finished_at", "error", "error_code", "usage_json", "sandbox_key", "detached_since", "cancel_requested", "driver_epoch") values ($1, $2, $3, $4, $5, default, default, default, default, default, default, default, default) on conflict ("run_id") do nothing
2026-09-07 12:14:23.780 UTC [1103] LOG:  statement: commit
2026-09-07 12:14:23.781 UTC [1103] LOG:  statement: begin
2026-09-07 12:14:23.782 UTC [1103] LOG:  execute <unnamed>: select set_config('app.organization_id', $1, true)
2026-09-07 12:14:23.783 UTC [1103] LOG:  execute <unnamed>: select "run_id", "thread_id", "org_id", "status", "started_at", "finished_at", "error", "error_code", "usage_json", "sandbox_key", "detached_since", "cancel_requested", "driver_epoch" from "chat_runs" where "chat_runs"."run_id" = $1 limit $2
2026-09-07 12:14:23.784 UTC [1103] LOG:  statement: commit
2026-09-07 12:14:23.785 UTC [1103] LOG:  statement: begin
2026-09-07 12:14:23.785 UTC [1103] LOG:  execute <unnamed>: select set_config('app.organization_id', $1, true)
2026-09-07 12:14:23.786 UTC [1103] LOG:  execute <unnamed>: select "messages_json" from "chat_threads" where "chat_threads"."thread_id" = $1 limit $2
2026-09-07 12:14:23.786 UTC [1103] LOG:  statement: commit
2026-09-07 12:14:23.787 UTC [1103] LOG:  statement: begin
2026-09-07 12:14:23.787 UTC [1103] LOG:  execute <unnamed>: select set_config('app.organization_id', $1, true)
2026-09-07 12:14:23.788 UTC [1103] LOG:  execute <unnamed>: insert into "chat_threads" ("thread_id", "org_id", "messages_json", "updated_at") values ($1, $2, $3, $4) on conflict ("thread_id") do update set "messages_json" = $5, "updated_at" = $6
2026-09-07 12:14:23.789 UTC [1103] LOG:  statement: commit
2026-09-07 12:14:24.908 UTC [1103] LOG:  statement: begin
2026-09-07 12:14:24.909 UTC [1103] LOG:  execute <unnamed>: select set_config('app.organization_id', $1, true)
2026-09-07 12:14:24.910 UTC [1103] LOG:  execute <unnamed>: insert into "chat_threads" ("thread_id", "org_id", "messages_json", "updated_at") values ($1, $2, $3, $4) on conflict ("thread_id") do update set "messages_json" = $5, "updated_at" = $6
2026-09-07 12:14:24.911 UTC [1103] LOG:  statement: commit
2026-09-07 12:14:30.319 UTC [1103] LOG:  statement: begin
2026-09-07 12:14:30.320 UTC [1103] LOG:  execute <unnamed>: select set_config('app.organization_id', $1, true)
2026-09-07 12:14:30.322 UTC [1103] LOG:  execute <unnamed>: insert into "chat_threads" ("thread_id", "org_id", "messages_json", "updated_at") values ($1, $2, $3, $4) on conflict ("thread_id") do update set "messages_json" = $5, "updated_at" = $6
2026-09-07 12:14:30.323 UTC [1103] LOG:  statement: commit
2026-09-07 12:14:30.439 UTC [1103] LOG:  statement: begin
2026-09-07 12:14:30.440 UTC [1103] LOG:  execute <unnamed>: select set_config('app.organization_id', $1, true)
2026-09-07 12:14:30.442 UTC [1103] LOG:  execute <unnamed>: insert into "chat_threads" ("thread_id", "org_id", "messages_json", "updated_at") values ($1, $2, $3, $4) on conflict ("thread_id") do update set "messages_json" = $5, "updated_at" = $6
2026-09-07 12:14:30.443 UTC [1103] LOG:  statement: commit
2026-09-07 12:14:30.445 UTC [1103] LOG:  statement: begin
2026-09-07 12:14:30.446 UTC [1103] LOG:  execute <unnamed>: select set_config('app.organization_id', $1, true)
2026-09-07 12:14:30.447 UTC [1103] LOG:  execute <unnamed>: update "chat_runs" set "status" = $1, "finished_at" = $2, "usage_json" = $3 where "chat_runs"."run_id" = $4
2026-09-07 12:14:30.451 UTC [1103] LOG:  statement: commit
2026-09-07 12:14:30.453 UTC [1103] LOG:  statement: begin
2026-09-07 12:14:30.454 UTC [1103] LOG:  execute <unnamed>: select set_config('app.organization_id', $1, true)
2026-09-07 12:14:30.455 UTC [1103] LOG:  execute <unnamed>: select "messages_json" from "chat_threads" where "chat_threads"."thread_id" = $1 limit $2
2026-09-07 12:14:30.456 UTC [1103] LOG:  statement: commit
2026-09-07 12:14:30.459 UTC [1103] LOG:  statement: begin
2026-09-07 12:14:30.460 UTC [1103] LOG:  execute <unnamed>: select set_config('app.organization_id', $1, true)
2026-09-07 12:14:30.462 UTC [1103] LOG:  execute <unnamed>: select "run_id", "thread_id", "org_id", "status", "started_at", "finished_at", "error", "error_code", "usage_json", "sandbox_key", "detached_since", "cancel_requested", "driver_epoch" from "chat_runs" where (("chat_runs"."thread_id" = $1) and ("chat_runs"."status" = $2)) order by "chat_runs"."started_at" desc limit $3
2026-09-07 12:14:30.463 UTC [1103] LOG:  statement: commit
2026-09-07 12:14:30.463 UTC [1103] LOG:  statement: begin
2026-09-07 12:14:30.465 UTC [1103] LOG:  execute <unnamed>: select set_config('app.organization_id', $1, true)
2026-09-07 12:14:30.466 UTC [1103] LOG:  execute <unnamed>: select "d0"."id" as "id", "d0"."org_id" as "orgId", "d0"."user_id" as "userId", "d0"."workspace_id" as "workspaceId", "d0"."name" as "name", "d0"."source" as "source", "d0"."last_branch" as "lastBranch", "d0"."last_chat_pr_number" as "lastChatPrNumber", "d0"."last_message_at" as "lastMessageAt", "d0"."created_at" as "createdAt", "d0"."updated_at" as "updatedAt" from "conversations" as "d0" where (("d0"."id" = $1) and ("d0"."org_id" = $2) and ("d0"."user_id" = $3)) limit $4
2026-09-07 12:14:30.467 UTC [1103] LOG:  statement: commit
2026-09-07 12:14:34.055 UTC [1103] LOG:  statement: begin
2026-09-07 12:14:34.057 UTC [1103] LOG:  execute <unnamed>: select set_config('app.organization_id', $1, true)
2026-09-07 12:14:34.059 UTC [1103] LOG:  execute <unnamed>: update "conversations" set "name" = $1, "updated_at" = $2 where (("conversations"."id" = $3) and ("conversations"."org_id" = $4) and ("conversations"."user_id" = $5)) returning "id", "org_id", "user_id", "workspace_id", "name", "source", "last_branch", "last_chat_pr_number", "last_message_at", "created_at", "updated_at"
2026-09-07 12:14:34.061 UTC [1103] LOG:  statement: commit
2026-09-07 12:14:34.083 UTC [1103] LOG:  execute <unnamed>: select "id", "expires_at", "token", "created_at", "updated_at", "ip_address", "user_agent", "user_id", "active_organization_id" from "sessions" where "sessions"."token" = $1
2026-09-07 12:14:34.084 UTC [1103] LOG:  execute <unnamed>: select "id", "name", "email", "email_verified", "image", "created_at", "updated_at", "two_factor_enabled", "onboarding_completed_at" from "users" where "users"."id" = $1
2026-09-07 12:14:34.085 UTC [1103] LOG:  execute <unnamed>: select "id", "public_key", "private_key", "created_at", "expires_at" from "jwkss" limit $1
2026-09-07 12:14:34.087 UTC [1103] LOG:  execute <unnamed>: select "id", "expires_at", "token", "created_at", "updated_at", "ip_address", "user_agent", "user_id", "active_organization_id" from "sessions" where "sessions"."token" = $1
2026-09-07 12:14:34.089 UTC [1103] LOG:  execute <unnamed>: select "id", "name", "email", "email_verified", "image", "created_at", "updated_at", "two_factor_enabled", "onboarding_completed_at" from "users" where "users"."id" = $1
2026-09-07 12:14:34.090 UTC [1103] LOG:  execute <unnamed>: select "id", "public_key", "private_key", "created_at", "expires_at" from "jwkss" limit $1
2026-09-07 12:14:34.091 UTC [1103] LOG:  execute <unnamed>: select "organizations"."id" from "organizations" inner join "members" on (("members"."organization_id" = "organizations"."id") and ("members"."user_id" = $1)) where "organizations"."slug" = $2 limit $3
2026-09-07 12:14:34.092 UTC [1103] LOG:  statement: begin
2026-09-07 12:14:34.093 UTC [1103] LOG:  execute <unnamed>: select set_config('app.organization_id', $1, true)
2026-09-07 12:14:34.094 UTC [1103] LOG:  execute <unnamed>: select "d0"."id" as "id", "d0"."org_id" as "orgId", "d0"."user_id" as "userId", "d0"."workspace_id" as "workspaceId", "d0"."name" as "name", "d0"."source" as "source", "d0"."last_branch" as "lastBranch", "d0"."last_chat_pr_number" as "lastChatPrNumber", "d0"."last_message_at" as "lastMessageAt", "d0"."created_at" as "createdAt", "d0"."updated_at" as "updatedAt" from "conversations" as "d0" where (("d0"."id" = $1) and ("d0"."org_id" = $2) and ("d0"."user_id" = $3)) limit $4
2026-09-07 12:14:34.094 UTC [1103] LOG:  statement: commit
2026-09-07 12:14:34.095 UTC [1103] LOG:  statement: begin
2026-09-07 12:14:34.096 UTC [1103] LOG:  execute <unnamed>: select set_config('app.organization_id', $1, true)
2026-09-07 12:14:34.096 UTC [1103] LOG:  execute <unnamed>: select "messages_json" from "chat_threads" where "chat_threads"."thread_id" = $1 limit $2
2026-09-07 12:14:34.097 UTC [1103] LOG:  statement: commit
2026-09-07 12:14:34.098 UTC [1103] LOG:  statement: begin
2026-09-07 12:14:34.101 UTC [1103] LOG:  execute <unnamed>: select set_config('app.organization_id', $1, true)
2026-09-07 12:14:34.102 UTC [1103] LOG:  execute <unnamed>: select "id", "org_id", "slug", "display_name", "workspace_repository_url", "github_connection_id", "desired_generation", "desired_sha", "active_projection_url", "active_projection_sha", "indexed_sha", "write_status", "hydrate_status", "hydrate_error", "last_job_at", "hydrate_phases", "read_only_reason", "created_at", "updated_at" from "workspaces" where (("workspaces"."org_id" = $1) and ("workspaces"."id" = $2)) limit $3
2026-09-07 12:14:34.103 UTC [1103] LOG:  statement: commit
2026-09-07 12:14:34.167 UTC [1103] LOG:  execute <unnamed>: select "id", "expires_at", "token", "created_at", "updated_at", "ip_address", "user_agent", "user_id", "active_organization_id" from "sessions" where "sessions"."token" = $1
2026-09-07 12:14:34.169 UTC [1103] LOG:  execute <unnamed>: select "id", "name", "email", "email_verified", "image", "created_at", "updated_at", "two_factor_enabled", "onboarding_completed_at" from "users" where "users"."id" = $1
2026-09-07 12:14:34.171 UTC [1103] LOG:  execute <unnamed>: select "id", "public_key", "private_key", "created_at", "expires_at" from "jwkss" limit $1
2026-09-07 12:14:34.173 UTC [1103] LOG:  execute <unnamed>: select "id", "expires_at", "token", "created_at", "updated_at", "ip_address", "user_agent", "user_id", "active_organization_id" from "sessions" where "sessions"."token" = $1
2026-09-07 12:14:34.174 UTC [1103] LOG:  execute <unnamed>: select "id", "name", "email", "email_verified", "image", "created_at", "updated_at", "two_factor_enabled", "onboarding_completed_at" from "users" where "users"."id" = $1
2026-09-07 12:14:34.176 UTC [1103] LOG:  execute <unnamed>: select "id", "public_key", "private_key", "created_at", "expires_at" from "jwkss" limit $1
2026-09-07 12:14:34.177 UTC [1103] LOG:  execute <unnamed>: select "organizations"."id" from "organizations" inner join "members" on (("members"."organization_id" = "organizations"."id") and ("members"."user_id" = $1)) where "organizations"."slug" = $2 limit $3
2026-09-07 12:14:34.179 UTC [1103] LOG:  statement: begin
2026-09-07 12:14:34.180 UTC [1103] LOG:  execute <unnamed>: select set_config('app.organization_id', $1, true)
2026-09-07 12:14:34.181 UTC [1103] LOG:  execute <unnamed>: select "d0"."id" as "id", "d0"."org_id" as "orgId", "d0"."user_id" as "userId", "d0"."workspace_id" as "workspaceId", "d0"."name" as "name", "d0"."source" as "source", "d0"."last_branch" as "lastBranch", "d0"."last_chat_pr_number" as "lastChatPrNumber", "d0"."last_message_at" as "lastMessageAt", "d0"."created_at" as "createdAt", "d0"."updated_at" as "updatedAt" from "conversations" as "d0" where (("d0"."id" = $1) and ("d0"."org_id" = $2) and ("d0"."user_id" = $3)) limit $4
2026-09-07 12:14:34.182 UTC [1103] LOG:  statement: commit
2026-09-07 12:14:34.183 UTC [1103] LOG:  statement: begin
2026-09-07 12:14:34.184 UTC [1103] LOG:  execute <unnamed>: select set_config('app.organization_id', $1, true)
2026-09-07 12:14:34.185 UTC [1103] LOG:  execute <unnamed>: select "id", "kind", "org_id", "workspace_id", "conversation_id", "desired_url", "desired_generation", "desired_sha", "provider", "provider_sandbox_id", "latest_snapshot_id", "latest_run_id", "state", "last_heartbeat_at", "created_at", "updated_at" from "workspace_sandbox_instances" where (("workspace_sandbox_instances"."conversation_id" = $1) and ("workspace_sandbox_instances"."kind" = $2))
2026-09-07 12:14:34.186 UTC [1103] LOG:  statement: commit
2026-09-07 12:14:34.189 UTC [1103] LOG:  statement: begin
2026-09-07 12:14:34.191 UTC [1103] LOG:  execute <unnamed>: select set_config('app.organization_id', $1, true)
2026-09-07 12:14:34.191 UTC [1103] LOG:  execute <unnamed>: select "id", "kind", "org_id", "workspace_id", "conversation_id", "desired_url", "desired_generation", "desired_sha", "provider", "provider_sandbox_id", "latest_snapshot_id", "latest_run_id", "state", "last_heartbeat_at", "created_at", "updated_at" from "workspace_sandbox_instances" where (("workspace_sandbox_instances"."id" = $1) and ("workspace_sandbox_instances"."org_id" = $2)) limit $3
2026-09-07 12:14:34.192 UTC [1103] LOG:  statement: commit
2026-09-07 12:14:34.197 UTC [1103] LOG:  statement: begin
2026-09-07 12:14:34.198 UTC [1103] LOG:  execute <unnamed>: select set_config('app.organization_id', $1, true)
2026-09-07 12:14:34.200 UTC [1103] LOG:  execute <unnamed>: delete from "workspace_sandbox_instances" where (("workspace_sandbox_instances"."id" = $1) and ("workspace_sandbox_instances"."org_id" = $2))
2026-09-07 12:14:34.200 UTC [1103] LOG:  statement: commit
2026-09-07 12:14:34.201 UTC [1103] LOG:  statement: begin
2026-09-07 12:14:34.201 UTC [1103] LOG:  execute <unnamed>: select set_config('app.organization_id', $1, true)
2026-09-07 12:14:34.202 UTC [1103] LOG:  execute <unnamed>: delete from "conversations" where (("conversations"."id" = $1) and ("conversations"."org_id" = $2) and ("conversations"."user_id" = $3)) returning "id"
2026-09-07 12:14:34.202 UTC [1103] LOG:  statement: commit
2026-09-07 12:14:34.205 UTC [1103] LOG:  execute <unnamed>: select "id", "expires_at", "token", "created_at", "updated_at", "ip_address", "user_agent", "user_id", "active_organization_id" from "sessions" where "sessions"."token" = $1
2026-09-07 12:14:34.206 UTC [1103] LOG:  execute <unnamed>: select "id", "name", "email", "email_verified", "image", "created_at", "updated_at", "two_factor_enabled", "onboarding_completed_at" from "users" where "users"."id" = $1
2026-09-07 12:14:34.206 UTC [1103] LOG:  execute <unnamed>: select "id", "public_key", "private_key", "created_at", "expires_at" from "jwkss" limit $1
2026-09-07 12:14:34.207 UTC [1103] LOG:  execute <unnamed>: select "id", "expires_at", "token", "created_at", "updated_at", "ip_address", "user_agent", "user_id", "active_organization_id" from "sessions" where "sessions"."token" = $1
2026-09-07 12:14:34.208 UTC [1103] LOG:  execute <unnamed>: select "id", "name", "email", "email_verified", "image", "created_at", "updated_at", "two_factor_enabled", "onboarding_completed_at" from "users" where "users"."id" = $1
2026-09-07 12:14:34.211 UTC [1103] LOG:  execute <unnamed>: select "id", "public_key", "private_key", "created_at", "expires_at" from "jwkss" limit $1
2026-09-07 12:14:34.213 UTC [1103] LOG:  execute <unnamed>: select "organizations"."id" from "organizations" inner join "members" on (("members"."organization_id" = "organizations"."id") and ("members"."user_id" = $1)) where "organizations"."slug" = $2 limit $3
2026-09-07 12:14:34.213 UTC [1103] LOG:  statement: begin
2026-09-07 12:14:34.213 UTC [1103] LOG:  execute <unnamed>: select set_config('app.organization_id', $1, true)
2026-09-07 12:14:34.214 UTC [1103] LOG:  execute <unnamed>: select "id", "org_id", "slug", "display_name", "workspace_repository_url", "github_connection_id", "desired_generation", "desired_sha", "active_projection_url", "active_projection_sha", "indexed_sha", "write_status", "hydrate_status", "hydrate_error", "last_job_at", "hydrate_phases", "read_only_reason", "created_at", "updated_at" from "workspaces" where (("workspaces"."org_id" = $1) and ("workspaces"."slug" = $2)) limit $3
2026-09-07 12:14:34.214 UTC [1103] LOG:  statement: commit
2026-09-07 12:14:34.214 UTC [1103] LOG:  statement: begin
2026-09-07 12:14:34.215 UTC [1103] LOG:  execute <unnamed>: select set_config('app.organization_id', $1, true)
2026-09-07 12:14:34.215 UTC [1103] LOG:  execute <unnamed>: select "id", "org_id", "slug", "display_name", "workspace_repository_url", "github_connection_id", "desired_generation", "desired_sha", "active_projection_url", "active_projection_sha", "indexed_sha", "write_status", "hydrate_status", "hydrate_error", "last_job_at", "hydrate_phases", "read_only_reason", "created_at", "updated_at" from "workspaces" where (("workspaces"."org_id" = $1) and ("workspaces"."id" = $2)) limit $3
2026-09-07 12:14:34.216 UTC [1103] LOG:  execute <unnamed>: select "id", "org_id", "workspace_id", "git_url", "desired_ref", "desired_sha", "indexed_sha", "created_at" from "workspace_linked_repositories" where "workspace_linked_repositories"."workspace_id" = $1 order by "workspace_linked_repositories"."created_at"
2026-09-07 12:14:34.216 UTC [1103] LOG:  statement: commit
2026-09-07 12:14:34.216 UTC [1103] LOG:  statement: begin
2026-09-07 12:14:34.216 UTC [1103] LOG:  execute <unnamed>: select set_config('app.organization_id', $1, true)
2026-09-07 12:14:34.217 UTC [1103] LOG:  execute <unnamed>: select "commit_sha" from "workspace_write_jobs" where (("workspace_write_jobs"."workspace_id" = $1) and ("workspace_write_jobs"."kind" = $2) and (("workspace_write_jobs"."commit_sha" is not null))) order by "workspace_write_jobs"."created_at" asc limit $3
2026-09-07 12:14:34.217 UTC [1103] LOG:  statement: commit
2026-09-07 12:14:34.219 UTC [1103] LOG:  execute <unnamed>: select "id", "expires_at", "token", "created_at", "updated_at", "ip_address", "user_agent", "user_id", "active_organization_id" from "sessions" where "sessions"."token" = $1
2026-09-07 12:14:34.220 UTC [1103] LOG:  execute <unnamed>: select "id", "name", "email", "email_verified", "image", "created_at", "updated_at", "two_factor_enabled", "onboarding_completed_at" from "users" where "users"."id" = $1
2026-09-07 12:14:34.221 UTC [1103] LOG:  execute <unnamed>: select "id", "public_key", "private_key", "created_at", "expires_at" from "jwkss" limit $1
2026-09-07 12:14:34.222 UTC [1103] LOG:  execute <unnamed>: select "id", "expires_at", "token", "created_at", "updated_at", "ip_address", "user_agent", "user_id", "active_organization_id" from "sessions" where "sessions"."token" = $1
2026-09-07 12:14:34.222 UTC [1103] LOG:  execute <unnamed>: select "id", "name", "email", "email_verified", "image", "created_at", "updated_at", "two_factor_enabled", "onboarding_completed_at" from "users" where "users"."id" = $1
2026-09-07 12:14:34.223 UTC [1103] LOG:  execute <unnamed>: select "id", "public_key", "private_key", "created_at", "expires_at" from "jwkss" limit $1
2026-09-07 12:14:34.224 UTC [1103] LOG:  execute <unnamed>: select "organizations"."id" from "organizations" inner join "members" on (("members"."organization_id" = "organizations"."id") and ("members"."user_id" = $1)) where "organizations"."slug" = $2 limit $3
2026-09-07 12:14:34.224 UTC [1103] LOG:  statement: begin
2026-09-07 12:14:34.225 UTC [1103] LOG:  execute <unnamed>: select set_config('app.organization_id', $1, true)
2026-09-07 12:14:34.225 UTC [1103] LOG:  execute <unnamed>: select "id" from "workspaces" where (("workspaces"."id" = $1) and ("workspaces"."org_id" = $2)) limit $3
2026-09-07 12:14:34.226 UTC [1103] LOG:  execute <unnamed>: select "id", "org_id", "user_id", "workspace_id", "name", "source", "last_branch", "last_chat_pr_number", "last_message_at", "created_at", "updated_at" from "conversations" where (("conversations"."id" = $1) and ("conversations"."org_id" = $2) and ("conversations"."user_id" = $3)) limit $4
2026-09-07 12:14:34.226 UTC [1103] LOG:  execute <unnamed>: select "id" from "conversations" where (("conversations"."id" = $1) and ("conversations"."org_id" = $2)) limit $3
2026-09-07 12:14:34.227 UTC [1103] LOG:  execute <unnamed>: insert into "conversations" ("id", "org_id", "user_id", "workspace_id", "name", "source", "last_branch", "last_chat_pr_number", "last_message_at", "created_at", "updated_at") values ($1, $2, $3, $4, $5, $6, default, default, default, default, default) returning "id", "org_id", "user_id", "workspace_id", "name", "source", "last_branch", "last_chat_pr_number", "last_message_at", "created_at", "updated_at"
2026-09-07 12:14:34.227 UTC [1103] LOG:  statement: commit
2026-09-07 12:14:34.228 UTC [1103] LOG:  statement: begin
2026-09-07 12:14:34.228 UTC [1103] LOG:  execute <unnamed>: select set_config('app.organization_id', $1, true)
2026-09-07 12:14:34.232 UTC [1103] LOG:  execute <unnamed>: select "id", "org_id", "slug", "display_name", "workspace_repository_url", "github_connection_id", "desired_generation", "desired_sha", "active_projection_url", "active_projection_sha", "indexed_sha", "write_status", "hydrate_status", "hydrate_error", "last_job_at", "hydrate_phases", "read_only_reason", "created_at", "updated_at" from "workspaces" where (("workspaces"."org_id" = $1) and ("workspaces"."id" = $2)) limit $3
2026-09-07 12:14:34.232 UTC [1103] LOG:  statement: commit
2026-09-07 12:14:34.233 UTC [1103] LOG:  statement: begin
2026-09-07 12:14:34.233 UTC [1103] LOG:  execute <unnamed>: select set_config('app.organization_id', $1, true)
2026-09-07 12:14:34.235 UTC [1103] LOG:  execute <unnamed>: update "conversations" set "last_branch" = $1, "updated_at" = $2 where (("conversations"."id" = $3) and ("conversations"."org_id" = $4) and ("conversations"."user_id" = $5))
2026-09-07 12:14:34.235 UTC [1103] LOG:  statement: commit
2026-09-07 12:14:34.236 UTC [1103] LOG:  statement: begin
2026-09-07 12:14:34.236 UTC [1103] LOG:  execute <unnamed>: select set_config('app.organization_id', $1, true)
2026-09-07 12:14:34.237 UTC [1103] LOG:  execute <unnamed>: select "id", "kind", "org_id", "workspace_id", "conversation_id", "desired_url", "desired_generation", "desired_sha", "provider", "provider_sandbox_id", "latest_snapshot_id", "latest_run_id", "state", "last_heartbeat_at", "created_at", "updated_at" from "workspace_sandbox_instances" where (("workspace_sandbox_instances"."conversation_id" = $1) and ("workspace_sandbox_instances"."kind" = $2))
2026-09-07 12:14:34.238 UTC [1103] LOG:  statement: commit
2026-09-07 12:14:34.238 UTC [1103] LOG:  execute <unnamed>: select "slug" from "organizations" where "organizations"."id" = $1 limit $2
2026-09-07 12:14:34.239 UTC [1103] LOG:  statement: begin
2026-09-07 12:14:34.240 UTC [1103] LOG:  execute <unnamed>: select set_config('app.organization_id', $1, true)
2026-09-07 12:14:34.240 UTC [1103] LOG:  execute <unnamed>: select "id", "kind", "org_id", "workspace_id", "conversation_id", "desired_url", "desired_generation", "desired_sha", "provider", "provider_sandbox_id", "latest_snapshot_id", "latest_run_id", "state", "last_heartbeat_at", "created_at", "updated_at" from "workspace_sandbox_instances" where (("workspace_sandbox_instances"."id" = $1) and ("workspace_sandbox_instances"."org_id" = $2)) limit $3
2026-09-07 12:14:34.240 UTC [1103] LOG:  statement: commit
2026-09-07 12:14:34.241 UTC [1103] LOG:  statement: begin
2026-09-07 12:14:34.241 UTC [1103] LOG:  execute <unnamed>: select set_config('app.organization_id', $1, true)
2026-09-07 12:14:34.241 UTC [1103] LOG:  execute <unnamed>: select "id", "kind", "org_id", "workspace_id", "conversation_id", "desired_url", "desired_generation", "desired_sha", "provider", "provider_sandbox_id", "latest_snapshot_id", "latest_run_id", "state", "last_heartbeat_at", "created_at", "updated_at" from "workspace_sandbox_instances" where (("workspace_sandbox_instances"."conversation_id" = $1) and ("workspace_sandbox_instances"."kind" = $2) and ("workspace_sandbox_instances"."state" = $3))
2026-09-07 12:14:34.242 UTC [1103] LOG:  statement: commit
2026-09-07 12:14:34.403 UTC [1103] LOG:  statement: begin
2026-09-07 12:14:34.405 UTC [1103] LOG:  execute <unnamed>: select set_config('app.organization_id', $1, true)
2026-09-07 12:14:34.405 UTC [1103] LOG:  statement: savepoint sp1
2026-09-07 12:14:34.407 UTC [1103] LOG:  execute <unnamed>: select "id", "kind", "org_id", "workspace_id", "conversation_id", "desired_url", "desired_generation", "desired_sha", "provider", "provider_sandbox_id", "latest_snapshot_id", "latest_run_id", "state", "last_heartbeat_at", "created_at", "updated_at" from "workspace_sandbox_instances" where (("workspace_sandbox_instances"."org_id" = $1) and ("workspace_sandbox_instances"."kind" = $2) and ("workspace_sandbox_instances"."conversation_id" = $3) and ((("workspace_sandbox_instances"."state" = $4) or ("workspace_sandbox_instances"."state" = $5)))) order by ("workspace_sandbox_instances"."provider_sandbox_id" is not null) desc, "workspace_sandbox_instances"."created_at" asc, "workspace_sandbox_instances"."id" asc limit $6
2026-09-07 12:14:34.408 UTC [1103] LOG:  execute <unnamed>: insert into "workspace_sandbox_instances" ("id", "kind", "org_id", "workspace_id", "conversation_id", "desired_url", "desired_generation", "desired_sha", "provider", "provider_sandbox_id", "latest_snapshot_id", "latest_run_id", "state", "last_heartbeat_at", "created_at", "updated_at") values ($1, $2, $3, $4, $5, $6, $7, $8, $9, $10, $11, $12, $13, $14, $15, $16) on conflict ("id") do update set "kind" = $17, "conversation_id" = $18, "desired_url" = $19, "desired_generation" = $20, "desired_sha" = $21, "provider" = $22, "provider_sandbox_id" = $23, "latest_snapshot_id" = $24, "latest_run_id" = $25, "state" = $26, "last_heartbeat_at" = $27, "updated_at" = $28
2026-09-07 12:14:34.409 UTC [1103] LOG:  statement: release savepoint sp1
2026-09-07 12:14:34.410 UTC [1103] LOG:  statement: commit
2026-09-07 12:14:34.430 UTC [1103] LOG:  statement: begin
2026-09-07 12:14:34.432 UTC [1103] LOG:  execute <unnamed>: select set_config('app.organization_id', $1, true)
2026-09-07 12:14:34.433 UTC [1103] LOG:  execute <unnamed>: update "conversations" set "last_branch" = $1, "updated_at" = $2 where (("conversations"."id" = $3) and ("conversations"."org_id" = $4) and ("conversations"."user_id" = $5))
2026-09-07 12:14:34.435 UTC [1103] LOG:  statement: commit
2026-09-07 12:14:34.437 UTC [1103] LOG:  statement: begin
2026-09-07 12:14:34.438 UTC [1103] LOG:  execute <unnamed>: select set_config('app.organization_id', $1, true)
2026-09-07 12:14:34.439 UTC [1103] LOG:  execute <unnamed>: select "id", "kind", "org_id", "workspace_id", "conversation_id", "desired_url", "desired_generation", "desired_sha", "provider", "provider_sandbox_id", "latest_snapshot_id", "latest_run_id", "state", "last_heartbeat_at", "created_at", "updated_at" from "workspace_sandbox_instances" where (("workspace_sandbox_instances"."conversation_id" = $1) and ("workspace_sandbox_instances"."kind" = $2))
2026-09-07 12:14:34.440 UTC [1103] LOG:  statement: commit
2026-09-07 12:14:34.443 UTC [1103] LOG:  execute <unnamed>: select "id", "expires_at", "token", "created_at", "updated_at", "ip_address", "user_agent", "user_id", "active_organization_id" from "sessions" where "sessions"."token" = $1
2026-09-07 12:14:34.445 UTC [1103] LOG:  execute <unnamed>: select "id", "name", "email", "email_verified", "image", "created_at", "updated_at", "two_factor_enabled", "onboarding_completed_at" from "users" where "users"."id" = $1
2026-09-07 12:14:34.446 UTC [1103] LOG:  execute <unnamed>: select "id", "public_key", "private_key", "created_at", "expires_at" from "jwkss" limit $1
2026-09-07 12:14:34.448 UTC [1103] LOG:  execute <unnamed>: select "id", "expires_at", "token", "created_at", "updated_at", "ip_address", "user_agent", "user_id", "active_organization_id" from "sessions" where "sessions"."token" = $1
2026-09-07 12:14:34.450 UTC [1103] LOG:  execute <unnamed>: select "id", "name", "email", "email_verified", "image", "created_at", "updated_at", "two_factor_enabled", "onboarding_completed_at" from "users" where "users"."id" = $1
2026-09-07 12:14:34.451 UTC [1103] LOG:  execute <unnamed>: select "id", "public_key", "private_key", "created_at", "expires_at" from "jwkss" limit $1
2026-09-07 12:14:34.452 UTC [1103] LOG:  execute <unnamed>: select "organizations"."id" from "organizations" inner join "members" on (("members"."organization_id" = "organizations"."id") and ("members"."user_id" = $1)) where "organizations"."slug" = $2 limit $3
2026-09-07 12:14:34.453 UTC [1103] LOG:  statement: begin
2026-09-07 12:14:34.456 UTC [1103] LOG:  execute <unnamed>: select set_config('app.organization_id', $1, true)
2026-09-07 12:14:34.457 UTC [1103] LOG:  execute <unnamed>: select "id" from "workspaces" where (("workspaces"."id" = $1) and ("workspaces"."org_id" = $2)) limit $3
2026-09-07 12:14:34.459 UTC [1103] LOG:  execute <unnamed>: select "id", "org_id", "user_id", "workspace_id", "name", "source", "last_branch", "last_chat_pr_number", "last_message_at", "created_at", "updated_at" from "conversations" where (("conversations"."id" = $1) and ("conversations"."org_id" = $2) and ("conversations"."user_id" = $3)) limit $4
2026-09-07 12:14:34.459 UTC [1103] LOG:  statement: commit
2026-09-07 12:14:34.460 UTC [1103] LOG:  statement: begin
2026-09-07 12:14:34.461 UTC [1103] LOG:  execute <unnamed>: select set_config('app.organization_id', $1, true)
2026-09-07 12:14:34.462 UTC [1103] LOG:  execute <unnamed>: select "id", "org_id", "slug", "display_name", "workspace_repository_url", "github_connection_id", "desired_generation", "desired_sha", "active_projection_url", "active_projection_sha", "indexed_sha", "write_status", "hydrate_status", "hydrate_error", "last_job_at", "hydrate_phases", "read_only_reason", "created_at", "updated_at" from "workspaces" where (("workspaces"."org_id" = $1) and ("workspaces"."id" = $2)) limit $3
2026-09-07 12:14:34.463 UTC [1103] LOG:  statement: commit
2026-09-07 12:14:34.464 UTC [1103] LOG:  statement: begin
2026-09-07 12:14:34.465 UTC [1103] LOG:  execute <unnamed>: select set_config('app.organization_id', $1, true)
2026-09-07 12:14:34.466 UTC [1103] LOG:  execute <unnamed>: update "conversations" set "last_branch" = $1, "updated_at" = $2 where (("conversations"."id" = $3) and ("conversations"."org_id" = $4) and ("conversations"."user_id" = $5))
2026-09-07 12:14:34.467 UTC [1103] LOG:  statement: commit
2026-09-07 12:14:34.468 UTC [1103] LOG:  statement: begin
2026-09-07 12:14:34.469 UTC [1103] LOG:  execute <unnamed>: select set_config('app.organization_id', $1, true)
2026-09-07 12:14:34.471 UTC [1103] LOG:  execute <unnamed>: update "conversations" set "last_message_at" = $1, "updated_at" = $2 where (("conversations"."id" = $3) and ("conversations"."org_id" = $4) and ("conversations"."user_id" = $5))
2026-09-07 12:14:34.472 UTC [1103] LOG:  statement: commit
2026-09-07 12:14:34.473 UTC [1103] LOG:  statement: begin
2026-09-07 12:14:34.474 UTC [1103] LOG:  execute <unnamed>: select set_config('app.organization_id', $1, true)
2026-09-07 12:14:34.474 UTC [1103] LOG:  execute <unnamed>: select "id", "kind", "org_id", "workspace_id", "conversation_id", "desired_url", "desired_generation", "desired_sha", "provider", "provider_sandbox_id", "latest_snapshot_id", "latest_run_id", "state", "last_heartbeat_at", "created_at", "updated_at" from "workspace_sandbox_instances" where (("workspace_sandbox_instances"."conversation_id" = $1) and ("workspace_sandbox_instances"."kind" = $2))
2026-09-07 12:14:34.477 UTC [1103] LOG:  statement: commit
2026-09-07 12:14:34.477 UTC [1103] LOG:  statement: begin
2026-09-07 12:14:34.477 UTC [1103] LOG:  execute <unnamed>: select set_config('app.organization_id', $1, true)
2026-09-07 12:14:34.478 UTC [1103] LOG:  execute <unnamed>: select "id", "kind", "org_id", "workspace_id", "conversation_id", "desired_url", "desired_generation", "desired_sha", "provider", "provider_sandbox_id", "latest_snapshot_id", "latest_run_id", "state", "last_heartbeat_at", "created_at", "updated_at" from "workspace_sandbox_instances" where (("workspace_sandbox_instances"."conversation_id" = $1) and ("workspace_sandbox_instances"."kind" = $2))
2026-09-07 12:14:34.478 UTC [1103] LOG:  statement: commit
2026-09-07 12:14:34.479 UTC [1103] LOG:  statement: begin
2026-09-07 12:14:34.479 UTC [1103] LOG:  execute <unnamed>: select set_config('app.organization_id', $1, true)
2026-09-07 12:14:34.479 UTC [1103] LOG:  execute <unnamed>: select "id", "kind", "org_id", "workspace_id", "conversation_id", "desired_url", "desired_generation", "desired_sha", "provider", "provider_sandbox_id", "latest_snapshot_id", "latest_run_id", "state", "last_heartbeat_at", "created_at", "updated_at" from "workspace_sandbox_instances" where (("workspace_sandbox_instances"."id" = $1) and ("workspace_sandbox_instances"."org_id" = $2)) limit $3
2026-09-07 12:14:34.480 UTC [1103] LOG:  statement: commit
2026-09-07 12:14:34.480 UTC [1103] LOG:  statement: begin
2026-09-07 12:14:34.481 UTC [1103] LOG:  execute <unnamed>: select set_config('app.organization_id', $1, true)
2026-09-07 12:14:34.481 UTC [1103] LOG:  execute <unnamed>: delete from "workspace_sandbox_instances" where (("workspace_sandbox_instances"."id" = $1) and ("workspace_sandbox_instances"."org_id" = $2))
2026-09-07 12:14:34.481 UTC [1103] LOG:  statement: commit
2026-09-07 12:14:34.486 UTC [1103] LOG:  statement: begin
2026-09-07 12:14:34.486 UTC [1103] LOG:  execute <unnamed>: select set_config('app.organization_id', $1, true)
2026-09-07 12:14:34.488 UTC [1103] LOG:  execute <unnamed>: select "id", "org_id", "slug", "display_name", "workspace_repository_url", "github_connection_id", "desired_generation", "desired_sha", "active_projection_url", "active_projection_sha", "indexed_sha", "write_status", "hydrate_status", "hydrate_error", "last_job_at", "hydrate_phases", "read_only_reason", "created_at", "updated_at" from "workspaces" where (("workspaces"."org_id" = $1) and ("workspaces"."id" = $2)) limit $3
2026-09-07 12:14:34.488 UTC [1103] LOG:  statement: commit
2026-09-07 12:14:34.488 UTC [1103] LOG:  statement: begin
2026-09-07 12:14:34.488 UTC [1103] LOG:  execute <unnamed>: select set_config('app.organization_id', $1, true)
2026-09-07 12:14:34.489 UTC [1103] LOG:  execute <unnamed>: select "id", "org_id", "slug", "display_name", "workspace_repository_url", "github_connection_id", "desired_generation", "desired_sha", "active_projection_url", "active_projection_sha", "indexed_sha", "write_status", "hydrate_status", "hydrate_error", "last_job_at", "hydrate_phases", "read_only_reason", "created_at", "updated_at" from "workspaces" where (("workspaces"."org_id" = $1) and ("workspaces"."id" = $2)) limit $3
2026-09-07 12:14:34.489 UTC [1103] LOG:  execute <unnamed>: select "id", "org_id", "slug", "display_name", "workspace_repository_url", "github_connection_id", "desired_generation", "desired_sha", "active_projection_url", "active_projection_sha", "indexed_sha", "write_status", "hydrate_status", "hydrate_error", "last_job_at", "hydrate_phases", "read_only_reason", "created_at", "updated_at" from "workspaces" where (("workspaces"."org_id" = $1) and ("workspaces"."id" = $2)) limit $3
2026-09-07 12:14:34.490 UTC [1103] LOG:  execute <unnamed>: select "id", "org_id", "workspace_id", "git_url", "desired_ref", "desired_sha", "indexed_sha", "created_at" from "workspace_linked_repositories" where "workspace_linked_repositories"."workspace_id" = $1 order by "workspace_linked_repositories"."created_at"
2026-09-07 12:14:34.490 UTC [1103] LOG:  execute <unnamed>: select "id", "git_url" from "repositories" where "repositories"."org_id" = $1
2026-09-07 12:14:34.490 UTC [1103] LOG:  statement: commit
2026-09-07 12:14:34.491 UTC [1103] LOG:  statement: begin
2026-09-07 12:14:34.491 UTC [1102] LOG:  statement: begin
2026-09-07 12:14:34.493 UTC [1103] LOG:  execute <unnamed>: select set_config('app.organization_id', $1, true)
2026-09-07 12:14:34.493 UTC [1102] LOG:  execute <unnamed>: select set_config('app.organization_id', $1, true)
2026-09-07 12:14:34.494 UTC [1103] LOG:  execute <unnamed>: select "id", "kind", "org_id", "workspace_id", "conversation_id", "desired_url", "desired_generation", "desired_sha", "provider", "provider_sandbox_id", "latest_snapshot_id", "latest_run_id", "state", "last_heartbeat_at", "created_at", "updated_at" from "workspace_sandbox_instances" where (("workspace_sandbox_instances"."conversation_id" = $1) and ("workspace_sandbox_instances"."kind" = $2))
2026-09-07 12:14:34.494 UTC [1102] LOG:  execute <unnamed>: select "id", "kind", "org_id", "workspace_id", "conversation_id", "desired_url", "desired_generation", "desired_sha", "provider", "provider_sandbox_id", "latest_snapshot_id", "latest_run_id", "state", "last_heartbeat_at", "created_at", "updated_at" from "workspace_sandbox_instances" where (("workspace_sandbox_instances"."id" = $1) and ("workspace_sandbox_instances"."org_id" = $2)) limit $3
2026-09-07 12:14:34.494 UTC [1103] LOG:  statement: commit
2026-09-07 12:14:34.494 UTC [1102] LOG:  statement: commit
2026-09-07 12:14:34.494 UTC [1102] LOG:  statement: begin
2026-09-07 12:14:34.494 UTC [1102] LOG:  execute <unnamed>: select set_config('app.organization_id', $1, true)
2026-09-07 12:14:34.495 UTC [1102] LOG:  execute <unnamed>: select "id", "kind", "org_id", "workspace_id", "conversation_id", "desired_url", "desired_generation", "desired_sha", "provider", "provider_sandbox_id", "latest_snapshot_id", "latest_run_id", "state", "last_heartbeat_at", "created_at", "updated_at" from "workspace_sandbox_instances" where (("workspace_sandbox_instances"."conversation_id" = $1) and ("workspace_sandbox_instances"."kind" = $2) and ("workspace_sandbox_instances"."state" = $3))
2026-09-07 12:14:34.495 UTC [1102] LOG:  statement: commit
2026-09-07 12:14:34.642 UTC [1102] LOG:  statement: begin
2026-09-07 12:14:34.643 UTC [1102] LOG:  execute <unnamed>: select set_config('app.organization_id', $1, true)
2026-09-07 12:14:34.643 UTC [1102] LOG:  statement: savepoint sp1
2026-09-07 12:14:34.645 UTC [1102] LOG:  execute <unnamed>: select "id", "kind", "org_id", "workspace_id", "conversation_id", "desired_url", "desired_generation", "desired_sha", "provider", "provider_sandbox_id", "latest_snapshot_id", "latest_run_id", "state", "last_heartbeat_at", "created_at", "updated_at" from "workspace_sandbox_instances" where (("workspace_sandbox_instances"."org_id" = $1) and ("workspace_sandbox_instances"."kind" = $2) and ("workspace_sandbox_instances"."conversation_id" = $3) and ((("workspace_sandbox_instances"."state" = $4) or ("workspace_sandbox_instances"."state" = $5)))) order by ("workspace_sandbox_instances"."provider_sandbox_id" is not null) desc, "workspace_sandbox_instances"."created_at" asc, "workspace_sandbox_instances"."id" asc limit $6
2026-09-07 12:14:34.646 UTC [1102] LOG:  execute <unnamed>: insert into "workspace_sandbox_instances" ("id", "kind", "org_id", "workspace_id", "conversation_id", "desired_url", "desired_generation", "desired_sha", "provider", "provider_sandbox_id", "latest_snapshot_id", "latest_run_id", "state", "last_heartbeat_at", "created_at", "updated_at") values ($1, $2, $3, $4, $5, $6, $7, $8, $9, $10, $11, $12, $13, $14, $15, $16) on conflict ("id") do update set "kind" = $17, "conversation_id" = $18, "desired_url" = $19, "desired_generation" = $20, "desired_sha" = $21, "provider" = $22, "provider_sandbox_id" = $23, "latest_snapshot_id" = $24, "latest_run_id" = $25, "state" = $26, "last_heartbeat_at" = $27, "updated_at" = $28
2026-09-07 12:14:34.647 UTC [1102] LOG:  statement: release savepoint sp1
2026-09-07 12:14:34.648 UTC [1102] LOG:  statement: commit
2026-09-07 12:14:34.692 UTC [1102] LOG:  statement: begin
2026-09-07 12:14:34.693 UTC [1102] LOG:  execute <unnamed>: select set_config('app.organization_id', $1, true)
2026-09-07 12:14:34.694 UTC [1102] LOG:  execute <unnamed>: select "interrupt_id", "run_id", "thread_id", "org_id", "status", "requested_at", "resolved_at", "payload_json", "response_json" from "chat_interrupts" where (("chat_interrupts"."thread_id" = $1) and ("chat_interrupts"."status" = $2)) order by "chat_interrupts"."requested_at" asc
2026-09-07 12:14:34.695 UTC [1102] LOG:  statement: commit
2026-09-07 12:14:34.696 UTC [1102] LOG:  statement: begin
2026-09-07 12:14:34.697 UTC [1102] LOG:  execute <unnamed>: select set_config('app.organization_id', $1, true)
2026-09-07 12:14:34.699 UTC [1102] LOG:  execute <unnamed>: select "run_id", "thread_id", "org_id", "status", "started_at", "finished_at", "error", "error_code", "usage_json", "sandbox_key", "detached_since", "cancel_requested", "driver_epoch" from "chat_runs" where "chat_runs"."run_id" = $1 limit $2
2026-09-07 12:14:34.700 UTC [1102] LOG:  statement: commit
2026-09-07 12:14:34.700 UTC [1102] LOG:  statement: begin
2026-09-07 12:14:34.701 UTC [1102] LOG:  execute <unnamed>: select set_config('app.organization_id', $1, true)
2026-09-07 12:14:34.702 UTC [1102] LOG:  execute <unnamed>: insert into "chat_runs" ("run_id", "thread_id", "org_id", "status", "started_at", "finished_at", "error", "error_code", "usage_json", "sandbox_key", "detached_since", "cancel_requested", "driver_epoch") values ($1, $2, $3, $4, $5, default, default, default, default, default, default, default, default) on conflict ("run_id") do nothing
2026-09-07 12:14:34.703 UTC [1102] LOG:  statement: commit
2026-09-07 12:14:34.705 UTC [1102] LOG:  statement: begin
2026-09-07 12:14:34.705 UTC [1102] LOG:  execute <unnamed>: select set_config('app.organization_id', $1, true)
2026-09-07 12:14:34.707 UTC [1102] LOG:  execute <unnamed>: select "run_id", "thread_id", "org_id", "status", "started_at", "finished_at", "error", "error_code", "usage_json", "sandbox_key", "detached_since", "cancel_requested", "driver_epoch" from "chat_runs" where "chat_runs"."run_id" = $1 limit $2
2026-09-07 12:14:34.707 UTC [1102] LOG:  statement: commit
2026-09-07 12:14:34.708 UTC [1102] LOG:  statement: begin
2026-09-07 12:14:34.709 UTC [1102] LOG:  execute <unnamed>: select set_config('app.organization_id', $1, true)
2026-09-07 12:14:34.710 UTC [1102] LOG:  execute <unnamed>: select "messages_json" from "chat_threads" where "chat_threads"."thread_id" = $1 limit $2
2026-09-07 12:14:34.710 UTC [1102] LOG:  statement: commit
2026-09-07 12:14:34.711 UTC [1102] LOG:  statement: begin
2026-09-07 12:14:34.714 UTC [1102] LOG:  execute <unnamed>: select set_config('app.organization_id', $1, true)
2026-09-07 12:14:34.715 UTC [1102] LOG:  execute <unnamed>: insert into "chat_threads" ("thread_id", "org_id", "messages_json", "updated_at") values ($1, $2, $3, $4) on conflict ("thread_id") do update set "messages_json" = $5, "updated_at" = $6
2026-09-07 12:14:34.715 UTC [1102] LOG:  statement: commit
2026-09-07 12:14:35.825 UTC [1102] LOG:  statement: begin
2026-09-07 12:14:35.826 UTC [1102] LOG:  execute <unnamed>: select set_config('app.organization_id', $1, true)
2026-09-07 12:14:35.829 UTC [1102] LOG:  execute <unnamed>: insert into "chat_threads" ("thread_id", "org_id", "messages_json", "updated_at") values ($1, $2, $3, $4) on conflict ("thread_id") do update set "messages_json" = $5, "updated_at" = $6
2026-09-07 12:14:35.829 UTC [1102] LOG:  statement: commit
2026-09-07 12:14:39.984 UTC [1102] LOG:  statement: begin
2026-09-07 12:14:39.985 UTC [1102] LOG:  execute <unnamed>: select set_config('app.organization_id', $1, true)
2026-09-07 12:14:39.987 UTC [1102] LOG:  execute <unnamed>: insert into "chat_threads" ("thread_id", "org_id", "messages_json", "updated_at") values ($1, $2, $3, $4) on conflict ("thread_id") do update set "messages_json" = $5, "updated_at" = $6
2026-09-07 12:14:39.989 UTC [1102] LOG:  statement: commit
2026-09-07 12:14:40.100 UTC [1102] LOG:  statement: begin
2026-09-07 12:14:40.101 UTC [1102] LOG:  execute <unnamed>: select set_config('app.organization_id', $1, true)
2026-09-07 12:14:40.102 UTC [1102] LOG:  execute <unnamed>: insert into "chat_threads" ("thread_id", "org_id", "messages_json", "updated_at") values ($1, $2, $3, $4) on conflict ("thread_id") do update set "messages_json" = $5, "updated_at" = $6
2026-09-07 12:14:40.103 UTC [1102] LOG:  statement: commit
2026-09-07 12:14:40.105 UTC [1102] LOG:  statement: begin
2026-09-07 12:14:40.105 UTC [1102] LOG:  execute <unnamed>: select set_config('app.organization_id', $1, true)
2026-09-07 12:14:40.107 UTC [1102] LOG:  execute <unnamed>: update "chat_runs" set "status" = $1, "finished_at" = $2, "usage_json" = $3 where "chat_runs"."run_id" = $4
2026-09-07 12:14:40.108 UTC [1102] LOG:  statement: commit
2026-09-07 12:14:40.109 UTC [1102] LOG:  statement: begin
2026-09-07 12:14:40.110 UTC [1102] LOG:  execute <unnamed>: select set_config('app.organization_id', $1, true)
2026-09-07 12:14:40.111 UTC [1102] LOG:  execute <unnamed>: select "messages_json" from "chat_threads" where "chat_threads"."thread_id" = $1 limit $2
2026-09-07 12:14:40.114 UTC [1102] LOG:  statement: commit
2026-09-07 12:14:40.117 UTC [1102] LOG:  statement: begin
2026-09-07 12:14:40.118 UTC [1102] LOG:  execute <unnamed>: select set_config('app.organization_id', $1, true)
2026-09-07 12:14:40.119 UTC [1102] LOG:  execute <unnamed>: select "run_id", "thread_id", "org_id", "status", "started_at", "finished_at", "error", "error_code", "usage_json", "sandbox_key", "detached_since", "cancel_requested", "driver_epoch" from "chat_runs" where (("chat_runs"."thread_id" = $1) and ("chat_runs"."status" = $2)) order by "chat_runs"."started_at" desc limit $3
2026-09-07 12:14:40.120 UTC [1102] LOG:  statement: commit
2026-09-07 12:14:40.121 UTC [1102] LOG:  statement: begin
2026-09-07 12:14:40.122 UTC [1102] LOG:  execute <unnamed>: select set_config('app.organization_id', $1, true)
2026-09-07 12:14:40.123 UTC [1102] LOG:  execute <unnamed>: select "d0"."id" as "id", "d0"."org_id" as "orgId", "d0"."user_id" as "userId", "d0"."workspace_id" as "workspaceId", "d0"."name" as "name", "d0"."source" as "source", "d0"."last_branch" as "lastBranch", "d0"."last_chat_pr_number" as "lastChatPrNumber", "d0"."last_message_at" as "lastMessageAt", "d0"."created_at" as "createdAt", "d0"."updated_at" as "updatedAt" from "conversations" as "d0" where (("d0"."id" = $1) and ("d0"."org_id" = $2) and ("d0"."user_id" = $3)) limit $4
2026-09-07 12:14:40.124 UTC [1102] LOG:  statement: commit
2026-09-07 12:14:41.471 UTC [1102] LOG:  statement: begin
2026-09-07 12:14:41.472 UTC [1102] LOG:  execute <unnamed>: select set_config('app.organization_id', $1, true)
2026-09-07 12:14:41.475 UTC [1102] LOG:  execute <unnamed>: update "conversations" set "name" = $1, "updated_at" = $2 where (("conversations"."id" = $3) and ("conversations"."org_id" = $4) and ("conversations"."user_id" = $5)) returning "id", "org_id", "user_id", "workspace_id", "name", "source", "last_branch", "last_chat_pr_number", "last_message_at", "created_at", "updated_at"
2026-09-07 12:14:41.477 UTC [1102] LOG:  statement: commit
2026-09-07 12:14:41.498 UTC [1102] LOG:  execute <unnamed>: select "id", "expires_at", "token", "created_at", "updated_at", "ip_address", "user_agent", "user_id", "active_organization_id" from "sessions" where "sessions"."token" = $1
2026-09-07 12:14:41.500 UTC [1102] LOG:  execute <unnamed>: select "id", "name", "email", "email_verified", "image", "created_at", "updated_at", "two_factor_enabled", "onboarding_completed_at" from "users" where "users"."id" = $1
2026-09-07 12:14:41.502 UTC [1102] LOG:  execute <unnamed>: select "id", "public_key", "private_key", "created_at", "expires_at" from "jwkss" limit $1
2026-09-07 12:14:41.505 UTC [1102] LOG:  execute <unnamed>: select "id", "expires_at", "token", "created_at", "updated_at", "ip_address", "user_agent", "user_id", "active_organization_id" from "sessions" where "sessions"."token" = $1
2026-09-07 12:14:41.507 UTC [1102] LOG:  execute <unnamed>: select "id", "name", "email", "email_verified", "image", "created_at", "updated_at", "two_factor_enabled", "onboarding_completed_at" from "users" where "users"."id" = $1
2026-09-07 12:14:41.509 UTC [1102] LOG:  execute <unnamed>: select "id", "public_key", "private_key", "created_at", "expires_at" from "jwkss" limit $1
2026-09-07 12:14:41.511 UTC [1102] LOG:  execute <unnamed>: select "organizations"."id" from "organizations" inner join "members" on (("members"."organization_id" = "organizations"."id") and ("members"."user_id" = $1)) where "organizations"."slug" = $2 limit $3
2026-09-07 12:14:41.512 UTC [1102] LOG:  statement: begin
2026-09-07 12:14:41.513 UTC [1102] LOG:  execute <unnamed>: select set_config('app.organization_id', $1, true)
2026-09-07 12:14:41.515 UTC [1102] LOG:  execute <unnamed>: select "d0"."id" as "id", "d0"."org_id" as "orgId", "d0"."user_id" as "userId", "d0"."workspace_id" as "workspaceId", "d0"."name" as "name", "d0"."source" as "source", "d0"."last_branch" as "lastBranch", "d0"."last_chat_pr_number" as "lastChatPrNumber", "d0"."last_message_at" as "lastMessageAt", "d0"."created_at" as "createdAt", "d0"."updated_at" as "updatedAt" from "conversations" as "d0" where (("d0"."id" = $1) and ("d0"."org_id" = $2) and ("d0"."user_id" = $3)) limit $4
2026-09-07 12:14:41.516 UTC [1102] LOG:  statement: commit
2026-09-07 12:14:41.519 UTC [1102] LOG:  statement: begin
2026-09-07 12:14:41.520 UTC [1102] LOG:  execute <unnamed>: select set_config('app.organization_id', $1, true)
2026-09-07 12:14:41.522 UTC [1102] LOG:  execute <unnamed>: select "messages_json" from "chat_threads" where "chat_threads"."thread_id" = $1 limit $2
2026-09-07 12:14:41.523 UTC [1102] LOG:  statement: commit
2026-09-07 12:14:41.524 UTC [1102] LOG:  statement: begin
2026-09-07 12:14:41.525 UTC [1102] LOG:  execute <unnamed>: select set_config('app.organization_id', $1, true)
2026-09-07 12:14:41.526 UTC [1102] LOG:  execute <unnamed>: select "id", "org_id", "slug", "display_name", "workspace_repository_url", "github_connection_id", "desired_generation", "desired_sha", "active_projection_url", "active_projection_sha", "indexed_sha", "write_status", "hydrate_status", "hydrate_error", "last_job_at", "hydrate_phases", "read_only_reason", "created_at", "updated_at" from "workspaces" where (("workspaces"."org_id" = $1) and ("workspaces"."id" = $2)) limit $3
2026-09-07 12:14:41.526 UTC [1102] LOG:  statement: commit
2026-09-07 12:14:41.586 UTC [1102] LOG:  execute <unnamed>: select "id", "expires_at", "token", "created_at", "updated_at", "ip_address", "user_agent", "user_id", "active_organization_id" from "sessions" where "sessions"."token" = $1
2026-09-07 12:14:41.589 UTC [1102] LOG:  execute <unnamed>: select "id", "name", "email", "email_verified", "image", "created_at", "updated_at", "two_factor_enabled", "onboarding_completed_at" from "users" where "users"."id" = $1
2026-09-07 12:14:41.591 UTC [1102] LOG:  execute <unnamed>: select "id", "public_key", "private_key", "created_at", "expires_at" from "jwkss" limit $1
2026-09-07 12:14:41.593 UTC [1102] LOG:  execute <unnamed>: select "id", "expires_at", "token", "created_at", "updated_at", "ip_address", "user_agent", "user_id", "active_organization_id" from "sessions" where "sessions"."token" = $1
2026-09-07 12:14:41.594 UTC [1102] LOG:  execute <unnamed>: select "id", "name", "email", "email_verified", "image", "created_at", "updated_at", "two_factor_enabled", "onboarding_completed_at" from "users" where "users"."id" = $1
2026-09-07 12:14:41.596 UTC [1102] LOG:  execute <unnamed>: select "id", "public_key", "private_key", "created_at", "expires_at" from "jwkss" limit $1
2026-09-07 12:14:41.597 UTC [1102] LOG:  execute <unnamed>: select "organizations"."id" from "organizations" inner join "members" on (("members"."organization_id" = "organizations"."id") and ("members"."user_id" = $1)) where "organizations"."slug" = $2 limit $3
2026-09-07 12:14:41.598 UTC [1102] LOG:  statement: begin
2026-09-07 12:14:41.599 UTC [1102] LOG:  execute <unnamed>: select set_config('app.organization_id', $1, true)
2026-09-07 12:14:41.600 UTC [1102] LOG:  execute <unnamed>: select "d0"."id" as "id", "d0"."org_id" as "orgId", "d0"."user_id" as "userId", "d0"."workspace_id" as "workspaceId", "d0"."name" as "name", "d0"."source" as "source", "d0"."last_branch" as "lastBranch", "d0"."last_chat_pr_number" as "lastChatPrNumber", "d0"."last_message_at" as "lastMessageAt", "d0"."created_at" as "createdAt", "d0"."updated_at" as "updatedAt" from "conversations" as "d0" where (("d0"."id" = $1) and ("d0"."org_id" = $2) and ("d0"."user_id" = $3)) limit $4
2026-09-07 12:14:41.601 UTC [1102] LOG:  statement: commit
2026-09-07 12:14:41.602 UTC [1102] LOG:  statement: begin
2026-09-07 12:14:41.603 UTC [1102] LOG:  execute <unnamed>: select set_config('app.organization_id', $1, true)
2026-09-07 12:14:41.604 UTC [1102] LOG:  execute <unnamed>: select "id", "kind", "org_id", "workspace_id", "conversation_id", "desired_url", "desired_generation", "desired_sha", "provider", "provider_sandbox_id", "latest_snapshot_id", "latest_run_id", "state", "last_heartbeat_at", "created_at", "updated_at" from "workspace_sandbox_instances" where (("workspace_sandbox_instances"."conversation_id" = $1) and ("workspace_sandbox_instances"."kind" = $2))
2026-09-07 12:14:41.605 UTC [1102] LOG:  statement: commit
2026-09-07 12:14:41.606 UTC [1102] LOG:  statement: begin
2026-09-07 12:14:41.606 UTC [1102] LOG:  execute <unnamed>: select set_config('app.organization_id', $1, true)
2026-09-07 12:14:41.607 UTC [1102] LOG:  execute <unnamed>: select "id", "kind", "org_id", "workspace_id", "conversation_id", "desired_url", "desired_generation", "desired_sha", "provider", "provider_sandbox_id", "latest_snapshot_id", "latest_run_id", "state", "last_heartbeat_at", "created_at", "updated_at" from "workspace_sandbox_instances" where (("workspace_sandbox_instances"."id" = $1) and ("workspace_sandbox_instances"."org_id" = $2)) limit $3
2026-09-07 12:14:41.611 UTC [1102] LOG:  statement: commit
2026-09-07 12:14:41.616 UTC [1102] LOG:  statement: begin
2026-09-07 12:14:41.617 UTC [1102] LOG:  execute <unnamed>: select set_config('app.organization_id', $1, true)
2026-09-07 12:14:41.618 UTC [1102] LOG:  execute <unnamed>: delete from "workspace_sandbox_instances" where (("workspace_sandbox_instances"."id" = $1) and ("workspace_sandbox_instances"."org_id" = $2))
2026-09-07 12:14:41.619 UTC [1102] LOG:  statement: commit
2026-09-07 12:14:41.620 UTC [1102] LOG:  statement: begin
2026-09-07 12:14:41.621 UTC [1102] LOG:  execute <unnamed>: select set_config('app.organization_id', $1, true)
2026-09-07 12:14:41.622 UTC [1102] LOG:  execute <unnamed>: delete from "conversations" where (("conversations"."id" = $1) and ("conversations"."org_id" = $2) and ("conversations"."user_id" = $3)) returning "id"
2026-09-07 12:14:41.623 UTC [1102] LOG:  statement: commit
2026-09-07 12:14:41.627 UTC [1102] LOG:  execute <unnamed>: select "id", "expires_at", "token", "created_at", "updated_at", "ip_address", "user_agent", "user_id", "active_organization_id" from "sessions" where "sessions"."token" = $1
2026-09-07 12:14:41.628 UTC [1102] LOG:  execute <unnamed>: select "id", "name", "email", "email_verified", "image", "created_at", "updated_at", "two_factor_enabled", "onboarding_completed_at" from "users" where "users"."id" = $1
2026-09-07 12:14:41.630 UTC [1102] LOG:  execute <unnamed>: select "id", "public_key", "private_key", "created_at", "expires_at" from "jwkss" limit $1
2026-09-07 12:14:41.634 UTC [1102] LOG:  execute <unnamed>: select "id", "expires_at", "token", "created_at", "updated_at", "ip_address", "user_agent", "user_id", "active_organization_id" from "sessions" where "sessions"."token" = $1
2026-09-07 12:14:41.635 UTC [1102] LOG:  execute <unnamed>: select "id", "name", "email", "email_verified", "image", "created_at", "updated_at", "two_factor_enabled", "onboarding_completed_at" from "users" where "users"."id" = $1
2026-09-07 12:14:41.636 UTC [1102] LOG:  execute <unnamed>: select "id", "public_key", "private_key", "created_at", "expires_at" from "jwkss" limit $1
2026-09-07 12:14:41.638 UTC [1102] LOG:  execute <unnamed>: select "organizations"."id" from "organizations" inner join "members" on (("members"."organization_id" = "organizations"."id") and ("members"."user_id" = $1)) where "organizations"."slug" = $2 limit $3
2026-09-07 12:14:41.639 UTC [1102] LOG:  statement: begin
2026-09-07 12:14:41.640 UTC [1102] LOG:  execute <unnamed>: select set_config('app.organization_id', $1, true)
2026-09-07 12:14:41.641 UTC [1102] LOG:  execute <unnamed>: select "id", "org_id", "slug", "display_name", "workspace_repository_url", "github_connection_id", "desired_generation", "desired_sha", "active_projection_url", "active_projection_sha", "indexed_sha", "write_status", "hydrate_status", "hydrate_error", "last_job_at", "hydrate_phases", "read_only_reason", "created_at", "updated_at" from "workspaces" where (("workspaces"."org_id" = $1) and ("workspaces"."slug" = $2)) limit $3
2026-09-07 12:14:41.642 UTC [1102] LOG:  statement: commit
2026-09-07 12:14:41.643 UTC [1102] LOG:  statement: begin
2026-09-07 12:14:41.643 UTC [1102] LOG:  execute <unnamed>: select set_config('app.organization_id', $1, true)
2026-09-07 12:14:41.645 UTC [1102] LOG:  execute <unnamed>: select "id", "org_id", "slug", "display_name", "workspace_repository_url", "github_connection_id", "desired_generation", "desired_sha", "active_projection_url", "active_projection_sha", "indexed_sha", "write_status", "hydrate_status", "hydrate_error", "last_job_at", "hydrate_phases", "read_only_reason", "created_at", "updated_at" from "workspaces" where (("workspaces"."org_id" = $1) and ("workspaces"."id" = $2)) limit $3
2026-09-07 12:14:41.646 UTC [1102] LOG:  execute <unnamed>: select "id", "org_id", "workspace_id", "git_url", "desired_ref", "desired_sha", "indexed_sha", "created_at" from "workspace_linked_repositories" where "workspace_linked_repositories"."workspace_id" = $1 order by "workspace_linked_repositories"."created_at"
2026-09-07 12:14:41.647 UTC [1102] LOG:  statement: commit
2026-09-07 12:14:41.647 UTC [1102] LOG:  statement: begin
2026-09-07 12:14:41.648 UTC [1102] LOG:  execute <unnamed>: select set_config('app.organization_id', $1, true)
2026-09-07 12:14:41.649 UTC [1102] LOG:  execute <unnamed>: select "commit_sha" from "workspace_write_jobs" where (("workspace_write_jobs"."workspace_id" = $1) and ("workspace_write_jobs"."kind" = $2) and (("workspace_write_jobs"."commit_sha" is not null))) order by "workspace_write_jobs"."created_at" asc limit $3
2026-09-07 12:14:41.650 UTC [1102] LOG:  statement: commit
2026-09-07 12:14:41.652 UTC [1102] LOG:  execute <unnamed>: select "id", "expires_at", "token", "created_at", "updated_at", "ip_address", "user_agent", "user_id", "active_organization_id" from "sessions" where "sessions"."token" = $1
2026-09-07 12:14:41.653 UTC [1102] LOG:  execute <unnamed>: select "id", "name", "email", "email_verified", "image", "created_at", "updated_at", "two_factor_enabled", "onboarding_completed_at" from "users" where "users"."id" = $1
2026-09-07 12:14:41.656 UTC [1102] LOG:  execute <unnamed>: select "id", "public_key", "private_key", "created_at", "expires_at" from "jwkss" limit $1
2026-09-07 12:14:41.660 UTC [1102] LOG:  execute <unnamed>: select "id", "expires_at", "token", "created_at", "updated_at", "ip_address", "user_agent", "user_id", "active_organization_id" from "sessions" where "sessions"."token" = $1
2026-09-07 12:14:41.662 UTC [1102] LOG:  execute <unnamed>: select "id", "name", "email", "email_verified", "image", "created_at", "updated_at", "two_factor_enabled", "onboarding_completed_at" from "users" where "users"."id" = $1
2026-09-07 12:14:41.663 UTC [1102] LOG:  execute <unnamed>: select "id", "public_key", "private_key", "created_at", "expires_at" from "jwkss" limit $1
2026-09-07 12:14:41.665 UTC [1102] LOG:  execute <unnamed>: select "organizations"."id" from "organizations" inner join "members" on (("members"."organization_id" = "organizations"."id") and ("members"."user_id" = $1)) where "organizations"."slug" = $2 limit $3
2026-09-07 12:14:41.666 UTC [1102] LOG:  statement: begin
2026-09-07 12:14:41.666 UTC [1102] LOG:  execute <unnamed>: select set_config('app.organization_id', $1, true)
2026-09-07 12:14:41.667 UTC [1102] LOG:  execute <unnamed>: select "id" from "workspaces" where (("workspaces"."id" = $1) and ("workspaces"."org_id" = $2)) limit $3
2026-09-07 12:14:41.668 UTC [1102] LOG:  execute <unnamed>: select "id", "org_id", "user_id", "workspace_id", "name", "source", "last_branch", "last_chat_pr_number", "last_message_at", "created_at", "updated_at" from "conversations" where (("conversations"."id" = $1) and ("conversations"."org_id" = $2) and ("conversations"."user_id" = $3)) limit $4
2026-09-07 12:14:41.669 UTC [1102] LOG:  execute <unnamed>: select "id" from "conversations" where (("conversations"."id" = $1) and ("conversations"."org_id" = $2)) limit $3
2026-09-07 12:14:41.670 UTC [1102] LOG:  execute <unnamed>: insert into "conversations" ("id", "org_id", "user_id", "workspace_id", "name", "source", "last_branch", "last_chat_pr_number", "last_message_at", "created_at", "updated_at") values ($1, $2, $3, $4, $5, $6, default, default, default, default, default) returning "id", "org_id", "user_id", "workspace_id", "name", "source", "last_branch", "last_chat_pr_number", "last_message_at", "created_at", "updated_at"
2026-09-07 12:14:41.671 UTC [1102] LOG:  statement: commit
2026-09-07 12:14:41.671 UTC [1102] LOG:  statement: begin
2026-09-07 12:14:41.672 UTC [1102] LOG:  execute <unnamed>: select set_config('app.organization_id', $1, true)
2026-09-07 12:14:41.672 UTC [1102] LOG:  execute <unnamed>: select "id", "org_id", "slug", "display_name", "workspace_repository_url", "github_connection_id", "desired_generation", "desired_sha", "active_projection_url", "active_projection_sha", "indexed_sha", "write_status", "hydrate_status", "hydrate_error", "last_job_at", "hydrate_phases", "read_only_reason", "created_at", "updated_at" from "workspaces" where (("workspaces"."org_id" = $1) and ("workspaces"."id" = $2)) limit $3
2026-09-07 12:14:41.673 UTC [1102] LOG:  statement: commit
2026-09-07 12:14:41.673 UTC [1102] LOG:  statement: begin
2026-09-07 12:14:41.674 UTC [1102] LOG:  execute <unnamed>: select set_config('app.organization_id', $1, true)
2026-09-07 12:14:41.674 UTC [1102] LOG:  execute <unnamed>: update "conversations" set "last_branch" = $1, "updated_at" = $2 where (("conversations"."id" = $3) and ("conversations"."org_id" = $4) and ("conversations"."user_id" = $5))
2026-09-07 12:14:41.677 UTC [1102] LOG:  statement: commit
2026-09-07 12:14:41.678 UTC [1102] LOG:  statement: begin
2026-09-07 12:14:41.679 UTC [1102] LOG:  execute <unnamed>: select set_config('app.organization_id', $1, true)
2026-09-07 12:14:41.680 UTC [1102] LOG:  execute <unnamed>: select "id", "kind", "org_id", "workspace_id", "conversation_id", "desired_url", "desired_generation", "desired_sha", "provider", "provider_sandbox_id", "latest_snapshot_id", "latest_run_id", "state", "last_heartbeat_at", "created_at", "updated_at" from "workspace_sandbox_instances" where (("workspace_sandbox_instances"."conversation_id" = $1) and ("workspace_sandbox_instances"."kind" = $2))
2026-09-07 12:14:41.680 UTC [1102] LOG:  statement: commit
2026-09-07 12:14:41.681 UTC [1102] LOG:  execute <unnamed>: select "slug" from "organizations" where "organizations"."id" = $1 limit $2
2026-09-07 12:14:41.682 UTC [1102] LOG:  statement: begin
2026-09-07 12:14:41.683 UTC [1102] LOG:  execute <unnamed>: select set_config('app.organization_id', $1, true)
2026-09-07 12:14:41.683 UTC [1102] LOG:  execute <unnamed>: select "id", "kind", "org_id", "workspace_id", "conversation_id", "desired_url", "desired_generation", "desired_sha", "provider", "provider_sandbox_id", "latest_snapshot_id", "latest_run_id", "state", "last_heartbeat_at", "created_at", "updated_at" from "workspace_sandbox_instances" where (("workspace_sandbox_instances"."id" = $1) and ("workspace_sandbox_instances"."org_id" = $2)) limit $3
2026-09-07 12:14:41.683 UTC [1102] LOG:  statement: commit
2026-09-07 12:14:41.684 UTC [1102] LOG:  statement: begin
2026-09-07 12:14:41.684 UTC [1102] LOG:  execute <unnamed>: select set_config('app.organization_id', $1, true)
2026-09-07 12:14:41.684 UTC [1102] LOG:  execute <unnamed>: select "id", "kind", "org_id", "workspace_id", "conversation_id", "desired_url", "desired_generation", "desired_sha", "provider", "provider_sandbox_id", "latest_snapshot_id", "latest_run_id", "state", "last_heartbeat_at", "created_at", "updated_at" from "workspace_sandbox_instances" where (("workspace_sandbox_instances"."conversation_id" = $1) and ("workspace_sandbox_instances"."kind" = $2) and ("workspace_sandbox_instances"."state" = $3))
2026-09-07 12:14:41.685 UTC [1102] LOG:  statement: commit
2026-09-07 12:14:41.840 UTC [1102] LOG:  statement: begin
2026-09-07 12:14:41.841 UTC [1102] LOG:  execute <unnamed>: select set_config('app.organization_id', $1, true)
2026-09-07 12:14:41.841 UTC [1102] LOG:  statement: savepoint sp1
2026-09-07 12:14:41.843 UTC [1102] LOG:  execute <unnamed>: select "id", "kind", "org_id", "workspace_id", "conversation_id", "desired_url", "desired_generation", "desired_sha", "provider", "provider_sandbox_id", "latest_snapshot_id", "latest_run_id", "state", "last_heartbeat_at", "created_at", "updated_at" from "workspace_sandbox_instances" where (("workspace_sandbox_instances"."org_id" = $1) and ("workspace_sandbox_instances"."kind" = $2) and ("workspace_sandbox_instances"."conversation_id" = $3) and ((("workspace_sandbox_instances"."state" = $4) or ("workspace_sandbox_instances"."state" = $5)))) order by ("workspace_sandbox_instances"."provider_sandbox_id" is not null) desc, "workspace_sandbox_instances"."created_at" asc, "workspace_sandbox_instances"."id" asc limit $6
2026-09-07 12:14:41.844 UTC [1102] LOG:  execute <unnamed>: insert into "workspace_sandbox_instances" ("id", "kind", "org_id", "workspace_id", "conversation_id", "desired_url", "desired_generation", "desired_sha", "provider", "provider_sandbox_id", "latest_snapshot_id", "latest_run_id", "state", "last_heartbeat_at", "created_at", "updated_at") values ($1, $2, $3, $4, $5, $6, $7, $8, $9, $10, $11, $12, $13, $14, $15, $16) on conflict ("id") do update set "kind" = $17, "conversation_id" = $18, "desired_url" = $19, "desired_generation" = $20, "desired_sha" = $21, "provider" = $22, "provider_sandbox_id" = $23, "latest_snapshot_id" = $24, "latest_run_id" = $25, "state" = $26, "last_heartbeat_at" = $27, "updated_at" = $28
2026-09-07 12:14:41.845 UTC [1102] LOG:  statement: release savepoint sp1
2026-09-07 12:14:41.845 UTC [1102] LOG:  statement: commit
2026-09-07 12:14:41.865 UTC [1102] LOG:  statement: begin
2026-09-07 12:14:41.866 UTC [1102] LOG:  execute <unnamed>: select set_config('app.organization_id', $1, true)
2026-09-07 12:14:41.867 UTC [1102] LOG:  execute <unnamed>: update "conversations" set "last_branch" = $1, "updated_at" = $2 where (("conversations"."id" = $3) and ("conversations"."org_id" = $4) and ("conversations"."user_id" = $5))
2026-09-07 12:14:41.868 UTC [1102] LOG:  statement: commit
2026-09-07 12:14:41.869 UTC [1102] LOG:  statement: begin
2026-09-07 12:14:41.869 UTC [1102] LOG:  execute <unnamed>: select set_config('app.organization_id', $1, true)
2026-09-07 12:14:41.871 UTC [1102] LOG:  execute <unnamed>: select "id", "kind", "org_id", "workspace_id", "conversation_id", "desired_url", "desired_generation", "desired_sha", "provider", "provider_sandbox_id", "latest_snapshot_id", "latest_run_id", "state", "last_heartbeat_at", "created_at", "updated_at" from "workspace_sandbox_instances" where (("workspace_sandbox_instances"."conversation_id" = $1) and ("workspace_sandbox_instances"."kind" = $2))
2026-09-07 12:14:41.872 UTC [1102] LOG:  statement: commit
2026-09-07 12:14:41.874 UTC [1102] LOG:  execute <unnamed>: select "id", "expires_at", "token", "created_at", "updated_at", "ip_address", "user_agent", "user_id", "active_organization_id" from "sessions" where "sessions"."token" = $1
2026-09-07 12:14:41.878 UTC [1102] LOG:  execute <unnamed>: select "id", "name", "email", "email_verified", "image", "created_at", "updated_at", "two_factor_enabled", "onboarding_completed_at" from "users" where "users"."id" = $1
2026-09-07 12:14:41.879 UTC [1102] LOG:  execute <unnamed>: select "id", "public_key", "private_key", "created_at", "expires_at" from "jwkss" limit $1
2026-09-07 12:14:41.881 UTC [1102] LOG:  execute <unnamed>: select "id", "expires_at", "token", "created_at", "updated_at", "ip_address", "user_agent", "user_id", "active_organization_id" from "sessions" where "sessions"."token" = $1
2026-09-07 12:14:41.882 UTC [1102] LOG:  execute <unnamed>: select "id", "name", "email", "email_verified", "image", "created_at", "updated_at", "two_factor_enabled", "onboarding_completed_at" from "users" where "users"."id" = $1
2026-09-07 12:14:41.883 UTC [1102] LOG:  execute <unnamed>: select "id", "public_key", "private_key", "created_at", "expires_at" from "jwkss" limit $1
2026-09-07 12:14:41.885 UTC [1102] LOG:  execute <unnamed>: select "organizations"."id" from "organizations" inner join "members" on (("members"."organization_id" = "organizations"."id") and ("members"."user_id" = $1)) where "organizations"."slug" = $2 limit $3
2026-09-07 12:14:41.886 UTC [1102] LOG:  statement: begin
2026-09-07 12:14:41.887 UTC [1102] LOG:  execute <unnamed>: select set_config('app.organization_id', $1, true)
2026-09-07 12:14:41.888 UTC [1102] LOG:  execute <unnamed>: select "id" from "workspaces" where (("workspaces"."id" = $1) and ("workspaces"."org_id" = $2)) limit $3
2026-09-07 12:14:41.889 UTC [1102] LOG:  execute <unnamed>: select "id", "org_id", "user_id", "workspace_id", "name", "source", "last_branch", "last_chat_pr_number", "last_message_at", "created_at", "updated_at" from "conversations" where (("conversations"."id" = $1) and ("conversations"."org_id" = $2) and ("conversations"."user_id" = $3)) limit $4
2026-09-07 12:14:41.890 UTC [1102] LOG:  statement: commit
2026-09-07 12:14:41.891 UTC [1102] LOG:  statement: begin
2026-09-07 12:14:41.891 UTC [1102] LOG:  execute <unnamed>: select set_config('app.organization_id', $1, true)
2026-09-07 12:14:41.892 UTC [1102] LOG:  execute <unnamed>: select "id", "org_id", "slug", "display_name", "workspace_repository_url", "github_connection_id", "desired_generation", "desired_sha", "active_projection_url", "active_projection_sha", "indexed_sha", "write_status", "hydrate_status", "hydrate_error", "last_job_at", "hydrate_phases", "read_only_reason", "created_at", "updated_at" from "workspaces" where (("workspaces"."org_id" = $1) and ("workspaces"."id" = $2)) limit $3
2026-09-07 12:14:41.893 UTC [1102] LOG:  statement: commit
2026-09-07 12:14:41.894 UTC [1102] LOG:  statement: begin
2026-09-07 12:14:41.894 UTC [1102] LOG:  execute <unnamed>: select set_config('app.organization_id', $1, true)
2026-09-07 12:14:41.895 UTC [1102] LOG:  execute <unnamed>: update "conversations" set "last_branch" = $1, "updated_at" = $2 where (("conversations"."id" = $3) and ("conversations"."org_id" = $4) and ("conversations"."user_id" = $5))
2026-09-07 12:14:41.896 UTC [1102] LOG:  statement: commit
2026-09-07 12:14:41.900 UTC [1102] LOG:  statement: begin
2026-09-07 12:14:41.901 UTC [1102] LOG:  execute <unnamed>: select set_config('app.organization_id', $1, true)
2026-09-07 12:14:41.902 UTC [1102] LOG:  execute <unnamed>: update "conversations" set "last_message_at" = $1, "updated_at" = $2 where (("conversations"."id" = $3) and ("conversations"."org_id" = $4) and ("conversations"."user_id" = $5))
2026-09-07 12:14:41.902 UTC [1102] LOG:  statement: commit
2026-09-07 12:14:41.905 UTC [1102] LOG:  statement: begin
2026-09-07 12:14:41.905 UTC [1102] LOG:  execute <unnamed>: select set_config('app.organization_id', $1, true)
2026-09-07 12:14:41.907 UTC [1102] LOG:  execute <unnamed>: select "id", "kind", "org_id", "workspace_id", "conversation_id", "desired_url", "desired_generation", "desired_sha", "provider", "provider_sandbox_id", "latest_snapshot_id", "latest_run_id", "state", "last_heartbeat_at", "created_at", "updated_at" from "workspace_sandbox_instances" where (("workspace_sandbox_instances"."conversation_id" = $1) and ("workspace_sandbox_instances"."kind" = $2))
2026-09-07 12:14:41.907 UTC [1102] LOG:  statement: commit
2026-09-07 12:14:41.908 UTC [1102] LOG:  statement: begin
2026-09-07 12:14:41.908 UTC [1102] LOG:  execute <unnamed>: select set_config('app.organization_id', $1, true)
2026-09-07 12:14:41.909 UTC [1102] LOG:  execute <unnamed>: select "id", "kind", "org_id", "workspace_id", "conversation_id", "desired_url", "desired_generation", "desired_sha", "provider", "provider_sandbox_id", "latest_snapshot_id", "latest_run_id", "state", "last_heartbeat_at", "created_at", "updated_at" from "workspace_sandbox_instances" where (("workspace_sandbox_instances"."conversation_id" = $1) and ("workspace_sandbox_instances"."kind" = $2))
2026-09-07 12:14:41.910 UTC [1102] LOG:  statement: commit
2026-09-07 12:14:41.910 UTC [1102] LOG:  statement: begin
2026-09-07 12:14:41.911 UTC [1102] LOG:  execute <unnamed>: select set_config('app.organization_id', $1, true)
2026-09-07 12:14:41.912 UTC [1102] LOG:  execute <unnamed>: select "id", "kind", "org_id", "workspace_id", "conversation_id", "desired_url", "desired_generation", "desired_sha", "provider", "provider_sandbox_id", "latest_snapshot_id", "latest_run_id", "state", "last_heartbeat_at", "created_at", "updated_at" from "workspace_sandbox_instances" where (("workspace_sandbox_instances"."id" = $1) and ("workspace_sandbox_instances"."org_id" = $2)) limit $3
2026-09-07 12:14:41.912 UTC [1102] LOG:  statement: commit
2026-09-07 12:14:41.913 UTC [1102] LOG:  statement: begin
2026-09-07 12:14:41.913 UTC [1102] LOG:  execute <unnamed>: select set_config('app.organization_id', $1, true)
2026-09-07 12:14:41.914 UTC [1102] LOG:  execute <unnamed>: delete from "workspace_sandbox_instances" where (("workspace_sandbox_instances"."id" = $1) and ("workspace_sandbox_instances"."org_id" = $2))
2026-09-07 12:14:41.914 UTC [1102] LOG:  statement: commit
2026-09-07 12:14:41.921 UTC [1102] LOG:  statement: begin
2026-09-07 12:14:41.922 UTC [1102] LOG:  execute <unnamed>: select set_config('app.organization_id', $1, true)
2026-09-07 12:14:41.923 UTC [1102] LOG:  execute <unnamed>: select "id", "org_id", "slug", "display_name", "workspace_repository_url", "github_connection_id", "desired_generation", "desired_sha", "active_projection_url", "active_projection_sha", "indexed_sha", "write_status", "hydrate_status", "hydrate_error", "last_job_at", "hydrate_phases", "read_only_reason", "created_at", "updated_at" from "workspaces" where (("workspaces"."org_id" = $1) and ("workspaces"."id" = $2)) limit $3
2026-09-07 12:14:41.923 UTC [1102] LOG:  statement: commit
2026-09-07 12:14:41.923 UTC [1102] LOG:  statement: begin
2026-09-07 12:14:41.924 UTC [1102] LOG:  execute <unnamed>: select set_config('app.organization_id', $1, true)
2026-09-07 12:14:41.924 UTC [1102] LOG:  execute <unnamed>: select "id", "org_id", "slug", "display_name", "workspace_repository_url", "github_connection_id", "desired_generation", "desired_sha", "active_projection_url", "active_projection_sha", "indexed_sha", "write_status", "hydrate_status", "hydrate_error", "last_job_at", "hydrate_phases", "read_only_reason", "created_at", "updated_at" from "workspaces" where (("workspaces"."org_id" = $1) and ("workspaces"."id" = $2)) limit $3
2026-09-07 12:14:41.924 UTC [1102] LOG:  execute <unnamed>: select "id", "org_id", "slug", "display_name", "workspace_repository_url", "github_connection_id", "desired_generation", "desired_sha", "active_projection_url", "active_projection_sha", "indexed_sha", "write_status", "hydrate_status", "hydrate_error", "last_job_at", "hydrate_phases", "read_only_reason", "created_at", "updated_at" from "workspaces" where (("workspaces"."org_id" = $1) and ("workspaces"."id" = $2)) limit $3
2026-09-07 12:14:41.925 UTC [1102] LOG:  execute <unnamed>: select "id", "org_id", "workspace_id", "git_url", "desired_ref", "desired_sha", "indexed_sha", "created_at" from "workspace_linked_repositories" where "workspace_linked_repositories"."workspace_id" = $1 order by "workspace_linked_repositories"."created_at"
2026-09-07 12:14:41.925 UTC [1102] LOG:  execute <unnamed>: select "id", "git_url" from "repositories" where "repositories"."org_id" = $1
2026-09-07 12:14:41.926 UTC [1102] LOG:  statement: commit
2026-09-07 12:14:41.927 UTC [1102] LOG:  statement: begin
2026-09-07 12:14:41.927 UTC [1103] LOG:  statement: begin
2026-09-07 12:14:41.927 UTC [1102] LOG:  execute <unnamed>: select set_config('app.organization_id', $1, true)
2026-09-07 12:14:41.927 UTC [1103] LOG:  execute <unnamed>: select set_config('app.organization_id', $1, true)
2026-09-07 12:14:41.929 UTC [1102] LOG:  execute <unnamed>: select "id", "kind", "org_id", "workspace_id", "conversation_id", "desired_url", "desired_generation", "desired_sha", "provider", "provider_sandbox_id", "latest_snapshot_id", "latest_run_id", "state", "last_heartbeat_at", "created_at", "updated_at" from "workspace_sandbox_instances" where (("workspace_sandbox_instances"."conversation_id" = $1) and ("workspace_sandbox_instances"."kind" = $2))
2026-09-07 12:14:41.929 UTC [1103] LOG:  execute <unnamed>: select "id", "kind", "org_id", "workspace_id", "conversation_id", "desired_url", "desired_generation", "desired_sha", "provider", "provider_sandbox_id", "latest_snapshot_id", "latest_run_id", "state", "last_heartbeat_at", "created_at", "updated_at" from "workspace_sandbox_instances" where (("workspace_sandbox_instances"."id" = $1) and ("workspace_sandbox_instances"."org_id" = $2)) limit $3
2026-09-07 12:14:41.929 UTC [1102] LOG:  statement: commit
2026-09-07 12:14:41.929 UTC [1103] LOG:  statement: commit
2026-09-07 12:14:41.930 UTC [1103] LOG:  statement: begin
2026-09-07 12:14:41.930 UTC [1103] LOG:  execute <unnamed>: select set_config('app.organization_id', $1, true)
2026-09-07 12:14:41.930 UTC [1103] LOG:  execute <unnamed>: select "id", "kind", "org_id", "workspace_id", "conversation_id", "desired_url", "desired_generation", "desired_sha", "provider", "provider_sandbox_id", "latest_snapshot_id", "latest_run_id", "state", "last_heartbeat_at", "created_at", "updated_at" from "workspace_sandbox_instances" where (("workspace_sandbox_instances"."conversation_id" = $1) and ("workspace_sandbox_instances"."kind" = $2) and ("workspace_sandbox_instances"."state" = $3))
2026-09-07 12:14:41.931 UTC [1103] LOG:  statement: commit
2026-09-07 12:14:42.069 UTC [1103] LOG:  statement: begin
2026-09-07 12:14:42.070 UTC [1103] LOG:  execute <unnamed>: select set_config('app.organization_id', $1, true)
2026-09-07 12:14:42.071 UTC [1103] LOG:  statement: savepoint sp1
2026-09-07 12:14:42.073 UTC [1103] LOG:  execute <unnamed>: select "id", "kind", "org_id", "workspace_id", "conversation_id", "desired_url", "desired_generation", "desired_sha", "provider", "provider_sandbox_id", "latest_snapshot_id", "latest_run_id", "state", "last_heartbeat_at", "created_at", "updated_at" from "workspace_sandbox_instances" where (("workspace_sandbox_instances"."org_id" = $1) and ("workspace_sandbox_instances"."kind" = $2) and ("workspace_sandbox_instances"."conversation_id" = $3) and ((("workspace_sandbox_instances"."state" = $4) or ("workspace_sandbox_instances"."state" = $5)))) order by ("workspace_sandbox_instances"."provider_sandbox_id" is not null) desc, "workspace_sandbox_instances"."created_at" asc, "workspace_sandbox_instances"."id" asc limit $6
2026-09-07 12:14:42.074 UTC [1103] LOG:  execute <unnamed>: insert into "workspace_sandbox_instances" ("id", "kind", "org_id", "workspace_id", "conversation_id", "desired_url", "desired_generation", "desired_sha", "provider", "provider_sandbox_id", "latest_snapshot_id", "latest_run_id", "state", "last_heartbeat_at", "created_at", "updated_at") values ($1, $2, $3, $4, $5, $6, $7, $8, $9, $10, $11, $12, $13, $14, $15, $16) on conflict ("id") do update set "kind" = $17, "conversation_id" = $18, "desired_url" = $19, "desired_generation" = $20, "desired_sha" = $21, "provider" = $22, "provider_sandbox_id" = $23, "latest_snapshot_id" = $24, "latest_run_id" = $25, "state" = $26, "last_heartbeat_at" = $27, "updated_at" = $28
2026-09-07 12:14:42.076 UTC [1103] LOG:  statement: release savepoint sp1
2026-09-07 12:14:42.077 UTC [1103] LOG:  statement: commit
2026-09-07 12:14:42.117 UTC [1103] LOG:  statement: begin
2026-09-07 12:14:42.117 UTC [1103] LOG:  execute <unnamed>: select set_config('app.organization_id', $1, true)
2026-09-07 12:14:42.118 UTC [1103] LOG:  execute <unnamed>: select "interrupt_id", "run_id", "thread_id", "org_id", "status", "requested_at", "resolved_at", "payload_json", "response_json" from "chat_interrupts" where (("chat_interrupts"."thread_id" = $1) and ("chat_interrupts"."status" = $2)) order by "chat_interrupts"."requested_at" asc
2026-09-07 12:14:42.119 UTC [1103] LOG:  statement: commit
2026-09-07 12:14:42.119 UTC [1103] LOG:  statement: begin
2026-09-07 12:14:42.120 UTC [1103] LOG:  execute <unnamed>: select set_config('app.organization_id', $1, true)
2026-09-07 12:14:42.122 UTC [1103] LOG:  execute <unnamed>: select "run_id", "thread_id", "org_id", "status", "started_at", "finished_at", "error", "error_code", "usage_json", "sandbox_key", "detached_since", "cancel_requested", "driver_epoch" from "chat_runs" where "chat_runs"."run_id" = $1 limit $2
2026-09-07 12:14:42.123 UTC [1103] LOG:  statement: commit
2026-09-07 12:14:42.124 UTC [1103] LOG:  statement: begin
2026-09-07 12:14:42.124 UTC [1103] LOG:  execute <unnamed>: select set_config('app.organization_id', $1, true)
2026-09-07 12:14:42.125 UTC [1103] LOG:  execute <unnamed>: insert into "chat_runs" ("run_id", "thread_id", "org_id", "status", "started_at", "finished_at", "error", "error_code", "usage_json", "sandbox_key", "detached_since", "cancel_requested", "driver_epoch") values ($1, $2, $3, $4, $5, default, default, default, default, default, default, default, default) on conflict ("run_id") do nothing
2026-09-07 12:14:42.126 UTC [1103] LOG:  statement: commit
2026-09-07 12:14:42.126 UTC [1103] LOG:  statement: begin
2026-09-07 12:14:42.127 UTC [1103] LOG:  execute <unnamed>: select set_config('app.organization_id', $1, true)
2026-09-07 12:14:42.128 UTC [1103] LOG:  execute <unnamed>: select "run_id", "thread_id", "org_id", "status", "started_at", "finished_at", "error", "error_code", "usage_json", "sandbox_key", "detached_since", "cancel_requested", "driver_epoch" from "chat_runs" where "chat_runs"."run_id" = $1 limit $2
2026-09-07 12:14:42.129 UTC [1103] LOG:  statement: commit
2026-09-07 12:14:42.130 UTC [1103] LOG:  statement: begin
2026-09-07 12:14:42.130 UTC [1103] LOG:  execute <unnamed>: select set_config('app.organization_id', $1, true)
2026-09-07 12:14:42.131 UTC [1103] LOG:  execute <unnamed>: select "messages_json" from "chat_threads" where "chat_threads"."thread_id" = $1 limit $2
2026-09-07 12:14:42.132 UTC [1103] LOG:  statement: commit
2026-09-07 12:14:42.133 UTC [1103] LOG:  statement: begin
2026-09-07 12:14:42.133 UTC [1103] LOG:  execute <unnamed>: select set_config('app.organization_id', $1, true)
2026-09-07 12:14:42.134 UTC [1103] LOG:  execute <unnamed>: insert into "chat_threads" ("thread_id", "org_id", "messages_json", "updated_at") values ($1, $2, $3, $4) on conflict ("thread_id") do update set "messages_json" = $5, "updated_at" = $6
2026-09-07 12:14:42.135 UTC [1103] LOG:  statement: commit
2026-09-07 12:14:43.231 UTC [1103] LOG:  statement: begin
2026-09-07 12:14:43.232 UTC [1103] LOG:  execute <unnamed>: select set_config('app.organization_id', $1, true)
2026-09-07 12:14:43.233 UTC [1103] LOG:  execute <unnamed>: insert into "chat_threads" ("thread_id", "org_id", "messages_json", "updated_at") values ($1, $2, $3, $4) on conflict ("thread_id") do update set "messages_json" = $5, "updated_at" = $6
2026-09-07 12:14:43.234 UTC [1103] LOG:  statement: commit
2026-09-07 12:14:47.013 UTC [1103] LOG:  statement: begin
2026-09-07 12:14:47.014 UTC [1103] LOG:  execute <unnamed>: select set_config('app.organization_id', $1, true)
2026-09-07 12:14:47.015 UTC [1103] LOG:  execute <unnamed>: insert into "chat_threads" ("thread_id", "org_id", "messages_json", "updated_at") values ($1, $2, $3, $4) on conflict ("thread_id") do update set "messages_json" = $5, "updated_at" = $6
2026-09-07 12:14:47.016 UTC [1103] LOG:  statement: commit
2026-09-07 12:14:47.131 UTC [1103] LOG:  statement: begin
2026-09-07 12:14:47.132 UTC [1103] LOG:  execute <unnamed>: select set_config('app.organization_id', $1, true)
2026-09-07 12:14:47.133 UTC [1103] LOG:  execute <unnamed>: insert into "chat_threads" ("thread_id", "org_id", "messages_json", "updated_at") values ($1, $2, $3, $4) on conflict ("thread_id") do update set "messages_json" = $5, "updated_at" = $6
2026-09-07 12:14:47.134 UTC [1103] LOG:  statement: commit
2026-09-07 12:14:47.135 UTC [1103] LOG:  statement: begin
2026-09-07 12:14:47.135 UTC [1103] LOG:  execute <unnamed>: select set_config('app.organization_id', $1, true)
2026-09-07 12:14:47.137 UTC [1103] LOG:  execute <unnamed>: update "chat_runs" set "status" = $1, "finished_at" = $2, "usage_json" = $3 where "chat_runs"."run_id" = $4
2026-09-07 12:14:47.138 UTC [1103] LOG:  statement: commit
2026-09-07 12:14:47.139 UTC [1103] LOG:  statement: begin
2026-09-07 12:14:47.143 UTC [1103] LOG:  execute <unnamed>: select set_config('app.organization_id', $1, true)
2026-09-07 12:14:47.144 UTC [1103] LOG:  execute <unnamed>: select "messages_json" from "chat_threads" where "chat_threads"."thread_id" = $1 limit $2
2026-09-07 12:14:47.144 UTC [1103] LOG:  statement: commit
2026-09-07 12:14:47.147 UTC [1103] LOG:  statement: begin
2026-09-07 12:14:47.148 UTC [1103] LOG:  execute <unnamed>: select set_config('app.organization_id', $1, true)
2026-09-07 12:14:47.149 UTC [1103] LOG:  execute <unnamed>: select "run_id", "thread_id", "org_id", "status", "started_at", "finished_at", "error", "error_code", "usage_json", "sandbox_key", "detached_since", "cancel_requested", "driver_epoch" from "chat_runs" where (("chat_runs"."thread_id" = $1) and ("chat_runs"."status" = $2)) order by "chat_runs"."started_at" desc limit $3
2026-09-07 12:14:47.150 UTC [1103] LOG:  statement: commit
2026-09-07 12:14:47.151 UTC [1103] LOG:  statement: begin
2026-09-07 12:14:47.151 UTC [1103] LOG:  execute <unnamed>: select set_config('app.organization_id', $1, true)
2026-09-07 12:14:47.152 UTC [1103] LOG:  execute <unnamed>: select "d0"."id" as "id", "d0"."org_id" as "orgId", "d0"."user_id" as "userId", "d0"."workspace_id" as "workspaceId", "d0"."name" as "name", "d0"."source" as "source", "d0"."last_branch" as "lastBranch", "d0"."last_chat_pr_number" as "lastChatPrNumber", "d0"."last_message_at" as "lastMessageAt", "d0"."created_at" as "createdAt", "d0"."updated_at" as "updatedAt" from "conversations" as "d0" where (("d0"."id" = $1) and ("d0"."org_id" = $2) and ("d0"."user_id" = $3)) limit $4
2026-09-07 12:14:47.153 UTC [1103] LOG:  statement: commit
2026-09-07 12:14:48.871 UTC [1103] LOG:  statement: begin
2026-09-07 12:14:48.873 UTC [1103] LOG:  execute <unnamed>: select set_config('app.organization_id', $1, true)
2026-09-07 12:14:48.876 UTC [1103] LOG:  execute <unnamed>: update "conversations" set "name" = $1, "updated_at" = $2 where (("conversations"."id" = $3) and ("conversations"."org_id" = $4) and ("conversations"."user_id" = $5)) returning "id", "org_id", "user_id", "workspace_id", "name", "source", "last_branch", "last_chat_pr_number", "last_message_at", "created_at", "updated_at"
2026-09-07 12:14:48.878 UTC [1103] LOG:  statement: commit
2026-09-07 12:14:48.896 UTC [1103] LOG:  execute <unnamed>: select "id", "expires_at", "token", "created_at", "updated_at", "ip_address", "user_agent", "user_id", "active_organization_id" from "sessions" where "sessions"."token" = $1
2026-09-07 12:14:48.900 UTC [1103] LOG:  execute <unnamed>: select "id", "name", "email", "email_verified", "image", "created_at", "updated_at", "two_factor_enabled", "onboarding_completed_at" from "users" where "users"."id" = $1
2026-09-07 12:14:48.902 UTC [1103] LOG:  execute <unnamed>: select "id", "public_key", "private_key", "created_at", "expires_at" from "jwkss" limit $1
2026-09-07 12:14:48.906 UTC [1103] LOG:  execute <unnamed>: select "id", "expires_at", "token", "created_at", "updated_at", "ip_address", "user_agent", "user_id", "active_organization_id" from "sessions" where "sessions"."token" = $1
2026-09-07 12:14:48.907 UTC [1103] LOG:  execute <unnamed>: select "id", "name", "email", "email_verified", "image", "created_at", "updated_at", "two_factor_enabled", "onboarding_completed_at" from "users" where "users"."id" = $1
2026-09-07 12:14:48.909 UTC [1103] LOG:  execute <unnamed>: select "id", "public_key", "private_key", "created_at", "expires_at" from "jwkss" limit $1
2026-09-07 12:14:48.912 UTC [1103] LOG:  execute <unnamed>: select "organizations"."id" from "organizations" inner join "members" on (("members"."organization_id" = "organizations"."id") and ("members"."user_id" = $1)) where "organizations"."slug" = $2 limit $3
2026-09-07 12:14:48.913 UTC [1103] LOG:  statement: begin
2026-09-07 12:14:48.914 UTC [1103] LOG:  execute <unnamed>: select set_config('app.organization_id', $1, true)
2026-09-07 12:14:48.916 UTC [1103] LOG:  execute <unnamed>: select "d0"."id" as "id", "d0"."org_id" as "orgId", "d0"."user_id" as "userId", "d0"."workspace_id" as "workspaceId", "d0"."name" as "name", "d0"."source" as "source", "d0"."last_branch" as "lastBranch", "d0"."last_chat_pr_number" as "lastChatPrNumber", "d0"."last_message_at" as "lastMessageAt", "d0"."created_at" as "createdAt", "d0"."updated_at" as "updatedAt" from "conversations" as "d0" where (("d0"."id" = $1) and ("d0"."org_id" = $2) and ("d0"."user_id" = $3)) limit $4
2026-09-07 12:14:48.920 UTC [1103] LOG:  statement: commit
2026-09-07 12:14:48.922 UTC [1103] LOG:  statement: begin
2026-09-07 12:14:48.923 UTC [1103] LOG:  execute <unnamed>: select set_config('app.organization_id', $1, true)
2026-09-07 12:14:48.924 UTC [1103] LOG:  execute <unnamed>: select "messages_json" from "chat_threads" where "chat_threads"."thread_id" = $1 limit $2
2026-09-07 12:14:48.925 UTC [1103] LOG:  statement: commit
2026-09-07 12:14:48.925 UTC [1103] LOG:  statement: begin
2026-09-07 12:14:48.926 UTC [1103] LOG:  execute <unnamed>: select set_config('app.organization_id', $1, true)
2026-09-07 12:14:48.927 UTC [1103] LOG:  execute <unnamed>: select "id", "org_id", "slug", "display_name", "workspace_repository_url", "github_connection_id", "desired_generation", "desired_sha", "active_projection_url", "active_projection_sha", "indexed_sha", "write_status", "hydrate_status", "hydrate_error", "last_job_at", "hydrate_phases", "read_only_reason", "created_at", "updated_at" from "workspaces" where (("workspaces"."org_id" = $1) and ("workspaces"."id" = $2)) limit $3
2026-09-07 12:14:48.929 UTC [1103] LOG:  statement: commit
