{"name": "storybook-full-browser-ui-cwd", "cwd": "/private/tmp/ctxpipe-recovery-01a07aba", "command": ["volta", "run", "--node", "22.16.0", "pnpm", "--filter", "@ctxpipe/ui", "exec", "/private/tmp/ctxpipe-gate0-browser-tools/node_modules/.bin/test-storybook", "--url", "http://127.0.0.1:6016", "--index-json", "--maxWorkers", "2", "--testTimeout", "30000", "--json", "--outputFile", "/private/tmp/gate0-storybook-results.json"], "environment": {"AUTH_SECRET": "gate0-local-disposable-test-secret-20260907", "DATABASE_URL": "postgresql://ctxpipe:ctxpipe@127.0.0.1:51498/ctxpipe_gate0_fresh", "GRAPH_DB_URI": "redis://127.0.0.1:6399", "CI": "true", "NO_COLOR": "1", "TURBO_TELEMETRY_DISABLED": "1", "STORYBOOK_DISABLE_TELEMETRY": "1"}, "timeout_seconds": 600, "started_utc": "2026-09-07T11:53:06Z", "log": "logs/storybook-full-browser-ui-cwd.log"}
[test-storybook] Detected a remote Storybook URL, running in index json mode. To disable this, run the command again with --no-index-json

[33m[test-storybook] Detected Vite-based Storybook project: You might benefit from migrating to the Vitest addon. A modern, faster, and more feature-rich testing solution for Storybook:
https://storybook.js.org/docs/writing-tests/integrations/vitest-addon/migration-guide?ref=test-runner-migration[0m
(node:29722) Warning: The 'NO_COLOR' env is ignored due to the 'FORCE_COLOR' env being set.
(Use `node --trace-warnings ...` to show where the warning was created)
(node:29721) Warning: The 'NO_COLOR' env is ignored due to the 'FORCE_COLOR' env being set.
(Use `node --trace-warnings ...` to show where the warning was created)
--------------------------
Components/Workspaces/ChatSession > Markdown Answer[34m
Click to debug the error directly in Storybook:
http://127.0.0.1:6016/?path=/story/components-workspaces-chatsession--markdown-answer&addonPanel=storybook/a11y/panel

[39mMessage:
 [33mFound 1 a11y violations, run the test with 'a11y: { test: 'error' }' parameter to see the full report or debug it directly in Storybook.[39m


--------------------------------------------------

Browser logs:

[1m[34mlog[39m[22m: Request, {"url":"http://127.0.0.1:6016/.auth/api/config","method":"GET","headers":{"accept":"*/*"},"body":""}

[1m[34mlog[39m[22m: Handler:, {"kind":"request","options":{},"info":{"header":"GET */.auth/api/config","path":"*/.auth/api/config","method":"GET","callFrame":"http://127.0.0.1:6016/assets/iframe-DRQfpQ-N.js:1124:4289"},"isUsed":true}

[1m[34mlog[39m[22m: Response, {"status":200,"statusText":"OK","headers":{"content-length":"16","content-type":"application/json"},"body":"{\"providers\":[]}"}

[1m[34mlog[39m[22m: Request, {"url":"http://127.0.0.1:6016/acme/api/v1/conversations/conv_1/prepare","method":"POST","headers":{"accept":"*/*","content-type":"application/json"},"body":"{\"workspaceId\":\"ws_docs\"}"}

[1m[34mlog[39m[22m: Handler:, {"kind":"request","options":{},"info":{"header":"POST [custom predicate]","method":"POST","callFrame":"http://127.0.0.1:6016/assets/iframe-DRQfpQ-N.js:1124:4289"},"isUsed":true}

[1m[34mlog[39m[22m: Response, {"status":204,"statusText":"No Content","headers":{},"body":""}

[1m[34mlog[39m[22m: Request, {"url":"http://127.0.0.1:6016/.auth/api/v1/auth/get-session","method":"GET","headers":{"accept":"*/*"},"body":""}

[1m[34mlog[39m[22m: Handler:, {"kind":"request","options":{},"info":{"header":"GET */.auth/api/v1/auth/get-session","path":"*/.auth/api/v1/auth/get-session","method":"GET","callFrame":"http://127.0.0.1:6016/assets/iframe-DRQfpQ-N.js:1124:4289"},"isUsed":true}

[1m[34mlog[39m[22m: Response, {"status":200,"statusText":"OK","headers":{"content-length":"260","content-type":"application/json"},"body":"{\"session\":{\"id\":\"storybook-session\",\"userId\":\"user_storybook\",\"expiresAt\":\"2026-09-08T11:53:14.727Z\"},\"user\":{\"id\":\"user_storybook\",\"email\":\"story@ctxpipe.local\",\"name\":\"Storybook User\",\"emailVerified\":true,\"onboardingCompletedAt\":\"2025-01-01T00:00:00.000Z\"}}"}
[0m[7m[1m[31m FAIL [39m[22m[27m[0m [0m[7m[33m browser: chromium [39m[27m[0m [2m../../../../var/folders/9t/jj9rnpps7_ddb72c1mq2k13w0000gn/T/c074bc092911af3a35c92415033685a1/[22m[1mcomponents-workspaces-pane.test.js[22m ([0m[1m[41m6.991 s[49m[22m[0m)
  [1m● [22mConsole

    [2mconsole.log[22m
      An error occurred in the following story, most likely because of a navigation: "Components/Workspaces/Pane/Cached Sandbox While 409". Retrying...
[2m[22m
[2m      [2mat Object.log ([22m[2m../../var/folders/9t/jj9rnpps7_ddb72c1mq2k13w0000gn/T/c074bc092911af3a35c92415033685a1/components-workspaces-pane.test.js[2m:1132:19)[22m[2m[22m

    [2mconsole.log[22m
      An error occurred in the following story, most likely because of a navigation: "Components/Workspaces/Pane/Conversation Sandbox Live Poll". Retrying...
[2m[22m
[2m      [2mat Object.log ([22m[2m../../var/folders/9t/jj9rnpps7_ddb72c1mq2k13w0000gn/T/c074bc092911af3a35c92415033685a1/components-workspaces-pane.test.js[2m:1192:19)[22m[2m[22m

[1m[31m  [1m● [22m[1mComponents/Workspaces/Pane › Conversation Sandbox Files › play-test[39m[22m

    page.evaluate: StorybookTestRunnerError: [34m
    Click to debug the error directly in Storybook:
    http://127.0.0.1:6016/?path=/story/components-workspaces-pane--conversation-sandbox-files&addonPanel=storybook/interactions/panel

    [39mMessage:
     Unable to find an element with the text: e2e-session-branch-note.md. This could be because the text is broken up by multiple elements. In this case, you can provide a function for your text matcher to make your matcher more flexible.

    Ignored nodes: comments, script, style
    <div
      id="storybook-root"
    >
      <div
        class="min-h-screen bg-background font-sans text-foreground antialiased"
      >
        <div
          class="flex h-svh min-h-0 bg-zinc-950"
        >
          <div
            class="flex h-full min-w-0 flex-1 flex-col p-4"
          >
            <p
              class="text-sm text-muted-foreground"
            >
              Conversation
            </p>
          </div>
          <aside
            class="flex-col pb-3 pt-[6.5px] max-md:pb-0 max-md:pr-0 relative flex h-full min-h-0 pl-0 pr-3 min-w-0 flex-1"
            data-workspace-surface=""
          >
            <button
              aria-label="Resize pane"
              class="absolute bottom-[20px] left-[0.5px] z-20 hidden w-3 -translate-x-1/2 cursor-col-resize border-0 bg-transparent p-0…


    --------------------------------------------------

    Browser logs:

    [1m[34mlog[39m[22m: Request, {"url":"http://127.0.0.1:6016/.auth/api/v1/auth/organization/list","method":"GET","headers":{"accept":"*/*"},"body":""}

    [1m[34mlog[39m[22m: Handler:, {"kind":"request","options":{},"info":{"header":"GET */.auth/api/v1/auth/organization/list","path":"*/.auth/api/v1/auth/organization/list","method":"GET","callFrame":"http://127.0.0.1:6016/assets/iframe-DRQfpQ-N.js:1124:4289"},"isUsed":true}

    [1m[34mlog[39m[22m: Response, {"status":200,"statusText":"OK","headers":{"content-length":"61","content-type":"application/json"},"body":"[{\"id\":\"org_storybook\",\"name\":\"Storybook Org\",\"slug\":\"acme\"}]"}

    [1m[34mlog[39m[22m: Request, {"url":"http://127.0.0.1:6016/acme/api/v1/conversations/conv_1/files/blob?path=knowledge%2Fbilling%2Fledger.md","method":"GET","headers":{"accept":"*/*"},"body":""}

    [1m[34mlog[39m[22m: Handler:, {"kind":"request","options":{},"info":{"header":"GET [custom predicate]","method":"GET","callFrame":"http://127.0.0.1:6016/assets/iframe-DRQfpQ-N.js:1124:4289"},"isUsed":true}

    [1m[34mlog[39m[22m: Response, {"status":200,"statusText":"OK","headers":{"content-length":"223","content-type":"application/json"},"body":"{\"path\":\"knowledge/billing/ledger.md\",\"body\":\"# Billing ledger\\n\\nInvoicing rules for the org. The payments API depends on this ledger.\\n\\nSee [Payments API](../payments/api.md) and [invoices](invoices.md).\",\"binary\":false}"}

    [1m[34mlog[39m[22m: Request, {"url":"http://127.0.0.1:6016/acme/api/v1/conversations/conv_1/files/status","method":"GET","headers":{"accept":"*/*"},"body":""}

    [1m[34mlog[39m[22m: Handler:, {"kind":"request","options":{},"info":{"header":"GET [custom predicate]","method":"GET","callFrame":"http://127.0.0.1:6016/assets/iframe-DRQfpQ-N.js:1124:4289"},"isUsed":true}

    [1m[34mlog[39m[22m: Response, {"status":200,"statusText":"OK","headers":{"content-length":"540","content-type":"application/json"},"body":"{\"source\":\"sandbox\",\"dirty\":true,\"differsFromDefault\":true,\"unpushed\":true,\"published\":false,\"ahead\":1,\"behind\":0,\"items\":[{\"path\":\"knowledge/billing/ledger.md\",\"status\":\"modified\",\"body\":\"# Billing ledger\\n\\nInvoicing rules for the org. The payments API depends on this ledger.\\n\\nSee [Payments API](../payments/api.md) and [invoices](invoices.md).\\nQueued sandbox edit.\\n\",\"additions\":2,\"deletions\":0},{\"path\":\"AGENTS.md\",\"status\":\"added\",\"additions\":3,\"deletions\":0},{\"path\":\"README.md\",\"status\":\"modified\",\"additions\":4,\"deletions\":1}]}"}

    [1m[34mlog[39m[22m: Request, {"url":"http://127.0.0.1:6016/.auth/api/config","method":"GET","headers":{"accept":"*/*"},"body":""}

    [1m[34mlog[39m[22m: Handler:, {"kind":"request","options":{},"info":{"header":"GET */.auth/api/config","path":"*/.auth/api/config","method":"GET","callFrame":"http://127.0.0.1:6016/assets/iframe-DRQfpQ-N.js:1124:4289"},"isUsed":true}

    [1m[34mlog[39m[22m: Response, {"status":200,"statusText":"OK","headers":{"content-length":"16","content-type":"application/json"},"body":"{\"providers\":[]}"}

    [1m[34mlog[39m[22m: Request, {"url":"http://127.0.0.1:6016/acme/api/v1/conversations/conv_1/files/status","method":"GET","headers":{"accept":"*/*"},"body":""}

    [1m[34mlog[39m[22m: Handler:, {"kind":"request","options":{},"info":{"header":"GET [custom predicate]","method":"GET","callFrame":"http://127.0.0.1:6016/assets/iframe-DRQfpQ-N.js:1124:4289"},"isUsed":true}

    [1m[34mlog[39m[22m: Response, {"status":200,"statusText":"OK","headers":{"content-length":"540","content-type":"application/json"},"body":"{\"source\":\"sandbox\",\"dirty\":true,\"differsFromDefault\":true,\"unpushed\":true,\"published\":false,\"ahead\":1,\"behind\":0,\"items\":[{\"path\":\"knowledge/billing/ledger.md\",\"status\":\"modified\",\"body\":\"# Billing ledger\\n\\nInvoicing rules for the org. The payments API depends on this ledger.\\n\\nSee [Payments API](../payments/api.md) and [invoices](invoices.md).\\nQueued sandbox edit.\\n\",\"additions\":2,\"deletions\":0},{\"path\":\"AGENTS.md\",\"status\":\"added\",\"additions\":3,\"deletions\":0},{\"path\":\"README.md\",\"status\":\"modified\",\"additions\":4,\"deletions\":1}]}"}

    [1m[34mlog[39m[22m: Request, {"url":"http://127.0.0.1:6016/acme/api/v1/conversations/conv_1/files/tree","method":"GET","headers":{"accept":"*/*"},"body":""}

    [1m[34mlog[39m[22m: Handler:, {"kind":"request","options":{},"info":{"header":"GET [custom predicate]","method":"GET","callFrame":"http://127.0.0.1:6016/assets/iframe-DRQfpQ-N.js:1124:4289"},"isUsed":true}

    [1m[34mlog[39m[22m: Response, {"status":200,"statusText":"OK","headers":{"content-length":"104","content-type":"application/json"},"body":"{\"sha\":\"sandboxsha\",\"paths\":[\"e2e-session-branch-note.md\",\"AGENTS.md\"],\"branch\":\"ctxpipe/chat/conv_1/1\"}"}

    [1m[34mlog[39m[22m: Request, {"url":"http://127.0.0.1:6016/.auth/api/v1/auth/get-session","method":"GET","headers":{"accept":"*/*"},"body":""}

    [1m[34mlog[39m[22m: Handler:, {"kind":"request","options":{},"info":{"header":"GET */.auth/api/v1/auth/get-session","path":"*/.auth/api/v1/auth/get-session","method":"GET","callFrame":"http://127.0.0.1:6016/assets/iframe-DRQfpQ-N.js:1124:4289"},"isUsed":true}

    [1m[34mlog[39m[22m: Response, {"status":200,"statusText":"OK","headers":{"content-length":"260","content-type":"application/json"},"body":"{\"session\":{\"id\":\"storybook-session\",\"userId\":\"user_storybook\",\"expiresAt\":\"2026-09-08T11:53:15.415Z\"},\"user\":{\"id\":\"user_storybook\",\"email\":\"story@ctxpipe.local\",\"name\":\"Storybook User\",\"emailVerified\":true,\"onboardingCompletedAt\":\"2025-01-01T00:00:00.000Z\"}}"}

    [1m[34mlog[39m[22m: Request, {"url":"http://127.0.0.1:6016/.auth/api/v1/auth/organization/list","method":"GET","headers":{"accept":"*/*"},"body":""}

    [1m[34mlog[39m[22m: Handler:, {"kind":"request","options":{},"info":{"header":"GET */.auth/api/v1/auth/organization/list","path":"*/.auth/api/v1/auth/organization/list","method":"GET","callFrame":"http://127.0.0.1:6016/assets/iframe-DRQfpQ-N.js:1124:4289"},"isUsed":true}

    [1m[34mlog[39m[22m: Response, {"status":200,"statusText":"OK","headers":{"content-length":"61","content-type":"application/json"},"body":"[{\"id\":\"org_storybook\",\"name\":\"Storybook Org\",\"slug\":\"acme\"}]"}

    [1m[34mlog[39m[22m: Request, {"url":"http://127.0.0.1:6016/acme/api/v1/conversations/conv_1/files/status","method":"GET","headers":{"accept":"*/*"},"body":""}

    [1m[34mlog[39m[22m: Handler:, {"kind":"request","options":{},"info":{"header":"GET [custom predicate]","method":"GET","callFrame":"http://127.0.0.1:6016/assets/iframe-DRQfpQ-N.js:1124:4289"},"isUsed":true}

    [1m[34mlog[39m[22m: Response, {"status":200,"statusText":"OK","headers":{"content-length":"540","content-type":"application/json"},"body":"{\"source\":\"sandbox\",\"dirty\":true,\"differsFromDefault\":true,\"unpushed\":true,\"published\":false,\"ahead\":1,\"behind\":0,\"items\":[{\"path\":\"knowledge/billing/ledger.md\",\"status\":\"modified\",\"body\":\"# Billing ledger\\n\\nInvoicing rules for the org. The payments API depends on this ledger.\\n\\nSee [Payments API](../payments/api.md) and [invoices](invoices.md).\\nQueued sandbox edit.\\n\",\"additions\":2,\"deletions\":0},{\"path\":\"AGENTS.md\",\"status\":\"added\",\"additions\":3,\"deletions\":0},{\"path\":\"README.md\",\"status\":\"modified\",\"additions\":4,\"deletions\":1}]}"}

    [1m[34mlog[39m[22m: Request, {"url":"http://127.0.0.1:6016/acme/api/v1/conversations/conv_1/files/tree","method":"GET","headers":{"accept":"*/*"},"body":""}

    [1m[34mlog[39m[22m: Handler:, {"kind":"request","options":{},"info":{"header":"GET [custom predicate]","method":"GET","callFrame":"http://127.0.0.1:6016/assets/iframe-DRQfpQ-N.js:1124:4289"},"isUsed":true}

    [1m[34mlog[39m[22m: Response, {"status":200,"statusText":"OK","headers":{"content-length":"104","content-type":"application/json"},"body":"{\"sha\":\"sandboxsha\",\"paths\":[\"e2e-session-branch-note.md\",\"AGENTS.md\"],\"branch\":\"ctxpipe/chat/conv_1/1\"}"}

    [1m[34mlog[39m[22m: Request, {"url":"http://127.0.0.1:6016/acme/api/v1/conversations/conv_1/files/status","method":"GET","headers":{"accept":"*/*"},"body":""}

    [1m[34mlog[39m[22m: Handler:, {"kind":"request","options":{},"info":{"header":"GET [custom predicate]","method":"GET","callFrame":"http://127.0.0.1:6016/assets/iframe-DRQfpQ-N.js:1124:4289"},"isUsed":true}

    [1m[34mlog[39m[22m: Response, {"status":200,"statusText":"OK","headers":{"content-length":"540","content-type":"application/json"},"body":"{\"source\":\"sandbox\",\"dirty\":true,\"differsFromDefault\":true,\"unpushed\":true,\"published\":false,\"ahead\":1,\"behind\":0,\"items\":[{\"path\":\"knowledge/billing/ledger.md\",\"status\":\"modified\",\"body\":\"# Billing ledger\\n\\nInvoicing rules for the org. The payments API depends on this ledger.\\n\\nSee [Payments API](../payments/api.md) and [invoices](invoices.md).\\nQueued sandbox edit.\\n\",\"additions\":2,\"deletions\":0},{\"path\":\"AGENTS.md\",\"status\":\"added\",\"additions\":3,\"deletions\":0},{\"path\":\"README.md\",\"status\":\"modified\",\"additions\":4,\"deletions\":1}]}"}

    [1m[34mlog[39m[22m: Request, {"url":"http://127.0.0.1:6016/acme/api/v1/conversations/conv_1/files/tree","method":"GET","headers":{"accept":"*/*"},"body":""}

    [1m[34mlog[39m[22m: Handler:, {"kind":"request","options":{},"info":{"header":"GET [custom predicate]","method":"GET","callFrame":"http://127.0.0.1:6016/assets/iframe-DRQfpQ-N.js:1124:4289"},"isUsed":true}

    [1m[34mlog[39m[22m: Response, {"status":200,"statusText":"OK","headers":{"content-length":"104","content-type":"application/json"},"body":"{\"sha\":\"sandboxsha\",\"paths\":[\"e2e-session-branch-note.md\",\"AGENTS.md\"],\"branch\":\"ctxpipe/chat/conv_1/1\"}"}

    [1m[34mlog[39m[22m: Request, {"url":"http://127.0.0.1:6016/acme/api/v1/conversations/conv_1/files/status","method":"GET","headers":{"accept":"*/*"},"body":""}

    [1m[34mlog[39m[22m: Handler:, {"kind":"request","options":{},"info":{"header":"GET [custom predicate]","method":"GET","callFrame":"http://127.0.0.1:6016/assets/iframe-DRQfpQ-N.js:1124:4289"},"isUsed":true}

    [1m[34mlog[39m[22m: Response, {"status":200,"statusText":"OK","headers":{"content-length":"540","content-type":"application/json"},"body":"{\"source\":\"sandbox\",\"dirty\":true,\"differsFromDefault\":true,\"unpushed\":true,\"published\":false,\"ahead\":1,\"behind\":0,\"items\":[{\"path\":\"knowledge/billing/ledger.md\",\"status\":\"modified\",\"body\":\"# Billing ledger\\n\\nInvoicing rules for the org. The payments API depends on this ledger.\\n\\nSee [Payments API](../payments/api.md) and [invoices](invoices.md).\\nQueued sandbox edit.\\n\",\"additions\":2,\"deletions\":0},{\"path\":\"AGENTS.md\",\"status\":\"added\",\"additions\":3,\"deletions\":0},{\"path\":\"README.md\",\"status\":\"modified\",\"additions\":4,\"deletions\":1}]}"}

[2m      853 |         let result;[22m
[2m      854 |         try {[22m
[2m    > 855 |           result = await page.evaluate(({[22m
[2m          |                               ^[22m
[2m      856 |             id,[22m
[2m      857 |             hasPlayFn[22m
[2m      858 |           }) => __test(id, hasPlayFn), {[22m

[2m      [2mat evaluate ([22m[2m[0m[36m../../var/folders/9t/jj9rnpps7_ddb72c1mq2k13w0000gn/T/c074bc092911af3a35c92415033685a1/components-workspaces-pane.test.js[39m[0m[2m:855:31)[22m[2m[22m
[2m      [2mat Object.testFn ([22m[2m[0m[36m../../var/folders/9t/jj9rnpps7_ddb72c1mq2k13w0000gn/T/c074bc092911af3a35c92415033685a1/components-workspaces-pane.test.js[39m[0m[2m:889:15)[22m[2m[22m

[1m[31m  [1m● [22m[1mComponents/Workspaces/Pane › Conversation Read Only › play-test[39m[22m

    page.evaluate: StorybookTestRunnerError: [34m
    Click to debug the error directly in Storybook:
    http://127.0.0.1:6016/?path=/story/components-workspaces-pane--conversation-read-only&addonPanel=storybook/interactions/panel

    [39mMessage:
     Unable to find an element with the text: AGENTS.md. This could be because the text is broken up by multiple elements. In this case, you can provide a function for your text matcher to make your matcher more flexible.

    Ignored nodes: comments, script, style
    <div
      id="storybook-root"
    >
      <div
        class="min-h-screen bg-background font-sans text-foreground antialiased"
      >
        <div
          class="flex h-svh min-h-0 bg-zinc-950"
        >
          <div
            class="flex h-full min-w-0 flex-1 flex-col p-4"
          >
            <p
              class="text-sm text-muted-foreground"
            >
              Conversation
            </p>
          </div>
          <aside
            class="flex-col pb-3 pt-[6.5px] max-md:pb-0 max-md:pr-0 relative flex h-full min-h-0 pl-0 pr-3 min-w-0 flex-1"
            data-workspace-surface=""
          >
            <button
              aria-label="Resize pane"
              class="absolute bottom-[20px] left-[0.5px] z-20 hidden w-3 -translate-x-1/2 cursor-col-resize border-0 bg-transparent p-0 lg:block top-[16…


    --------------------------------------------------

    Browser logs:

    [1m[34mlog[39m[22m: Request, {"url":"http://127.0.0.1:6016/.auth/api/config","method":"GET","headers":{"accept":"*/*"},"body":""}

    [1m[34mlog[39m[22m: Handler:, {"kind":"request","options":{},"info":{"header":"GET */.auth/api/config","path":"*/.auth/api/config","method":"GET","callFrame":"http://127.0.0.1:6016/assets/iframe-DRQfpQ-N.js:1124:4289"},"isUsed":true}

    [1m[34mlog[39m[22m: Response, {"status":200,"statusText":"OK","headers":{"content-length":"16","content-type":"application/json"},"body":"{\"providers\":[]}"}

    [1m[34mlog[39m[22m: Request, {"url":"http://127.0.0.1:6016/acme/api/v1/conversations/conv_1/files/tree","method":"GET","headers":{"accept":"*/*"},"body":""}

    [1m[34mlog[39m[22m: Handler:, {"kind":"request","options":{},"info":{"header":"GET [custom predicate]","method":"GET","callFrame":"http://127.0.0.1:6016/assets/iframe-DRQfpQ-N.js:1124:4289"},"isUsed":true}

    [1m[34mlog[39m[22m: Response, {"status":200,"statusText":"OK","headers":{"content-length":"75","content-type":"application/json"},"body":"{\"sha\":\"sandboxsha\",\"paths\":[\"AGENTS.md\"],\"branch\":\"ctxpipe/chat/conv_1/1\"}"}

    [1m[34mlog[39m[22m: Request, {"url":"http://127.0.0.1:6016/.auth/api/v1/auth/get-session","method":"GET","headers":{"accept":"*/*"},"body":""}

    [1m[34mlog[39m[22m: Handler:, {"kind":"request","options":{},"info":{"header":"GET */.auth/api/v1/auth/get-session","path":"*/.auth/api/v1/auth/get-session","method":"GET","callFrame":"http://127.0.0.1:6016/assets/iframe-DRQfpQ-N.js:1124:4289"},"isUsed":true}

    [1m[34mlog[39m[22m: Response, {"status":200,"statusText":"OK","headers":{"content-length":"260","content-type":"application/json"},"body":"{\"session\":{\"id\":\"storybook-session\",\"userId\":\"user_storybook\",\"expiresAt\":\"2026-09-08T11:53:16.490Z\"},\"user\":{\"id\":\"user_storybook\",\"email\":\"story@ctxpipe.local\",\"name\":\"Storybook User\",\"emailVerified\":true,\"onboardingCompletedAt\":\"2025-01-01T00:00:00.000Z\"}}"}

    [1m[34mlog[39m[22m: Request, {"url":"http://127.0.0.1:6016/.auth/api/v1/auth/organization/list","method":"GET","headers":{"accept":"*/*"},"body":""}

    [1m[34mlog[39m[22m: Handler:, {"kind":"request","options":{},"info":{"header":"GET */.auth/api/v1/auth/organization/list","path":"*/.auth/api/v1/auth/organization/list","method":"GET","callFrame":"http://127.0.0.1:6016/assets/iframe-DRQfpQ-N.js:1124:4289"},"isUsed":true}

    [1m[34mlog[39m[22m: Response, {"status":200,"statusText":"OK","headers":{"content-length":"61","content-type":"application/json"},"body":"[{\"id\":\"org_storybook\",\"name\":\"Storybook Org\",\"slug\":\"acme\"}]"}

    [1m[34mlog[39m[22m: Request, {"url":"http://127.0.0.1:6016/acme/api/v1/conversations/conv_1/files/status","method":"GET","headers":{"accept":"*/*"},"body":""}

    [1m[34mlog[39m[22m: Handler:, {"kind":"request","options":{},"info":{"header":"GET [custom predicate]","method":"GET","callFrame":"http://127.0.0.1:6016/assets/iframe-DRQfpQ-N.js:1124:4289"},"isUsed":true}

    [1m[34mlog[39m[22m: Response, {"status":200,"statusText":"OK","headers":{"content-length":"540","content-type":"application/json"},"body":"{\"source\":\"sandbox\",\"dirty\":true,\"differsFromDefault\":true,\"unpushed\":true,\"published\":false,\"ahead\":1,\"behind\":0,\"items\":[{\"path\":\"knowledge/billing/ledger.md\",\"status\":\"modified\",\"body\":\"# Billing ledger\\n\\nInvoicing rules for the org. The payments API depends on this ledger.\\n\\nSee [Payments API](../payments/api.md) and [invoices](invoices.md).\\nQueued sandbox edit.\\n\",\"additions\":2,\"deletions\":0},{\"path\":\"AGENTS.md\",\"status\":\"added\",\"additions\":3,\"deletions\":0},{\"path\":\"README.md\",\"status\":\"modified\",\"additions\":4,\"deletions\":1}]}"}

    [1m[34mlog[39m[22m: Request, {"url":"http://127.0.0.1:6016/acme/api/v1/conversations/conv_1/files/tree","method":"GET","headers":{"accept":"*/*"},"body":""}

    [1m[34mlog[39m[22m: Handler:, {"kind":"request","options":{},"info":{"header":"GET [custom predicate]","method":"GET","callFrame":"http://127.0.0.1:6016/assets/iframe-DRQfpQ-N.js:1124:4289"},"isUsed":true}

    [1m[34mlog[39m[22m: Response, {"status":200,"statusText":"OK","headers":{"content-length":"75","content-type":"application/json"},"body":"{\"sha\":\"sandboxsha\",\"paths\":[\"AGENTS.md\"],\"branch\":\"ctxpipe/chat/conv_1/1\"}"}

    [1m[34mlog[39m[22m: Request, {"url":"http://127.0.0.1:6016/acme/api/v1/conversations/conv_1/files/status","method":"GET","headers":{"accept":"*/*"},"body":""}

    [1m[34mlog[39m[22m: Handler:, {"kind":"request","options":{},"info":{"header":"GET [custom predicate]","method":"GET","callFrame":"http://127.0.0.1:6016/assets/iframe-DRQfpQ-N.js:1124:4289"},"isUsed":true}

    [1m[34mlog[39m[22m: Response, {"status":200,"statusText":"OK","headers":{"content-length":"540","content-type":"application/json"},"body":"{\"source\":\"sandbox\",\"dirty\":true,\"differsFromDefault\":true,\"unpushed\":true,\"published\":false,\"ahead\":1,\"behind\":0,\"items\":[{\"path\":\"knowledge/billing/ledger.md\",\"status\":\"modified\",\"body\":\"# Billing ledger\\n\\nInvoicing rules for the org. The payments API depends on this ledger.\\n\\nSee [Payments API](../payments/api.md) and [invoices](invoices.md).\\nQueued sandbox edit.\\n\",\"additions\":2,\"deletions\":0},{\"path\":\"AGENTS.md\",\"status\":\"added\",\"additions\":3,\"deletions\":0},{\"path\":\"README.md\",\"status\":\"modified\",\"additions\":4,\"deletions\":1}]}"}

    [1m[34mlog[39m[22m: Request, {"url":"http://127.0.0.1:6016/acme/api/v1/conversations/conv_1/files/tree","method":"GET","headers":{"accept":"*/*"},"body":""}

    [1m[34mlog[39m[22m: Handler:, {"kind":"request","options":{},"info":{"header":"GET [custom predicate]","method":"GET","callFrame":"http://127.0.0.1:6016/assets/iframe-DRQfpQ-N.js:1124:4289"},"isUsed":true}

    [1m[34mlog[39m[22m: Response, {"status":200,"statusText":"OK","headers":{"content-length":"75","content-type":"application/json"},"body":"{\"sha\":\"sandboxsha\",\"paths\":[\"AGENTS.md\"],\"branch\":\"ctxpipe/chat/conv_1/1\"}"}

    [1m[34mlog[39m[22m: Request, {"url":"http://127.0.0.1:6016/acme/api/v1/conversations/conv_1/files/status","method":"GET","headers":{"accept":"*/*"},"body":""}

    [1m[34mlog[39m[22m: Handler:, {"kind":"request","options":{},"info":{"header":"GET [custom predicate]","method":"GET","callFrame":"http://127.0.0.1:6016/assets/iframe-DRQfpQ-N.js:1124:4289"},"isUsed":true}

    [1m[34mlog[39m[22m: Response, {"status":200,"statusText":"OK","headers":{"content-length":"540","content-type":"application/json"},"body":"{\"source\":\"sandbox\",\"dirty\":true,\"differsFromDefault\":true,\"unpushed\":true,\"published\":false,\"ahead\":1,\"behind\":0,\"items\":[{\"path\":\"knowledge/billing/ledger.md\",\"status\":\"modified\",\"body\":\"# Billing ledger\\n\\nInvoicing rules for the org. The payments API depends on this ledger.\\n\\nSee [Payments API](../payments/api.md) and [invoices](invoices.md).\\nQueued sandbox edit.\\n\",\"additions\":2,\"deletions\":0},{\"path\":\"AGENTS.md\",\"status\":\"added\",\"additions\":3,\"deletions\":0},{\"path\":\"README.md\",\"status\":\"modified\",\"additions\":4,\"deletions\":1}]}"}

[2m      913 |         let result;[22m
[2m      914 |         try {[22m
[2m    > 915 |           result = await page.evaluate(({[22m
[2m          |                               ^[22m
[2m      916 |             id,[22m
[2m      917 |             hasPlayFn[22m
[2m      918 |           }) => __test(id, hasPlayFn), {[22m

[2m      [2mat evaluate ([22m[2m[0m[36m../../var/folders/9t/jj9rnpps7_ddb72c1mq2k13w0000gn/T/c074bc092911af3a35c92415033685a1/components-workspaces-pane.test.js[39m[0m[2m:915:31)[22m[2m[22m
[2m      [2mat Object.testFn ([22m[2m[0m[36m../../var/folders/9t/jj9rnpps7_ddb72c1mq2k13w0000gn/T/c074bc092911af3a35c92415033685a1/components-workspaces-pane.test.js[39m[0m[2m:949:15)[22m[2m[22m

[1m[31m  [1m● [22m[1mComponents/Workspaces/Pane › Cached Sandbox While 409 › play-test[39m[22m

    page.evaluate: StorybookTestRunnerError: [34m
    Click to debug the error directly in Storybook:
    http://127.0.0.1:6016/?path=/story/components-workspaces-pane--cached-sandbox-while-409&addonPanel=storybook/interactions/panel

    [39mMessage:
     Unable to find an element with the text: cached-note.md. This could be because the text is broken up by multiple elements. In this case, you can provide a function for your text matcher to make your matcher more flexible.

    Ignored nodes: comments, script, style
    <div
      id="storybook-root"
    >
      <div
        class="min-h-screen bg-background font-sans text-foreground antialiased"
      >
        <div
          class="flex h-svh min-h-0 bg-zinc-950"
        >
          <div
            class="flex h-full min-w-0 flex-1 flex-col p-4"
          >
            <p
              class="text-sm text-muted-foreground"
            >
              Conversation
            </p>
          </div>
          <aside
            class="flex-col pb-3 pt-[6.5px] max-md:pb-0 max-md:pr-0 relative flex h-full min-h-0 pl-0 pr-3 min-w-0 flex-1"
            data-workspace-surface=""
          >
            <button
              aria-label="Resize pane"
              class="absolute bottom-[20px] left-[0.5px] z-20 hidden w-3 -translate-x-1/2 cursor-col-resize border-0 bg-transparent p-0 lg:block to…


    --------------------------------------------------

    Browser logs:

    [1m[34mlog[39m[22m: Request, {"url":"http://127.0.0.1:6016/.auth/api/config","method":"GET","headers":{"accept":"*/*"},"body":""}

    [1m[34mlog[39m[22m: Handler:, {"kind":"request","options":{},"info":{"header":"GET */.auth/api/config","path":"*/.auth/api/config","method":"GET","callFrame":"http://127.0.0.1:6016/assets/iframe-DRQfpQ-N.js:1124:4289"},"isUsed":true}

    [1m[34mlog[39m[22m: Response, {"status":200,"statusText":"OK","headers":{"content-length":"16","content-type":"application/json"},"body":"{\"providers\":[]}"}

    [1m[34mlog[39m[22m: Request, {"url":"http://127.0.0.1:6016/.auth/api/v1/auth/get-session","method":"GET","headers":{"accept":"*/*"},"body":""}

    [1m[34mlog[39m[22m: Handler:, {"kind":"request","options":{},"info":{"header":"GET */.auth/api/v1/auth/get-session","path":"*/.auth/api/v1/auth/get-session","method":"GET","callFrame":"http://127.0.0.1:6016/assets/iframe-DRQfpQ-N.js:1124:4289"},"isUsed":true}

    [1m[34mlog[39m[22m: Response, {"status":200,"statusText":"OK","headers":{"content-length":"260","content-type":"application/json"},"body":"{\"session\":{\"id\":\"storybook-session\",\"userId\":\"user_storybook\",\"expiresAt\":\"2026-09-08T11:53:17.917Z\"},\"user\":{\"id\":\"user_storybook\",\"email\":\"story@ctxpipe.local\",\"name\":\"Storybook User\",\"emailVerified\":true,\"onboardingCompletedAt\":\"2025-01-01T00:00:00.000Z\"}}"}

    [1m[34mlog[39m[22m: Request, {"url":"http://127.0.0.1:6016/.auth/api/v1/auth/get-session","method":"GET","headers":{"accept":"*/*"},"body":""}

    [1m[34mlog[39m[22m: Handler:, {"kind":"request","options":{},"info":{"header":"GET */.auth/api/v1/auth/get-session","path":"*/.auth/api/v1/auth/get-session","method":"GET","callFrame":"http://127.0.0.1:6016/assets/iframe-DRQfpQ-N.js:1124:4289"},"isUsed":true}

    [1m[34mlog[39m[22m: Response, {"status":200,"statusText":"OK","headers":{"content-length":"260","content-type":"application/json"},"body":"{\"session\":{\"id\":\"storybook-session\",\"userId\":\"user_storybook\",\"expiresAt\":\"2026-09-08T11:53:17.919Z\"},\"user\":{\"id\":\"user_storybook\",\"email\":\"story@ctxpipe.local\",\"name\":\"Storybook User\",\"emailVerified\":true,\"onboardingCompletedAt\":\"2025-01-01T00:00:00.000Z\"}}"}

    [1m[34mlog[39m[22m: Request, {"url":"http://127.0.0.1:6016/.auth/api/v1/auth/organization/list","method":"GET","headers":{"accept":"*/*"},"body":""}

    [1m[34mlog[39m[22m: Handler:, {"kind":"request","options":{},"info":{"header":"GET */.auth/api/v1/auth/organization/list","path":"*/.auth/api/v1/auth/organization/list","method":"GET","callFrame":"http://127.0.0.1:6016/assets/iframe-DRQfpQ-N.js:1124:4289"},"isUsed":true}

    [1m[34mlog[39m[22m: Response, {"status":200,"statusText":"OK","headers":{"content-length":"61","content-type":"application/json"},"body":"[{\"id\":\"org_storybook\",\"name\":\"Storybook Org\",\"slug\":\"acme\"}]"}

    [1m[34mlog[39m[22m: Request, {"url":"http://127.0.0.1:6016/.auth/api/v1/auth/organization/list","method":"GET","headers":{"accept":"*/*"},"body":""}

    [1m[34mlog[39m[22m: Handler:, {"kind":"request","options":{},"info":{"header":"GET */.auth/api/v1/auth/organization/list","path":"*/.auth/api/v1/auth/organization/list","method":"GET","callFrame":"http://127.0.0.1:6016/assets/iframe-DRQfpQ-N.js:1124:4289"},"isUsed":true}

    [1m[34mlog[39m[22m: Response, {"status":200,"statusText":"OK","headers":{"content-length":"61","content-type":"application/json"},"body":"[{\"id\":\"org_storybook\",\"name\":\"Storybook Org\",\"slug\":\"acme\"}]"}

[2m      1093 |         let result;[22m
[2m      1094 |         try {[22m
[2m    > 1095 |           result = await page.evaluate(({[22m
[2m           |                               ^[22m
[2m      1096 |             id,[22m
[2m      1097 |             hasPlayFn[22m
[2m      1098 |           }) => __test(id, hasPlayFn), {[22m

[2m      [2mat evaluate ([22m[2m[0m[36m../../var/folders/9t/jj9rnpps7_ddb72c1mq2k13w0000gn/T/c074bc092911af3a35c92415033685a1/components-workspaces-pane.test.js[39m[0m[2m:1095:31)[22m[2m[22m
[2m      [2mat Object.testFn ([22m[2m[0m[36m../../var/folders/9t/jj9rnpps7_ddb72c1mq2k13w0000gn/T/c074bc092911af3a35c92415033685a1/components-workspaces-pane.test.js[39m[0m[2m:1135:17)[22m[2m[22m

[1m[31m  [1m● [22m[1mComponents/Workspaces/Pane › Conversation Sandbox Live Poll › play-test[39m[22m

    page.evaluate: StorybookTestRunnerError: [34m
    Click to debug the error directly in Storybook:
    http://127.0.0.1:6016/?path=/story/components-workspaces-pane--conversation-sandbox-live-poll&addonPanel=storybook/interactions/panel

    [39mMessage:
     Unable to find an element with the text: AGENTS.md. This could be because the text is broken up by multiple elements. In this case, you can provide a function for your text matcher to make your matcher more flexible.

    Ignored nodes: comments, script, style
    <div
      id="storybook-root"
    >
      <div
        class="min-h-screen bg-background font-sans text-foreground antialiased"
      >
        <div
          class="flex h-svh min-h-0 bg-zinc-950"
        >
          <div
            class="flex h-full min-w-0 flex-1 flex-col p-4"
          >
            <p
              class="text-sm text-muted-foreground"
            >
              Conversation
            </p>
          </div>
          <aside
            class="flex-col pb-3 pt-[6.5px] max-md:pb-0 max-md:pr-0 relative flex h-full min-h-0 pl-0 pr-3 min-w-0 flex-1"
            data-workspace-surface=""
          >
            <button
              aria-label="Resize pane"
              class="absolute bottom-[20px] left-[0.5px] z-20 hidden w-3 -translate-x-1/2 cursor-col-resize border-0 bg-transparent p-0 lg:block top-[16…


    --------------------------------------------------

    Browser logs:

    [1m[34mlog[39m[22m: Request, {"url":"http://127.0.0.1:6016/.auth/api/config","method":"GET","headers":{"accept":"*/*"},"body":""}

    [1m[34mlog[39m[22m: Handler:, {"kind":"request","options":{},"info":{"header":"GET */.auth/api/config","path":"*/.auth/api/config","method":"GET","callFrame":"http://127.0.0.1:6016/assets/iframe-DRQfpQ-N.js:1124:4289"},"isUsed":true}

    [1m[34mlog[39m[22m: Response, {"status":200,"statusText":"OK","headers":{"content-length":"16","content-type":"application/json"},"body":"{\"providers\":[]}"}

    [1m[34mlog[39m[22m: Request, {"url":"http://127.0.0.1:6016/acme/api/v1/conversations/conv_1/files/status","method":"GET","headers":{"accept":"*/*"},"body":""}

    [1m[34mlog[39m[22m: Handler:, {"kind":"request","options":{},"info":{"header":"GET [custom predicate]","method":"GET","callFrame":"http://127.0.0.1:6016/assets/iframe-DRQfpQ-N.js:1124:4289"},"isUsed":true}

    [1m[34mlog[39m[22m: Response, {"status":200,"statusText":"OK","headers":{"content-length":"540","content-type":"application/json"},"body":"{\"source\":\"sandbox\",\"dirty\":true,\"differsFromDefault\":true,\"unpushed\":true,\"published\":false,\"ahead\":1,\"behind\":0,\"items\":[{\"path\":\"knowledge/billing/ledger.md\",\"status\":\"modified\",\"body\":\"# Billing ledger\\n\\nInvoicing rules for the org. The payments API depends on this ledger.\\n\\nSee [Payments API](../payments/api.md) and [invoices](invoices.md).\\nQueued sandbox edit.\\n\",\"additions\":2,\"deletions\":0},{\"path\":\"AGENTS.md\",\"status\":\"added\",\"additions\":3,\"deletions\":0},{\"path\":\"README.md\",\"status\":\"modified\",\"additions\":4,\"deletions\":1}]}"}

    [1m[34mlog[39m[22m: Request, {"url":"http://127.0.0.1:6016/acme/api/v1/conversations/conv_1/files/tree","method":"GET","headers":{"accept":"*/*"},"body":""}

    [1m[34mlog[39m[22m: Handler:, {"kind":"request","options":{},"info":{"header":"GET [custom predicate]","method":"GET","callFrame":"http://127.0.0.1:6016/assets/iframe-DRQfpQ-N.js:1124:4289"},"isUsed":true}

    [1m[34mlog[39m[22m: Response, {"status":200,"statusText":"OK","headers":{"content-length":"74","content-type":"application/json"},"body":"{\"sha\":\"cachedsha\",\"paths\":[\"AGENTS.md\"],\"branch\":\"ctxpipe/chat/conv_1/1\"}"}

    [1m[34mlog[39m[22m: Request, {"url":"http://127.0.0.1:6016/.auth/api/v1/auth/get-session","method":"GET","headers":{"accept":"*/*"},"body":""}

    [1m[34mlog[39m[22m: Handler:, {"kind":"request","options":{},"info":{"header":"GET */.auth/api/v1/auth/get-session","path":"*/.auth/api/v1/auth/get-session","method":"GET","callFrame":"http://127.0.0.1:6016/assets/iframe-DRQfpQ-N.js:1124:4289"},"isUsed":true}

    [1m[34mlog[39m[22m: Response, {"status":200,"statusText":"OK","headers":{"content-length":"260","content-type":"application/json"},"body":"{\"session\":{\"id\":\"storybook-session\",\"userId\":\"user_storybook\",\"expiresAt\":\"2026-09-08T11:53:19.374Z\"},\"user\":{\"id\":\"user_storybook\",\"email\":\"story@ctxpipe.local\",\"name\":\"Storybook User\",\"emailVerified\":true,\"onboardingCompletedAt\":\"2025-01-01T00:00:00.000Z\"}}"}

    [1m[34mlog[39m[22m: Request, {"url":"http://127.0.0.1:6016/.auth/api/v1/auth/get-session","method":"GET","headers":{"accept":"*/*"},"body":""}

    [1m[34mlog[39m[22m: Handler:, {"kind":"request","options":{},"info":{"header":"GET */.auth/api/v1/auth/get-session","path":"*/.auth/api/v1/auth/get-session","method":"GET","callFrame":"http://127.0.0.1:6016/assets/iframe-DRQfpQ-N.js:1124:4289"},"isUsed":true}

    [1m[34mlog[39m[22m: Response, {"status":200,"statusText":"OK","headers":{"content-length":"260","content-type":"application/json"},"body":"{\"session\":{\"id\":\"storybook-session\",\"userId\":\"user_storybook\",\"expiresAt\":\"2026-09-08T11:53:19.375Z\"},\"user\":{\"id\":\"user_storybook\",\"email\":\"story@ctxpipe.local\",\"name\":\"Storybook User\",\"emailVerified\":true,\"onboardingCompletedAt\":\"2025-01-01T00:00:00.000Z\"}}"}

    [1m[34mlog[39m[22m: Request, {"url":"http://127.0.0.1:6016/.auth/api/v1/auth/organization/list","method":"GET","headers":{"accept":"*/*"},"body":""}

    [1m[34mlog[39m[22m: Handler:, {"kind":"request","options":{},"info":{"header":"GET */.auth/api/v1/auth/organization/list","path":"*/.auth/api/v1/auth/organization/list","method":"GET","callFrame":"http://127.0.0.1:6016/assets/iframe-DRQfpQ-N.js:1124:4289"},"isUsed":true}

    [1m[34mlog[39m[22m: Response, {"status":200,"statusText":"OK","headers":{"content-length":"61","content-type":"application/json"},"body":"[{\"id\":\"org_storybook\",\"name\":\"Storybook Org\",\"slug\":\"acme\"}]"}

    [1m[34mlog[39m[22m: Request, {"url":"http://127.0.0.1:6016/.auth/api/v1/auth/organization/list","method":"GET","headers":{"accept":"*/*"},"body":""}

    [1m[34mlog[39m[22m: Handler:, {"kind":"request","options":{},"info":{"header":"GET */.auth/api/v1/auth/organization/list","path":"*/.auth/api/v1/auth/organization/list","method":"GET","callFrame":"http://127.0.0.1:6016/assets/iframe-DRQfpQ-N.js:1124:4289"},"isUsed":true}

    [1m[34mlog[39m[22m: Response, {"status":200,"statusText":"OK","headers":{"content-length":"61","content-type":"application/json"},"body":"[{\"id\":\"org_storybook\",\"name\":\"Storybook Org\",\"slug\":\"acme\"}]"}

    [1m[34mlog[39m[22m: Request, {"url":"http://127.0.0.1:6016/acme/api/v1/conversations/conv_1/files/status","method":"GET","headers":{"accept":"*/*"},"body":""}

    [1m[34mlog[39m[22m: Handler:, {"kind":"request","options":{},"info":{"header":"GET [custom predicate]","method":"GET","callFrame":"http://127.0.0.1:6016/assets/iframe-DRQfpQ-N.js:1124:4289"},"isUsed":true}

    [1m[34mlog[39m[22m: Response, {"status":200,"statusText":"OK","headers":{"content-length":"540","content-type":"application/json"},"body":"{\"source\":\"sandbox\",\"dirty\":true,\"differsFromDefault\":true,\"unpushed\":true,\"published\":false,\"ahead\":1,\"behind\":0,\"items\":[{\"path\":\"knowledge/billing/ledger.md\",\"status\":\"modified\",\"body\":\"# Billing ledger\\n\\nInvoicing rules for the org. The payments API depends on this ledger.\\n\\nSee [Payments API](../payments/api.md) and [invoices](invoices.md).\\nQueued sandbox edit.\\n\",\"additions\":2,\"deletions\":0},{\"path\":\"AGENTS.md\",\"status\":\"added\",\"additions\":3,\"deletions\":0},{\"path\":\"README.md\",\"status\":\"modified\",\"additions\":4,\"deletions\":1}]}"}

    [1m[34mlog[39m[22m: Request, {"url":"http://127.0.0.1:6016/acme/api/v1/conversations/conv_1/files/tree","method":"GET","headers":{"accept":"*/*"},"body":""}

    [1m[34mlog[39m[22m: Handler:, {"kind":"request","options":{},"info":{"header":"GET [custom predicate]","method":"GET","callFrame":"http://127.0.0.1:6016/assets/iframe-DRQfpQ-N.js:1124:4289"},"isUsed":true}

    [1m[34mlog[39m[22m: Response, {"status":200,"statusText":"OK","headers":{"content-length":"81","content-type":"application/json"},"body":"{\"sha\":\"livesha\",\"paths\":[\"AGENTS.md\",\"e2e.md\"],\"branch\":\"ctxpipe/chat/conv_1/1\"}"}

    [1m[34mlog[39m[22m: Request, {"url":"http://127.0.0.1:6016/acme/api/v1/conversations/conv_1/files/status","method":"GET","headers":{"accept":"*/*"},"body":""}

    [1m[34mlog[39m[22m: Handler:, {"kind":"request","options":{},"info":{"header":"GET [custom predicate]","method":"GET","callFrame":"http://127.0.0.1:6016/assets/iframe-DRQfpQ-N.js:1124:4289"},"isUsed":true}

    [1m[34mlog[39m[22m: Response, {"status":200,"statusText":"OK","headers":{"content-length":"540","content-type":"application/json"},"body":"{\"source\":\"sandbox\",\"dirty\":true,\"differsFromDefault\":true,\"unpushed\":true,\"published\":false,\"ahead\":1,\"behind\":0,\"items\":[{\"path\":\"knowledge/billing/ledger.md\",\"status\":\"modified\",\"body\":\"# Billing ledger\\n\\nInvoicing rules for the org. The payments API depends on this ledger.\\n\\nSee [Payments API](../payments/api.md) and [invoices](invoices.md).\\nQueued sandbox edit.\\n\",\"additions\":2,\"deletions\":0},{\"path\":\"AGENTS.md\",\"status\":\"added\",\"additions\":3,\"deletions\":0},{\"path\":\"README.md\",\"status\":\"modified\",\"additions\":4,\"deletions\":1}]}"}

    [1m[34mlog[39m[22m: Request, {"url":"http://127.0.0.1:6016/acme/api/v1/conversations/conv_1/files/tree","method":"GET","headers":{"accept":"*/*"},"body":""}

    [1m[34mlog[39m[22m: Handler:, {"kind":"request","options":{},"info":{"header":"GET [custom predicate]","method":"GET","callFrame":"http://127.0.0.1:6016/assets/iframe-DRQfpQ-N.js:1124:4289"},"isUsed":true}

    [1m[34mlog[39m[22m: Response, {"status":200,"statusText":"OK","headers":{"content-length":"81","content-type":"application/json"},"body":"{\"sha\":\"livesha\",\"paths\":[\"AGENTS.md\",\"e2e.md\"],\"branch\":\"ctxpipe/chat/conv_1/1\"}"}

[2m      1153 |         let result;[22m
[2m      1154 |         try {[22m
[2m    > 1155 |           result = await page.evaluate(({[22m
[2m           |                               ^[22m
[2m      1156 |             id,[22m
[2m      1157 |             hasPlayFn[22m
[2m      1158 |           }) => __test(id, hasPlayFn), {[22m

[2m      [2mat evaluate ([22m[2m[0m[36m../../var/folders/9t/jj9rnpps7_ddb72c1mq2k13w0000gn/T/c074bc092911af3a35c92415033685a1/components-workspaces-pane.test.js[39m[0m[2m:1155:31)[22m[2m[22m
[2m      [2mat Object.testFn ([22m[2m[0m[36m../../var/folders/9t/jj9rnpps7_ddb72c1mq2k13w0000gn/T/c074bc092911af3a35c92415033685a1/components-workspaces-pane.test.js[39m[0m[2m:1195:17)[22m[2m[22m

[0m[7m[1m[31m FAIL [39m[22m[27m[0m [0m[7m[33m browser: chromium [39m[27m[0m [2m../../../../var/folders/9t/jj9rnpps7_ddb72c1mq2k13w0000gn/T/c074bc092911af3a35c92415033685a1/[22m[1mpages-workspaces.test.js[22m
  [1m● [22mConsole

    [2mconsole.log[22m
      An error occurred in the following story, most likely because of a navigation: "Pages/Workspaces/Conversation Keeps Explicit Pane Search". Retrying...
[2m[22m
[2m      [2mat Object.log ([22m[2m../../var/folders/9t/jj9rnpps7_ddb72c1mq2k13w0000gn/T/c074bc092911af3a35c92415033685a1/pages-workspaces.test.js[2m:652:19)[22m[2m[22m

    [2mconsole.log[22m
      An error occurred in the following story, most likely because of a navigation: "Pages/Workspaces/Conversation Missing". Retrying...
[2m[22m
[2m      [2mat Object.log ([22m[2m../../var/folders/9t/jj9rnpps7_ddb72c1mq2k13w0000gn/T/c074bc092911af3a35c92415033685a1/pages-workspaces.test.js[2m:712:19)[22m[2m[22m

[1m[31m  [1m● [22m[1mPages/Workspaces › Conversation Loading › play-test[39m[22m

    page.evaluate: StorybookTestRunnerError: [34m
    Click to debug the error directly in Storybook:
    http://127.0.0.1:6016/?path=/story/pages-workspaces--conversation-loading&addonPanel=storybook/interactions/panel

    [39mMessage:
     expect(element).not.toBeInTheDocument()

    expected document not to contain element, found <span
      class="sr-only"
    >
      Loading workspace
    </span> instead


    --------------------------------------------------

    Browser logs:

    [1m[34mlog[39m[22m: Request, {"url":"http://127.0.0.1:6016/.auth/api/v1/auth/organization/list","method":"GET","headers":{"accept":"*/*"},"body":""}

    [1m[34mlog[39m[22m: Handler:, {"kind":"request","options":{},"info":{"header":"GET */.auth/api/v1/auth/organization/list","path":"*/.auth/api/v1/auth/organization/list","method":"GET","callFrame":"http://127.0.0.1:6016/assets/iframe-DRQfpQ-N.js:1124:4289"},"isUsed":true}

    [1m[34mlog[39m[22m: Response, {"status":200,"statusText":"OK","headers":{"content-length":"61","content-type":"application/json"},"body":"[{\"id\":\"org_storybook\",\"name\":\"Storybook Org\",\"slug\":\"acme\"}]"}

    [1m[34mlog[39m[22m: Request, {"url":"http://127.0.0.1:6016/acme/api/v1/conversations/conv_1?workspaceId=ws_docs","method":"GET","headers":{"accept":"*/*"},"body":""}

    [1m[34mlog[39m[22m: Handler:, {"kind":"request","options":{},"info":{"header":"GET [custom predicate]","method":"GET","callFrame":"http://127.0.0.1:6016/assets/iframe-DRQfpQ-N.js:1124:4289"},"isUsed":true}

    [1m[34mlog[39m[22m: Response, {"status":200,"statusText":"OK","headers":{"content-length":"824","content-type":"application/json"},"body":"{\"conversation\":{\"id\":\"conv_1\",\"name\":\"Repo layout\",\"source\":\"ui\",\"lastMessageAt\":\"2026-08-16T10:00:00.000Z\",\"orgId\":\"org_acme\",\"userId\":\"user_storybook\",\"workspaceId\":\"ws_docs\",\"lastBranch\":\"ctxpipe/chat/conv_1/1\",\"lastChatPrNumber\":41,\"lastChatPrUrl\":\"https://github.com/acme/docs/pull/41\",\"prState\":\"open\",\"branchTreeUrl\":\"https://github.com/acme/docs/tree/ctxpipe/chat/conv_1/1\",\"createdAt\":\"2026-08-16T09:30:00.000Z\",\"updatedAt\":\"2026-08-16T10:00:00.000Z\"},\"messages\":[{\"id\":\"msg_user_1\",\"role\":\"user\",\"parts\":[{\"type\":\"text\",\"content\":\"How is billing structured?\"}],\"createdAt\":\"2026-08-16T09:30:00.000Z\"},{\"id\":\"msg_assistant_1\",\"role\":\"assistant\",\"parts\":[{\"type\":\"text\",\"content\":\"Billing lives in knowledge/billing/ledger.md. Invoices follow the org rules in that file.\"}],\"createdAt\":\"2026-08-16T09:30:12.000Z\"}]}"}

[2m      493 |         let result;[22m
[2m      494 |         try {[22m
[2m    > 495 |           result = await page.evaluate(({[22m
[2m          |                               ^[22m
[2m      496 |             id,[22m
[2m      497 |             hasPlayFn[22m
[2m      498 |           }) => __test(id, hasPlayFn), {[22m

[2m      [2mat evaluate ([22m[2m[0m[36m../../var/folders/9t/jj9rnpps7_ddb72c1mq2k13w0000gn/T/c074bc092911af3a35c92415033685a1/pages-workspaces.test.js[39m[0m[2m:495:31)[22m[2m[22m
[2m      [2mat Object.testFn ([22m[2m[0m[36m../../var/folders/9t/jj9rnpps7_ddb72c1mq2k13w0000gn/T/c074bc092911af3a35c92415033685a1/pages-workspaces.test.js[39m[0m[2m:529:15)[22m[2m[22m

[1m[31m  [1m● [22m[1mPages/Workspaces › Conversation Keeps Explicit Pane Search › play-test[39m[22m

    page.evaluate: StorybookTestRunnerError: [34m
    Click to debug the error directly in Storybook:
    http://127.0.0.1:6016/?path=/story/pages-workspaces--conversation-keeps-explicit-pane-search&addonPanel=storybook/interactions/panel

    [39mMessage:
     Unable to find an element with the text: Ask about this Workspace.. This could be because the text is broken up by multiple elements. In this case, you can provide a function for your text matcher to make your matcher more flexible.

    Ignored nodes: comments, script, style
    <div
      id="storybook-root"
    >
      <div
        class="min-h-screen bg-background font-sans text-foreground antialiased"
      >
        <div
          class=" relative flex min-h-screen min-w-0 bg-zinc-950 text-zinc-100"
        >
          <div
            aria-hidden="true"
            class="pointer-events-none fixed inset-0 z-0 opacity-50"
            style="background-image: radial-gradient(circle at 20% -10%, rgba(64, 224, 208, 0.14), transparent 45%), radial-gradient(circle at 90% 110%, rgba(59, 130, 246, 0.12), transparent 40%), linear-gradient(rgba(255, 255, 255, 0.008) 1px, transparent 1px), linear-gradient(90deg, rgba(255, 255, 255, 0.008) 1px, transparent 1px); background-size: auto, auto, 24px 24px, 24px 24px; background-position: center cente…


    --------------------------------------------------

    Browser logs:

    [1m[34mlog[39m[22m: Request, {"url":"http://127.0.0.1:6016/.auth/api/config","method":"GET","headers":{"accept":"*/*"},"body":""}

    [1m[34mlog[39m[22m: Handler:, {"kind":"request","options":{},"info":{"header":"GET */.auth/api/config","path":"*/.auth/api/config","method":"GET","callFrame":"http://127.0.0.1:6016/assets/iframe-DRQfpQ-N.js:1124:4289"},"isUsed":true}

    [1m[34mlog[39m[22m: Response, {"status":200,"statusText":"OK","headers":{"content-length":"16","content-type":"application/json"},"body":"{\"providers\":[]}"}

    [1m[34mlog[39m[22m: Request, {"url":"http://127.0.0.1:6016/acme/api/v1/workspaces","method":"GET","headers":{"accept":"*/*"},"body":""}

    [1m[34mlog[39m[22m: Handler:, {"kind":"request","options":{},"info":{"header":"GET [custom predicate]","method":"GET","callFrame":"http://127.0.0.1:6016/assets/iframe-DRQfpQ-N.js:1124:4289"},"isUsed":true}

    [1m[34mlog[39m[22m: Response, {"status":200,"statusText":"OK","headers":{"content-length":"1231","content-type":"application/json"},"body":"{\"items\":[{\"id\":\"ws_docs\",\"orgId\":\"org_acme\",\"slug\":\"docs\",\"displayName\":\"Docs\",\"workspaceRepositoryUrl\":\"https://github.com/acme/docs\",\"githubConnectionId\":\"con_1\",\"desiredGeneration\":1,\"desiredSha\":\"abc123def456\",\"activeProjectionUrl\":\"https://github.com/acme/docs\",\"activeProjectionSha\":\"abc123def456\",\"indexedSha\":\"abc123def456\",\"writeStatus\":\"writable\",\"hydrateStatus\":\"ready\",\"hydrateError\":null,\"readOnlyReason\":null,\"mostRecentConversationId\":\"conv_1\",\"migrationExportSha\":\"abc123def456\",\"createdAt\":\"2026-08-16T09:00:00.000Z\",\"updatedAt\":\"2026-08-16T10:00:00.000Z\"},{\"id\":\"ws_readonly\",\"orgId\":\"org_acme\",\"slug\":\"handbook\",\"displayName\":\"Handbook\",\"workspaceRepositoryUrl\":\"https://github.com/acme/docs\",\"githubConnectionId\":\"con_1\",\"desiredGeneration\":1,\"desiredSha\":\"abc123def456\",\"activeProjectionUrl\":\"https://github.com/acme/docs\",\"activeProjectionSha\":\"abc123def456\",\"indexedSha\":\"abc123def456\",\"writeStatus\":\"read_only\",\"hydrateStatus\":\"ready\",\"hydrateError\":null,\"readOnlyReason\":\"The GitHub App cannot write to this repository.\",\"mostRecentConversationId\":\"conv_1\",\"migrationExportSha\":\"abc123def456\",\"createdAt\":\"2026-08-16T09:00:00.000Z\",\"updatedAt\":\"2026-08-16T10:00:00.000Z\"}],\"lastUsedWorkspaceId\":\"ws_docs\"}"}

    [1m[34mlog[39m[22m: Request, {"url":"http://127.0.0.1:6016/acme/api/v1/workspaces/docs","method":"GET","headers":{"accept":"*/*"},"body":""}

    [1m[34mlog[39m[22m: Handler:, {"kind":"request","options":{},"info":{"header":"GET [custom predicate]","method":"GET","callFrame":"http://127.0.0.1:6016/assets/iframe-DRQfpQ-N.js:1124:4289"},"isUsed":true}

    [1m[34mlog[39m[22m: Response, {"status":200,"statusText":"OK","headers":{"content-length":"762","content-type":"application/json"},"body":"{\"id\":\"ws_docs\",\"orgId\":\"org_acme\",\"slug\":\"docs\",\"displayName\":\"Docs\",\"workspaceRepositoryUrl\":\"https://github.com/acme/docs\",\"githubConnectionId\":\"con_1\",\"desiredGeneration\":1,\"desiredSha\":\"abc123def456\",\"activeProjectionUrl\":\"https://github.com/acme/docs\",\"activeProjectionSha\":\"abc123def456\",\"indexedSha\":\"abc123def456\",\"writeStatus\":\"writable\",\"hydrateStatus\":\"ready\",\"hydrateError\":null,\"readOnlyReason\":null,\"mostRecentConversationId\":\"conv_1\",\"migrationExportSha\":\"abc123def456\",\"createdAt\":\"2026-08-16T09:00:00.000Z\",\"updatedAt\":\"2026-08-16T10:00:00.000Z\",\"linkedRepositories\":[{\"id\":\"wlr_1\",\"workspaceId\":\"ws_docs\",\"gitUrl\":\"https://github.com/acme/app\",\"desiredRef\":\"main\",\"desiredSha\":\"def\",\"indexedSha\":\"def\",\"createdAt\":\"2026-08-16T09:00:00.000Z\"}]}"}

    [1m[34mlog[39m[22m: Request, {"url":"http://127.0.0.1:6016/.auth/api/v1/auth/get-session","method":"GET","headers":{"accept":"*/*"},"body":""}

    [1m[34mlog[39m[22m: Handler:, {"kind":"request","options":{},"info":{"header":"GET */.auth/api/v1/auth/get-session","path":"*/.auth/api/v1/auth/get-session","method":"GET","callFrame":"http://127.0.0.1:6016/assets/iframe-DRQfpQ-N.js:1124:4289"},"isUsed":true}

    [1m[34mlog[39m[22m: Response, {"status":200,"statusText":"OK","headers":{"content-length":"260","content-type":"application/json"},"body":"{\"session\":{\"id\":\"storybook-session\",\"userId\":\"user_storybook\",\"expiresAt\":\"2026-09-08T11:53:22.116Z\"},\"user\":{\"id\":\"user_storybook\",\"email\":\"story@ctxpipe.local\",\"name\":\"Storybook User\",\"emailVerified\":true,\"onboardingCompletedAt\":\"2025-01-01T00:00:00.000Z\"}}"}

    [1m[34mlog[39m[22m: Request, {"url":"http://127.0.0.1:6016/.auth/api/v1/auth/get-session","method":"GET","headers":{"accept":"*/*"},"body":""}

    [1m[34mlog[39m[22m: Handler:, {"kind":"request","options":{},"info":{"header":"GET */.auth/api/v1/auth/get-session","path":"*/.auth/api/v1/auth/get-session","method":"GET","callFrame":"http://127.0.0.1:6016/assets/iframe-DRQfpQ-N.js:1124:4289"},"isUsed":true}

    [1m[34mlog[39m[22m: Response, {"status":200,"statusText":"OK","headers":{"content-length":"260","content-type":"application/json"},"body":"{\"session\":{\"id\":\"storybook-session\",\"userId\":\"user_storybook\",\"expiresAt\":\"2026-09-08T11:53:22.118Z\"},\"user\":{\"id\":\"user_storybook\",\"email\":\"story@ctxpipe.local\",\"name\":\"Storybook User\",\"emailVerified\":true,\"onboardingCompletedAt\":\"2025-01-01T00:00:00.000Z\"}}"}

    [1m[34mlog[39m[22m: Request, {"url":"http://127.0.0.1:6016/.auth/api/v1/auth/organization/list","method":"GET","headers":{"accept":"*/*"},"body":""}

    [1m[34mlog[39m[22m: Handler:, {"kind":"request","options":{},"info":{"header":"GET */.auth/api/v1/auth/organization/list","path":"*/.auth/api/v1/auth/organization/list","method":"GET","callFrame":"http://127.0.0.1:6016/assets/iframe-DRQfpQ-N.js:1124:4289"},"isUsed":true}

    [1m[34mlog[39m[22m: Response, {"status":200,"statusText":"OK","headers":{"content-length":"61","content-type":"application/json"},"body":"[{\"id\":\"org_storybook\",\"name\":\"Storybook Org\",\"slug\":\"acme\"}]"}

    [1m[34mlog[39m[22m: Request, {"url":"http://127.0.0.1:6016/.auth/api/v1/auth/organization/list","method":"GET","headers":{"accept":"*/*"},"body":""}

    [1m[34mlog[39m[22m: Handler:, {"kind":"request","options":{},"info":{"header":"GET */.auth/api/v1/auth/organization/list","path":"*/.auth/api/v1/auth/organization/list","method":"GET","callFrame":"http://127.0.0.1:6016/assets/iframe-DRQfpQ-N.js:1124:4289"},"isUsed":true}

    [1m[34mlog[39m[22m: Response, {"status":200,"statusText":"OK","headers":{"content-length":"61","content-type":"application/json"},"body":"[{\"id\":\"org_storybook\",\"name\":\"Storybook Org\",\"slug\":\"acme\"}]"}

    [1m[34mlog[39m[22m: Request, {"url":"http://127.0.0.1:6016/acme/api/v1/workspaces/docs/files/tree","method":"GET","headers":{"accept":"*/*"},"body":""}

    [1m[34mlog[39m[22m: Handler:, {"kind":"request","options":{},"info":{"header":"GET [custom predicate]","method":"GET","callFrame":"http://127.0.0.1:6016/assets/iframe-DRQfpQ-N.js:1124:4289"},"isUsed":true}

    [1m[34mlog[39m[22m: Response, {"status":200,"statusText":"OK","headers":{"content-length":"910","content-type":"application/json"},"body":"{\"sha\":\"abc123def456\",\"paths\":[\"AGENTS.md\",\"README.md\",\"apps/ui/package.json\",\"apps/ui/src/main.tsx\",\"confluence/ENG/on-call/index.md\",\"confluence/ENG/on-call/pager-rotation--111.md\",\"confluence/ENG/on-call/severity-levels--112.md\",\"confluence/HANDBOOK/welcome--200.md\",\"knowledge/auth/idp.md\",\"knowledge/auth/login.md\",\"knowledge/auth/session.md\",\"knowledge/billing/invoices.md\",\"knowledge/billing/ledger.md\",\"knowledge/billing/tax.md\",\"knowledge/ops/on-call.md\",\"knowledge/org/handbook.md\",\"knowledge/payments/api.md\",\"knowledge/payments/refunds.md\",\"knowledge/payments/webhooks.md\",\"notion/databases/launch-checklist--db-1/index.md\",\"notion/databases/launch-checklist--db-1/rows/cutover-runbook--row-1/index.md\",\"notion/databases/launch-checklist--db-1/rows/prepare-release--row-2/index.md\",\"notion/pages/engineering-wiki--page-1/auth-rfc--page-2/index.md\",\"notion/pages/engineering-wiki--page-1/index.md\"]}"}

    [1m[34mlog[39m[22m: Request, {"url":"http://127.0.0.1:6016/acme/api/v1/conversations?source=ui&workspaceId=ws_docs&first=5","method":"GET","headers":{"accept":"*/*"},"body":""}

    [1m[34mlog[39m[22m: Handler:, {"kind":"request","options":{},"info":{"header":"GET [custom predicate]","method":"GET","callFrame":"http://127.0.0.1:6016/assets/iframe-DRQfpQ-N.js:1124:4289"},"isUsed":true}

    [1m[34mlog[39m[22m: Response, {"status":200,"statusText":"OK","headers":{"content-length":"292","content-type":"application/json"},"body":"{\"items\":[{\"id\":\"conv_1\",\"name\":\"Repo layout\",\"source\":\"ui\",\"lastMessageAt\":\"2026-08-16T10:00:00.000Z\"},{\"id\":\"conv_2\",\"name\":\"Auth claims\",\"source\":\"ui\",\"lastMessageAt\":\"2026-08-16T09:12:00.000Z\"}],\"pageInfo\":{\"hasNextPage\":false,\"hasPreviousPage\":false,\"startCursor\":null,\"endCursor\":null}}"}

    [1m[34mlog[39m[22m: Request, {"url":"http://127.0.0.1:6016/acme/api/v1/workspaces/docs/files/status","method":"GET","headers":{"accept":"*/*"},"body":""}

    [1m[34mlog[39m[22m: Handler:, {"kind":"request","options":{},"info":{"header":"GET [custom predicate]","method":"GET","callFrame":"http://127.0.0.1:6016/assets/iframe-DRQfpQ-N.js:1124:4289"},"isUsed":true}

    [1m[34mlog[39m[22m: Response, {"status":200,"statusText":"OK","headers":{"content-length":"467","content-type":"application/json"},"body":"{\"sha\":\"abc123def456\",\"source\":\"sandbox\",\"items\":[{\"path\":\"knowledge/billing/ledger.md\",\"status\":\"modified\",\"body\":\"# Billing ledger\\n\\nInvoicing rules for the org. The payments API depends on this ledger.\\n\\nSee [Payments API](../payments/api.md) and [invoices](invoices.md).\\nQueued sandbox edit.\\n\",\"additions\":2,\"deletions\":0},{\"path\":\"AGENTS.md\",\"status\":\"added\",\"additions\":3,\"deletions\":0},{\"path\":\"README.md\",\"status\":\"modified\",\"additions\":4,\"deletions\":1}]}"}

    [1m[34mlog[39m[22m: Request, {"url":"http://127.0.0.1:6016/acme/api/v1/conversations/conv_agqhxnz76zz6lcafznt2gkpvbu/prepare","method":"POST","headers":{"accept":"*/*","content-type":"application/json"},"body":"{\"workspaceId\":\"ws_docs\"}"}

    [1m[34mlog[39m[22m: Handler:, {"kind":"request","options":{},"info":{"header":"POST [custom predicate]","method":"POST","callFrame":"http://127.0.0.1:6016/assets/iframe-DRQfpQ-N.js:1124:4289"},"isUsed":true}

    [1m[34mlog[39m[22m: Response, {"status":204,"statusText":"No Content","headers":{},"body":""}

    [1m[34mlog[39m[22m: Request, {"url":"http://127.0.0.1:6016/acme/api/v1/workspaces/docs/touch","method":"POST","headers":{"accept":"*/*"},"body":""}

    [1m[34mlog[39m[22m: Handler:, {"kind":"request","options":{},"info":{"header":"POST [custom predicate]","method":"POST","callFrame":"http://127.0.0.1:6016/assets/iframe-DRQfpQ-N.js:1124:4289"},"isUsed":true}

    [1m[34mlog[39m[22m: Response, {"status":204,"statusText":"No Content","headers":{},"body":""}

    [1m[34mlog[39m[22m: Request, {"url":"http://127.0.0.1:6016/acme/api/v1/workspaces","method":"GET","headers":{"accept":"*/*"},"body":""}

    [1m[34mlog[39m[22m: Handler:, {"kind":"request","options":{},"info":{"header":"GET [custom predicate]","method":"GET","callFrame":"http://127.0.0.1:6016/assets/iframe-DRQfpQ-N.js:1124:4289"},"isUsed":true}

    [1m[34mlog[39m[22m: Response, {"status":200,"statusText":"OK","headers":{"content-length":"1231","content-type":"application/json"},"body":"{\"items\":[{\"id\":\"ws_docs\",\"orgId\":\"org_acme\",\"slug\":\"docs\",\"displayName\":\"Docs\",\"workspaceRepositoryUrl\":\"https://github.com/acme/docs\",\"githubConnectionId\":\"con_1\",\"desiredGeneration\":1,\"desiredSha\":\"abc123def456\",\"activeProjectionUrl\":\"https://github.com/acme/docs\",\"activeProjectionSha\":\"abc123def456\",\"indexedSha\":\"abc123def456\",\"writeStatus\":\"writable\",\"hydrateStatus\":\"ready\",\"hydrateError\":null,\"readOnlyReason\":null,\"mostRecentConversationId\":\"conv_1\",\"migrationExportSha\":\"abc123def456\",\"createdAt\":\"2026-08-16T09:00:00.000Z\",\"updatedAt\":\"2026-08-16T10:00:00.000Z\"},{\"id\":\"ws_readonly\",\"orgId\":\"org_acme\",\"slug\":\"handbook\",\"displayName\":\"Handbook\",\"workspaceRepositoryUrl\":\"https://github.com/acme/docs\",\"githubConnectionId\":\"con_1\",\"desiredGeneration\":1,\"desiredSha\":\"abc123def456\",\"activeProjectionUrl\":\"https://github.com/acme/docs\",\"activeProjectionSha\":\"abc123def456\",\"indexedSha\":\"abc123def456\",\"writeStatus\":\"read_only\",\"hydrateStatus\":\"ready\",\"hydrateError\":null,\"readOnlyReason\":\"The GitHub App cannot write to this repository.\",\"mostRecentConversationId\":\"conv_1\",\"migrationExportSha\":\"abc123def456\",\"createdAt\":\"2026-08-16T09:00:00.000Z\",\"updatedAt\":\"2026-08-16T10:00:00.000Z\"}],\"lastUsedWorkspaceId\":\"ws_docs\"}"}

[2m      613 |         let result;[22m
[2m      614 |         try {[22m
[2m    > 615 |           result = await page.evaluate(({[22m
[2m          |                               ^[22m
[2m      616 |             id,[22m
[2m      617 |             hasPlayFn[22m
[2m      618 |           }) => __test(id, hasPlayFn), {[22m

[2m      [2mat evaluate ([22m[2m[0m[36m../../var/folders/9t/jj9rnpps7_ddb72c1mq2k13w0000gn/T/c074bc092911af3a35c92415033685a1/pages-workspaces.test.js[39m[0m[2m:615:31)[22m[2m[22m
[2m      [2mat Object.testFn ([22m[2m[0m[36m../../var/folders/9t/jj9rnpps7_ddb72c1mq2k13w0000gn/T/c074bc092911af3a35c92415033685a1/pages-workspaces.test.js[39m[0m[2m:655:17)[22m[2m[22m

[0m[7m[1m[32m PASS [39m[22m[27m[0m [0m[7m[33m browser: chromium [39m[27m[0m [2m../../../../var/folders/9t/jj9rnpps7_ddb72c1mq2k13w0000gn/T/c074bc092911af3a35c92415033685a1/[22m[1mcomponents-connections-atlassian-setupwizard.test.js[22m
[0m[7m[1m[32m PASS [39m[22m[27m[0m [0m[7m[33m browser: chromium [39m[27m[0m [2m../../../../var/folders/9t/jj9rnpps7_ddb72c1mq2k13w0000gn/T/c074bc092911af3a35c92415033685a1/[22m[1mcomponents-chat-conversationthread.test.js[22m
[0m[7m[1m[32m PASS [39m[22m[27m[0m [0m[7m[33m browser: chromium [39m[27m[0m [2m../../../../var/folders/9t/jj9rnpps7_ddb72c1mq2k13w0000gn/T/c074bc092911af3a35c92415033685a1/[22m[1mcomponents-connections-linear-setupwizard.test.js[22m
--------------------------
Components/Workspaces/SettingsPane > Add Repositories[34m
Click to debug the error directly in Storybook:
http://127.0.0.1:6016/?path=/story/components-workspaces-settingspane--add-repositories&addonPanel=storybook/a11y/panel

[39mMessage:
 [33mFound 1 a11y violations, run the test with 'a11y: { test: 'error' }' parameter to see the full report or debug it directly in Storybook.[39m


--------------------------------------------------

Browser logs:

[1m[34mlog[39m[22m: Request, {"url":"http://127.0.0.1:6016/.auth/api/config","method":"GET","headers":{"accept":"*/*"},"body":""}

[1m[34mlog[39m[22m: Handler:, {"kind":"request","options":{},"info":{"header":"GET */.auth/api/config","path":"*/.auth/api/config","method":"GET","callFrame":"http://127.0.0.1:6016/assets/iframe-DRQfpQ-N.js:1124:4289"},"isUsed":true}

[1m[34mlog[39m[22m: Response, {"status":200,"statusText":"OK","headers":{"content-length":"16","content-type":"application/json"},"body":"{\"providers\":[]}"}

[1m[34mlog[39m[22m: Request, {"url":"http://127.0.0.1:6016/.auth/api/v1/auth/get-session","method":"GET","headers":{"accept":"*/*"},"body":""}

[1m[34mlog[39m[22m: Handler:, {"kind":"request","options":{},"info":{"header":"GET */.auth/api/v1/auth/get-session","path":"*/.auth/api/v1/auth/get-session","method":"GET","callFrame":"http://127.0.0.1:6016/assets/iframe-DRQfpQ-N.js:1124:4289"},"isUsed":true}

[1m[34mlog[39m[22m: Response, {"status":200,"statusText":"OK","headers":{"content-length":"260","content-type":"application/json"},"body":"{\"session\":{\"id\":\"storybook-session\",\"userId\":\"user_storybook\",\"expiresAt\":\"2026-09-08T11:53:28.159Z\"},\"user\":{\"id\":\"user_storybook\",\"email\":\"story@ctxpipe.local\",\"name\":\"Storybook User\",\"emailVerified\":true,\"onboardingCompletedAt\":\"2025-01-01T00:00:00.000Z\"}}"}

[1m[34mlog[39m[22m: Request, {"url":"http://127.0.0.1:6016/acme/api/v1/github/installation/repositories?page=1&per_page=100","method":"GET","headers":{"accept":"*/*"},"body":""}

[1m[34mlog[39m[22m: Handler:, {"kind":"request","options":{},"info":{"header":"GET [custom predicate]","method":"GET","callFrame":"http://127.0.0.1:6016/assets/iframe-DRQfpQ-N.js:1124:4289"},"isUsed":true}

[1m[34mlog[39m[22m: Response, {"status":200,"statusText":"OK","headers":{"content-length":"445","content-type":"application/json"},"body":"{\"repositories\":[{\"id\":1,\"name\":\"handbook\",\"full_name\":\"acme/handbook\",\"html_url\":\"https://github.com/acme/handbook\",\"clone_url\":\"https://github.com/acme/handbook.git\"},{\"id\":2,\"name\":\"web\",\"full_name\":\"acme/web\",\"html_url\":\"https://github.com/acme/web\",\"clone_url\":\"https://github.com/acme/web.git\"}],\"repositorySelection\":\"selected\",\"manageUrl\":\"https://github.com/organizations/acme/settings/installations/123\",\"hasMore\":false,\"totalCount\":2}"}
[0m[7m[1m[32m PASS [39m[22m[27m[0m [0m[7m[33m browser: chromium [39m[27m[0m [2m../../../../var/folders/9t/jj9rnpps7_ddb72c1mq2k13w0000gn/T/c074bc092911af3a35c92415033685a1/[22m[1mcomponents-workspaces-settingspane.test.js[22m
[0m[7m[1m[32m PASS [39m[22m[27m[0m [0m[7m[33m browser: chromium [39m[27m[0m [2m../../../../var/folders/9t/jj9rnpps7_ddb72c1mq2k13w0000gn/T/c074bc092911af3a35c92415033685a1/[22m[1mcomponents-workspaces-chatchrome.test.js[22m
[0m[7m[1m[31m FAIL [39m[22m[27m[0m [0m[7m[33m browser: chromium [39m[27m[0m [2m../../../../var/folders/9t/jj9rnpps7_ddb72c1mq2k13w0000gn/T/c074bc092911af3a35c92415033685a1/[22m[1mcomponents-workspaces-chatsession.test.js[22m ([0m[1m[41m17.484 s[49m[22m[0m)
[1m[31m  [1m● [22m[1mComponents/Workspaces/ChatSession › Streaming › play-test[39m[22m

    page.evaluate: StorybookTestRunnerError: [34m
    Click to debug the error directly in Storybook:
    http://127.0.0.1:6016/?path=/story/components-workspaces-chatsession--streaming&addonPanel=storybook/interactions/panel

    [39mMessage:
     Unable to find an element with the text: /SSE fallback token/. This could be because the text is broken up by multiple elements. In this case, you can provide a function for your text matcher to make your matcher more flexible.

    Ignored nodes: comments, script, style
    <div
      id="storybook-root"
    >
      <div
        class="min-h-screen bg-background font-sans text-foreground antialiased"
      >
        <div
          class="flex h-[32rem] bg-zinc-950"
        >
          <div
            class="flex min-h-0 flex-col pb-3 pt-[6.5px] max-md:pb-0 max-md:pr-0 h-full min-w-0 flex-1 pl-0 pr-3"
            data-workspace-surface=""
          >
            <div
              class="flex min-h-0 flex-1 flex-col"
            >
              <div
                class="relative z-10 -mb-px flex items-end gap-0.5 max-md:pl-1 max-md:pr-2"
              >
                <div
                  class="mb-px flex shrink-0 self-end pb-0.5 md:hidden"
                >
                  <button
                    aria-label="Open navigation"
                    class="inline-flex size-8 shr…


    --------------------------------------------------

    Browser logs:

    [1m[34mlog[39m[22m: Request, {"url":"http://127.0.0.1:6016/.auth/api/config","method":"GET","headers":{"accept":"*/*"},"body":""}

    [1m[34mlog[39m[22m: Handler:, {"kind":"request","options":{},"info":{"header":"GET */.auth/api/config","path":"*/.auth/api/config","method":"GET","callFrame":"http://127.0.0.1:6016/assets/iframe-DRQfpQ-N.js:1124:4289"},"isUsed":true}

    [1m[34mlog[39m[22m: Response, {"status":200,"statusText":"OK","headers":{"content-length":"16","content-type":"application/json"},"body":"{\"providers\":[]}"}

    [1m[34mlog[39m[22m: Request, {"url":"http://127.0.0.1:6016/acme/api/v1/conversations/conv_1/prepare","method":"POST","headers":{"accept":"*/*","content-type":"application/json"},"body":"{\"workspaceId\":\"ws_docs\"}"}

    [1m[34mlog[39m[22m: Handler:, {"kind":"request","options":{},"info":{"header":"POST [custom predicate]","method":"POST","callFrame":"http://127.0.0.1:6016/assets/iframe-DRQfpQ-N.js:1124:4289"},"isUsed":true}

    [1m[34mlog[39m[22m: Response, {"status":204,"statusText":"No Content","headers":{},"body":""}

    [1m[34mlog[39m[22m: Request, {"url":"http://127.0.0.1:6016/.auth/api/v1/auth/get-session","method":"GET","headers":{"accept":"*/*"},"body":""}

    [1m[34mlog[39m[22m: Handler:, {"kind":"request","options":{},"info":{"header":"GET */.auth/api/v1/auth/get-session","path":"*/.auth/api/v1/auth/get-session","method":"GET","callFrame":"http://127.0.0.1:6016/assets/iframe-DRQfpQ-N.js:1124:4289"},"isUsed":true}

    [1m[34mlog[39m[22m: Response, {"status":200,"statusText":"OK","headers":{"content-length":"260","content-type":"application/json"},"body":"{\"session\":{\"id\":\"storybook-session\",\"userId\":\"user_storybook\",\"expiresAt\":\"2026-09-08T11:53:15.497Z\"},\"user\":{\"id\":\"user_storybook\",\"email\":\"story@ctxpipe.local\",\"name\":\"Storybook User\",\"emailVerified\":true,\"onboardingCompletedAt\":\"2025-01-01T00:00:00.000Z\"}}"}

    [1m[34mlog[39m[22m: Request, {"url":"http://127.0.0.1:6016/.auth/api/v1/auth/organization/list","method":"GET","headers":{"accept":"*/*"},"body":""}

    [1m[34mlog[39m[22m: Handler:, {"kind":"request","options":{},"info":{"header":"GET */.auth/api/v1/auth/organization/list","path":"*/.auth/api/v1/auth/organization/list","method":"GET","callFrame":"http://127.0.0.1:6016/assets/iframe-DRQfpQ-N.js:1124:4289"},"isUsed":true}

    [1m[34mlog[39m[22m: Response, {"status":200,"statusText":"OK","headers":{"content-length":"61","content-type":"application/json"},"body":"[{\"id\":\"org_storybook\",\"name\":\"Storybook Org\",\"slug\":\"acme\"}]"}

[2m      913 |         let result;[22m
[2m      914 |         try {[22m
[2m    > 915 |           result = await page.evaluate(({[22m
[2m          |                               ^[22m
[2m      916 |             id,[22m
[2m      917 |             hasPlayFn[22m
[2m      918 |           }) => __test(id, hasPlayFn), {[22m

[2m      [2mat evaluate ([22m[2m[0m[36m../../var/folders/9t/jj9rnpps7_ddb72c1mq2k13w0000gn/T/c074bc092911af3a35c92415033685a1/components-workspaces-chatsession.test.js[39m[0m[2m:915:31)[22m[2m[22m
[2m      [2mat Object.testFn ([22m[2m[0m[36m../../var/folders/9t/jj9rnpps7_ddb72c1mq2k13w0000gn/T/c074bc092911af3a35c92415033685a1/components-workspaces-chatsession.test.js[39m[0m[2m:949:15)[22m[2m[22m

[1m[31m  [1m● [22m[1mComponents/Workspaces/ChatSession › List Insert On Send › play-test[39m[22m

    page.evaluate: StorybookTestRunnerError: [34m
    Click to debug the error directly in Storybook:
    http://127.0.0.1:6016/?path=/story/components-workspaces-chatsession--list-insert-on-send&addonPanel=storybook/interactions/panel

    [39mMessage:
     Unable to find an element with the text: /Nav row should already exist/. This could be because the text is broken up by multiple elements. In this case, you can provide a function for your text matcher to make your matcher more flexible.

    Ignored nodes: comments, script, style
    <div
      id="storybook-root"
    >
      <div
        class="min-h-screen bg-background font-sans text-foreground antialiased"
      >
        <div
          class="flex h-[32rem] bg-zinc-950"
        >
          <div
            class="flex min-h-0 flex-col pb-3 pt-[6.5px] max-md:pb-0 max-md:pr-0 h-full min-w-0 flex-1 pl-0 pr-3"
            data-workspace-surface=""
          >
            <div
              class="flex min-h-0 flex-1 flex-col"
            >
              <div
                class="relative z-10 -mb-px flex items-end gap-0.5 max-md:pl-1 max-md:pr-2"
              >
                <div
                  class="mb-px flex shrink-0 self-end pb-0.5 md:hidden"
                >
                  <button
                    aria-label="Open navigation"
                    class="inline-flex …


    --------------------------------------------------

    Browser logs:

    [1m[34mlog[39m[22m: Request, {"url":"http://127.0.0.1:6016/.auth/api/config","method":"GET","headers":{"accept":"*/*"},"body":""}

    [1m[34mlog[39m[22m: Handler:, {"kind":"request","options":{},"info":{"header":"GET */.auth/api/config","path":"*/.auth/api/config","method":"GET","callFrame":"http://127.0.0.1:6016/assets/iframe-DRQfpQ-N.js:1124:4289"},"isUsed":true}

    [1m[34mlog[39m[22m: Response, {"status":200,"statusText":"OK","headers":{"content-length":"16","content-type":"application/json"},"body":"{\"providers\":[]}"}

    [1m[34mlog[39m[22m: Request, {"url":"http://127.0.0.1:6016/.auth/api/v1/auth/get-session","method":"GET","headers":{"accept":"*/*"},"body":""}

    [1m[34mlog[39m[22m: Handler:, {"kind":"request","options":{},"info":{"header":"GET */.auth/api/v1/auth/get-session","path":"*/.auth/api/v1/auth/get-session","method":"GET","callFrame":"http://127.0.0.1:6016/assets/iframe-DRQfpQ-N.js:1124:4289"},"isUsed":true}

    [1m[34mlog[39m[22m: Response, {"status":200,"statusText":"OK","headers":{"content-length":"260","content-type":"application/json"},"body":"{\"session\":{\"id\":\"storybook-session\",\"userId\":\"user_storybook\",\"expiresAt\":\"2026-09-08T11:53:25.622Z\"},\"user\":{\"id\":\"user_storybook\",\"email\":\"story@ctxpipe.local\",\"name\":\"Storybook User\",\"emailVerified\":true,\"onboardingCompletedAt\":\"2025-01-01T00:00:00.000Z\"}}"}

    [1m[34mlog[39m[22m: Request, {"url":"http://127.0.0.1:6016/acme/api/v1/conversations/conv_compose/prepare","method":"POST","headers":{"accept":"*/*","content-type":"application/json"},"body":"{\"workspaceId\":\"ws_docs\"}"}

    [1m[34mlog[39m[22m: Handler:, {"kind":"request","options":{},"info":{"header":"POST [custom predicate]","method":"POST","callFrame":"http://127.0.0.1:6016/assets/iframe-DRQfpQ-N.js:1124:4289"},"isUsed":true}

    [1m[34mlog[39m[22m: Response, {"status":204,"statusText":"No Content","headers":{},"body":""}

    [1m[34mlog[39m[22m: Request, {"url":"http://127.0.0.1:6016/.auth/api/v1/auth/organization/list","method":"GET","headers":{"accept":"*/*"},"body":""}

    [1m[34mlog[39m[22m: Handler:, {"kind":"request","options":{},"info":{"header":"GET */.auth/api/v1/auth/organization/list","path":"*/.auth/api/v1/auth/organization/list","method":"GET","callFrame":"http://127.0.0.1:6016/assets/iframe-DRQfpQ-N.js:1124:4289"},"isUsed":true}

    [1m[34mlog[39m[22m: Response, {"status":200,"statusText":"OK","headers":{"content-length":"61","content-type":"application/json"},"body":"[{\"id\":\"org_storybook\",\"name\":\"Storybook Org\",\"slug\":\"acme\"}]"}

[2m      1093 |         let result;[22m
[2m      1094 |         try {[22m
[2m    > 1095 |           result = await page.evaluate(({[22m
[2m           |                               ^[22m
[2m      1096 |             id,[22m
[2m      1097 |             hasPlayFn[22m
[2m      1098 |           }) => __test(id, hasPlayFn), {[22m

[2m      [2mat evaluate ([22m[2m[0m[36m../../var/folders/9t/jj9rnpps7_ddb72c1mq2k13w0000gn/T/c074bc092911af3a35c92415033685a1/components-workspaces-chatsession.test.js[39m[0m[2m:1095:31)[22m[2m[22m
[2m      [2mat Object.testFn ([22m[2m[0m[36m../../var/folders/9t/jj9rnpps7_ddb72c1mq2k13w0000gn/T/c074bc092911af3a35c92415033685a1/components-workspaces-chatsession.test.js[39m[0m[2m:1129:15)[22m[2m[22m

--------------------------
Components/Workspaces/FileTree > Nested[34m
Click to debug the error directly in Storybook:
http://127.0.0.1:6016/?path=/story/components-workspaces-filetree--nested&addonPanel=storybook/a11y/panel

[39mMessage:
 [33mFound 1 a11y violations, run the test with 'a11y: { test: 'error' }' parameter to see the full report or debug it directly in Storybook.[39m


--------------------------------------------------

Browser logs:

[1m[34mlog[39m[22m: Request, {"url":"http://127.0.0.1:6016/.auth/api/config","method":"GET","headers":{"accept":"*/*"},"body":""}

[1m[34mlog[39m[22m: Handler:, {"kind":"request","options":{},"info":{"header":"GET */.auth/api/config","path":"*/.auth/api/config","method":"GET","callFrame":"http://127.0.0.1:6016/assets/iframe-DRQfpQ-N.js:1124:4289"},"isUsed":true}

[1m[34mlog[39m[22m: Response, {"status":200,"statusText":"OK","headers":{"content-length":"16","content-type":"application/json"},"body":"{\"providers\":[]}"}

[1m[34mlog[39m[22m: Request, {"url":"http://127.0.0.1:6016/.auth/api/v1/auth/get-session","method":"GET","headers":{"accept":"*/*"},"body":""}

[1m[34mlog[39m[22m: Handler:, {"kind":"request","options":{},"info":{"header":"GET */.auth/api/v1/auth/get-session","path":"*/.auth/api/v1/auth/get-session","method":"GET","callFrame":"http://127.0.0.1:6016/assets/iframe-DRQfpQ-N.js:1124:4289"},"isUsed":true}

[1m[34mlog[39m[22m: Response, {"status":200,"statusText":"OK","headers":{"content-length":"260","content-type":"application/json"},"body":"{\"session\":{\"id\":\"storybook-session\",\"userId\":\"user_storybook\",\"expiresAt\":\"2026-09-08T11:53:30.689Z\"},\"user\":{\"id\":\"user_storybook\",\"email\":\"story@ctxpipe.local\",\"name\":\"Storybook User\",\"emailVerified\":true,\"onboardingCompletedAt\":\"2025-01-01T00:00:00.000Z\"}}"}

[1m[34mlog[39m[22m: Request, {"url":"http://127.0.0.1:6016/.auth/api/v1/auth/get-session","method":"GET","headers":{"accept":"*/*"},"body":""}

[1m[34mlog[39m[22m: Handler:, {"kind":"request","options":{},"info":{"header":"GET */.auth/api/v1/auth/get-session","path":"*/.auth/api/v1/auth/get-session","method":"GET","callFrame":"http://127.0.0.1:6016/assets/iframe-DRQfpQ-N.js:1124:4289"},"isUsed":true}

[1m[34mlog[39m[22m: Response, {"status":200,"statusText":"OK","headers":{"content-length":"260","content-type":"application/json"},"body":"{\"session\":{\"id\":\"storybook-session\",\"userId\":\"user_storybook\",\"expiresAt\":\"2026-09-08T11:53:30.691Z\"},\"user\":{\"id\":\"user_storybook\",\"email\":\"story@ctxpipe.local\",\"name\":\"Storybook User\",\"emailVerified\":true,\"onboardingCompletedAt\":\"2025-01-01T00:00:00.000Z\"}}"}

[1m[34mlog[39m[22m: Request, {"url":"http://127.0.0.1:6016/.auth/api/v1/auth/organization/list","method":"GET","headers":{"accept":"*/*"},"body":""}

[1m[34mlog[39m[22m: Handler:, {"kind":"request","options":{},"info":{"header":"GET */.auth/api/v1/auth/organization/list","path":"*/.auth/api/v1/auth/organization/list","method":"GET","callFrame":"http://127.0.0.1:6016/assets/iframe-DRQfpQ-N.js:1124:4289"},"isUsed":true}

[1m[34mlog[39m[22m: Response, {"status":200,"statusText":"OK","headers":{"content-length":"61","content-type":"application/json"},"body":"[{\"id\":\"org_storybook\",\"name\":\"Storybook Org\",\"slug\":\"acme\"}]"}

[1m[34mlog[39m[22m: Request, {"url":"http://127.0.0.1:6016/.auth/api/v1/auth/organization/list","method":"GET","headers":{"accept":"*/*"},"body":""}

[1m[34mlog[39m[22m: Handler:, {"kind":"request","options":{},"info":{"header":"GET */.auth/api/v1/auth/organization/list","path":"*/.auth/api/v1/auth/organization/list","method":"GET","callFrame":"http://127.0.0.1:6016/assets/iframe-DRQfpQ-N.js:1124:4289"},"isUsed":true}

[1m[34mlog[39m[22m: Response, {"status":200,"statusText":"OK","headers":{"content-length":"61","content-type":"application/json"},"body":"[{\"id\":\"org_storybook\",\"name\":\"Storybook Org\",\"slug\":\"acme\"}]"}
--------------------------
Components/Workspaces/FileTree > Search Open[34m
Click to debug the error directly in Storybook:
http://127.0.0.1:6016/?path=/story/components-workspaces-filetree--search-open&addonPanel=storybook/a11y/panel

[39mMessage:
 [33mFound 2 a11y violations, run the test with 'a11y: { test: 'error' }' parameter to see the full report or debug it directly in Storybook.[39m


--------------------------------------------------

Browser logs:

[1m[34mlog[39m[22m: Request, {"url":"http://127.0.0.1:6016/.auth/api/config","method":"GET","headers":{"accept":"*/*"},"body":""}

[1m[34mlog[39m[22m: Handler:, {"kind":"request","options":{},"info":{"header":"GET */.auth/api/config","path":"*/.auth/api/config","method":"GET","callFrame":"http://127.0.0.1:6016/assets/iframe-DRQfpQ-N.js:1124:4289"},"isUsed":true}

[1m[34mlog[39m[22m: Response, {"status":200,"statusText":"OK","headers":{"content-length":"16","content-type":"application/json"},"body":"{\"providers\":[]}"}

[1m[34mlog[39m[22m: Request, {"url":"http://127.0.0.1:6016/.auth/api/v1/auth/get-session","method":"GET","headers":{"accept":"*/*"},"body":""}

[1m[34mlog[39m[22m: Handler:, {"kind":"request","options":{},"info":{"header":"GET */.auth/api/v1/auth/get-session","path":"*/.auth/api/v1/auth/get-session","method":"GET","callFrame":"http://127.0.0.1:6016/assets/iframe-DRQfpQ-N.js:1124:4289"},"isUsed":true}

[1m[34mlog[39m[22m: Response, {"status":200,"statusText":"OK","headers":{"content-length":"260","content-type":"application/json"},"body":"{\"session\":{\"id\":\"storybook-session\",\"userId\":\"user_storybook\",\"expiresAt\":\"2026-09-08T11:53:30.834Z\"},\"user\":{\"id\":\"user_storybook\",\"email\":\"story@ctxpipe.local\",\"name\":\"Storybook User\",\"emailVerified\":true,\"onboardingCompletedAt\":\"2025-01-01T00:00:00.000Z\"}}"}
--------------------------
Components/Workspaces/FileTree > Long Names[34m
Click to debug the error directly in Storybook:
http://127.0.0.1:6016/?path=/story/components-workspaces-filetree--long-names&addonPanel=storybook/a11y/panel

[39mMessage:
 [33mFound 1 a11y violations, run the test with 'a11y: { test: 'error' }' parameter to see the full report or debug it directly in Storybook.[39m


--------------------------------------------------

Browser logs:

[1m[34mlog[39m[22m: Request, {"url":"http://127.0.0.1:6016/.auth/api/config","method":"GET","headers":{"accept":"*/*"},"body":""}

[1m[34mlog[39m[22m: Handler:, {"kind":"request","options":{},"info":{"header":"GET */.auth/api/config","path":"*/.auth/api/config","method":"GET","callFrame":"http://127.0.0.1:6016/assets/iframe-DRQfpQ-N.js:1124:4289"},"isUsed":true}

[1m[34mlog[39m[22m: Response, {"status":200,"statusText":"OK","headers":{"content-length":"16","content-type":"application/json"},"body":"{\"providers\":[]}"}

[1m[34mlog[39m[22m: Request, {"url":"http://127.0.0.1:6016/.auth/api/v1/auth/get-session","method":"GET","headers":{"accept":"*/*"},"body":""}

[1m[34mlog[39m[22m: Handler:, {"kind":"request","options":{},"info":{"header":"GET */.auth/api/v1/auth/get-session","path":"*/.auth/api/v1/auth/get-session","method":"GET","callFrame":"http://127.0.0.1:6016/assets/iframe-DRQfpQ-N.js:1124:4289"},"isUsed":true}

[1m[34mlog[39m[22m: Response, {"status":200,"statusText":"OK","headers":{"content-length":"260","content-type":"application/json"},"body":"{\"session\":{\"id\":\"storybook-session\",\"userId\":\"user_storybook\",\"expiresAt\":\"2026-09-08T11:53:30.903Z\"},\"user\":{\"id\":\"user_storybook\",\"email\":\"story@ctxpipe.local\",\"name\":\"Storybook User\",\"emailVerified\":true,\"onboardingCompletedAt\":\"2025-01-01T00:00:00.000Z\"}}"}
--------------------------
Components/Workspaces/FileTree > Empty Projection[34m
Click to debug the error directly in Storybook:
http://127.0.0.1:6016/?path=/story/components-workspaces-filetree--empty-projection&addonPanel=storybook/a11y/panel

[39mMessage:
 [33mFound 1 a11y violations, run the test with 'a11y: { test: 'error' }' parameter to see the full report or debug it directly in Storybook.[39m


--------------------------------------------------

Browser logs:

[1m[34mlog[39m[22m: Request, {"url":"http://127.0.0.1:6016/.auth/api/config","method":"GET","headers":{"accept":"*/*"},"body":""}

[1m[34mlog[39m[22m: Handler:, {"kind":"request","options":{},"info":{"header":"GET */.auth/api/config","path":"*/.auth/api/config","method":"GET","callFrame":"http://127.0.0.1:6016/assets/iframe-DRQfpQ-N.js:1124:4289"},"isUsed":true}

[1m[34mlog[39m[22m: Response, {"status":200,"statusText":"OK","headers":{"content-length":"16","content-type":"application/json"},"body":"{\"providers\":[]}"}

[1m[34mlog[39m[22m: Request, {"url":"http://127.0.0.1:6016/.auth/api/v1/auth/get-session","method":"GET","headers":{"accept":"*/*"},"body":""}

[1m[34mlog[39m[22m: Handler:, {"kind":"request","options":{},"info":{"header":"GET */.auth/api/v1/auth/get-session","path":"*/.auth/api/v1/auth/get-session","method":"GET","callFrame":"http://127.0.0.1:6016/assets/iframe-DRQfpQ-N.js:1124:4289"},"isUsed":true}

[1m[34mlog[39m[22m: Response, {"status":200,"statusText":"OK","headers":{"content-length":"260","content-type":"application/json"},"body":"{\"session\":{\"id\":\"storybook-session\",\"userId\":\"user_storybook\",\"expiresAt\":\"2026-09-08T11:53:30.948Z\"},\"user\":{\"id\":\"user_storybook\",\"email\":\"story@ctxpipe.local\",\"name\":\"Storybook User\",\"emailVerified\":true,\"onboardingCompletedAt\":\"2025-01-01T00:00:00.000Z\"}}"}
--------------------------
Components/Workspaces/FileTree > Selected File[34m
Click to debug the error directly in Storybook:
http://127.0.0.1:6016/?path=/story/components-workspaces-filetree--selected-file&addonPanel=storybook/a11y/panel

[39mMessage:
 [33mFound 1 a11y violations, run the test with 'a11y: { test: 'error' }' parameter to see the full report or debug it directly in Storybook.[39m


--------------------------------------------------

Browser logs:

[1m[34mlog[39m[22m: Request, {"url":"http://127.0.0.1:6016/.auth/api/config","method":"GET","headers":{"accept":"*/*"},"body":""}

[1m[34mlog[39m[22m: Handler:, {"kind":"request","options":{},"info":{"header":"GET */.auth/api/config","path":"*/.auth/api/config","method":"GET","callFrame":"http://127.0.0.1:6016/assets/iframe-DRQfpQ-N.js:1124:4289"},"isUsed":true}

[1m[34mlog[39m[22m: Response, {"status":200,"statusText":"OK","headers":{"content-length":"16","content-type":"application/json"},"body":"{\"providers\":[]}"}

[1m[34mlog[39m[22m: Request, {"url":"http://127.0.0.1:6016/.auth/api/v1/auth/get-session","method":"GET","headers":{"accept":"*/*"},"body":""}

[1m[34mlog[39m[22m: Handler:, {"kind":"request","options":{},"info":{"header":"GET */.auth/api/v1/auth/get-session","path":"*/.auth/api/v1/auth/get-session","method":"GET","callFrame":"http://127.0.0.1:6016/assets/iframe-DRQfpQ-N.js:1124:4289"},"isUsed":true}

[1m[34mlog[39m[22m: Response, {"status":200,"statusText":"OK","headers":{"content-length":"260","content-type":"application/json"},"body":"{\"session\":{\"id\":\"storybook-session\",\"userId\":\"user_storybook\",\"expiresAt\":\"2026-09-08T11:53:30.984Z\"},\"user\":{\"id\":\"user_storybook\",\"email\":\"story@ctxpipe.local\",\"name\":\"Storybook User\",\"emailVerified\":true,\"onboardingCompletedAt\":\"2025-01-01T00:00:00.000Z\"}}"}
--------------------------
Components/Workspaces/FileTree > Git Shaped[34m
Click to debug the error directly in Storybook:
http://127.0.0.1:6016/?path=/story/components-workspaces-filetree--git-shaped&addonPanel=storybook/a11y/panel

[39mMessage:
 [33mFound 1 a11y violations, run the test with 'a11y: { test: 'error' }' parameter to see the full report or debug it directly in Storybook.[39m


--------------------------------------------------

Browser logs:

[1m[34mlog[39m[22m: Request, {"url":"http://127.0.0.1:6016/.auth/api/config","method":"GET","headers":{"accept":"*/*"},"body":""}

[1m[34mlog[39m[22m: Handler:, {"kind":"request","options":{},"info":{"header":"GET */.auth/api/config","path":"*/.auth/api/config","method":"GET","callFrame":"http://127.0.0.1:6016/assets/iframe-DRQfpQ-N.js:1124:4289"},"isUsed":true}

[1m[34mlog[39m[22m: Response, {"status":200,"statusText":"OK","headers":{"content-length":"16","content-type":"application/json"},"body":"{\"providers\":[]}"}
--------------------------
Components/Workspaces/FileTree > Git Status[34m
Click to debug the error directly in Storybook:
http://127.0.0.1:6016/?path=/story/components-workspaces-filetree--git-status&addonPanel=storybook/a11y/panel

[39mMessage:
 [33mFound 1 a11y violations, run the test with 'a11y: { test: 'error' }' parameter to see the full report or debug it directly in Storybook.[39m


--------------------------------------------------

Browser logs:

[1m[34mlog[39m[22m: Request, {"url":"http://127.0.0.1:6016/.auth/api/config","method":"GET","headers":{"accept":"*/*"},"body":""}

[1m[34mlog[39m[22m: Handler:, {"kind":"request","options":{},"info":{"header":"GET */.auth/api/config","path":"*/.auth/api/config","method":"GET","callFrame":"http://127.0.0.1:6016/assets/iframe-DRQfpQ-N.js:1124:4289"},"isUsed":true}

[1m[34mlog[39m[22m: Response, {"status":200,"statusText":"OK","headers":{"content-length":"16","content-type":"application/json"},"body":"{\"providers\":[]}"}

[1m[34mlog[39m[22m: Request, {"url":"http://127.0.0.1:6016/.auth/api/v1/auth/get-session","method":"GET","headers":{"accept":"*/*"},"body":""}

[1m[34mlog[39m[22m: Handler:, {"kind":"request","options":{},"info":{"header":"GET */.auth/api/v1/auth/get-session","path":"*/.auth/api/v1/auth/get-session","method":"GET","callFrame":"http://127.0.0.1:6016/assets/iframe-DRQfpQ-N.js:1124:4289"},"isUsed":true}

[1m[34mlog[39m[22m: Response, {"status":200,"statusText":"OK","headers":{"content-length":"260","content-type":"application/json"},"body":"{\"session\":{\"id\":\"storybook-session\",\"userId\":\"user_storybook\",\"expiresAt\":\"2026-09-08T11:53:31.103Z\"},\"user\":{\"id\":\"user_storybook\",\"email\":\"story@ctxpipe.local\",\"name\":\"Storybook User\",\"emailVerified\":true,\"onboardingCompletedAt\":\"2025-01-01T00:00:00.000Z\"}}"}
--------------------------
Components/Workspaces/FileTree > Read Only[34m
Click to debug the error directly in Storybook:
http://127.0.0.1:6016/?path=/story/components-workspaces-filetree--read-only&addonPanel=storybook/a11y/panel

[39mMessage:
 [33mFound 1 a11y violations, run the test with 'a11y: { test: 'error' }' parameter to see the full report or debug it directly in Storybook.[39m


--------------------------------------------------

Browser logs:

[1m[34mlog[39m[22m: Request, {"url":"http://127.0.0.1:6016/.auth/api/config","method":"GET","headers":{"accept":"*/*"},"body":""}

[1m[34mlog[39m[22m: Handler:, {"kind":"request","options":{},"info":{"header":"GET */.auth/api/config","path":"*/.auth/api/config","method":"GET","callFrame":"http://127.0.0.1:6016/assets/iframe-DRQfpQ-N.js:1124:4289"},"isUsed":true}

[1m[34mlog[39m[22m: Response, {"status":200,"statusText":"OK","headers":{"content-length":"16","content-type":"application/json"},"body":"{\"providers\":[]}"}
[0m[7m[1m[32m PASS [39m[22m[27m[0m [0m[7m[33m browser: chromium [39m[27m[0m [2m../../../../var/folders/9t/jj9rnpps7_ddb72c1mq2k13w0000gn/T/c074bc092911af3a35c92415033685a1/[22m[1mcomponents-workspaces-filetree.test.js[22m
--------------------------
Components/Workspaces/FileTree > Large Tree[34m
Click to debug the error directly in Storybook:
http://127.0.0.1:6016/?path=/story/components-workspaces-filetree--large-tree&addonPanel=storybook/a11y/panel

[39mMessage:
 [33mFound 1 a11y violations, run the test with 'a11y: { test: 'error' }' parameter to see the full report or debug it directly in Storybook.[39m


--------------------------------------------------

Browser logs:

[1m[34mlog[39m[22m: Request, {"url":"http://127.0.0.1:6016/.auth/api/config","method":"GET","headers":{"accept":"*/*"},"body":""}

[1m[34mlog[39m[22m: Handler:, {"kind":"request","options":{},"info":{"header":"GET */.auth/api/config","path":"*/.auth/api/config","method":"GET","callFrame":"http://127.0.0.1:6016/assets/iframe-DRQfpQ-N.js:1124:4289"},"isUsed":true}

[1m[34mlog[39m[22m: Response, {"status":200,"statusText":"OK","headers":{"content-length":"16","content-type":"application/json"},"body":"{\"providers\":[]}"}
--------------------------
Components/Onboarding/Mcp/ConfigPrWizard > Repos Loading[34m
Click to debug the error directly in Storybook:
http://127.0.0.1:6016/?path=/story/components-onboarding-mcp-configprwizard--repos-loading&addonPanel=storybook/a11y/panel

[39mMessage:
 [33mFound 1 a11y violations, run the test with 'a11y: { test: 'error' }' parameter to see the full report or debug it directly in Storybook.[39m


--------------------------------------------------

Browser logs:

[1m[34mlog[39m[22m: Request, {"url":"http://127.0.0.1:6016/acme/api/v1/github/installation/setup","method":"GET","headers":{"accept":"*/*"},"body":""}

[1m[34mlog[39m[22m: Handler:, {"kind":"request","options":{},"info":{"header":"GET [custom predicate]","method":"GET","callFrame":"http://127.0.0.1:6016/assets/iframe-DRQfpQ-N.js:1124:4289"},"isUsed":true}

[1m[34mlog[39m[22m: Response, {"status":404,"statusText":"Not Found","headers":{},"body":""}

[1m[34mlog[39m[22m: Request, {"url":"http://127.0.0.1:6016/.auth/api/config","method":"GET","headers":{"accept":"*/*"},"body":""}

[1m[34mlog[39m[22m: Handler:, {"kind":"request","options":{},"info":{"header":"GET */.auth/api/config","path":"*/.auth/api/config","method":"GET","callFrame":"http://127.0.0.1:6016/assets/iframe-DRQfpQ-N.js:1124:4289"},"isUsed":true}

[1m[34mlog[39m[22m: Response, {"status":200,"statusText":"OK","headers":{"content-length":"16","content-type":"application/json"},"body":"{\"providers\":[]}"}

[1m[34mlog[39m[22m: Request, {"url":"http://127.0.0.1:6016/.auth/api/v1/auth/get-session","method":"GET","headers":{"accept":"*/*"},"body":""}

[1m[34mlog[39m[22m: Handler:, {"kind":"request","options":{},"info":{"header":"GET */.auth/api/v1/auth/get-session","path":"*/.auth/api/v1/auth/get-session","method":"GET","callFrame":"http://127.0.0.1:6016/assets/iframe-DRQfpQ-N.js:1124:4289"},"isUsed":true}

[1m[34mlog[39m[22m: Response, {"status":200,"statusText":"OK","headers":{"content-length":"260","content-type":"application/json"},"body":"{\"session\":{\"id\":\"storybook-session\",\"userId\":\"user_storybook\",\"expiresAt\":\"2026-09-08T11:53:31.593Z\"},\"user\":{\"id\":\"user_storybook\",\"email\":\"story@ctxpipe.local\",\"name\":\"Storybook User\",\"emailVerified\":true,\"onboardingCompletedAt\":\"2025-01-01T00:00:00.000Z\"}}"}

[1m[34mlog[39m[22m: Request, {"url":"http://127.0.0.1:6016/.auth/api/v1/auth/get-session","method":"GET","headers":{"accept":"*/*"},"body":""}

[1m[34mlog[39m[22m: Handler:, {"kind":"request","options":{},"info":{"header":"GET */.auth/api/v1/auth/get-session","path":"*/.auth/api/v1/auth/get-session","method":"GET","callFrame":"http://127.0.0.1:6016/assets/iframe-DRQfpQ-N.js:1124:4289"},"isUsed":true}

[1m[34mlog[39m[22m: Response, {"status":200,"statusText":"OK","headers":{"content-length":"260","content-type":"application/json"},"body":"{\"session\":{\"id\":\"storybook-session\",\"userId\":\"user_storybook\",\"expiresAt\":\"2026-09-08T11:53:31.599Z\"},\"user\":{\"id\":\"user_storybook\",\"email\":\"story@ctxpipe.local\",\"name\":\"Storybook User\",\"emailVerified\":true,\"onboardingCompletedAt\":\"2025-01-01T00:00:00.000Z\"}}"}

[1m[34mlog[39m[22m: Request, {"url":"http://127.0.0.1:6016/.auth/api/v1/auth/organization/list","method":"GET","headers":{"accept":"*/*"},"body":""}

[1m[34mlog[39m[22m: Handler:, {"kind":"request","options":{},"info":{"header":"GET */.auth/api/v1/auth/organization/list","path":"*/.auth/api/v1/auth/organization/list","method":"GET","callFrame":"http://127.0.0.1:6016/assets/iframe-DRQfpQ-N.js:1124:4289"},"isUsed":true}

[1m[34mlog[39m[22m: Response, {"status":200,"statusText":"OK","headers":{"content-length":"61","content-type":"application/json"},"body":"[{\"id\":\"org_storybook\",\"name\":\"Storybook Org\",\"slug\":\"acme\"}]"}

[1m[34mlog[39m[22m: Request, {"url":"http://127.0.0.1:6016/.auth/api/v1/auth/organization/list","method":"GET","headers":{"accept":"*/*"},"body":""}

[1m[34mlog[39m[22m: Handler:, {"kind":"request","options":{},"info":{"header":"GET */.auth/api/v1/auth/organization/list","path":"*/.auth/api/v1/auth/organization/list","method":"GET","callFrame":"http://127.0.0.1:6016/assets/iframe-DRQfpQ-N.js:1124:4289"},"isUsed":true}

[1m[34mlog[39m[22m: Response, {"status":200,"statusText":"OK","headers":{"content-length":"61","content-type":"application/json"},"body":"[{\"id\":\"org_storybook\",\"name\":\"Storybook Org\",\"slug\":\"acme\"}]"}
--------------------------
Components/Onboarding/Mcp/ConfigPrWizard > Repos Empty[34m
Click to debug the error directly in Storybook:
http://127.0.0.1:6016/?path=/story/components-onboarding-mcp-configprwizard--repos-empty&addonPanel=storybook/a11y/panel

[39mMessage:
 [33mFound 1 a11y violations, run the test with 'a11y: { test: 'error' }' parameter to see the full report or debug it directly in Storybook.[39m


--------------------------------------------------

Browser logs:

[1m[34mlog[39m[22m: Request, {"url":"http://127.0.0.1:6016/acme/api/v1/github/installation/setup","method":"GET","headers":{"accept":"*/*"},"body":""}

[1m[34mlog[39m[22m: Handler:, {"kind":"request","options":{},"info":{"header":"GET [custom predicate]","method":"GET","callFrame":"http://127.0.0.1:6016/assets/iframe-DRQfpQ-N.js:1124:4289"},"isUsed":true}

[1m[34mlog[39m[22m: Response, {"status":404,"statusText":"Not Found","headers":{},"body":""}

[1m[34mlog[39m[22m: Request, {"url":"http://127.0.0.1:6016/acme/api/v1/github/installation/repositories?page=1&per_page=100","method":"GET","headers":{"accept":"*/*"},"body":""}

[1m[34mlog[39m[22m: Handler:, {"kind":"request","options":{},"info":{"header":"GET [custom predicate]","method":"GET","callFrame":"http://127.0.0.1:6016/assets/iframe-DRQfpQ-N.js:1124:4289"},"isUsed":true}

[1m[34mlog[39m[22m: Response, {"status":200,"statusText":"OK","headers":{"content-length":"35","content-type":"application/json"},"body":"{\"repositories\":[],\"hasMore\":false}"}

[1m[34mlog[39m[22m: Request, {"url":"http://127.0.0.1:6016/.auth/api/config","method":"GET","headers":{"accept":"*/*"},"body":""}

[1m[34mlog[39m[22m: Handler:, {"kind":"request","options":{},"info":{"header":"GET */.auth/api/config","path":"*/.auth/api/config","method":"GET","callFrame":"http://127.0.0.1:6016/assets/iframe-DRQfpQ-N.js:1124:4289"},"isUsed":true}

[1m[34mlog[39m[22m: Response, {"status":200,"statusText":"OK","headers":{"content-length":"16","content-type":"application/json"},"body":"{\"providers\":[]}"}

[1m[34mlog[39m[22m: Request, {"url":"http://127.0.0.1:6016/.auth/api/v1/auth/get-session","method":"GET","headers":{"accept":"*/*"},"body":""}

[1m[34mlog[39m[22m: Handler:, {"kind":"request","options":{},"info":{"header":"GET */.auth/api/v1/auth/get-session","path":"*/.auth/api/v1/auth/get-session","method":"GET","callFrame":"http://127.0.0.1:6016/assets/iframe-DRQfpQ-N.js:1124:4289"},"isUsed":true}

[1m[34mlog[39m[22m: Response, {"status":200,"statusText":"OK","headers":{"content-length":"260","content-type":"application/json"},"body":"{\"session\":{\"id\":\"storybook-session\",\"userId\":\"user_storybook\",\"expiresAt\":\"2026-09-08T11:53:31.905Z\"},\"user\":{\"id\":\"user_storybook\",\"email\":\"story@ctxpipe.local\",\"name\":\"Storybook User\",\"emailVerified\":true,\"onboardingCompletedAt\":\"2025-01-01T00:00:00.000Z\"}}"}

[1m[34mlog[39m[22m: Request, {"url":"http://127.0.0.1:6016/.auth/api/v1/auth/organization/list","method":"GET","headers":{"accept":"*/*"},"body":""}

[1m[34mlog[39m[22m: Handler:, {"kind":"request","options":{},"info":{"header":"GET */.auth/api/v1/auth/organization/list","path":"*/.auth/api/v1/auth/organization/list","method":"GET","callFrame":"http://127.0.0.1:6016/assets/iframe-DRQfpQ-N.js:1124:4289"},"isUsed":true}

[1m[34mlog[39m[22m: Response, {"status":200,"statusText":"OK","headers":{"content-length":"61","content-type":"application/json"},"body":"[{\"id\":\"org_storybook\",\"name\":\"Storybook Org\",\"slug\":\"acme\"}]"}
[0m[7m[1m[32m PASS [39m[22m[27m[0m [0m[7m[33m browser: chromium [39m[27m[0m [2m../../../../var/folders/9t/jj9rnpps7_ddb72c1mq2k13w0000gn/T/c074bc092911af3a35c92415033685a1/[22m[1mcomponents-connections-atlassian-steps-installforge.test.js[22m
--------------------------
Components/Onboarding/Mcp/ConfigPrWizard > Repos Error[34m
Click to debug the error directly in Storybook:
http://127.0.0.1:6016/?path=/story/components-onboarding-mcp-configprwizard--repos-error&addonPanel=storybook/a11y/panel

[39mMessage:
 [33mFound 1 a11y violations, run the test with 'a11y: { test: 'error' }' parameter to see the full report or debug it directly in Storybook.[39m


--------------------------------------------------

Browser logs:

[1m[34mlog[39m[22m: Request, {"url":"http://127.0.0.1:6016/acme/api/v1/github/installation/setup","method":"GET","headers":{"accept":"*/*"},"body":""}

[1m[34mlog[39m[22m: Handler:, {"kind":"request","options":{},"info":{"header":"GET [custom predicate]","method":"GET","callFrame":"http://127.0.0.1:6016/assets/iframe-DRQfpQ-N.js:1124:4289"},"isUsed":true}

[1m[34mlog[39m[22m: Response, {"status":404,"statusText":"Not Found","headers":{},"body":""}

[1m[34mlog[39m[22m: Request, {"url":"http://127.0.0.1:6016/.auth/api/config","method":"GET","headers":{"accept":"*/*"},"body":""}

[1m[34mlog[39m[22m: Handler:, {"kind":"request","options":{},"info":{"header":"GET */.auth/api/config","path":"*/.auth/api/config","method":"GET","callFrame":"http://127.0.0.1:6016/assets/iframe-DRQfpQ-N.js:1124:4289"},"isUsed":true}

[1m[34mlog[39m[22m: Response, {"status":200,"statusText":"OK","headers":{"content-length":"16","content-type":"application/json"},"body":"{\"providers\":[]}"}

[1m[34mlog[39m[22m: Request, {"url":"http://127.0.0.1:6016/.auth/api/v1/auth/get-session","method":"GET","headers":{"accept":"*/*"},"body":""}

[1m[34mlog[39m[22m: Handler:, {"kind":"request","options":{},"info":{"header":"GET */.auth/api/v1/auth/get-session","path":"*/.auth/api/v1/auth/get-session","method":"GET","callFrame":"http://127.0.0.1:6016/assets/iframe-DRQfpQ-N.js:1124:4289"},"isUsed":true}

[1m[34mlog[39m[22m: Response, {"status":200,"statusText":"OK","headers":{"content-length":"260","content-type":"application/json"},"body":"{\"session\":{\"id\":\"storybook-session\",\"userId\":\"user_storybook\",\"expiresAt\":\"2026-09-08T11:53:32.109Z\"},\"user\":{\"id\":\"user_storybook\",\"email\":\"story@ctxpipe.local\",\"name\":\"Storybook User\",\"emailVerified\":true,\"onboardingCompletedAt\":\"2025-01-01T00:00:00.000Z\"}}"}

[1m[34mlog[39m[22m: Request, {"url":"http://127.0.0.1:6016/.auth/api/v1/auth/organization/list","method":"GET","headers":{"accept":"*/*"},"body":""}

[1m[34mlog[39m[22m: Handler:, {"kind":"request","options":{},"info":{"header":"GET */.auth/api/v1/auth/organization/list","path":"*/.auth/api/v1/auth/organization/list","method":"GET","callFrame":"http://127.0.0.1:6016/assets/iframe-DRQfpQ-N.js:1124:4289"},"isUsed":true}

[1m[34mlog[39m[22m: Response, {"status":200,"statusText":"OK","headers":{"content-length":"61","content-type":"application/json"},"body":"[{\"id\":\"org_storybook\",\"name\":\"Storybook Org\",\"slug\":\"acme\"}]"}

[1m[34mlog[39m[22m: Request, {"url":"http://127.0.0.1:6016/acme/api/v1/github/installation/repositories?page=1&per_page=100","method":"GET","headers":{"accept":"*/*"},"body":""}

[1m[34mlog[39m[22m: Handler:, {"kind":"request","options":{},"info":{"header":"GET [custom predicate]","method":"GET","callFrame":"http://127.0.0.1:6016/assets/iframe-DRQfpQ-N.js:1124:4289"},"isUsed":true}

[1m[34mlog[39m[22m: Response, {"status":500,"statusText":"Internal Server Error","headers":{"content-length":"30","content-type":"application/json"},"body":"{\"error\":\"GitHub unavailable\"}"}
--------------------------
Components/Onboarding/Mcp/ConfigPrWizard > Preview Loading[34m
Click to debug the error directly in Storybook:
http://127.0.0.1:6016/?path=/story/components-onboarding-mcp-configprwizard--preview-loading&addonPanel=storybook/a11y/panel

[39mMessage:
 [33mFound 1 a11y violations, run the test with 'a11y: { test: 'error' }' parameter to see the full report or debug it directly in Storybook.[39m


--------------------------------------------------

Browser logs:

[1m[34mlog[39m[22m: Request, {"url":"http://127.0.0.1:6016/acme/api/v1/github/installation/setup","method":"GET","headers":{"accept":"*/*"},"body":""}

[1m[34mlog[39m[22m: Handler:, {"kind":"request","options":{},"info":{"header":"GET [custom predicate]","method":"GET","callFrame":"http://127.0.0.1:6016/assets/iframe-DRQfpQ-N.js:1124:4289"},"isUsed":true}

[1m[34mlog[39m[22m: Response, {"status":404,"statusText":"Not Found","headers":{},"body":""}

[1m[34mlog[39m[22m: Request, {"url":"http://127.0.0.1:6016/acme/api/v1/github/installation/repositories?page=1&per_page=100","method":"GET","headers":{"accept":"*/*"},"body":""}

[1m[34mlog[39m[22m: Handler:, {"kind":"request","options":{},"info":{"header":"GET [custom predicate]","method":"GET","callFrame":"http://127.0.0.1:6016/assets/iframe-DRQfpQ-N.js:1124:4289"},"isUsed":true}

[1m[34mlog[39m[22m: Response, {"status":200,"statusText":"OK","headers":{"content-length":"184","content-type":"application/json"},"body":"{\"repositories\":[{\"id\":101,\"full_name\":\"acme/service\",\"name\":\"service\",\"html_url\":\"https://github.com/acme/service\",\"clone_url\":\"https://github.com/acme/service.git\"}],\"hasMore\":false}"}

[1m[34mlog[39m[22m: Request, {"url":"http://127.0.0.1:6016/.auth/api/config","method":"GET","headers":{"accept":"*/*"},"body":""}

[1m[34mlog[39m[22m: Handler:, {"kind":"request","options":{},"info":{"header":"GET */.auth/api/config","path":"*/.auth/api/config","method":"GET","callFrame":"http://127.0.0.1:6016/assets/iframe-DRQfpQ-N.js:1124:4289"},"isUsed":true}

[1m[34mlog[39m[22m: Response, {"status":200,"statusText":"OK","headers":{"content-length":"16","content-type":"application/json"},"body":"{\"providers\":[]}"}

[1m[34mlog[39m[22m: Request, {"url":"http://127.0.0.1:6016/.auth/api/v1/auth/get-session","method":"GET","headers":{"accept":"*/*"},"body":""}

[1m[34mlog[39m[22m: Handler:, {"kind":"request","options":{},"info":{"header":"GET */.auth/api/v1/auth/get-session","path":"*/.auth/api/v1/auth/get-session","method":"GET","callFrame":"http://127.0.0.1:6016/assets/iframe-DRQfpQ-N.js:1124:4289"},"isUsed":true}

[1m[34mlog[39m[22m: Response, {"status":200,"statusText":"OK","headers":{"content-length":"260","content-type":"application/json"},"body":"{\"session\":{\"id\":\"storybook-session\",\"userId\":\"user_storybook\",\"expiresAt\":\"2026-09-08T11:53:32.541Z\"},\"user\":{\"id\":\"user_storybook\",\"email\":\"story@ctxpipe.local\",\"name\":\"Storybook User\",\"emailVerified\":true,\"onboardingCompletedAt\":\"2025-01-01T00:00:00.000Z\"}}"}

[1m[34mlog[39m[22m: Request, {"url":"http://127.0.0.1:6016/.auth/api/v1/auth/organization/list","method":"GET","headers":{"accept":"*/*"},"body":""}

[1m[34mlog[39m[22m: Handler:, {"kind":"request","options":{},"info":{"header":"GET */.auth/api/v1/auth/organization/list","path":"*/.auth/api/v1/auth/organization/list","method":"GET","callFrame":"http://127.0.0.1:6016/assets/iframe-DRQfpQ-N.js:1124:4289"},"isUsed":true}

[1m[34mlog[39m[22m: Response, {"status":200,"statusText":"OK","headers":{"content-length":"61","content-type":"application/json"},"body":"[{\"id\":\"org_storybook\",\"name\":\"Storybook Org\",\"slug\":\"acme\"}]"}
[0m[7m[1m[32m PASS [39m[22m[27m[0m [0m[7m[33m browser: chromium [39m[27m[0m [2m../../../../var/folders/9t/jj9rnpps7_ddb72c1mq2k13w0000gn/T/c074bc092911af3a35c92415033685a1/[22m[1mcomponents-connections-oautherrorbanner.test.js[22m
--------------------------
Components/Onboarding/Mcp/ConfigPrWizard > Preview Error[34m
Click to debug the error directly in Storybook:
http://127.0.0.1:6016/?path=/story/components-onboarding-mcp-configprwizard--preview-error&addonPanel=storybook/a11y/panel

[39mMessage:
 [33mFound 1 a11y violations, run the test with 'a11y: { test: 'error' }' parameter to see the full report or debug it directly in Storybook.[39m


--------------------------------------------------

Browser logs:

[1m[34mlog[39m[22m: Request, {"url":"http://127.0.0.1:6016/acme/api/v1/github/installation/setup","method":"GET","headers":{"accept":"*/*"},"body":""}

[1m[34mlog[39m[22m: Handler:, {"kind":"request","options":{},"info":{"header":"GET [custom predicate]","method":"GET","callFrame":"http://127.0.0.1:6016/assets/iframe-DRQfpQ-N.js:1124:4289"},"isUsed":true}

[1m[34mlog[39m[22m: Response, {"status":404,"statusText":"Not Found","headers":{},"body":""}

[1m[34mlog[39m[22m: Request, {"url":"http://127.0.0.1:6016/acme/api/v1/github/installation/repositories?page=1&per_page=100","method":"GET","headers":{"accept":"*/*"},"body":""}

[1m[34mlog[39m[22m: Handler:, {"kind":"request","options":{},"info":{"header":"GET [custom predicate]","method":"GET","callFrame":"http://127.0.0.1:6016/assets/iframe-DRQfpQ-N.js:1124:4289"},"isUsed":true}

[1m[34mlog[39m[22m: Response, {"status":200,"statusText":"OK","headers":{"content-length":"184","content-type":"application/json"},"body":"{\"repositories\":[{\"id\":101,\"full_name\":\"acme/service\",\"name\":\"service\",\"html_url\":\"https://github.com/acme/service\",\"clone_url\":\"https://github.com/acme/service.git\"}],\"hasMore\":false}"}

[1m[34mlog[39m[22m: Request, {"url":"http://127.0.0.1:6016/.auth/api/config","method":"GET","headers":{"accept":"*/*"},"body":""}

[1m[34mlog[39m[22m: Handler:, {"kind":"request","options":{},"info":{"header":"GET */.auth/api/config","path":"*/.auth/api/config","method":"GET","callFrame":"http://127.0.0.1:6016/assets/iframe-DRQfpQ-N.js:1124:4289"},"isUsed":true}

[1m[34mlog[39m[22m: Response, {"status":200,"statusText":"OK","headers":{"content-length":"16","content-type":"application/json"},"body":"{\"providers\":[]}"}

[1m[34mlog[39m[22m: Request, {"url":"http://127.0.0.1:6016/.auth/api/v1/auth/get-session","method":"GET","headers":{"accept":"*/*"},"body":""}

[1m[34mlog[39m[22m: Handler:, {"kind":"request","options":{},"info":{"header":"GET */.auth/api/v1/auth/get-session","path":"*/.auth/api/v1/auth/get-session","method":"GET","callFrame":"http://127.0.0.1:6016/assets/iframe-DRQfpQ-N.js:1124:4289"},"isUsed":true}

[1m[34mlog[39m[22m: Response, {"status":200,"statusText":"OK","headers":{"content-length":"260","content-type":"application/json"},"body":"{\"session\":{\"id\":\"storybook-session\",\"userId\":\"user_storybook\",\"expiresAt\":\"2026-09-08T11:53:32.798Z\"},\"user\":{\"id\":\"user_storybook\",\"email\":\"story@ctxpipe.local\",\"name\":\"Storybook User\",\"emailVerified\":true,\"onboardingCompletedAt\":\"2025-01-01T00:00:00.000Z\"}}"}

[1m[34mlog[39m[22m: Request, {"url":"http://127.0.0.1:6016/.auth/api/v1/auth/organization/list","method":"GET","headers":{"accept":"*/*"},"body":""}

[1m[34mlog[39m[22m: Handler:, {"kind":"request","options":{},"info":{"header":"GET */.auth/api/v1/auth/organization/list","path":"*/.auth/api/v1/auth/organization/list","method":"GET","callFrame":"http://127.0.0.1:6016/assets/iframe-DRQfpQ-N.js:1124:4289"},"isUsed":true}

[1m[34mlog[39m[22m: Response, {"status":200,"statusText":"OK","headers":{"content-length":"61","content-type":"application/json"},"body":"[{\"id\":\"org_storybook\",\"name\":\"Storybook Org\",\"slug\":\"acme\"}]"}

[1m[34mlog[39m[22m: Request, {"url":"http://127.0.0.1:6016/acme/api/v1/github/installation/mcp-config-preview","method":"POST","headers":{"accept":"*/*","content-type":"application/json"},"body":"{\"repositories\":[\"acme/service\"],\"agents\":[\"cursor\"]}"}

[1m[34mlog[39m[22m: Handler:, {"kind":"request","options":{},"info":{"header":"POST [custom predicate]","method":"POST","callFrame":"http://127.0.0.1:6016/assets/iframe-DRQfpQ-N.js:1124:4289"},"isUsed":true}

[1m[34mlog[39m[22m: Response, {"status":500,"statusText":"Internal Server Error","headers":{"content-length":"26","content-type":"application/json"},"body":"{\"error\":\"Preview failed\"}"}
--------------------------
Components/Onboarding/Mcp/ConfigPrWizard > Raise Prs Success[34m
Click to debug the error directly in Storybook:
http://127.0.0.1:6016/?path=/story/components-onboarding-mcp-configprwizard--raise-prs-success&addonPanel=storybook/a11y/panel

[39mMessage:
 [33mFound 1 a11y violations, run the test with 'a11y: { test: 'error' }' parameter to see the full report or debug it directly in Storybook.[39m


--------------------------------------------------

Browser logs:

[1m[34mlog[39m[22m: Request, {"url":"http://127.0.0.1:6016/acme/api/v1/github/installation/setup","method":"GET","headers":{"accept":"*/*"},"body":""}

[1m[34mlog[39m[22m: Handler:, {"kind":"request","options":{},"info":{"header":"GET [custom predicate]","method":"GET","callFrame":"http://127.0.0.1:6016/assets/iframe-DRQfpQ-N.js:1124:4289"},"isUsed":true}

[1m[34mlog[39m[22m: Response, {"status":404,"statusText":"Not Found","headers":{},"body":""}

[1m[34mlog[39m[22m: Request, {"url":"http://127.0.0.1:6016/acme/api/v1/github/installation/repositories?page=1&per_page=100","method":"GET","headers":{"accept":"*/*"},"body":""}

[1m[34mlog[39m[22m: Handler:, {"kind":"request","options":{},"info":{"header":"GET [custom predicate]","method":"GET","callFrame":"http://127.0.0.1:6016/assets/iframe-DRQfpQ-N.js:1124:4289"},"isUsed":true}

[1m[34mlog[39m[22m: Response, {"status":200,"statusText":"OK","headers":{"content-length":"184","content-type":"application/json"},"body":"{\"repositories\":[{\"id\":101,\"full_name\":\"acme/service\",\"name\":\"service\",\"html_url\":\"https://github.com/acme/service\",\"clone_url\":\"https://github.com/acme/service.git\"}],\"hasMore\":false}"}

[1m[34mlog[39m[22m: Request, {"url":"http://127.0.0.1:6016/.auth/api/config","method":"GET","headers":{"accept":"*/*"},"body":""}

[1m[34mlog[39m[22m: Handler:, {"kind":"request","options":{},"info":{"header":"GET */.auth/api/config","path":"*/.auth/api/config","method":"GET","callFrame":"http://127.0.0.1:6016/assets/iframe-DRQfpQ-N.js:1124:4289"},"isUsed":true}

[1m[34mlog[39m[22m: Response, {"status":200,"statusText":"OK","headers":{"content-length":"16","content-type":"application/json"},"body":"{\"providers\":[]}"}

[1m[34mlog[39m[22m: Request, {"url":"http://127.0.0.1:6016/.auth/api/v1/auth/get-session","method":"GET","headers":{"accept":"*/*"},"body":""}

[1m[34mlog[39m[22m: Handler:, {"kind":"request","options":{},"info":{"header":"GET */.auth/api/v1/auth/get-session","path":"*/.auth/api/v1/auth/get-session","method":"GET","callFrame":"http://127.0.0.1:6016/assets/iframe-DRQfpQ-N.js:1124:4289"},"isUsed":true}

[1m[34mlog[39m[22m: Response, {"status":200,"statusText":"OK","headers":{"content-length":"260","content-type":"application/json"},"body":"{\"session\":{\"id\":\"storybook-session\",\"userId\":\"user_storybook\",\"expiresAt\":\"2026-09-08T11:53:33.360Z\"},\"user\":{\"id\":\"user_storybook\",\"email\":\"story@ctxpipe.local\",\"name\":\"Storybook User\",\"emailVerified\":true,\"onboardingCompletedAt\":\"2025-01-01T00:00:00.000Z\"}}"}

[1m[34mlog[39m[22m: Request, {"url":"http://127.0.0.1:6016/.auth/api/v1/auth/organization/list","method":"GET","headers":{"accept":"*/*"},"body":""}

[1m[34mlog[39m[22m: Handler:, {"kind":"request","options":{},"info":{"header":"GET */.auth/api/v1/auth/organization/list","path":"*/.auth/api/v1/auth/organization/list","method":"GET","callFrame":"http://127.0.0.1:6016/assets/iframe-DRQfpQ-N.js:1124:4289"},"isUsed":true}

[1m[34mlog[39m[22m: Response, {"status":200,"statusText":"OK","headers":{"content-length":"61","content-type":"application/json"},"body":"[{\"id\":\"org_storybook\",\"name\":\"Storybook Org\",\"slug\":\"acme\"}]"}

[1m[34mlog[39m[22m: Request, {"url":"http://127.0.0.1:6016/acme/api/v1/github/installation/mcp-config-preview","method":"POST","headers":{"accept":"*/*","content-type":"application/json"},"body":"{\"repositories\":[\"acme/service\"],\"agents\":[\"cursor\"]}"}

[1m[34mlog[39m[22m: Handler:, {"kind":"request","options":{},"info":{"header":"POST [custom predicate]","method":"POST","callFrame":"http://127.0.0.1:6016/assets/iframe-DRQfpQ-N.js:1124:4289"},"isUsed":true}

[1m[34mlog[39m[22m: Response, {"status":200,"statusText":"OK","headers":{"content-length":"169","content-type":"application/json"},"body":"{\"files\":[{\"repository\":\"acme/service\",\"path\":\".cursor/mcp.json\",\"exists\":false,\"existingUtf8\":null,\"mergedUtf8\":\"{\\n  \\\"mcpServers\\\": {\\n    \\\"ctxpipe\\\": {}\\n  }\\n}\"}]}"}

[1m[34mlog[39m[22m: Request, {"url":"http://127.0.0.1:6016/acme/api/v1/github/installation/mcp-config-prs","method":"POST","headers":{"accept":"*/*","content-type":"application/json"},"body":"{\"repositories\":[\"acme/service\"],\"agents\":[\"cursor\"]}"}

[1m[34mlog[39m[22m: Handler:, {"kind":"request","options":{},"info":{"header":"POST [custom predicate]","method":"POST","callFrame":"http://127.0.0.1:6016/assets/iframe-DRQfpQ-N.js:1124:4289"},"isUsed":true}

[1m[34mlog[39m[22m: Response, {"status":200,"statusText":"OK","headers":{"content-length":"121","content-type":"application/json"},"body":"{\"pullRequests\":[{\"repository\":\"acme/service\",\"pullRequestUrl\":\"https://github.com/acme/service/pull/42\"}],\"failures\":[]}"}
[0m[7m[1m[32m PASS [39m[22m[27m[0m [0m[7m[33m browser: chromium [39m[27m[0m [2m../../../../var/folders/9t/jj9rnpps7_ddb72c1mq2k13w0000gn/T/c074bc092911af3a35c92415033685a1/[22m[1mcomponents-connections-linear-connectioncard.test.js[22m
[0m[7m[1m[32m PASS [39m[22m[27m[0m [0m[7m[33m browser: chromium [39m[27m[0m [2m../../../../var/folders/9t/jj9rnpps7_ddb72c1mq2k13w0000gn/T/c074bc092911af3a35c92415033685a1/[22m[1mcomponents-onboarding-mcp-configprwizard.test.js[22m
--------------------------
Components/Onboarding/Mcp/ConfigPrWizard > Raise Prs Partial Failure[34m
Click to debug the error directly in Storybook:
http://127.0.0.1:6016/?path=/story/components-onboarding-mcp-configprwizard--raise-prs-partial-failure&addonPanel=storybook/a11y/panel

[39mMessage:
 [33mFound 1 a11y violations, run the test with 'a11y: { test: 'error' }' parameter to see the full report or debug it directly in Storybook.[39m


--------------------------------------------------

Browser logs:

[1m[34mlog[39m[22m: Request, {"url":"http://127.0.0.1:6016/acme/api/v1/github/installation/setup","method":"GET","headers":{"accept":"*/*"},"body":""}

[1m[34mlog[39m[22m: Handler:, {"kind":"request","options":{},"info":{"header":"GET [custom predicate]","method":"GET","callFrame":"http://127.0.0.1:6016/assets/iframe-DRQfpQ-N.js:1124:4289"},"isUsed":true}

[1m[34mlog[39m[22m: Response, {"status":404,"statusText":"Not Found","headers":{},"body":""}

[1m[34mlog[39m[22m: Request, {"url":"http://127.0.0.1:6016/acme/api/v1/github/installation/repositories?page=1&per_page=100","method":"GET","headers":{"accept":"*/*"},"body":""}

[1m[34mlog[39m[22m: Handler:, {"kind":"request","options":{},"info":{"header":"GET [custom predicate]","method":"GET","callFrame":"http://127.0.0.1:6016/assets/iframe-DRQfpQ-N.js:1124:4289"},"isUsed":true}

[1m[34mlog[39m[22m: Response, {"status":200,"statusText":"OK","headers":{"content-length":"184","content-type":"application/json"},"body":"{\"repositories\":[{\"id\":101,\"full_name\":\"acme/service\",\"name\":\"service\",\"html_url\":\"https://github.com/acme/service\",\"clone_url\":\"https://github.com/acme/service.git\"}],\"hasMore\":false}"}

[1m[34mlog[39m[22m: Request, {"url":"http://127.0.0.1:6016/.auth/api/config","method":"GET","headers":{"accept":"*/*"},"body":""}

[1m[34mlog[39m[22m: Handler:, {"kind":"request","options":{},"info":{"header":"GET */.auth/api/config","path":"*/.auth/api/config","method":"GET","callFrame":"http://127.0.0.1:6016/assets/iframe-DRQfpQ-N.js:1124:4289"},"isUsed":true}

[1m[34mlog[39m[22m: Response, {"status":200,"statusText":"OK","headers":{"content-length":"16","content-type":"application/json"},"body":"{\"providers\":[]}"}

[1m[34mlog[39m[22m: Request, {"url":"http://127.0.0.1:6016/.auth/api/v1/auth/get-session","method":"GET","headers":{"accept":"*/*"},"body":""}

[1m[34mlog[39m[22m: Handler:, {"kind":"request","options":{},"info":{"header":"GET */.auth/api/v1/auth/get-session","path":"*/.auth/api/v1/auth/get-session","method":"GET","callFrame":"http://127.0.0.1:6016/assets/iframe-DRQfpQ-N.js:1124:4289"},"isUsed":true}

[1m[34mlog[39m[22m: Response, {"status":200,"statusText":"OK","headers":{"content-length":"260","content-type":"application/json"},"body":"{\"session\":{\"id\":\"storybook-session\",\"userId\":\"user_storybook\",\"expiresAt\":\"2026-09-08T11:53:33.649Z\"},\"user\":{\"id\":\"user_storybook\",\"email\":\"story@ctxpipe.local\",\"name\":\"Storybook User\",\"emailVerified\":true,\"onboardingCompletedAt\":\"2025-01-01T00:00:00.000Z\"}}"}

[1m[34mlog[39m[22m: Request, {"url":"http://127.0.0.1:6016/.auth/api/v1/auth/organization/list","method":"GET","headers":{"accept":"*/*"},"body":""}

[1m[34mlog[39m[22m: Handler:, {"kind":"request","options":{},"info":{"header":"GET */.auth/api/v1/auth/organization/list","path":"*/.auth/api/v1/auth/organization/list","method":"GET","callFrame":"http://127.0.0.1:6016/assets/iframe-DRQfpQ-N.js:1124:4289"},"isUsed":true}

[1m[34mlog[39m[22m: Response, {"status":200,"statusText":"OK","headers":{"content-length":"61","content-type":"application/json"},"body":"[{\"id\":\"org_storybook\",\"name\":\"Storybook Org\",\"slug\":\"acme\"}]"}

[1m[34mlog[39m[22m: Request, {"url":"http://127.0.0.1:6016/acme/api/v1/github/installation/mcp-config-preview","method":"POST","headers":{"accept":"*/*","content-type":"application/json"},"body":"{\"repositories\":[\"acme/service\"],\"agents\":[\"cursor\"]}"}

[1m[34mlog[39m[22m: Handler:, {"kind":"request","options":{},"info":{"header":"POST [custom predicate]","method":"POST","callFrame":"http://127.0.0.1:6016/assets/iframe-DRQfpQ-N.js:1124:4289"},"isUsed":true}

[1m[34mlog[39m[22m: Response, {"status":200,"statusText":"OK","headers":{"content-length":"169","content-type":"application/json"},"body":"{\"files\":[{\"repository\":\"acme/service\",\"path\":\".cursor/mcp.json\",\"exists\":false,\"existingUtf8\":null,\"mergedUtf8\":\"{\\n  \\\"mcpServers\\\": {\\n    \\\"ctxpipe\\\": {}\\n  }\\n}\"}]}"}

[1m[34mlog[39m[22m: Request, {"url":"http://127.0.0.1:6016/acme/api/v1/github/installation/mcp-config-prs","method":"POST","headers":{"accept":"*/*","content-type":"application/json"},"body":"{\"repositories\":[\"acme/service\"],\"agents\":[\"cursor\"]}"}

[1m[34mlog[39m[22m: Handler:, {"kind":"request","options":{},"info":{"header":"POST [custom predicate]","method":"POST","callFrame":"http://127.0.0.1:6016/assets/iframe-DRQfpQ-N.js:1124:4289"},"isUsed":true}

[1m[34mlog[39m[22m: Response, {"status":200,"statusText":"OK","headers":{"content-length":"103","content-type":"application/json"},"body":"{\"pullRequests\":[],\"failures\":[{\"repository\":\"acme/service\",\"error\":\"Branch protection blocked push\"}]}"}
--------------------------
Components/Onboarding/Mcp/ConfigPrWizard > Standalone With Cancel[34m
Click to debug the error directly in Storybook:
http://127.0.0.1:6016/?path=/story/components-onboarding-mcp-configprwizard--standalone-with-cancel&addonPanel=storybook/a11y/panel

[39mMessage:
 [33mFound 1 a11y violations, run the test with 'a11y: { test: 'error' }' parameter to see the full report or debug it directly in Storybook.[39m


--------------------------------------------------

Browser logs:

[1m[34mlog[39m[22m: Request, {"url":"http://127.0.0.1:6016/acme/api/v1/github/installation/setup","method":"GET","headers":{"accept":"*/*"},"body":""}

[1m[34mlog[39m[22m: Handler:, {"kind":"request","options":{},"info":{"header":"GET [custom predicate]","method":"GET","callFrame":"http://127.0.0.1:6016/assets/iframe-DRQfpQ-N.js:1124:4289"},"isUsed":true}

[1m[34mlog[39m[22m: Response, {"status":404,"statusText":"Not Found","headers":{},"body":""}

[1m[34mlog[39m[22m: Request, {"url":"http://127.0.0.1:6016/acme/api/v1/github/installation/repositories?page=1&per_page=100","method":"GET","headers":{"accept":"*/*"},"body":""}

[1m[34mlog[39m[22m: Handler:, {"kind":"request","options":{},"info":{"header":"GET [custom predicate]","method":"GET","callFrame":"http://127.0.0.1:6016/assets/iframe-DRQfpQ-N.js:1124:4289"},"isUsed":true}

[1m[34mlog[39m[22m: Response, {"status":200,"statusText":"OK","headers":{"content-length":"184","content-type":"application/json"},"body":"{\"repositories\":[{\"id\":101,\"full_name\":\"acme/service\",\"name\":\"service\",\"html_url\":\"https://github.com/acme/service\",\"clone_url\":\"https://github.com/acme/service.git\"}],\"hasMore\":false}"}

[1m[34mlog[39m[22m: Request, {"url":"http://127.0.0.1:6016/.auth/api/config","method":"GET","headers":{"accept":"*/*"},"body":""}

[1m[34mlog[39m[22m: Handler:, {"kind":"request","options":{},"info":{"header":"GET */.auth/api/config","path":"*/.auth/api/config","method":"GET","callFrame":"http://127.0.0.1:6016/assets/iframe-DRQfpQ-N.js:1124:4289"},"isUsed":true}

[1m[34mlog[39m[22m: Response, {"status":200,"statusText":"OK","headers":{"content-length":"16","content-type":"application/json"},"body":"{\"providers\":[]}"}
--------------------------
Components/Onboarding/GithubSlide > Hosted No Installation[34m
Click to debug the error directly in Storybook:
http://127.0.0.1:6016/?path=/story/components-onboarding-githubslide--hosted-no-installation&addonPanel=storybook/a11y/panel

[39mMessage:
 [33mFound 1 a11y violations, run the test with 'a11y: { test: 'error' }' parameter to see the full report or debug it directly in Storybook.[39m


--------------------------------------------------

Browser logs:

[1m[34mlog[39m[22m: Request, {"url":"http://127.0.0.1:6016/acme/api/v1/github/installation","method":"GET","headers":{"accept":"*/*"},"body":""}

[1m[34mlog[39m[22m: Handler:, {"kind":"request","options":{},"info":{"header":"GET [custom predicate]","method":"GET","callFrame":"http://127.0.0.1:6016/assets/iframe-DRQfpQ-N.js:1124:4289"},"isUsed":true}

[1m[34mlog[39m[22m: Response, {"status":200,"statusText":"OK","headers":{"content-length":"4","content-type":"application/json"},"body":"null"}

[1m[34mlog[39m[22m: Request, {"url":"http://127.0.0.1:6016/acme/api/v1/github/installation/connector-bootstrap","method":"GET","headers":{"accept":"*/*"},"body":""}

[1m[34mlog[39m[22m: Handler:, {"kind":"request","options":{},"info":{"header":"GET [custom predicate]","method":"GET","callFrame":"http://127.0.0.1:6016/assets/iframe-DRQfpQ-N.js:1124:4289"},"isUsed":true}

[1m[34mlog[39m[22m: Response, {"status":200,"statusText":"OK","headers":{"content-length":"282","content-type":"application/json"},"body":"{\"publicApiOrigin\":\"https://acme.example.com\",\"suggestedWebhookUrlTemplate\":\"https://acme.example.com/api/v1/webhook/github/<connectionId>\",\"githubAppConfiguredInEnv\":true,\"rowsNeedingSecrets\":0,\"hostedDefaultAppInstallUrl\":\"https://github.com/apps/ctxpipe-agent/installations/new\"}"}

[1m[34mlog[39m[22m: Request, {"url":"http://127.0.0.1:6016/.auth/api/config","method":"GET","headers":{"accept":"*/*"},"body":""}

[1m[34mlog[39m[22m: Handler:, {"kind":"request","options":{},"info":{"header":"GET */.auth/api/config","path":"*/.auth/api/config","method":"GET","callFrame":"http://127.0.0.1:6016/assets/iframe-DRQfpQ-N.js:1124:4289"},"isUsed":true}

[1m[34mlog[39m[22m: Response, {"status":200,"statusText":"OK","headers":{"content-length":"16","content-type":"application/json"},"body":"{\"providers\":[]}"}

[1m[34mlog[39m[22m: Request, {"url":"http://127.0.0.1:6016/.auth/api/v1/auth/get-session","method":"GET","headers":{"accept":"*/*"},"body":""}

[1m[34mlog[39m[22m: Handler:, {"kind":"request","options":{},"info":{"header":"GET */.auth/api/v1/auth/get-session","path":"*/.auth/api/v1/auth/get-session","method":"GET","callFrame":"http://127.0.0.1:6016/assets/iframe-DRQfpQ-N.js:1124:4289"},"isUsed":true}

[1m[34mlog[39m[22m: Response, {"status":200,"statusText":"OK","headers":{"content-length":"260","content-type":"application/json"},"body":"{\"session\":{\"id\":\"storybook-session\",\"userId\":\"user_storybook\",\"expiresAt\":\"2026-09-08T11:53:34.394Z\"},\"user\":{\"id\":\"user_storybook\",\"email\":\"story@ctxpipe.local\",\"name\":\"Storybook User\",\"emailVerified\":true,\"onboardingCompletedAt\":\"2025-01-01T00:00:00.000Z\"}}"}

[1m[34mlog[39m[22m: Request, {"url":"http://127.0.0.1:6016/.auth/api/v1/auth/get-session","method":"GET","headers":{"accept":"*/*"},"body":""}

[1m[34mlog[39m[22m: Handler:, {"kind":"request","options":{},"info":{"header":"GET */.auth/api/v1/auth/get-session","path":"*/.auth/api/v1/auth/get-session","method":"GET","callFrame":"http://127.0.0.1:6016/assets/iframe-DRQfpQ-N.js:1124:4289"},"isUsed":true}

[1m[34mlog[39m[22m: Response, {"status":200,"statusText":"OK","headers":{"content-length":"260","content-type":"application/json"},"body":"{\"session\":{\"id\":\"storybook-session\",\"userId\":\"user_storybook\",\"expiresAt\":\"2026-09-08T11:53:34.395Z\"},\"user\":{\"id\":\"user_storybook\",\"email\":\"story@ctxpipe.local\",\"name\":\"Storybook User\",\"emailVerified\":true,\"onboardingCompletedAt\":\"2025-01-01T00:00:00.000Z\"}}"}

[1m[34mlog[39m[22m: Request, {"url":"http://127.0.0.1:6016/.auth/api/v1/auth/organization/list","method":"GET","headers":{"accept":"*/*"},"body":""}

[1m[34mlog[39m[22m: Handler:, {"kind":"request","options":{},"info":{"header":"GET */.auth/api/v1/auth/organization/list","path":"*/.auth/api/v1/auth/organization/list","method":"GET","callFrame":"http://127.0.0.1:6016/assets/iframe-DRQfpQ-N.js:1124:4289"},"isUsed":true}

[1m[34mlog[39m[22m: Response, {"status":200,"statusText":"OK","headers":{"content-length":"61","content-type":"application/json"},"body":"[{\"id\":\"org_storybook\",\"name\":\"Storybook Org\",\"slug\":\"acme\"}]"}

[1m[34mlog[39m[22m: Request, {"url":"http://127.0.0.1:6016/.auth/api/v1/auth/organization/list","method":"GET","headers":{"accept":"*/*"},"body":""}

[1m[34mlog[39m[22m: Handler:, {"kind":"request","options":{},"info":{"header":"GET */.auth/api/v1/auth/organization/list","path":"*/.auth/api/v1/auth/organization/list","method":"GET","callFrame":"http://127.0.0.1:6016/assets/iframe-DRQfpQ-N.js:1124:4289"},"isUsed":true}

[1m[34mlog[39m[22m: Response, {"status":200,"statusText":"OK","headers":{"content-length":"61","content-type":"application/json"},"body":"[{\"id\":\"org_storybook\",\"name\":\"Storybook Org\",\"slug\":\"acme\"}]"}
--------------------------
Components/Onboarding/GithubSlide > Self Hosted No Installation[34m
Click to debug the error directly in Storybook:
http://127.0.0.1:6016/?path=/story/components-onboarding-githubslide--self-hosted-no-installation&addonPanel=storybook/a11y/panel

[39mMessage:
 [33mFound 1 a11y violations, run the test with 'a11y: { test: 'error' }' parameter to see the full report or debug it directly in Storybook.[39m


--------------------------------------------------

Browser logs:

[1m[34mlog[39m[22m: Request, {"url":"http://127.0.0.1:6016/acme/api/v1/github/installation","method":"GET","headers":{"accept":"*/*"},"body":""}

[1m[34mlog[39m[22m: Handler:, {"kind":"request","options":{},"info":{"header":"GET [custom predicate]","method":"GET","callFrame":"http://127.0.0.1:6016/assets/iframe-DRQfpQ-N.js:1124:4289"},"isUsed":true}

[1m[34mlog[39m[22m: Response, {"status":200,"statusText":"OK","headers":{"content-length":"4","content-type":"application/json"},"body":"null"}

[1m[34mlog[39m[22m: Request, {"url":"http://127.0.0.1:6016/acme/api/v1/github/installation/connector-bootstrap","method":"GET","headers":{"accept":"*/*"},"body":""}

[1m[34mlog[39m[22m: Handler:, {"kind":"request","options":{},"info":{"header":"GET [custom predicate]","method":"GET","callFrame":"http://127.0.0.1:6016/assets/iframe-DRQfpQ-N.js:1124:4289"},"isUsed":true}

[1m[34mlog[39m[22m: Response, {"status":200,"statusText":"OK","headers":{"content-length":"230","content-type":"application/json"},"body":"{\"publicApiOrigin\":\"https://acme.example.com\",\"suggestedWebhookUrlTemplate\":\"https://acme.example.com/api/v1/webhook/github/<connectionId>\",\"githubAppConfiguredInEnv\":false,\"rowsNeedingSecrets\":0,\"hostedDefaultAppInstallUrl\":null}"}

[1m[34mlog[39m[22m: Request, {"url":"http://127.0.0.1:6016/.auth/api/config","method":"GET","headers":{"accept":"*/*"},"body":""}

[1m[34mlog[39m[22m: Handler:, {"kind":"request","options":{},"info":{"header":"GET */.auth/api/config","path":"*/.auth/api/config","method":"GET","callFrame":"http://127.0.0.1:6016/assets/iframe-DRQfpQ-N.js:1124:4289"},"isUsed":true}

[1m[34mlog[39m[22m: Response, {"status":200,"statusText":"OK","headers":{"content-length":"16","content-type":"application/json"},"body":"{\"providers\":[]}"}

[1m[34mlog[39m[22m: Request, {"url":"http://127.0.0.1:6016/.auth/api/v1/auth/get-session","method":"GET","headers":{"accept":"*/*"},"body":""}

[1m[34mlog[39m[22m: Handler:, {"kind":"request","options":{},"info":{"header":"GET */.auth/api/v1/auth/get-session","path":"*/.auth/api/v1/auth/get-session","method":"GET","callFrame":"http://127.0.0.1:6016/assets/iframe-DRQfpQ-N.js:1124:4289"},"isUsed":true}

[1m[34mlog[39m[22m: Response, {"status":200,"statusText":"OK","headers":{"content-length":"260","content-type":"application/json"},"body":"{\"session\":{\"id\":\"storybook-session\",\"userId\":\"user_storybook\",\"expiresAt\":\"2026-09-08T11:53:34.515Z\"},\"user\":{\"id\":\"user_storybook\",\"email\":\"story@ctxpipe.local\",\"name\":\"Storybook User\",\"emailVerified\":true,\"onboardingCompletedAt\":\"2025-01-01T00:00:00.000Z\"}}"}
--------------------------
Components/Onboarding/GithubSlide > Installation Loading[34m
Click to debug the error directly in Storybook:
http://127.0.0.1:6016/?path=/story/components-onboarding-githubslide--installation-loading&addonPanel=storybook/a11y/panel

[39mMessage:
 [33mFound 1 a11y violations, run the test with 'a11y: { test: 'error' }' parameter to see the full report or debug it directly in Storybook.[39m


--------------------------------------------------

Browser logs:

[1m[34mlog[39m[22m: Request, {"url":"http://127.0.0.1:6016/acme/api/v1/github/installation/connector-bootstrap","method":"GET","headers":{"accept":"*/*"},"body":""}

[1m[34mlog[39m[22m: Handler:, {"kind":"request","options":{},"info":{"header":"GET [custom predicate]","method":"GET","callFrame":"http://127.0.0.1:6016/assets/iframe-DRQfpQ-N.js:1124:4289"},"isUsed":true}

[1m[34mlog[39m[22m: Response, {"status":200,"statusText":"OK","headers":{"content-length":"282","content-type":"application/json"},"body":"{\"publicApiOrigin\":\"https://acme.example.com\",\"suggestedWebhookUrlTemplate\":\"https://acme.example.com/api/v1/webhook/github/<connectionId>\",\"githubAppConfiguredInEnv\":true,\"rowsNeedingSecrets\":0,\"hostedDefaultAppInstallUrl\":\"https://github.com/apps/ctxpipe-agent/installations/new\"}"}

[1m[34mlog[39m[22m: Request, {"url":"http://127.0.0.1:6016/.auth/api/config","method":"GET","headers":{"accept":"*/*"},"body":""}

[1m[34mlog[39m[22m: Handler:, {"kind":"request","options":{},"info":{"header":"GET */.auth/api/config","path":"*/.auth/api/config","method":"GET","callFrame":"http://127.0.0.1:6016/assets/iframe-DRQfpQ-N.js:1124:4289"},"isUsed":true}

[1m[34mlog[39m[22m: Response, {"status":200,"statusText":"OK","headers":{"content-length":"16","content-type":"application/json"},"body":"{\"providers\":[]}"}
--------------------------
Components/Onboarding/GithubSlide > Bootstrap Loading[34m
Click to debug the error directly in Storybook:
http://127.0.0.1:6016/?path=/story/components-onboarding-githubslide--bootstrap-loading&addonPanel=storybook/a11y/panel

[39mMessage:
 [33mFound 1 a11y violations, run the test with 'a11y: { test: 'error' }' parameter to see the full report or debug it directly in Storybook.[39m


--------------------------------------------------

Browser logs:

[1m[34mlog[39m[22m: Request, {"url":"http://127.0.0.1:6016/acme/api/v1/github/installation","method":"GET","headers":{"accept":"*/*"},"body":""}

[1m[34mlog[39m[22m: Handler:, {"kind":"request","options":{},"info":{"header":"GET [custom predicate]","method":"GET","callFrame":"http://127.0.0.1:6016/assets/iframe-DRQfpQ-N.js:1124:4289"},"isUsed":true}

[1m[34mlog[39m[22m: Response, {"status":200,"statusText":"OK","headers":{"content-length":"4","content-type":"application/json"},"body":"null"}

[1m[34mlog[39m[22m: Request, {"url":"http://127.0.0.1:6016/.auth/api/config","method":"GET","headers":{"accept":"*/*"},"body":""}

[1m[34mlog[39m[22m: Handler:, {"kind":"request","options":{},"info":{"header":"GET */.auth/api/config","path":"*/.auth/api/config","method":"GET","callFrame":"http://127.0.0.1:6016/assets/iframe-DRQfpQ-N.js:1124:4289"},"isUsed":true}

[1m[34mlog[39m[22m: Response, {"status":200,"statusText":"OK","headers":{"content-length":"16","content-type":"application/json"},"body":"{\"providers\":[]}"}

[1m[34mlog[39m[22m: Request, {"url":"http://127.0.0.1:6016/.auth/api/v1/auth/get-session","method":"GET","headers":{"accept":"*/*"},"body":""}

[1m[34mlog[39m[22m: Handler:, {"kind":"request","options":{},"info":{"header":"GET */.auth/api/v1/auth/get-session","path":"*/.auth/api/v1/auth/get-session","method":"GET","callFrame":"http://127.0.0.1:6016/assets/iframe-DRQfpQ-N.js:1124:4289"},"isUsed":true}

[1m[34mlog[39m[22m: Response, {"status":200,"statusText":"OK","headers":{"content-length":"260","content-type":"application/json"},"body":"{\"session\":{\"id\":\"storybook-session\",\"userId\":\"user_storybook\",\"expiresAt\":\"2026-09-08T11:53:34.586Z\"},\"user\":{\"id\":\"user_storybook\",\"email\":\"story@ctxpipe.local\",\"name\":\"Storybook User\",\"emailVerified\":true,\"onboardingCompletedAt\":\"2025-01-01T00:00:00.000Z\"}}"}
--------------------------
Components/Onboarding/GithubSlide > Installed Empty[34m
Click to debug the error directly in Storybook:
http://127.0.0.1:6016/?path=/story/components-onboarding-githubslide--installed-empty&addonPanel=storybook/a11y/panel

[39mMessage:
 [33mFound 1 a11y violations, run the test with 'a11y: { test: 'error' }' parameter to see the full report or debug it directly in Storybook.[39m


--------------------------------------------------

Browser logs:

[1m[34mlog[39m[22m: Request, {"url":"http://127.0.0.1:6016/acme/api/v1/github/installation","method":"GET","headers":{"accept":"*/*"},"body":""}

[1m[34mlog[39m[22m: Handler:, {"kind":"request","options":{},"info":{"header":"GET [custom predicate]","method":"GET","callFrame":"http://127.0.0.1:6016/assets/iframe-DRQfpQ-N.js:1124:4289"},"isUsed":true}

[1m[34mlog[39m[22m: Response, {"status":200,"statusText":"OK","headers":{"content-length":"22","content-type":"application/json"},"body":"{\"id\":\"story-install\"}"}

[1m[34mlog[39m[22m: Request, {"url":"http://127.0.0.1:6016/acme/api/v1/github/installation/connector-bootstrap","method":"GET","headers":{"accept":"*/*"},"body":""}

[1m[34mlog[39m[22m: Handler:, {"kind":"request","options":{},"info":{"header":"GET [custom predicate]","method":"GET","callFrame":"http://127.0.0.1:6016/assets/iframe-DRQfpQ-N.js:1124:4289"},"isUsed":true}

[1m[34mlog[39m[22m: Response, {"status":200,"statusText":"OK","headers":{"content-length":"282","content-type":"application/json"},"body":"{\"publicApiOrigin\":\"https://acme.example.com\",\"suggestedWebhookUrlTemplate\":\"https://acme.example.com/api/v1/webhook/github/<connectionId>\",\"githubAppConfiguredInEnv\":true,\"rowsNeedingSecrets\":0,\"hostedDefaultAppInstallUrl\":\"https://github.com/apps/ctxpipe-agent/installations/new\"}"}

[1m[34mlog[39m[22m: Request, {"url":"http://127.0.0.1:6016/.auth/api/config","method":"GET","headers":{"accept":"*/*"},"body":""}

[1m[34mlog[39m[22m: Handler:, {"kind":"request","options":{},"info":{"header":"GET */.auth/api/config","path":"*/.auth/api/config","method":"GET","callFrame":"http://127.0.0.1:6016/assets/iframe-DRQfpQ-N.js:1124:4289"},"isUsed":true}

[1m[34mlog[39m[22m: Response, {"status":200,"statusText":"OK","headers":{"content-length":"16","content-type":"application/json"},"body":"{\"providers\":[]}"}

[1m[34mlog[39m[22m: Request, {"url":"http://127.0.0.1:6016/.auth/api/v1/auth/get-session","method":"GET","headers":{"accept":"*/*"},"body":""}

[1m[34mlog[39m[22m: Handler:, {"kind":"request","options":{},"info":{"header":"GET */.auth/api/v1/auth/get-session","path":"*/.auth/api/v1/auth/get-session","method":"GET","callFrame":"http://127.0.0.1:6016/assets/iframe-DRQfpQ-N.js:1124:4289"},"isUsed":true}

[1m[34mlog[39m[22m: Response, {"status":200,"statusText":"OK","headers":{"content-length":"260","content-type":"application/json"},"body":"{\"session\":{\"id\":\"storybook-session\",\"userId\":\"user_storybook\",\"expiresAt\":\"2026-09-08T11:53:34.620Z\"},\"user\":{\"id\":\"user_storybook\",\"email\":\"story@ctxpipe.local\",\"name\":\"Storybook User\",\"emailVerified\":true,\"onboardingCompletedAt\":\"2025-01-01T00:00:00.000Z\"}}"}
--------------------------
Components/Onboarding/GithubSlide > Installed Populated[34m
Click to debug the error directly in Storybook:
http://127.0.0.1:6016/?path=/story/components-onboarding-githubslide--installed-populated&addonPanel=storybook/a11y/panel

[39mMessage:
 [33mFound 1 a11y violations, run the test with 'a11y: { test: 'error' }' parameter to see the full report or debug it directly in Storybook.[39m


--------------------------------------------------

Browser logs:

[1m[34mlog[39m[22m: Request, {"url":"http://127.0.0.1:6016/acme/api/v1/github/installation","method":"GET","headers":{"accept":"*/*"},"body":""}

[1m[34mlog[39m[22m: Handler:, {"kind":"request","options":{},"info":{"header":"GET [custom predicate]","method":"GET","callFrame":"http://127.0.0.1:6016/assets/iframe-DRQfpQ-N.js:1124:4289"},"isUsed":true}

[1m[34mlog[39m[22m: Response, {"status":200,"statusText":"OK","headers":{"content-length":"22","content-type":"application/json"},"body":"{\"id\":\"story-install\"}"}

[1m[34mlog[39m[22m: Request, {"url":"http://127.0.0.1:6016/acme/api/v1/github/installation/connector-bootstrap","method":"GET","headers":{"accept":"*/*"},"body":""}

[1m[34mlog[39m[22m: Handler:, {"kind":"request","options":{},"info":{"header":"GET [custom predicate]","method":"GET","callFrame":"http://127.0.0.1:6016/assets/iframe-DRQfpQ-N.js:1124:4289"},"isUsed":true}

[1m[34mlog[39m[22m: Response, {"status":200,"statusText":"OK","headers":{"content-length":"282","content-type":"application/json"},"body":"{\"publicApiOrigin\":\"https://acme.example.com\",\"suggestedWebhookUrlTemplate\":\"https://acme.example.com/api/v1/webhook/github/<connectionId>\",\"githubAppConfiguredInEnv\":true,\"rowsNeedingSecrets\":0,\"hostedDefaultAppInstallUrl\":\"https://github.com/apps/ctxpipe-agent/installations/new\"}"}

[1m[34mlog[39m[22m: Request, {"url":"http://127.0.0.1:6016/.auth/api/config","method":"GET","headers":{"accept":"*/*"},"body":""}

[1m[34mlog[39m[22m: Handler:, {"kind":"request","options":{},"info":{"header":"GET */.auth/api/config","path":"*/.auth/api/config","method":"GET","callFrame":"http://127.0.0.1:6016/assets/iframe-DRQfpQ-N.js:1124:4289"},"isUsed":true}

[1m[34mlog[39m[22m: Response, {"status":200,"statusText":"OK","headers":{"content-length":"16","content-type":"application/json"},"body":"{\"providers\":[]}"}
[0m[7m[1m[32m PASS [39m[22m[27m[0m [0m[7m[33m browser: chromium [39m[27m[0m [2m../../../../var/folders/9t/jj9rnpps7_ddb72c1mq2k13w0000gn/T/c074bc092911af3a35c92415033685a1/[22m[1mcomponents-onboarding-githubslide.test.js[22m
--------------------------
Components/Onboarding/GithubSlide > Installed Loading[34m
Click to debug the error directly in Storybook:
http://127.0.0.1:6016/?path=/story/components-onboarding-githubslide--installed-loading&addonPanel=storybook/a11y/panel

[39mMessage:
 [33mFound 1 a11y violations, run the test with 'a11y: { test: 'error' }' parameter to see the full report or debug it directly in Storybook.[39m


--------------------------------------------------

Browser logs:

[1m[34mlog[39m[22m: Request, {"url":"http://127.0.0.1:6016/acme/api/v1/github/installation","method":"GET","headers":{"accept":"*/*"},"body":""}

[1m[34mlog[39m[22m: Handler:, {"kind":"request","options":{},"info":{"header":"GET [custom predicate]","method":"GET","callFrame":"http://127.0.0.1:6016/assets/iframe-DRQfpQ-N.js:1124:4289"},"isUsed":true}

[1m[34mlog[39m[22m: Response, {"status":200,"statusText":"OK","headers":{"content-length":"22","content-type":"application/json"},"body":"{\"id\":\"story-install\"}"}

[1m[34mlog[39m[22m: Request, {"url":"http://127.0.0.1:6016/acme/api/v1/github/installation/connector-bootstrap","method":"GET","headers":{"accept":"*/*"},"body":""}

[1m[34mlog[39m[22m: Handler:, {"kind":"request","options":{},"info":{"header":"GET [custom predicate]","method":"GET","callFrame":"http://127.0.0.1:6016/assets/iframe-DRQfpQ-N.js:1124:4289"},"isUsed":true}

[1m[34mlog[39m[22m: Response, {"status":200,"statusText":"OK","headers":{"content-length":"282","content-type":"application/json"},"body":"{\"publicApiOrigin\":\"https://acme.example.com\",\"suggestedWebhookUrlTemplate\":\"https://acme.example.com/api/v1/webhook/github/<connectionId>\",\"githubAppConfiguredInEnv\":true,\"rowsNeedingSecrets\":0,\"hostedDefaultAppInstallUrl\":\"https://github.com/apps/ctxpipe-agent/installations/new\"}"}

[1m[34mlog[39m[22m: Request, {"url":"http://127.0.0.1:6016/.auth/api/config","method":"GET","headers":{"accept":"*/*"},"body":""}

[1m[34mlog[39m[22m: Handler:, {"kind":"request","options":{},"info":{"header":"GET */.auth/api/config","path":"*/.auth/api/config","method":"GET","callFrame":"http://127.0.0.1:6016/assets/iframe-DRQfpQ-N.js:1124:4289"},"isUsed":true}

[1m[34mlog[39m[22m: Response, {"status":200,"statusText":"OK","headers":{"content-length":"16","content-type":"application/json"},"body":"{\"providers\":[]}"}

[1m[34mlog[39m[22m: Request, {"url":"http://127.0.0.1:6016/.auth/api/v1/auth/get-session","method":"GET","headers":{"accept":"*/*"},"body":""}

[1m[34mlog[39m[22m: Handler:, {"kind":"request","options":{},"info":{"header":"GET */.auth/api/v1/auth/get-session","path":"*/.auth/api/v1/auth/get-session","method":"GET","callFrame":"http://127.0.0.1:6016/assets/iframe-DRQfpQ-N.js:1124:4289"},"isUsed":true}

[1m[34mlog[39m[22m: Response, {"status":200,"statusText":"OK","headers":{"content-length":"260","content-type":"application/json"},"body":"{\"session\":{\"id\":\"storybook-session\",\"userId\":\"user_storybook\",\"expiresAt\":\"2026-09-08T11:53:34.690Z\"},\"user\":{\"id\":\"user_storybook\",\"email\":\"story@ctxpipe.local\",\"name\":\"Storybook User\",\"emailVerified\":true,\"onboardingCompletedAt\":\"2025-01-01T00:00:00.000Z\"}}"}
[0m[7m[1m[32m PASS [39m[22m[27m[0m [0m[7m[33m browser: chromium [39m[27m[0m [2m../../../../var/folders/9t/jj9rnpps7_ddb72c1mq2k13w0000gn/T/c074bc092911af3a35c92415033685a1/[22m[1mcomponents-repositories-repositorycard.test.js[22m
[0m[7m[1m[32m PASS [39m[22m[27m[0m [0m[7m[33m browser: chromium [39m[27m[0m [2m../../../../var/folders/9t/jj9rnpps7_ddb72c1mq2k13w0000gn/T/c074bc092911af3a35c92415033685a1/[22m[1mcomponents-workspaces-repositorypicker.test.js[22m
[0m[7m[1m[32m PASS [39m[22m[27m[0m [0m[7m[33m browser: chromium [39m[27m[0m [2m../../../../var/folders/9t/jj9rnpps7_ddb72c1mq2k13w0000gn/T/c074bc092911af3a35c92415033685a1/[22m[1mcomponents-onboarding-pageshell.test.js[22m
--------------------------
Components/Onboarding/Slides/Invite > Empty[34m
Click to debug the error directly in Storybook:
http://127.0.0.1:6016/?path=/story/components-onboarding-slides-invite--empty&addonPanel=storybook/a11y/panel

[39mMessage:
 [33mFound 1 a11y violations, run the test with 'a11y: { test: 'error' }' parameter to see the full report or debug it directly in Storybook.[39m


--------------------------------------------------

Browser logs:

[1m[34mlog[39m[22m: Request, {"url":"http://127.0.0.1:6016/.auth/api/config","method":"GET","headers":{"accept":"*/*"},"body":""}

[1m[34mlog[39m[22m: Handler:, {"kind":"request","options":{},"info":{"header":"GET */.auth/api/config","path":"*/.auth/api/config","method":"GET","callFrame":"http://127.0.0.1:6016/assets/iframe-DRQfpQ-N.js:1124:4289"},"isUsed":true}

[1m[34mlog[39m[22m: Response, {"status":200,"statusText":"OK","headers":{"content-length":"16","content-type":"application/json"},"body":"{\"providers\":[]}"}

[1m[34mlog[39m[22m: Request, {"url":"http://127.0.0.1:6016/.auth/api/v1/auth/get-session","method":"GET","headers":{"accept":"*/*"},"body":""}

[1m[34mlog[39m[22m: Handler:, {"kind":"request","options":{},"info":{"header":"GET */.auth/api/v1/auth/get-session","path":"*/.auth/api/v1/auth/get-session","method":"GET","callFrame":"http://127.0.0.1:6016/assets/iframe-DRQfpQ-N.js:1124:4289"},"isUsed":true}

[1m[34mlog[39m[22m: Response, {"status":200,"statusText":"OK","headers":{"content-length":"260","content-type":"application/json"},"body":"{\"session\":{\"id\":\"storybook-session\",\"userId\":\"user_storybook\",\"expiresAt\":\"2026-09-08T11:53:36.490Z\"},\"user\":{\"id\":\"user_storybook\",\"email\":\"story@ctxpipe.local\",\"name\":\"Storybook User\",\"emailVerified\":true,\"onboardingCompletedAt\":\"2025-01-01T00:00:00.000Z\"}}"}

[1m[34mlog[39m[22m: Request, {"url":"http://127.0.0.1:6016/.auth/api/v1/auth/get-session","method":"GET","headers":{"accept":"*/*"},"body":""}

[1m[34mlog[39m[22m: Handler:, {"kind":"request","options":{},"info":{"header":"GET */.auth/api/v1/auth/get-session","path":"*/.auth/api/v1/auth/get-session","method":"GET","callFrame":"http://127.0.0.1:6016/assets/iframe-DRQfpQ-N.js:1124:4289"},"isUsed":true}

[1m[34mlog[39m[22m: Response, {"status":200,"statusText":"OK","headers":{"content-length":"260","content-type":"application/json"},"body":"{\"session\":{\"id\":\"storybook-session\",\"userId\":\"user_storybook\",\"expiresAt\":\"2026-09-08T11:53:36.492Z\"},\"user\":{\"id\":\"user_storybook\",\"email\":\"story@ctxpipe.local\",\"name\":\"Storybook User\",\"emailVerified\":true,\"onboardingCompletedAt\":\"2025-01-01T00:00:00.000Z\"}}"}

[1m[34mlog[39m[22m: Request, {"url":"http://127.0.0.1:6016/.auth/api/v1/auth/organization/list","method":"GET","headers":{"accept":"*/*"},"body":""}

[1m[34mlog[39m[22m: Handler:, {"kind":"request","options":{},"info":{"header":"GET */.auth/api/v1/auth/organization/list","path":"*/.auth/api/v1/auth/organization/list","method":"GET","callFrame":"http://127.0.0.1:6016/assets/iframe-DRQfpQ-N.js:1124:4289"},"isUsed":true}

[1m[34mlog[39m[22m: Response, {"status":200,"statusText":"OK","headers":{"content-length":"61","content-type":"application/json"},"body":"[{\"id\":\"org_storybook\",\"name\":\"Storybook Org\",\"slug\":\"acme\"}]"}

[1m[34mlog[39m[22m: Request, {"url":"http://127.0.0.1:6016/.auth/api/v1/auth/organization/list","method":"GET","headers":{"accept":"*/*"},"body":""}

[1m[34mlog[39m[22m: Handler:, {"kind":"request","options":{},"info":{"header":"GET */.auth/api/v1/auth/organization/list","path":"*/.auth/api/v1/auth/organization/list","method":"GET","callFrame":"http://127.0.0.1:6016/assets/iframe-DRQfpQ-N.js:1124:4289"},"isUsed":true}

[1m[34mlog[39m[22m: Response, {"status":200,"statusText":"OK","headers":{"content-length":"61","content-type":"application/json"},"body":"[{\"id\":\"org_storybook\",\"name\":\"Storybook Org\",\"slug\":\"acme\"}]"}
[0m[7m[1m[32m PASS [39m[22m[27m[0m [0m[7m[33m browser: chromium [39m[27m[0m [2m../../../../var/folders/9t/jj9rnpps7_ddb72c1mq2k13w0000gn/T/c074bc092911af3a35c92415033685a1/[22m[1mcomponents-connections-listitem.test.js[22m
[0m[7m[1m[32m PASS [39m[22m[27m[0m [0m[7m[33m browser: chromium [39m[27m[0m [2m../../../../var/folders/9t/jj9rnpps7_ddb72c1mq2k13w0000gn/T/c074bc092911af3a35c92415033685a1/[22m[1mcomponents-connections-slack-setupdialog.test.js[22m
[0m[7m[1m[31m FAIL [39m[22m[27m[0m [0m[7m[33m browser: chromium [39m[27m[0m [2m../../../../var/folders/9t/jj9rnpps7_ddb72c1mq2k13w0000gn/T/c074bc092911af3a35c92415033685a1/[22m[1mcomponents-onboarding-slides-invite.test.js[22m
  [1m● [22mConsole

    [2mconsole.log[22m
      An error occurred in the following story, most likely because of a navigation: "Components/Onboarding/Slides/Invite/Send Failed". Retrying...
[2m[22m
[2m      [2mat Object.log ([22m[2m../../var/folders/9t/jj9rnpps7_ddb72c1mq2k13w0000gn/T/c074bc092911af3a35c92415033685a1/components-onboarding-slides-invite.test.js[2m:232:19)[22m[2m[22m

[1m[31m  [1m● [22m[1mComponents/Onboarding/Slides/Invite › Validation Error › play-test[39m[22m

    page.evaluate: StorybookTestRunnerError: [34m
    Click to debug the error directly in Storybook:
    http://127.0.0.1:6016/?path=/story/components-onboarding-slides-invite--validation-error&addonPanel=storybook/interactions/panel

    [39mMessage:
     expect(element).toBeVisible()

    Received element is not visible:
      <p
      class="mb-4 text-xs text-red-400"
    />

[2m      73 |         let result;[22m
[2m      74 |         try {[22m
[2m    > 75 |           result = await page.evaluate(({[22m
[2m         |                               ^[22m
[2m      76 |             id,[22m
[2m      77 |             hasPlayFn[22m
[2m      78 |           }) => __test(id, hasPlayFn), {[22m

[2m      [2mat evaluate ([22m[2m[0m[36m../../var/folders/9t/jj9rnpps7_ddb72c1mq2k13w0000gn/T/c074bc092911af3a35c92415033685a1/components-onboarding-slides-invite.test.js[39m[0m[2m:75:31)[22m[2m[22m
[2m      [2mat Object.testFn ([22m[2m[0m[36m../../var/folders/9t/jj9rnpps7_ddb72c1mq2k13w0000gn/T/c074bc092911af3a35c92415033685a1/components-onboarding-slides-invite.test.js[39m[0m[2m:109:15)[22m[2m[22m

[1m[31m  [1m● [22m[1mComponents/Onboarding/Slides/Invite › Send Failed › play-test[39m[22m

    page.evaluate: StorybookTestRunnerError: [34m
    Click to debug the error directly in Storybook:
    http://127.0.0.1:6016/?path=/story/components-onboarding-slides-invite--send-failed&addonPanel=storybook/interactions/panel

    [39mMessage:
     Unable to find an element with the text: /failed to send invites/i. This could be because the text is broken up by multiple elements. In this case, you can provide a function for your text matcher to make your matcher more flexible.

    Ignored nodes: comments, script, style
    <div
      id="storybook-root"
    >
      <div
        class="min-h-screen bg-background font-sans text-foreground antialiased"
      >
        <div
          class="max-w-xl rounded-none border border-border bg-zinc-950 p-8 text-left"
        >
          <h2
            class="onb-in-1 mb-4 text-3xl font-semibold text-zinc-100 sm:text-4xl"
          >
            Invite team members
          </h2>
          <div
            class="onb-in-2 mx-auto mb-10 max-w-3xl"
          >
            <p
              class="mx-auto mb-4 text-zinc-300"
            >
              ctx| is designed for your whole team and their agents. Invite some co-workers to test it out with.
            </p>
            <div
              class="mx-auto max-w-3xl rounded-none border border-border bg-zinc-950/70 p-6 text-left"
           …


    --------------------------------------------------

    Browser logs:

    [1m[34mlog[39m[22m: Request, {"url":"http://127.0.0.1:6016/.auth/api/config","method":"GET","headers":{"accept":"*/*"},"body":""}

    [1m[34mlog[39m[22m: Handler:, {"kind":"request","options":{},"info":{"header":"GET */.auth/api/config","path":"*/.auth/api/config","method":"GET","callFrame":"http://127.0.0.1:6016/assets/iframe-DRQfpQ-N.js:1124:4289"},"isUsed":true}

    [1m[34mlog[39m[22m: Response, {"status":200,"statusText":"OK","headers":{"content-length":"16","content-type":"application/json"},"body":"{\"providers\":[]}"}

    [1m[34mlog[39m[22m: Request, {"url":"http://127.0.0.1:6016/.auth/api/v1/auth/get-session","method":"GET","headers":{"accept":"*/*"},"body":""}

    [1m[34mlog[39m[22m: Handler:, {"kind":"request","options":{},"info":{"header":"GET */.auth/api/v1/auth/get-session","path":"*/.auth/api/v1/auth/get-session","method":"GET","callFrame":"http://127.0.0.1:6016/assets/iframe-DRQfpQ-N.js:1124:4289"},"isUsed":true}

    [1m[34mlog[39m[22m: Response, {"status":200,"statusText":"OK","headers":{"content-length":"260","content-type":"application/json"},"body":"{\"session\":{\"id\":\"storybook-session\",\"userId\":\"user_storybook\",\"expiresAt\":\"2026-09-08T11:53:36.965Z\"},\"user\":{\"id\":\"user_storybook\",\"email\":\"story@ctxpipe.local\",\"name\":\"Storybook User\",\"emailVerified\":true,\"onboardingCompletedAt\":\"2025-01-01T00:00:00.000Z\"}}"}

    [1m[34mlog[39m[22m: Request, {"url":"http://127.0.0.1:6016/.auth/api/v1/auth/get-session","method":"GET","headers":{"accept":"*/*"},"body":""}

    [1m[34mlog[39m[22m: Handler:, {"kind":"request","options":{},"info":{"header":"GET */.auth/api/v1/auth/get-session","path":"*/.auth/api/v1/auth/get-session","method":"GET","callFrame":"http://127.0.0.1:6016/assets/iframe-DRQfpQ-N.js:1124:4289"},"isUsed":true}

    [1m[34mlog[39m[22m: Response, {"status":200,"statusText":"OK","headers":{"content-length":"260","content-type":"application/json"},"body":"{\"session\":{\"id\":\"storybook-session\",\"userId\":\"user_storybook\",\"expiresAt\":\"2026-09-08T11:53:36.968Z\"},\"user\":{\"id\":\"user_storybook\",\"email\":\"story@ctxpipe.local\",\"name\":\"Storybook User\",\"emailVerified\":true,\"onboardingCompletedAt\":\"2025-01-01T00:00:00.000Z\"}}"}

    [1m[34mlog[39m[22m: Request, {"url":"http://127.0.0.1:6016/.auth/api/v1/auth/organization/list","method":"GET","headers":{"accept":"*/*"},"body":""}

    [1m[34mlog[39m[22m: Handler:, {"kind":"request","options":{},"info":{"header":"GET */.auth/api/v1/auth/organization/list","path":"*/.auth/api/v1/auth/organization/list","method":"GET","callFrame":"http://127.0.0.1:6016/assets/iframe-DRQfpQ-N.js:1124:4289"},"isUsed":true}

    [1m[34mlog[39m[22m: Response, {"status":200,"statusText":"OK","headers":{"content-length":"61","content-type":"application/json"},"body":"[{\"id\":\"org_storybook\",\"name\":\"Storybook Org\",\"slug\":\"acme\"}]"}

    [1m[34mlog[39m[22m: Request, {"url":"http://127.0.0.1:6016/.auth/api/v1/auth/organization/list","method":"GET","headers":{"accept":"*/*"},"body":""}

    [1m[34mlog[39m[22m: Handler:, {"kind":"request","options":{},"info":{"header":"GET */.auth/api/v1/auth/organization/list","path":"*/.auth/api/v1/auth/organization/list","method":"GET","callFrame":"http://127.0.0.1:6016/assets/iframe-DRQfpQ-N.js:1124:4289"},"isUsed":true}

    [1m[34mlog[39m[22m: Response, {"status":200,"statusText":"OK","headers":{"content-length":"61","content-type":"application/json"},"body":"[{\"id\":\"org_storybook\",\"name\":\"Storybook Org\",\"slug\":\"acme\"}]"}

    [1m[34mlog[39m[22m: Request, {"url":"http://127.0.0.1:6016/.auth/api/v1/auth/organization/invite-member","method":"POST","headers":{"accept":"*/*","content-type":"application/json"},"body":"{\"email\":\"teammate@story.example\",\"role\":\"member\"}"}

    [1m[34mlog[39m[22m: Handler:, {"kind":"request","options":{},"info":{"header":"POST */.auth/api/v1/auth/organization/invite-member","path":"*/.auth/api/v1/auth/organization/invite-member","method":"POST","callFrame":"http://127.0.0.1:6016/assets/iframe-DRQfpQ-N.js:1124:4289"},"isUsed":true}

    [1m[34mlog[39m[22m: Response, {"status":400,"statusText":"Bad Request","headers":{"content-length":"27","content-type":"application/json"},"body":"{\"message\":\"Invite failed\"}"}

[2m      193 |         let result;[22m
[2m      194 |         try {[22m
[2m    > 195 |           result = await page.evaluate(({[22m
[2m          |                               ^[22m
[2m      196 |             id,[22m
[2m      197 |             hasPlayFn[22m
[2m      198 |           }) => __test(id, hasPlayFn), {[22m

[2m      [2mat evaluate ([22m[2m[0m[36m../../var/folders/9t/jj9rnpps7_ddb72c1mq2k13w0000gn/T/c074bc092911af3a35c92415033685a1/components-onboarding-slides-invite.test.js[39m[0m[2m:195:31)[22m[2m[22m
[2m      [2mat Object.testFn ([22m[2m[0m[36m../../var/folders/9t/jj9rnpps7_ddb72c1mq2k13w0000gn/T/c074bc092911af3a35c92415033685a1/components-onboarding-slides-invite.test.js[39m[0m[2m:235:17)[22m[2m[22m

[1m[31m  [1m● [22m[1mComponents/Onboarding/Slides/Invite › Completing › smoke-test[39m[22m

    page.evaluate: ReferenceError: __test is not defined

[2m      [2mat eval (eval at evaluate (:290:30)[22m[2mapps/ui/, <anonymous>[2m:1:22)[22m[2m[22m
[2m      [2mat UtilityScript.evaluate ([22m[2mapps/ui/<anonymous>[2m:292:16)[22m[2m[22m
[2m      [2mat UtilityScript.<anonymous> ([22m[2mapps/ui/<anonymous>[2m:1:44)[22m[2m[22m
[2m      [2mat evaluate ([22m[2m[0m[36m../../var/folders/9t/jj9rnpps7_ddb72c1mq2k13w0000gn/T/c074bc092911af3a35c92415033685a1/components-onboarding-slides-invite.test.js[39m[0m[2m:315:31)[22m[2m[22m
[2m      [2mat Object.testFn ([22m[2m[0m[36m../../var/folders/9t/jj9rnpps7_ddb72c1mq2k13w0000gn/T/c074bc092911af3a35c92415033685a1/components-onboarding-slides-invite.test.js[39m[0m[2m:349:15)[22m[2m[22m

[1m[31m  [1m● [22m[1mComponents/Onboarding/Slides/Invite › External Confirm › play-test[39m[22m

    page.evaluate: ReferenceError: __test is not defined

[2m      [2mat eval (eval at evaluate (:290:30)[22m[2mapps/ui/, <anonymous>[2m:1:22)[22m[2m[22m
[2m      [2mat UtilityScript.evaluate ([22m[2mapps/ui/<anonymous>[2m:292:16)[22m[2m[22m
[2m      [2mat UtilityScript.<anonymous> ([22m[2mapps/ui/<anonymous>[2m:1:44)[22m[2m[22m
[2m      [2mat evaluate ([22m[2m[0m[36m../../var/folders/9t/jj9rnpps7_ddb72c1mq2k13w0000gn/T/c074bc092911af3a35c92415033685a1/components-onboarding-slides-invite.test.js[39m[0m[2m:375:31)[22m[2m[22m
[2m      [2mat Object.testFn ([22m[2m[0m[36m../../var/folders/9t/jj9rnpps7_ddb72c1mq2k13w0000gn/T/c074bc092911af3a35c92415033685a1/components-onboarding-slides-invite.test.js[39m[0m[2m:409:15)[22m[2m[22m

[0m[7m[1m[32m PASS [39m[22m[27m[0m [0m[7m[33m browser: chromium [39m[27m[0m [2m../../../../var/folders/9t/jj9rnpps7_ddb72c1mq2k13w0000gn/T/c074bc092911af3a35c92415033685a1/[22m[1mcomponents-connections-notioncard.test.js[22m
--------------------------
Components/Workspaces/FilePreview > Markdown[34m
Click to debug the error directly in Storybook:
http://127.0.0.1:6016/?path=/story/components-workspaces-filepreview--markdown&addonPanel=storybook/a11y/panel

[39mMessage:
 [33mFound 2 a11y violations, run the test with 'a11y: { test: 'error' }' parameter to see the full report or debug it directly in Storybook.[39m

--------------------------
Components/Workspaces/FilePreview > Diff Vs Head[34m
Click to debug the error directly in Storybook:
http://127.0.0.1:6016/?path=/story/components-workspaces-filepreview--diff-vs-head&addonPanel=storybook/a11y/panel

[39mMessage:
 [33mFound 2 a11y violations, run the test with 'a11y: { test: 'error' }' parameter to see the full report or debug it directly in Storybook.[39m

--------------------------
Components/Workspaces/FilePreview > Short File[34m
Click to debug the error directly in Storybook:
http://127.0.0.1:6016/?path=/story/components-workspaces-filepreview--short-file&addonPanel=storybook/a11y/panel

[39mMessage:
 [33mFound 1 a11y violations, run the test with 'a11y: { test: 'error' }' parameter to see the full report or debug it directly in Storybook.[39m

[0m[7m[1m[32m PASS [39m[22m[27m[0m [0m[7m[33m browser: chromium [39m[27m[0m [2m../../../../var/folders/9t/jj9rnpps7_ddb72c1mq2k13w0000gn/T/c074bc092911af3a35c92415033685a1/[22m[1mcomponents-workspaces-filepreview.test.js[22m
--------------------------
Components/Workspaces/FilePreview > Long File[34m
Click to debug the error directly in Storybook:
http://127.0.0.1:6016/?path=/story/components-workspaces-filepreview--long-file&addonPanel=storybook/a11y/panel

[39mMessage:
 [33mFound 2 a11y violations, run the test with 'a11y: { test: 'error' }' parameter to see the full report or debug it directly in Storybook.[39m

[0m[7m[1m[31m FAIL [39m[22m[27m[0m [0m[7m[33m browser: chromium [39m[27m[0m [2m../../../../var/folders/9t/jj9rnpps7_ddb72c1mq2k13w0000gn/T/c074bc092911af3a35c92415033685a1/[22m[1mpages-connections.test.js[22m
[1m[31m  [1m● [22m[1mPages/Connections › Loading › play-test[39m[22m

    page.evaluate: StorybookTestRunnerError: [34m
    Click to debug the error directly in Storybook:
    http://127.0.0.1:6016/?path=/story/pages-connections--loading&addonPanel=storybook/interactions/panel

    [39mMessage:
     Unable to find an accessible element with the role "navigation" and name "Main navigation"

    Here are the accessible roles:

      strong:

      Name "":
      <strong
        style="font-size: 1rem;"
      />

      --------------------------------------------------
      button:

      Name "Show Error":
      <button
        style="appearance: none; font-size: 0.6em; border: 1px solid currentcolor; padding: 0.1rem 0.2rem; font-weight: bold; border-radius: 0.25rem;"
      />

      --------------------------------------------------

    Ignored nodes: comments, script, style
    <div
      id="storybook-root"
    >
      <div
        class="min-h-screen bg-background font-sans text-foreground antialiased"
      >
        <div
          style="padding: 0.5rem; max-width: 100%;"
        >
          <div
            style="display: flex; align-items: center; gap: 0.5rem;"
          >
            <strong
              style="font-size: 1rem;"
            >
              Something went wrong!
            </strong>
            <button
              style="appearance: none; font-size: 0.6em; border: 1px solid curren…


    --------------------------------------------------

    Browser logs:

    [1m[31merror[39m[22m: ReferenceError: Spinner is not defined
    ReferenceError: Spinner is not defined

[2m      [2mat de ([22m[2mapps/ui/http:/127.0.0.1:6016/assets/SlackSetupDialog-_iUgRO3q.js[2m:1:6381)[22m[2m[22m
[2m      [2mat jf ([22m[2mapps/ui/http:/127.0.0.1:6016/assets/react-18-6FbH22vi.js[2m:8:47851)[22m[2m[22m
[2m      [2mat nc ([22m[2mapps/ui/http:/127.0.0.1:6016/assets/react-18-6FbH22vi.js[2m:8:70521)[22m[2m[22m
[2m      [2mat qv ([22m[2mapps/ui/http:/127.0.0.1:6016/assets/react-18-6FbH22vi.js[2m:8:80845)[22m[2m[22m
[2m      [2mat f1 ([22m[2mapps/ui/http:/127.0.0.1:6016/assets/react-18-6FbH22vi.js[2m:8:116365)[22m[2m[22m
[2m      [2mat Vm ([22m[2mapps/ui/http:/127.0.0.1:6016/assets/react-18-6FbH22vi.js[2m:8:115447)[22m[2m[22m
[2m      [2mat _c ([22m[2mapps/ui/http:/127.0.0.1:6016/assets/react-18-6FbH22vi.js[2m:8:115285)[22m[2m[22m
[2m      [2mat l1 ([22m[2mapps/ui/http:/127.0.0.1:6016/assets/react-18-6FbH22vi.js[2m:8:112125)[22m[2m[22m
[2m      [2mat T1 ([22m[2mapps/ui/http:/127.0.0.1:6016/assets/react-18-6FbH22vi.js[2m:8:123883)[22m[2m[22m
[2m      [2mat Iu ([22m[2mapps/ui/http:/127.0.0.1:6016/assets/react-18-6FbH22vi.js[2m:8:122437)[22m[2m[22m
[2m      [2mat de ([22m[2mapps/ui/http:/127.0.0.1:6016/assets/SlackSetupDialog-_iUgRO3q.js[2m:1:6381)[22m[2m[22m
[2m      [2mat jf ([22m[2mapps/ui/http:/127.0.0.1:6016/assets/react-18-6FbH22vi.js[2m:8:47851)[22m[2m[22m
[2m      [2mat nc ([22m[2mapps/ui/http:/127.0.0.1:6016/assets/react-18-6FbH22vi.js[2m:8:70521)[22m[2m[22m
[2m      [2mat qv ([22m[2mapps/ui/http:/127.0.0.1:6016/assets/react-18-6FbH22vi.js[2m:8:80845)[22m[2m[22m
[2m      [2mat f1 ([22m[2mapps/ui/http:/127.0.0.1:6016/assets/react-18-6FbH22vi.js[2m:8:116365)[22m[2m[22m
[2m      [2mat Vm ([22m[2mapps/ui/http:/127.0.0.1:6016/assets/react-18-6FbH22vi.js[2m:8:115447)[22m[2m[22m
[2m      [2mat _c ([22m[2mapps/ui/http:/127.0.0.1:6016/assets/react-18-6FbH22vi.js[2m:8:115285)[22m[2m[22m
[2m      [2mat l1 ([22m[2mapps/ui/http:/127.0.0.1:6016/assets/react-18-6FbH22vi.js[2m:8:112125)[22m[2m[22m
[2m      [2mat T1 ([22m[2mapps/ui/http:/127.0.0.1:6016/assets/react-18-6FbH22vi.js[2m:8:123883)[22m[2m[22m
[2m      [2mat Iu ([22m[2mapps/ui/http:/127.0.0.1:6016/assets/react-18-6FbH22vi.js[2m:8:122437)[22m[2m[22m
[2m      [2mat evaluate ([22m[2m[0m[36m../../var/folders/9t/jj9rnpps7_ddb72c1mq2k13w0000gn/T/c074bc092911af3a35c92415033685a1/pages-connections.test.js[39m[0m[2m:75:31)[22m[2m[22m
[2m      [2mat Object.testFn ([22m[2m[0m[36m../../var/folders/9t/jj9rnpps7_ddb72c1mq2k13w0000gn/T/c074bc092911af3a35c92415033685a1/pages-connections.test.js[39m[0m[2m:109:15)[22m[2m[22m

[0m[7m[1m[32m PASS [39m[22m[27m[0m [0m[7m[33m browser: chromium [39m[27m[0m [2m../../../../var/folders/9t/jj9rnpps7_ddb72c1mq2k13w0000gn/T/c074bc092911af3a35c92415033685a1/[22m[1mcomponents-skeleton.test.js[22m
[0m[7m[1m[32m PASS [39m[22m[27m[0m [0m[7m[33m browser: chromium [39m[27m[0m [2m../../../../var/folders/9t/jj9rnpps7_ddb72c1mq2k13w0000gn/T/c074bc092911af3a35c92415033685a1/[22m[1mcomponents-connections-atlassian-connectioncard.test.js[22m
--------------------------
Components/Workspaces/GithubDestination > Empty[34m
Click to debug the error directly in Storybook:
http://127.0.0.1:6016/?path=/story/components-workspaces-githubdestination--empty&addonPanel=storybook/a11y/panel

[39mMessage:
 [33mFound 3 a11y violations, run the test with 'a11y: { test: 'error' }' parameter to see the full report or debug it directly in Storybook.[39m


--------------------------------------------------

Browser logs:

[1m[34mlog[39m[22m: Request, {"url":"http://127.0.0.1:6016/.auth/api/config","method":"GET","headers":{"accept":"*/*"},"body":""}

[1m[34mlog[39m[22m: Handler:, {"kind":"request","options":{},"info":{"header":"GET */.auth/api/config","path":"*/.auth/api/config","method":"GET","callFrame":"http://127.0.0.1:6016/assets/iframe-DRQfpQ-N.js:1124:4289"},"isUsed":true}

[1m[34mlog[39m[22m: Response, {"status":200,"statusText":"OK","headers":{"content-length":"16","content-type":"application/json"},"body":"{\"providers\":[]}"}

[1m[34mlog[39m[22m: Request, {"url":"http://127.0.0.1:6016/.auth/api/v1/auth/get-session","method":"GET","headers":{"accept":"*/*"},"body":""}

[1m[34mlog[39m[22m: Handler:, {"kind":"request","options":{},"info":{"header":"GET */.auth/api/v1/auth/get-session","path":"*/.auth/api/v1/auth/get-session","method":"GET","callFrame":"http://127.0.0.1:6016/assets/iframe-DRQfpQ-N.js:1124:4289"},"isUsed":true}

[1m[34mlog[39m[22m: Response, {"status":200,"statusText":"OK","headers":{"content-length":"260","content-type":"application/json"},"body":"{\"session\":{\"id\":\"storybook-session\",\"userId\":\"user_storybook\",\"expiresAt\":\"2026-09-08T11:53:40.987Z\"},\"user\":{\"id\":\"user_storybook\",\"email\":\"story@ctxpipe.local\",\"name\":\"Storybook User\",\"emailVerified\":true,\"onboardingCompletedAt\":\"2025-01-01T00:00:00.000Z\"}}"}

[1m[34mlog[39m[22m: Request, {"url":"http://127.0.0.1:6016/.auth/api/v1/auth/get-session","method":"GET","headers":{"accept":"*/*"},"body":""}

[1m[34mlog[39m[22m: Handler:, {"kind":"request","options":{},"info":{"header":"GET */.auth/api/v1/auth/get-session","path":"*/.auth/api/v1/auth/get-session","method":"GET","callFrame":"http://127.0.0.1:6016/assets/iframe-DRQfpQ-N.js:1124:4289"},"isUsed":true}

[1m[34mlog[39m[22m: Response, {"status":200,"statusText":"OK","headers":{"content-length":"260","content-type":"application/json"},"body":"{\"session\":{\"id\":\"storybook-session\",\"userId\":\"user_storybook\",\"expiresAt\":\"2026-09-08T11:53:40.989Z\"},\"user\":{\"id\":\"user_storybook\",\"email\":\"story@ctxpipe.local\",\"name\":\"Storybook User\",\"emailVerified\":true,\"onboardingCompletedAt\":\"2025-01-01T00:00:00.000Z\"}}"}

[1m[34mlog[39m[22m: Request, {"url":"http://127.0.0.1:6016/.auth/api/v1/auth/organization/list","method":"GET","headers":{"accept":"*/*"},"body":""}

[1m[34mlog[39m[22m: Handler:, {"kind":"request","options":{},"info":{"header":"GET */.auth/api/v1/auth/organization/list","path":"*/.auth/api/v1/auth/organization/list","method":"GET","callFrame":"http://127.0.0.1:6016/assets/iframe-DRQfpQ-N.js:1124:4289"},"isUsed":true}

[1m[34mlog[39m[22m: Response, {"status":200,"statusText":"OK","headers":{"content-length":"61","content-type":"application/json"},"body":"[{\"id\":\"org_storybook\",\"name\":\"Storybook Org\",\"slug\":\"acme\"}]"}

[1m[34mlog[39m[22m: Request, {"url":"http://127.0.0.1:6016/.auth/api/v1/auth/organization/list","method":"GET","headers":{"accept":"*/*"},"body":""}

[1m[34mlog[39m[22m: Handler:, {"kind":"request","options":{},"info":{"header":"GET */.auth/api/v1/auth/organization/list","path":"*/.auth/api/v1/auth/organization/list","method":"GET","callFrame":"http://127.0.0.1:6016/assets/iframe-DRQfpQ-N.js:1124:4289"},"isUsed":true}

[1m[34mlog[39m[22m: Response, {"status":200,"statusText":"OK","headers":{"content-length":"61","content-type":"application/json"},"body":"[{\"id\":\"org_storybook\",\"name\":\"Storybook Org\",\"slug\":\"acme\"}]"}
--------------------------
Components/Workspaces/GithubDestination > Loading[34m
Click to debug the error directly in Storybook:
http://127.0.0.1:6016/?path=/story/components-workspaces-githubdestination--loading&addonPanel=storybook/a11y/panel

[39mMessage:
 [33mFound 3 a11y violations, run the test with 'a11y: { test: 'error' }' parameter to see the full report or debug it directly in Storybook.[39m


--------------------------------------------------

Browser logs:

[1m[34mlog[39m[22m: Request, {"url":"http://127.0.0.1:6016/.auth/api/config","method":"GET","headers":{"accept":"*/*"},"body":""}

[1m[34mlog[39m[22m: Handler:, {"kind":"request","options":{},"info":{"header":"GET */.auth/api/config","path":"*/.auth/api/config","method":"GET","callFrame":"http://127.0.0.1:6016/assets/iframe-DRQfpQ-N.js:1124:4289"},"isUsed":true}

[1m[34mlog[39m[22m: Response, {"status":200,"statusText":"OK","headers":{"content-length":"16","content-type":"application/json"},"body":"{\"providers\":[]}"}
--------------------------
Components/Workspaces/GithubDestination > Load Error[34m
Click to debug the error directly in Storybook:
http://127.0.0.1:6016/?path=/story/components-workspaces-githubdestination--load-error&addonPanel=storybook/a11y/panel

[39mMessage:
 [33mFound 3 a11y violations, run the test with 'a11y: { test: 'error' }' parameter to see the full report or debug it directly in Storybook.[39m


--------------------------------------------------

Browser logs:

[1m[34mlog[39m[22m: Request, {"url":"http://127.0.0.1:6016/.auth/api/config","method":"GET","headers":{"accept":"*/*"},"body":""}

[1m[34mlog[39m[22m: Handler:, {"kind":"request","options":{},"info":{"header":"GET */.auth/api/config","path":"*/.auth/api/config","method":"GET","callFrame":"http://127.0.0.1:6016/assets/iframe-DRQfpQ-N.js:1124:4289"},"isUsed":true}

[1m[34mlog[39m[22m: Response, {"status":200,"statusText":"OK","headers":{"content-length":"16","content-type":"application/json"},"body":"{\"providers\":[]}"}
--------------------------
Components/Workspaces/GithubDestination > Populated[34m
Click to debug the error directly in Storybook:
http://127.0.0.1:6016/?path=/story/components-workspaces-githubdestination--populated&addonPanel=storybook/a11y/panel

[39mMessage:
 [33mFound 3 a11y violations, run the test with 'a11y: { test: 'error' }' parameter to see the full report or debug it directly in Storybook.[39m


--------------------------------------------------

Browser logs:

[1m[34mlog[39m[22m: Request, {"url":"http://127.0.0.1:6016/.auth/api/v1/auth/organization/list","method":"GET","headers":{"accept":"*/*"},"body":""}

[1m[34mlog[39m[22m: Handler:, {"kind":"request","options":{},"info":{"header":"GET */.auth/api/v1/auth/organization/list","path":"*/.auth/api/v1/auth/organization/list","method":"GET","callFrame":"http://127.0.0.1:6016/assets/iframe-DRQfpQ-N.js:1124:4289"},"isUsed":true}

[1m[34mlog[39m[22m: Response, {"status":200,"statusText":"OK","headers":{"content-length":"61","content-type":"application/json"},"body":"[{\"id\":\"org_storybook\",\"name\":\"Storybook Org\",\"slug\":\"acme\"}]"}

[1m[34mlog[39m[22m: Request, {"url":"http://127.0.0.1:6016/.auth/api/config","method":"GET","headers":{"accept":"*/*"},"body":""}

[1m[34mlog[39m[22m: Handler:, {"kind":"request","options":{},"info":{"header":"GET */.auth/api/config","path":"*/.auth/api/config","method":"GET","callFrame":"http://127.0.0.1:6016/assets/iframe-DRQfpQ-N.js:1124:4289"},"isUsed":true}

[1m[34mlog[39m[22m: Response, {"status":200,"statusText":"OK","headers":{"content-length":"16","content-type":"application/json"},"body":"{\"providers\":[]}"}

[1m[34mlog[39m[22m: Request, {"url":"http://127.0.0.1:6016/.auth/api/v1/auth/get-session","method":"GET","headers":{"accept":"*/*"},"body":""}

[1m[34mlog[39m[22m: Handler:, {"kind":"request","options":{},"info":{"header":"GET */.auth/api/v1/auth/get-session","path":"*/.auth/api/v1/auth/get-session","method":"GET","callFrame":"http://127.0.0.1:6016/assets/iframe-DRQfpQ-N.js:1124:4289"},"isUsed":true}

[1m[34mlog[39m[22m: Response, {"status":200,"statusText":"OK","headers":{"content-length":"260","content-type":"application/json"},"body":"{\"session\":{\"id\":\"storybook-session\",\"userId\":\"user_storybook\",\"expiresAt\":\"2026-09-08T11:53:41.287Z\"},\"user\":{\"id\":\"user_storybook\",\"email\":\"story@ctxpipe.local\",\"name\":\"Storybook User\",\"emailVerified\":true,\"onboardingCompletedAt\":\"2025-01-01T00:00:00.000Z\"}}"}
[0m[7m[1m[32m PASS [39m[22m[27m[0m [0m[7m[33m browser: chromium [39m[27m[0m [2m../../../../var/folders/9t/jj9rnpps7_ddb72c1mq2k13w0000gn/T/c074bc092911af3a35c92415033685a1/[22m[1mcomponents-workspaces-githubdestination.test.js[22m
--------------------------
Components/Workspaces/GithubDestination > Onboarding Empty[34m
Click to debug the error directly in Storybook:
http://127.0.0.1:6016/?path=/story/components-workspaces-githubdestination--onboarding-empty&addonPanel=storybook/a11y/panel

[39mMessage:
 [33mFound 3 a11y violations, run the test with 'a11y: { test: 'error' }' parameter to see the full report or debug it directly in Storybook.[39m


--------------------------------------------------

Browser logs:

[1m[34mlog[39m[22m: Request, {"url":"http://127.0.0.1:6016/.auth/api/config","method":"GET","headers":{"accept":"*/*"},"body":""}

[1m[34mlog[39m[22m: Handler:, {"kind":"request","options":{},"info":{"header":"GET */.auth/api/config","path":"*/.auth/api/config","method":"GET","callFrame":"http://127.0.0.1:6016/assets/iframe-DRQfpQ-N.js:1124:4289"},"isUsed":true}

[1m[34mlog[39m[22m: Response, {"status":200,"statusText":"OK","headers":{"content-length":"16","content-type":"application/json"},"body":"{\"providers\":[]}"}
[0m[7m[1m[32m PASS [39m[22m[27m[0m [0m[7m[33m browser: chromium [39m[27m[0m [2m../../../../var/folders/9t/jj9rnpps7_ddb72c1mq2k13w0000gn/T/c074bc092911af3a35c92415033685a1/[22m[1mcomponents-workspaces-conversationlist.test.js[22m
[0m[7m[1m[32m PASS [39m[22m[27m[0m [0m[7m[33m browser: chromium [39m[27m[0m [2m../../../../var/folders/9t/jj9rnpps7_ddb72c1mq2k13w0000gn/T/c074bc092911af3a35c92415033685a1/[22m[1mcomponents-workspaces-graphpane.test.js[22m
[0m[7m[1m[31m FAIL [39m[22m[27m[0m [0m[7m[33m browser: chromium [39m[27m[0m [2m../../../../var/folders/9t/jj9rnpps7_ddb72c1mq2k13w0000gn/T/c074bc092911af3a35c92415033685a1/[22m[1mpages-home.test.js[22m
  [1m● [22mConsole

    [2mconsole.log[22m
      An error occurred in the following story, most likely because of a navigation: "Pages/Home/No History". Retrying...
[2m[22m
[2m      [2mat Object.log ([22m[2m../../var/folders/9t/jj9rnpps7_ddb72c1mq2k13w0000gn/T/c074bc092911af3a35c92415033685a1/pages-home.test.js[2m:292:19)[22m[2m[22m

[1m[31m  [1m● [22m[1mPages/Home › Populated › play-test[39m[22m

    page.evaluate: StorybookTestRunnerError: [34m
    Click to debug the error directly in Storybook:
    http://127.0.0.1:6016/?path=/story/pages-home--populated&addonPanel=storybook/interactions/panel

    [39mMessage:
     Unable to find an element with the text: Document billing ledger rules. This could be because the text is broken up by multiple elements. In this case, you can provide a function for your text matcher to make your matcher more flexible.

    Ignored nodes: comments, script, style
    <div
      id="storybook-root"
    >
      <div
        class="min-h-screen bg-background font-sans text-foreground antialiased"
      >
        <div
          class=" relative flex min-h-screen min-w-0 bg-zinc-950 text-zinc-100"
        >
          <div
            aria-hidden="true"
            class="pointer-events-none fixed inset-0 z-0 opacity-50"
            style="background-image: radial-gradient(circle at 20% -10%, rgba(64, 224, 208, 0.14), transparent 45%), radial-gradient(circle at 90% 110%, rgba(59, 130, 246, 0.12), transparent 40%), linear-gradient(rgba(255, 255, 255, 0.008) 1px, transparent 1px), linear-gradient(90deg, rgba(255, 255, 255, 0.008) 1px, transparent 1px); background-size: auto, auto, 24px 24px, 24px 24px; background-position: center c…


    --------------------------------------------------

    Browser logs:

    [1m[34mlog[39m[22m: Request, {"url":"http://127.0.0.1:6016/.auth/api/config","method":"GET","headers":{"accept":"*/*"},"body":""}

    [1m[34mlog[39m[22m: Handler:, {"kind":"request","options":{},"info":{"header":"GET */.auth/api/config","path":"*/.auth/api/config","method":"GET","callFrame":"http://127.0.0.1:6016/assets/iframe-DRQfpQ-N.js:1124:4289"},"isUsed":true}

    [1m[34mlog[39m[22m: Response, {"status":200,"statusText":"OK","headers":{"content-length":"16","content-type":"application/json"},"body":"{\"providers\":[]}"}

    [1m[34mlog[39m[22m: Request, {"url":"http://127.0.0.1:6016/acme/api/v1/workspaces","method":"GET","headers":{"accept":"*/*"},"body":""}

    [1m[34mlog[39m[22m: Handler:, {"kind":"request","options":{},"info":{"header":"GET [custom predicate]","method":"GET","callFrame":"http://127.0.0.1:6016/assets/iframe-DRQfpQ-N.js:1124:4289"},"isUsed":true}

    [1m[34mlog[39m[22m: Response, {"status":200,"statusText":"OK","headers":{"content-length":"1231","content-type":"application/json"},"body":"{\"items\":[{\"id\":\"ws_docs\",\"orgId\":\"org_acme\",\"slug\":\"docs\",\"displayName\":\"Docs\",\"workspaceRepositoryUrl\":\"https://github.com/acme/docs\",\"githubConnectionId\":\"con_1\",\"desiredGeneration\":1,\"desiredSha\":\"abc123def456\",\"activeProjectionUrl\":\"https://github.com/acme/docs\",\"activeProjectionSha\":\"abc123def456\",\"indexedSha\":\"abc123def456\",\"writeStatus\":\"writable\",\"hydrateStatus\":\"ready\",\"hydrateError\":null,\"readOnlyReason\":null,\"mostRecentConversationId\":\"conv_1\",\"migrationExportSha\":\"abc123def456\",\"createdAt\":\"2026-08-16T09:00:00.000Z\",\"updatedAt\":\"2026-08-16T10:00:00.000Z\"},{\"id\":\"ws_readonly\",\"orgId\":\"org_acme\",\"slug\":\"handbook\",\"displayName\":\"Handbook\",\"workspaceRepositoryUrl\":\"https://github.com/acme/docs\",\"githubConnectionId\":\"con_1\",\"desiredGeneration\":1,\"desiredSha\":\"abc123def456\",\"activeProjectionUrl\":\"https://github.com/acme/docs\",\"activeProjectionSha\":\"abc123def456\",\"indexedSha\":\"abc123def456\",\"writeStatus\":\"read_only\",\"hydrateStatus\":\"ready\",\"hydrateError\":null,\"readOnlyReason\":\"The GitHub App cannot write to this repository.\",\"mostRecentConversationId\":\"conv_1\",\"migrationExportSha\":\"abc123def456\",\"createdAt\":\"2026-08-16T09:00:00.000Z\",\"updatedAt\":\"2026-08-16T10:00:00.000Z\"}],\"lastUsedWorkspaceId\":\"ws_docs\"}"}

    [1m[34mlog[39m[22m: Request, {"url":"http://127.0.0.1:6016/.auth/api/v1/auth/get-session","method":"GET","headers":{"accept":"*/*"},"body":""}

    [1m[34mlog[39m[22m: Handler:, {"kind":"request","options":{},"info":{"header":"GET */.auth/api/v1/auth/get-session","path":"*/.auth/api/v1/auth/get-session","method":"GET","callFrame":"http://127.0.0.1:6016/assets/iframe-DRQfpQ-N.js:1124:4289"},"isUsed":true}

    [1m[34mlog[39m[22m: Response, {"status":200,"statusText":"OK","headers":{"content-length":"260","content-type":"application/json"},"body":"{\"session\":{\"id\":\"storybook-session\",\"userId\":\"user_storybook\",\"expiresAt\":\"2026-09-08T11:53:42.790Z\"},\"user\":{\"id\":\"user_storybook\",\"email\":\"story@ctxpipe.local\",\"name\":\"Storybook User\",\"emailVerified\":true,\"onboardingCompletedAt\":\"2025-01-01T00:00:00.000Z\"}}"}

[2m      133 |         let result;[22m
[2m      134 |         try {[22m
[2m    > 135 |           result = await page.evaluate(({[22m
[2m          |                               ^[22m
[2m      136 |             id,[22m
[2m      137 |             hasPlayFn[22m
[2m      138 |           }) => __test(id, hasPlayFn), {[22m

[2m      [2mat evaluate ([22m[2m[0m[36m../../var/folders/9t/jj9rnpps7_ddb72c1mq2k13w0000gn/T/c074bc092911af3a35c92415033685a1/pages-home.test.js[39m[0m[2m:135:31)[22m[2m[22m
[2m      [2mat Object.testFn ([22m[2m[0m[36m../../var/folders/9t/jj9rnpps7_ddb72c1mq2k13w0000gn/T/c074bc092911af3a35c92415033685a1/pages-home.test.js[39m[0m[2m:169:15)[22m[2m[22m

[0m[7m[1m[32m PASS [39m[22m[27m[0m [0m[7m[33m browser: chromium [39m[27m[0m [2m../../../../var/folders/9t/jj9rnpps7_ddb72c1mq2k13w0000gn/T/c074bc092911af3a35c92415033685a1/[22m[1mcomponents-connections-atlassian-steps-mergeconfig.test.js[22m
--------------------------
Components/Onboarding/Slides/McpOnboarding > Choose Github Disconnected[34m
Click to debug the error directly in Storybook:
http://127.0.0.1:6016/?path=/story/components-onboarding-slides-mcponboarding--choose-github-disconnected&addonPanel=storybook/a11y/panel

[39mMessage:
 [33mFound 1 a11y violations, run the test with 'a11y: { test: 'error' }' parameter to see the full report or debug it directly in Storybook.[39m


--------------------------------------------------

Browser logs:

[1m[34mlog[39m[22m: Request, {"url":"http://127.0.0.1:6016/.auth/api/config","method":"GET","headers":{"accept":"*/*"},"body":""}

[1m[34mlog[39m[22m: Handler:, {"kind":"request","options":{},"info":{"header":"GET */.auth/api/config","path":"*/.auth/api/config","method":"GET","callFrame":"http://127.0.0.1:6016/assets/iframe-DRQfpQ-N.js:1124:4289"},"isUsed":true}

[1m[34mlog[39m[22m: Response, {"status":200,"statusText":"OK","headers":{"content-length":"16","content-type":"application/json"},"body":"{\"providers\":[]}"}

[1m[34mlog[39m[22m: Request, {"url":"http://127.0.0.1:6016/.auth/api/v1/auth/get-session","method":"GET","headers":{"accept":"*/*"},"body":""}

[1m[34mlog[39m[22m: Handler:, {"kind":"request","options":{},"info":{"header":"GET */.auth/api/v1/auth/get-session","path":"*/.auth/api/v1/auth/get-session","method":"GET","callFrame":"http://127.0.0.1:6016/assets/iframe-DRQfpQ-N.js:1124:4289"},"isUsed":true}

[1m[34mlog[39m[22m: Response, {"status":200,"statusText":"OK","headers":{"content-length":"260","content-type":"application/json"},"body":"{\"session\":{\"id\":\"storybook-session\",\"userId\":\"user_storybook\",\"expiresAt\":\"2026-09-08T11:53:44.173Z\"},\"user\":{\"id\":\"user_storybook\",\"email\":\"story@ctxpipe.local\",\"name\":\"Storybook User\",\"emailVerified\":true,\"onboardingCompletedAt\":\"2025-01-01T00:00:00.000Z\"}}"}

[1m[34mlog[39m[22m: Request, {"url":"http://127.0.0.1:6016/.auth/api/v1/auth/get-session","method":"GET","headers":{"accept":"*/*"},"body":""}

[1m[34mlog[39m[22m: Handler:, {"kind":"request","options":{},"info":{"header":"GET */.auth/api/v1/auth/get-session","path":"*/.auth/api/v1/auth/get-session","method":"GET","callFrame":"http://127.0.0.1:6016/assets/iframe-DRQfpQ-N.js:1124:4289"},"isUsed":true}

[1m[34mlog[39m[22m: Response, {"status":200,"statusText":"OK","headers":{"content-length":"260","content-type":"application/json"},"body":"{\"session\":{\"id\":\"storybook-session\",\"userId\":\"user_storybook\",\"expiresAt\":\"2026-09-08T11:53:44.174Z\"},\"user\":{\"id\":\"user_storybook\",\"email\":\"story@ctxpipe.local\",\"name\":\"Storybook User\",\"emailVerified\":true,\"onboardingCompletedAt\":\"2025-01-01T00:00:00.000Z\"}}"}

[1m[34mlog[39m[22m: Request, {"url":"http://127.0.0.1:6016/.auth/api/v1/auth/organization/list","method":"GET","headers":{"accept":"*/*"},"body":""}

[1m[34mlog[39m[22m: Handler:, {"kind":"request","options":{},"info":{"header":"GET */.auth/api/v1/auth/organization/list","path":"*/.auth/api/v1/auth/organization/list","method":"GET","callFrame":"http://127.0.0.1:6016/assets/iframe-DRQfpQ-N.js:1124:4289"},"isUsed":true}

[1m[34mlog[39m[22m: Response, {"status":200,"statusText":"OK","headers":{"content-length":"61","content-type":"application/json"},"body":"[{\"id\":\"org_storybook\",\"name\":\"Storybook Org\",\"slug\":\"acme\"}]"}

[1m[34mlog[39m[22m: Request, {"url":"http://127.0.0.1:6016/.auth/api/v1/auth/organization/list","method":"GET","headers":{"accept":"*/*"},"body":""}

[1m[34mlog[39m[22m: Handler:, {"kind":"request","options":{},"info":{"header":"GET */.auth/api/v1/auth/organization/list","path":"*/.auth/api/v1/auth/organization/list","method":"GET","callFrame":"http://127.0.0.1:6016/assets/iframe-DRQfpQ-N.js:1124:4289"},"isUsed":true}

[1m[34mlog[39m[22m: Response, {"status":200,"statusText":"OK","headers":{"content-length":"61","content-type":"application/json"},"body":"[{\"id\":\"org_storybook\",\"name\":\"Storybook Org\",\"slug\":\"acme\"}]"}
--------------------------
Components/Onboarding/Slides/McpOnboarding > Choose Github Connected[34m
Click to debug the error directly in Storybook:
http://127.0.0.1:6016/?path=/story/components-onboarding-slides-mcponboarding--choose-github-connected&addonPanel=storybook/a11y/panel

[39mMessage:
 [33mFound 1 a11y violations, run the test with 'a11y: { test: 'error' }' parameter to see the full report or debug it directly in Storybook.[39m


--------------------------------------------------

Browser logs:

[1m[34mlog[39m[22m: Request, {"url":"http://127.0.0.1:6016/.auth/api/config","method":"GET","headers":{"accept":"*/*"},"body":""}

[1m[34mlog[39m[22m: Handler:, {"kind":"request","options":{},"info":{"header":"GET */.auth/api/config","path":"*/.auth/api/config","method":"GET","callFrame":"http://127.0.0.1:6016/assets/iframe-DRQfpQ-N.js:1124:4289"},"isUsed":true}

[1m[34mlog[39m[22m: Response, {"status":200,"statusText":"OK","headers":{"content-length":"16","content-type":"application/json"},"body":"{\"providers\":[]}"}

[1m[34mlog[39m[22m: Request, {"url":"http://127.0.0.1:6016/.auth/api/v1/auth/get-session","method":"GET","headers":{"accept":"*/*"},"body":""}

[1m[34mlog[39m[22m: Handler:, {"kind":"request","options":{},"info":{"header":"GET */.auth/api/v1/auth/get-session","path":"*/.auth/api/v1/auth/get-session","method":"GET","callFrame":"http://127.0.0.1:6016/assets/iframe-DRQfpQ-N.js:1124:4289"},"isUsed":true}

[1m[34mlog[39m[22m: Response, {"status":200,"statusText":"OK","headers":{"content-length":"260","content-type":"application/json"},"body":"{\"session\":{\"id\":\"storybook-session\",\"userId\":\"user_storybook\",\"expiresAt\":\"2026-09-08T11:53:44.286Z\"},\"user\":{\"id\":\"user_storybook\",\"email\":\"story@ctxpipe.local\",\"name\":\"Storybook User\",\"emailVerified\":true,\"onboardingCompletedAt\":\"2025-01-01T00:00:00.000Z\"}}"}
[0m[7m[1m[31m FAIL [39m[22m[27m[0m [0m[7m[33m browser: chromium [39m[27m[0m [2m../../../../var/folders/9t/jj9rnpps7_ddb72c1mq2k13w0000gn/T/c074bc092911af3a35c92415033685a1/[22m[1mcomponents-onboarding-slides-mcponboarding.test.js[22m
[1m[31m  [1m● [22m[1mComponents/Onboarding/Slides/McpOnboarding › Auto Opens Wizard › play-test[39m[22m

    page.evaluate: StorybookTestRunnerError: [34m
    Click to debug the error directly in Storybook:
    http://127.0.0.1:6016/?path=/story/components-onboarding-slides-mcponboarding--auto-opens-wizard&addonPanel=storybook/interactions/panel

    [39mMessage:
     Unable to find an accessible element with the role "button" and name `/open prs for me/i`

    Here are the accessible roles:

      heading:

      Name "Connect ctx| to your agents":
      <h2
        class="onb-in-1 mb-4 text-3xl font-semibold text-zinc-100 sm:text-4xl"
      />

      --------------------------------------------------
      paragraph:

      Name "":
      <p
        class="mx-auto mb-8 max-w-2xl text-balance text-zinc-300"
      />

      --------------------------------------------------
      button:

      Name "Install manually Copy a ready-made MCP config for Cursor, Claude Code, or other HTTP MCP clients.":
      <button
        class="flex min-h-[180px] flex-col rounded-none border border-border bg-zinc-950/70 p-6 text-left transition-colors hover:border-teal-400/40"
        type="button"
      />

      Name "Install via PR Pick agents and repos; we commit config files and open one PR per repository.":
      <button
        class="flex min-h-[180px] flex-col rounded-none border border-border p-6 text-left transition-colors bg-zinc-950/70 hove…

[2m      193 |         let result;[22m
[2m      194 |         try {[22m
[2m    > 195 |           result = await page.evaluate(({[22m
[2m          |                               ^[22m
[2m      196 |             id,[22m
[2m      197 |             hasPlayFn[22m
[2m      198 |           }) => __test(id, hasPlayFn), {[22m

[2m      [2mat evaluate ([22m[2m[0m[36m../../var/folders/9t/jj9rnpps7_ddb72c1mq2k13w0000gn/T/c074bc092911af3a35c92415033685a1/components-onboarding-slides-mcponboarding.test.js[39m[0m[2m:195:31)[22m[2m[22m
[2m      [2mat Object.testFn ([22m[2m[0m[36m../../var/folders/9t/jj9rnpps7_ddb72c1mq2k13w0000gn/T/c074bc092911af3a35c92415033685a1/components-onboarding-slides-mcponboarding.test.js[39m[0m[2m:229:15)[22m[2m[22m

--------------------------
Components/Onboarding/Slides/McpOnboarding > Manual Snippet[34m
Click to debug the error directly in Storybook:
http://127.0.0.1:6016/?path=/story/components-onboarding-slides-mcponboarding--manual-snippet&addonPanel=storybook/a11y/panel

[39mMessage:
 [33mFound 1 a11y violations, run the test with 'a11y: { test: 'error' }' parameter to see the full report or debug it directly in Storybook.[39m


--------------------------------------------------

Browser logs:

[1m[34mlog[39m[22m: Request, {"url":"http://127.0.0.1:6016/.auth/api/config","method":"GET","headers":{"accept":"*/*"},"body":""}

[1m[34mlog[39m[22m: Handler:, {"kind":"request","options":{},"info":{"header":"GET */.auth/api/config","path":"*/.auth/api/config","method":"GET","callFrame":"http://127.0.0.1:6016/assets/iframe-DRQfpQ-N.js:1124:4289"},"isUsed":true}

[1m[34mlog[39m[22m: Response, {"status":200,"statusText":"OK","headers":{"content-length":"16","content-type":"application/json"},"body":"{\"providers\":[]}"}

[1m[34mlog[39m[22m: Request, {"url":"http://127.0.0.1:6016/.auth/api/v1/auth/get-session","method":"GET","headers":{"accept":"*/*"},"body":""}

[1m[34mlog[39m[22m: Handler:, {"kind":"request","options":{},"info":{"header":"GET */.auth/api/v1/auth/get-session","path":"*/.auth/api/v1/auth/get-session","method":"GET","callFrame":"http://127.0.0.1:6016/assets/iframe-DRQfpQ-N.js:1124:4289"},"isUsed":true}

[1m[34mlog[39m[22m: Response, {"status":200,"statusText":"OK","headers":{"content-length":"260","content-type":"application/json"},"body":"{\"session\":{\"id\":\"storybook-session\",\"userId\":\"user_storybook\",\"expiresAt\":\"2026-09-08T11:53:44.324Z\"},\"user\":{\"id\":\"user_storybook\",\"email\":\"story@ctxpipe.local\",\"name\":\"Storybook User\",\"emailVerified\":true,\"onboardingCompletedAt\":\"2025-01-01T00:00:00.000Z\"}}"}

[1m[34mlog[39m[22m: Request, {"url":"http://127.0.0.1:6016/.auth/api/v1/auth/organization/list","method":"GET","headers":{"accept":"*/*"},"body":""}

[1m[34mlog[39m[22m: Handler:, {"kind":"request","options":{},"info":{"header":"GET */.auth/api/v1/auth/organization/list","path":"*/.auth/api/v1/auth/organization/list","method":"GET","callFrame":"http://127.0.0.1:6016/assets/iframe-DRQfpQ-N.js:1124:4289"},"isUsed":true}

[1m[34mlog[39m[22m: Response, {"status":200,"statusText":"OK","headers":{"content-length":"61","content-type":"application/json"},"body":"[{\"id\":\"org_storybook\",\"name\":\"Storybook Org\",\"slug\":\"acme\"}]"}
--------------------------
Components/Connections/Atlassian/OAuthPanel > O Auth Panel[34m
Click to debug the error directly in Storybook:
http://127.0.0.1:6016/?path=/story/components-connections-atlassian-oauthpanel--o-auth-panel&addonPanel=storybook/a11y/panel

[39mMessage:
 [33mFound 1 a11y violations, run the test with 'a11y: { test: 'error' }' parameter to see the full report or debug it directly in Storybook.[39m


--------------------------------------------------

Browser logs:

[1m[34mlog[39m[22m: Request, {"url":"http://127.0.0.1:6016/acme/api/v1/org/atlassian-oauth?connectionId=con_panel_story","method":"GET","headers":{"accept":"*/*"},"body":""}

[1m[34mlog[39m[22m: Handler:, {"kind":"request","options":{},"info":{"header":"GET [custom predicate]","method":"GET","callFrame":"http://127.0.0.1:6016/assets/iframe-DRQfpQ-N.js:1124:4289"},"isUsed":true}

[1m[34mlog[39m[22m: Response, {"status":200,"statusText":"OK","headers":{"content-length":"252","content-type":"application/json"},"body":"{\"oauthAppSaved\":false,\"atlassianOAuthClientId\":null,\"globalAtlassianOAuthConfigured\":false,\"oauthCallbackUrl\":\"http://127.0.0.1:6016/api/v1/integrations/atlassian/callback\",\"atlassianCreateUrl\":\"https://developer.atlassian.com/cloud/oauth-2-3lo-apps\"}"}

[1m[34mlog[39m[22m: Request, {"url":"http://127.0.0.1:6016/.auth/api/config","method":"GET","headers":{"accept":"*/*"},"body":""}

[1m[34mlog[39m[22m: Handler:, {"kind":"request","options":{},"info":{"header":"GET */.auth/api/config","path":"*/.auth/api/config","method":"GET","callFrame":"http://127.0.0.1:6016/assets/iframe-DRQfpQ-N.js:1124:4289"},"isUsed":true}

[1m[34mlog[39m[22m: Response, {"status":200,"statusText":"OK","headers":{"content-length":"16","content-type":"application/json"},"body":"{\"providers\":[]}"}

[1m[34mlog[39m[22m: Request, {"url":"http://127.0.0.1:6016/.auth/api/v1/auth/get-session","method":"GET","headers":{"accept":"*/*"},"body":""}

[1m[34mlog[39m[22m: Handler:, {"kind":"request","options":{},"info":{"header":"GET */.auth/api/v1/auth/get-session","path":"*/.auth/api/v1/auth/get-session","method":"GET","callFrame":"http://127.0.0.1:6016/assets/iframe-DRQfpQ-N.js:1124:4289"},"isUsed":true}

[1m[34mlog[39m[22m: Response, {"status":200,"statusText":"OK","headers":{"content-length":"260","content-type":"application/json"},"body":"{\"session\":{\"id\":\"storybook-session\",\"userId\":\"user_storybook\",\"expiresAt\":\"2026-09-08T11:53:44.486Z\"},\"user\":{\"id\":\"user_storybook\",\"email\":\"story@ctxpipe.local\",\"name\":\"Storybook User\",\"emailVerified\":true,\"onboardingCompletedAt\":\"2025-01-01T00:00:00.000Z\"}}"}

[1m[34mlog[39m[22m: Request, {"url":"http://127.0.0.1:6016/.auth/api/v1/auth/get-session","method":"GET","headers":{"accept":"*/*"},"body":""}

[1m[34mlog[39m[22m: Handler:, {"kind":"request","options":{},"info":{"header":"GET */.auth/api/v1/auth/get-session","path":"*/.auth/api/v1/auth/get-session","method":"GET","callFrame":"http://127.0.0.1:6016/assets/iframe-DRQfpQ-N.js:1124:4289"},"isUsed":true}

[1m[34mlog[39m[22m: Response, {"status":200,"statusText":"OK","headers":{"content-length":"260","content-type":"application/json"},"body":"{\"session\":{\"id\":\"storybook-session\",\"userId\":\"user_storybook\",\"expiresAt\":\"2026-09-08T11:53:44.488Z\"},\"user\":{\"id\":\"user_storybook\",\"email\":\"story@ctxpipe.local\",\"name\":\"Storybook User\",\"emailVerified\":true,\"onboardingCompletedAt\":\"2025-01-01T00:00:00.000Z\"}}"}

[1m[34mlog[39m[22m: Request, {"url":"http://127.0.0.1:6016/.auth/api/v1/auth/organization/list","method":"GET","headers":{"accept":"*/*"},"body":""}

[1m[34mlog[39m[22m: Handler:, {"kind":"request","options":{},"info":{"header":"GET */.auth/api/v1/auth/organization/list","path":"*/.auth/api/v1/auth/organization/list","method":"GET","callFrame":"http://127.0.0.1:6016/assets/iframe-DRQfpQ-N.js:1124:4289"},"isUsed":true}

[1m[34mlog[39m[22m: Response, {"status":200,"statusText":"OK","headers":{"content-length":"61","content-type":"application/json"},"body":"[{\"id\":\"org_storybook\",\"name\":\"Storybook Org\",\"slug\":\"acme\"}]"}

[1m[34mlog[39m[22m: Request, {"url":"http://127.0.0.1:6016/.auth/api/v1/auth/organization/list","method":"GET","headers":{"accept":"*/*"},"body":""}

[1m[34mlog[39m[22m: Handler:, {"kind":"request","options":{},"info":{"header":"GET */.auth/api/v1/auth/organization/list","path":"*/.auth/api/v1/auth/organization/list","method":"GET","callFrame":"http://127.0.0.1:6016/assets/iframe-DRQfpQ-N.js:1124:4289"},"isUsed":true}

[1m[34mlog[39m[22m: Response, {"status":200,"statusText":"OK","headers":{"content-length":"61","content-type":"application/json"},"body":"[{\"id\":\"org_storybook\",\"name\":\"Storybook Org\",\"slug\":\"acme\"}]"}
--------------------------
Components/Connections/Atlassian/OAuthPanel > Oauth App Saved[34m
Click to debug the error directly in Storybook:
http://127.0.0.1:6016/?path=/story/components-connections-atlassian-oauthpanel--oauth-app-saved&addonPanel=storybook/a11y/panel

[39mMessage:
 [33mFound 1 a11y violations, run the test with 'a11y: { test: 'error' }' parameter to see the full report or debug it directly in Storybook.[39m


--------------------------------------------------

Browser logs:

[1m[34mlog[39m[22m: Request, {"url":"http://127.0.0.1:6016/acme/api/v1/org/atlassian-oauth?connectionId=con_panel_story","method":"GET","headers":{"accept":"*/*"},"body":""}

[1m[34mlog[39m[22m: Handler:, {"kind":"request","options":{},"info":{"header":"GET [custom predicate]","method":"GET","callFrame":"http://127.0.0.1:6016/assets/iframe-DRQfpQ-N.js:1124:4289"},"isUsed":true}

[1m[34mlog[39m[22m: Response, {"status":200,"statusText":"OK","headers":{"content-length":"280","content-type":"application/json"},"body":"{\"oauthAppSaved\":true,\"atlassianOAuthClientId\":\"atlassian-oauth-client-id-story\",\"globalAtlassianOAuthConfigured\":false,\"oauthCallbackUrl\":\"http://127.0.0.1:6016/api/v1/integrations/atlassian/callback\",\"atlassianCreateUrl\":\"https://developer.atlassian.com/cloud/oauth-2-3lo-apps\"}"}

[1m[34mlog[39m[22m: Request, {"url":"http://127.0.0.1:6016/.auth/api/config","method":"GET","headers":{"accept":"*/*"},"body":""}

[1m[34mlog[39m[22m: Handler:, {"kind":"request","options":{},"info":{"header":"GET */.auth/api/config","path":"*/.auth/api/config","method":"GET","callFrame":"http://127.0.0.1:6016/assets/iframe-DRQfpQ-N.js:1124:4289"},"isUsed":true}

[1m[34mlog[39m[22m: Response, {"status":200,"statusText":"OK","headers":{"content-length":"16","content-type":"application/json"},"body":"{\"providers\":[]}"}
[0m[7m[1m[32m PASS [39m[22m[27m[0m [0m[7m[33m browser: chromium [39m[27m[0m [2m../../../../var/folders/9t/jj9rnpps7_ddb72c1mq2k13w0000gn/T/c074bc092911af3a35c92415033685a1/[22m[1mcomponents-connections-atlassian-oauthpanel.test.js[22m
--------------------------
Components/Connections/Atlassian/OAuthPanel > Embedded (wizard)[34m
Click to debug the error directly in Storybook:
http://127.0.0.1:6016/?path=/story/components-connections-atlassian-oauthpanel--embedded&addonPanel=storybook/a11y/panel

[39mMessage:
 [33mFound 1 a11y violations, run the test with 'a11y: { test: 'error' }' parameter to see the full report or debug it directly in Storybook.[39m


--------------------------------------------------

Browser logs:

[1m[34mlog[39m[22m: Request, {"url":"http://127.0.0.1:6016/acme/api/v1/org/atlassian-oauth?connectionId=con_panel_story","method":"GET","headers":{"accept":"*/*"},"body":""}

[1m[34mlog[39m[22m: Handler:, {"kind":"request","options":{},"info":{"header":"GET [custom predicate]","method":"GET","callFrame":"http://127.0.0.1:6016/assets/iframe-DRQfpQ-N.js:1124:4289"},"isUsed":true}

[1m[34mlog[39m[22m: Response, {"status":200,"statusText":"OK","headers":{"content-length":"252","content-type":"application/json"},"body":"{\"oauthAppSaved\":false,\"atlassianOAuthClientId\":null,\"globalAtlassianOAuthConfigured\":false,\"oauthCallbackUrl\":\"http://127.0.0.1:6016/api/v1/integrations/atlassian/callback\",\"atlassianCreateUrl\":\"https://developer.atlassian.com/cloud/oauth-2-3lo-apps\"}"}

[1m[34mlog[39m[22m: Request, {"url":"http://127.0.0.1:6016/.auth/api/config","method":"GET","headers":{"accept":"*/*"},"body":""}

[1m[34mlog[39m[22m: Handler:, {"kind":"request","options":{},"info":{"header":"GET */.auth/api/config","path":"*/.auth/api/config","method":"GET","callFrame":"http://127.0.0.1:6016/assets/iframe-DRQfpQ-N.js:1124:4289"},"isUsed":true}

[1m[34mlog[39m[22m: Response, {"status":200,"statusText":"OK","headers":{"content-length":"16","content-type":"application/json"},"body":"{\"providers\":[]}"}
--------------------------
Components/Connections/Atlassian/OAuthPanel > Embedded + OAuth configured[34m
Click to debug the error directly in Storybook:
http://127.0.0.1:6016/?path=/story/components-connections-atlassian-oauthpanel--embedded-oauth-configured&addonPanel=storybook/a11y/panel

[39mMessage:
 [33mFound 1 a11y violations, run the test with 'a11y: { test: 'error' }' parameter to see the full report or debug it directly in Storybook.[39m


--------------------------------------------------

Browser logs:

[1m[34mlog[39m[22m: Request, {"url":"http://127.0.0.1:6016/acme/api/v1/org/atlassian-oauth?connectionId=con_panel_story","method":"GET","headers":{"accept":"*/*"},"body":""}

[1m[34mlog[39m[22m: Handler:, {"kind":"request","options":{},"info":{"header":"GET [custom predicate]","method":"GET","callFrame":"http://127.0.0.1:6016/assets/iframe-DRQfpQ-N.js:1124:4289"},"isUsed":true}

[1m[34mlog[39m[22m: Response, {"status":200,"statusText":"OK","headers":{"content-length":"280","content-type":"application/json"},"body":"{\"oauthAppSaved\":true,\"atlassianOAuthClientId\":\"atlassian-oauth-client-id-story\",\"globalAtlassianOAuthConfigured\":false,\"oauthCallbackUrl\":\"http://127.0.0.1:6016/api/v1/integrations/atlassian/callback\",\"atlassianCreateUrl\":\"https://developer.atlassian.com/cloud/oauth-2-3lo-apps\"}"}

[1m[34mlog[39m[22m: Request, {"url":"http://127.0.0.1:6016/.auth/api/config","method":"GET","headers":{"accept":"*/*"},"body":""}

[1m[34mlog[39m[22m: Handler:, {"kind":"request","options":{},"info":{"header":"GET */.auth/api/config","path":"*/.auth/api/config","method":"GET","callFrame":"http://127.0.0.1:6016/assets/iframe-DRQfpQ-N.js:1124:4289"},"isUsed":true}

[1m[34mlog[39m[22m: Response, {"status":200,"statusText":"OK","headers":{"content-length":"16","content-type":"application/json"},"body":"{\"providers\":[]}"}

[1m[34mlog[39m[22m: Request, {"url":"http://127.0.0.1:6016/.auth/api/v1/auth/get-session","method":"GET","headers":{"accept":"*/*"},"body":""}

[1m[34mlog[39m[22m: Handler:, {"kind":"request","options":{},"info":{"header":"GET */.auth/api/v1/auth/get-session","path":"*/.auth/api/v1/auth/get-session","method":"GET","callFrame":"http://127.0.0.1:6016/assets/iframe-DRQfpQ-N.js:1124:4289"},"isUsed":true}

[1m[34mlog[39m[22m: Response, {"status":200,"statusText":"OK","headers":{"content-length":"260","content-type":"application/json"},"body":"{\"session\":{\"id\":\"storybook-session\",\"userId\":\"user_storybook\",\"expiresAt\":\"2026-09-08T11:53:44.748Z\"},\"user\":{\"id\":\"user_storybook\",\"email\":\"story@ctxpipe.local\",\"name\":\"Storybook User\",\"emailVerified\":true,\"onboardingCompletedAt\":\"2025-01-01T00:00:00.000Z\"}}"}
[0m[7m[1m[32m PASS [39m[22m[27m[0m [0m[7m[33m browser: chromium [39m[27m[0m [2m../../../../var/folders/9t/jj9rnpps7_ddb72c1mq2k13w0000gn/T/c074bc092911af3a35c92415033685a1/[22m[1mcomponents-connections-slack-connectioncard.test.js[22m
[0m[7m[1m[32m PASS [39m[22m[27m[0m [0m[7m[33m browser: chromium [39m[27m[0m [2m../../../../var/folders/9t/jj9rnpps7_ddb72c1mq2k13w0000gn/T/c074bc092911af3a35c92415033685a1/[22m[1mcomponents-connections-github-addbutton.test.js[22m
[0m[7m[1m[32m PASS [39m[22m[27m[0m [0m[7m[33m browser: chromium [39m[27m[0m [2m../../../../var/folders/9t/jj9rnpps7_ddb72c1mq2k13w0000gn/T/c074bc092911af3a35c92415033685a1/[22m[1mcomponents-connections-github-connectioncard.test.js[22m
--------------------------
Components/Onboarding/ExternalInviteModal > Single Recipient[34m
Click to debug the error directly in Storybook:
http://127.0.0.1:6016/?path=/story/components-onboarding-externalinvitemodal--single-recipient&addonPanel=storybook/a11y/panel

[39mMessage:
 [33mFound 1 a11y violations, run the test with 'a11y: { test: 'error' }' parameter to see the full report or debug it directly in Storybook.[39m


--------------------------------------------------

Browser logs:

[1m[34mlog[39m[22m: Request, {"url":"http://127.0.0.1:6016/.auth/api/config","method":"GET","headers":{"accept":"*/*"},"body":""}

[1m[34mlog[39m[22m: Handler:, {"kind":"request","options":{},"info":{"header":"GET */.auth/api/config","path":"*/.auth/api/config","method":"GET","callFrame":"http://127.0.0.1:6016/assets/iframe-DRQfpQ-N.js:1124:4289"},"isUsed":true}

[1m[34mlog[39m[22m: Response, {"status":200,"statusText":"OK","headers":{"content-length":"16","content-type":"application/json"},"body":"{\"providers\":[]}"}

[1m[34mlog[39m[22m: Request, {"url":"http://127.0.0.1:6016/.auth/api/v1/auth/get-session","method":"GET","headers":{"accept":"*/*"},"body":""}

[1m[34mlog[39m[22m: Handler:, {"kind":"request","options":{},"info":{"header":"GET */.auth/api/v1/auth/get-session","path":"*/.auth/api/v1/auth/get-session","method":"GET","callFrame":"http://127.0.0.1:6016/assets/iframe-DRQfpQ-N.js:1124:4289"},"isUsed":true}

[1m[34mlog[39m[22m: Response, {"status":200,"statusText":"OK","headers":{"content-length":"260","content-type":"application/json"},"body":"{\"session\":{\"id\":\"storybook-session\",\"userId\":\"user_storybook\",\"expiresAt\":\"2026-09-08T11:53:46.428Z\"},\"user\":{\"id\":\"user_storybook\",\"email\":\"story@ctxpipe.local\",\"name\":\"Storybook User\",\"emailVerified\":true,\"onboardingCompletedAt\":\"2025-01-01T00:00:00.000Z\"}}"}

[1m[34mlog[39m[22m: Request, {"url":"http://127.0.0.1:6016/.auth/api/v1/auth/get-session","method":"GET","headers":{"accept":"*/*"},"body":""}

[1m[34mlog[39m[22m: Handler:, {"kind":"request","options":{},"info":{"header":"GET */.auth/api/v1/auth/get-session","path":"*/.auth/api/v1/auth/get-session","method":"GET","callFrame":"http://127.0.0.1:6016/assets/iframe-DRQfpQ-N.js:1124:4289"},"isUsed":true}

[1m[34mlog[39m[22m: Response, {"status":200,"statusText":"OK","headers":{"content-length":"260","content-type":"application/json"},"body":"{\"session\":{\"id\":\"storybook-session\",\"userId\":\"user_storybook\",\"expiresAt\":\"2026-09-08T11:53:46.429Z\"},\"user\":{\"id\":\"user_storybook\",\"email\":\"story@ctxpipe.local\",\"name\":\"Storybook User\",\"emailVerified\":true,\"onboardingCompletedAt\":\"2025-01-01T00:00:00.000Z\"}}"}

[1m[34mlog[39m[22m: Request, {"url":"http://127.0.0.1:6016/.auth/api/v1/auth/organization/list","method":"GET","headers":{"accept":"*/*"},"body":""}

[1m[34mlog[39m[22m: Handler:, {"kind":"request","options":{},"info":{"header":"GET */.auth/api/v1/auth/organization/list","path":"*/.auth/api/v1/auth/organization/list","method":"GET","callFrame":"http://127.0.0.1:6016/assets/iframe-DRQfpQ-N.js:1124:4289"},"isUsed":true}

[1m[34mlog[39m[22m: Response, {"status":200,"statusText":"OK","headers":{"content-length":"61","content-type":"application/json"},"body":"[{\"id\":\"org_storybook\",\"name\":\"Storybook Org\",\"slug\":\"acme\"}]"}

[1m[34mlog[39m[22m: Request, {"url":"http://127.0.0.1:6016/.auth/api/v1/auth/organization/list","method":"GET","headers":{"accept":"*/*"},"body":""}

[1m[34mlog[39m[22m: Handler:, {"kind":"request","options":{},"info":{"header":"GET */.auth/api/v1/auth/organization/list","path":"*/.auth/api/v1/auth/organization/list","method":"GET","callFrame":"http://127.0.0.1:6016/assets/iframe-DRQfpQ-N.js:1124:4289"},"isUsed":true}

[1m[34mlog[39m[22m: Response, {"status":200,"statusText":"OK","headers":{"content-length":"61","content-type":"application/json"},"body":"[{\"id\":\"org_storybook\",\"name\":\"Storybook Org\",\"slug\":\"acme\"}]"}
--------------------------
Components/Onboarding/ExternalInviteModal > Multiple Recipients[34m
Click to debug the error directly in Storybook:
http://127.0.0.1:6016/?path=/story/components-onboarding-externalinvitemodal--multiple-recipients&addonPanel=storybook/a11y/panel

[39mMessage:
 [33mFound 1 a11y violations, run the test with 'a11y: { test: 'error' }' parameter to see the full report or debug it directly in Storybook.[39m


--------------------------------------------------

Browser logs:

[1m[34mlog[39m[22m: Request, {"url":"http://127.0.0.1:6016/.auth/api/config","method":"GET","headers":{"accept":"*/*"},"body":""}

[1m[34mlog[39m[22m: Handler:, {"kind":"request","options":{},"info":{"header":"GET */.auth/api/config","path":"*/.auth/api/config","method":"GET","callFrame":"http://127.0.0.1:6016/assets/iframe-DRQfpQ-N.js:1124:4289"},"isUsed":true}

[1m[34mlog[39m[22m: Response, {"status":200,"statusText":"OK","headers":{"content-length":"16","content-type":"application/json"},"body":"{\"providers\":[]}"}

[1m[34mlog[39m[22m: Request, {"url":"http://127.0.0.1:6016/.auth/api/v1/auth/get-session","method":"GET","headers":{"accept":"*/*"},"body":""}

[1m[34mlog[39m[22m: Handler:, {"kind":"request","options":{},"info":{"header":"GET */.auth/api/v1/auth/get-session","path":"*/.auth/api/v1/auth/get-session","method":"GET","callFrame":"http://127.0.0.1:6016/assets/iframe-DRQfpQ-N.js:1124:4289"},"isUsed":true}

[1m[34mlog[39m[22m: Response, {"status":200,"statusText":"OK","headers":{"content-length":"260","content-type":"application/json"},"body":"{\"session\":{\"id\":\"storybook-session\",\"userId\":\"user_storybook\",\"expiresAt\":\"2026-09-08T11:53:46.575Z\"},\"user\":{\"id\":\"user_storybook\",\"email\":\"story@ctxpipe.local\",\"name\":\"Storybook User\",\"emailVerified\":true,\"onboardingCompletedAt\":\"2025-01-01T00:00:00.000Z\"}}"}
--------------------------
Components/Onboarding/ExternalInviteModal > Long List[34m
Click to debug the error directly in Storybook:
http://127.0.0.1:6016/?path=/story/components-onboarding-externalinvitemodal--long-list&addonPanel=storybook/a11y/panel

[39mMessage:
 [33mFound 1 a11y violations, run the test with 'a11y: { test: 'error' }' parameter to see the full report or debug it directly in Storybook.[39m


--------------------------------------------------

Browser logs:

[1m[34mlog[39m[22m: Request, {"url":"http://127.0.0.1:6016/.auth/api/config","method":"GET","headers":{"accept":"*/*"},"body":""}

[1m[34mlog[39m[22m: Handler:, {"kind":"request","options":{},"info":{"header":"GET */.auth/api/config","path":"*/.auth/api/config","method":"GET","callFrame":"http://127.0.0.1:6016/assets/iframe-DRQfpQ-N.js:1124:4289"},"isUsed":true}

[1m[34mlog[39m[22m: Response, {"status":200,"statusText":"OK","headers":{"content-length":"16","content-type":"application/json"},"body":"{\"providers\":[]}"}
[0m[7m[1m[32m PASS [39m[22m[27m[0m [0m[7m[33m browser: chromium [39m[27m[0m [2m../../../../var/folders/9t/jj9rnpps7_ddb72c1mq2k13w0000gn/T/c074bc092911af3a35c92415033685a1/[22m[1mcomponents-onboarding-externalinvitemodal.test.js[22m
[0m[7m[1m[32m PASS [39m[22m[27m[0m [0m[7m[33m browser: chromium [39m[27m[0m [2m../../../../var/folders/9t/jj9rnpps7_ddb72c1mq2k13w0000gn/T/c074bc092911af3a35c92415033685a1/[22m[1mcomponents-connections-setupstepper.test.js[22m
[0m[7m[1m[32m PASS [39m[22m[27m[0m [0m[7m[33m browser: chromium [39m[27m[0m [2m../../../../var/folders/9t/jj9rnpps7_ddb72c1mq2k13w0000gn/T/c074bc092911af3a35c92415033685a1/[22m[1mcomponents-connections-atlassian-editscope.test.js[22m
[0m[7m[1m[32m PASS [39m[22m[27m[0m [0m[7m[33m browser: chromium [39m[27m[0m [2m../../../../var/folders/9t/jj9rnpps7_ddb72c1mq2k13w0000gn/T/c074bc092911af3a35c92415033685a1/[22m[1mcomponents-connections-githubprerequisitestep.test.js[22m
[0m[7m[1m[32m PASS [39m[22m[27m[0m [0m[7m[33m browser: chromium [39m[27m[0m [2m../../../../var/folders/9t/jj9rnpps7_ddb72c1mq2k13w0000gn/T/c074bc092911af3a35c92415033685a1/[22m[1mcomponents-workspaces-navrow.test.js[22m
[0m[7m[1m[31m FAIL [39m[22m[27m[0m [0m[7m[33m browser: chromium [39m[27m[0m [2m../../../../var/folders/9t/jj9rnpps7_ddb72c1mq2k13w0000gn/T/c074bc092911af3a35c92415033685a1/[22m[1mcomponents-workspaces-createform.test.js[22m
  [1m● [22mConsole

    [2mconsole.log[22m
      An error occurred in the following story, most likely because of a navigation: "Components/Workspaces/CreateForm/Select Git Hub". Retrying...
[2m[22m
[2m      [2mat Object.log ([22m[2m../../var/folders/9t/jj9rnpps7_ddb72c1mq2k13w0000gn/T/c074bc092911af3a35c92415033685a1/components-workspaces-createform.test.js[2m:112:19)[22m[2m[22m

    [2mconsole.log[22m
      An error occurred in the following story, most likely because of a navigation: "Components/Workspaces/CreateForm/Create On Git Hub". Retrying...
[2m[22m
[2m      [2mat Object.log ([22m[2m../../var/folders/9t/jj9rnpps7_ddb72c1mq2k13w0000gn/T/c074bc092911af3a35c92415033685a1/components-workspaces-createform.test.js[2m:172:19)[22m[2m[22m

[1m[31m  [1m● [22m[1mComponents/Workspaces/CreateForm › Zero Workspaces › play-test[39m[22m

    page.evaluate: StorybookTestRunnerError: [34m
    Click to debug the error directly in Storybook:
    http://127.0.0.1:6016/?path=/story/components-workspaces-createform--zero-workspaces&addonPanel=storybook/interactions/panel

    [39mMessage:
     Unable to find role="list" and name `/repositories/i`

    Ignored nodes: comments, script, style
    <div
      id="storybook-root"
    >
      <div
        class="min-h-screen bg-background font-sans text-foreground antialiased"
      >
        <div
          class="min-h-[28rem] bg-zinc-950 px-6 py-16"
        >
          <div
            class="w-full"
          >
            <h1
              class="text-lg font-medium tracking-tight"
            >
              Add Workspace
            </h1>
            <p
              class="mt-2 text-sm text-muted-foreground"
            >
              Select the repository that will be the source of truth for all the context in this Workspace.
            </p>
            <div
              class="mt-6"
            >
              <div>
                <template
                  data-react-aria-hidden="true"
                >
                  <div
                    class="relative overflow-hidden"
                  />
                </template>
                <div
                  class="flex font-sans max-w-full flex-col gap-3"
                  data-orientation="horizontal"
      …


    --------------------------------------------------

    Browser logs:

    [1m[34mlog[39m[22m: Request, {"url":"http://127.0.0.1:6016/.auth/api/config","method":"GET","headers":{"accept":"*/*"},"body":""}

    [1m[34mlog[39m[22m: Handler:, {"kind":"request","options":{},"info":{"header":"GET */.auth/api/config","path":"*/.auth/api/config","method":"GET","callFrame":"http://127.0.0.1:6016/assets/iframe-DRQfpQ-N.js:1124:4289"},"isUsed":true}

    [1m[34mlog[39m[22m: Response, {"status":200,"statusText":"OK","headers":{"content-length":"16","content-type":"application/json"},"body":"{\"providers\":[]}"}

    [1m[34mlog[39m[22m: Request, {"url":"http://127.0.0.1:6016/acme/api/v1/workspaces","method":"GET","headers":{"accept":"*/*"},"body":""}

    [1m[34mlog[39m[22m: Handler:, {"kind":"request","options":{},"info":{"header":"GET [custom predicate]","method":"GET","callFrame":"http://127.0.0.1:6016/assets/iframe-DRQfpQ-N.js:1124:4289"},"isUsed":true}

    [1m[34mlog[39m[22m: Response, {"status":200,"statusText":"OK","headers":{"content-length":"39","content-type":"application/json"},"body":"{\"items\":[],\"lastUsedWorkspaceId\":null}"}

    [1m[34mlog[39m[22m: Request, {"url":"http://127.0.0.1:6016/.auth/api/v1/auth/get-session","method":"GET","headers":{"accept":"*/*"},"body":""}

    [1m[34mlog[39m[22m: Handler:, {"kind":"request","options":{},"info":{"header":"GET */.auth/api/v1/auth/get-session","path":"*/.auth/api/v1/auth/get-session","method":"GET","callFrame":"http://127.0.0.1:6016/assets/iframe-DRQfpQ-N.js:1124:4289"},"isUsed":true}

    [1m[34mlog[39m[22m: Response, {"status":200,"statusText":"OK","headers":{"content-length":"260","content-type":"application/json"},"body":"{\"session\":{\"id\":\"storybook-session\",\"userId\":\"user_storybook\",\"expiresAt\":\"2026-09-08T11:53:49.739Z\"},\"user\":{\"id\":\"user_storybook\",\"email\":\"story@ctxpipe.local\",\"name\":\"Storybook User\",\"emailVerified\":true,\"onboardingCompletedAt\":\"2025-01-01T00:00:00.000Z\"}}"}

    [1m[34mlog[39m[22m: Request, {"url":"http://127.0.0.1:6016/.auth/api/v1/auth/get-session","method":"GET","headers":{"accept":"*/*"},"body":""}

    [1m[34mlog[39m[22m: Handler:, {"kind":"request","options":{},"info":{"header":"GET */.auth/api/v1/auth/get-session","path":"*/.auth/api/v1/auth/get-session","method":"GET","callFrame":"http://127.0.0.1:6016/assets/iframe-DRQfpQ-N.js:1124:4289"},"isUsed":true}

    [1m[34mlog[39m[22m: Response, {"status":200,"statusText":"OK","headers":{"content-length":"260","content-type":"application/json"},"body":"{\"session\":{\"id\":\"storybook-session\",\"userId\":\"user_storybook\",\"expiresAt\":\"2026-09-08T11:53:49.740Z\"},\"user\":{\"id\":\"user_storybook\",\"email\":\"story@ctxpipe.local\",\"name\":\"Storybook User\",\"emailVerified\":true,\"onboardingCompletedAt\":\"2025-01-01T00:00:00.000Z\"}}"}

    [1m[34mlog[39m[22m: Request, {"url":"http://127.0.0.1:6016/.auth/api/v1/auth/organization/list","method":"GET","headers":{"accept":"*/*"},"body":""}

    [1m[34mlog[39m[22m: Handler:, {"kind":"request","options":{},"info":{"header":"GET */.auth/api/v1/auth/organization/list","path":"*/.auth/api/v1/auth/organization/list","method":"GET","callFrame":"http://127.0.0.1:6016/assets/iframe-DRQfpQ-N.js:1124:4289"},"isUsed":true}

    [1m[34mlog[39m[22m: Response, {"status":200,"statusText":"OK","headers":{"content-length":"61","content-type":"application/json"},"body":"[{\"id\":\"org_storybook\",\"name\":\"Storybook Org\",\"slug\":\"acme\"}]"}

    [1m[34mlog[39m[22m: Request, {"url":"http://127.0.0.1:6016/.auth/api/v1/auth/organization/list","method":"GET","headers":{"accept":"*/*"},"body":""}

    [1m[34mlog[39m[22m: Handler:, {"kind":"request","options":{},"info":{"header":"GET */.auth/api/v1/auth/organization/list","path":"*/.auth/api/v1/auth/organization/list","method":"GET","callFrame":"http://127.0.0.1:6016/assets/iframe-DRQfpQ-N.js:1124:4289"},"isUsed":true}

    [1m[34mlog[39m[22m: Response, {"status":200,"statusText":"OK","headers":{"content-length":"61","content-type":"application/json"},"body":"[{\"id\":\"org_storybook\",\"name\":\"Storybook Org\",\"slug\":\"acme\"}]"}

[2m      13 |         let result;[22m
[2m      14 |         try {[22m
[2m    > 15 |           result = await page.evaluate(({[22m
[2m         |                               ^[22m
[2m      16 |             id,[22m
[2m      17 |             hasPlayFn[22m
[2m      18 |           }) => __test(id, hasPlayFn), {[22m

[2m      [2mat evaluate ([22m[2m[0m[36m../../var/folders/9t/jj9rnpps7_ddb72c1mq2k13w0000gn/T/c074bc092911af3a35c92415033685a1/components-workspaces-createform.test.js[39m[0m[2m:15:31)[22m[2m[22m
[2m      [2mat Object.testFn ([22m[2m[0m[36m../../var/folders/9t/jj9rnpps7_ddb72c1mq2k13w0000gn/T/c074bc092911af3a35c92415033685a1/components-workspaces-createform.test.js[39m[0m[2m:49:15)[22m[2m[22m

[1m[31m  [1m● [22m[1mComponents/Workspaces/CreateForm › Select Git Hub › play-test[39m[22m

    page.evaluate: StorybookTestRunnerError: [34m
    Click to debug the error directly in Storybook:
    http://127.0.0.1:6016/?path=/story/components-workspaces-createform--select-git-hub&addonPanel=storybook/interactions/panel

    [39mMessage:
     Unable to find role="list" and name `/repositories/i`

    Ignored nodes: comments, script, style
    <div
      id="storybook-root"
    >
      <div
        class="min-h-screen bg-background font-sans text-foreground antialiased"
      >
        <div
          class="min-h-[28rem] bg-zinc-950 px-6 py-16"
        >
          <div
            class="w-full"
          >
            <h1
              class="text-lg font-medium tracking-tight"
            >
              Add Workspace
            </h1>
            <p
              class="mt-2 text-sm text-muted-foreground"
            >
              Select the repository that will be the source of truth for all the context in this Workspace.
            </p>
            <div
              class="mt-6"
            >
              <div>
                <template
                  data-react-aria-hidden="true"
                >
                  <div
                    class="relative overflow-hidden"
                  />
                </template>
                <div
                  class="flex font-sans max-w-full flex-col gap-3"
                  data-orientation="horizontal"
      …


    --------------------------------------------------

    Browser logs:

    [1m[34mlog[39m[22m: Request, {"url":"http://127.0.0.1:6016/.auth/api/config","method":"GET","headers":{"accept":"*/*"},"body":""}

    [1m[34mlog[39m[22m: Handler:, {"kind":"request","options":{},"info":{"header":"GET */.auth/api/config","path":"*/.auth/api/config","method":"GET","callFrame":"http://127.0.0.1:6016/assets/iframe-DRQfpQ-N.js:1124:4289"},"isUsed":true}

    [1m[34mlog[39m[22m: Response, {"status":200,"statusText":"OK","headers":{"content-length":"16","content-type":"application/json"},"body":"{\"providers\":[]}"}

    [1m[34mlog[39m[22m: Request, {"url":"http://127.0.0.1:6016/acme/api/v1/workspaces","method":"GET","headers":{"accept":"*/*"},"body":""}

    [1m[34mlog[39m[22m: Handler:, {"kind":"request","options":{},"info":{"header":"GET [custom predicate]","method":"GET","callFrame":"http://127.0.0.1:6016/assets/iframe-DRQfpQ-N.js:1124:4289"},"isUsed":true}

    [1m[34mlog[39m[22m: Response, {"status":200,"statusText":"OK","headers":{"content-length":"39","content-type":"application/json"},"body":"{\"items\":[],\"lastUsedWorkspaceId\":null}"}

    [1m[34mlog[39m[22m: Request, {"url":"http://127.0.0.1:6016/.auth/api/v1/auth/get-session","method":"GET","headers":{"accept":"*/*"},"body":""}

    [1m[34mlog[39m[22m: Handler:, {"kind":"request","options":{},"info":{"header":"GET */.auth/api/v1/auth/get-session","path":"*/.auth/api/v1/auth/get-session","method":"GET","callFrame":"http://127.0.0.1:6016/assets/iframe-DRQfpQ-N.js:1124:4289"},"isUsed":true}

    [1m[34mlog[39m[22m: Response, {"status":200,"statusText":"OK","headers":{"content-length":"260","content-type":"application/json"},"body":"{\"session\":{\"id\":\"storybook-session\",\"userId\":\"user_storybook\",\"expiresAt\":\"2026-09-08T11:53:51.069Z\"},\"user\":{\"id\":\"user_storybook\",\"email\":\"story@ctxpipe.local\",\"name\":\"Storybook User\",\"emailVerified\":true,\"onboardingCompletedAt\":\"2025-01-01T00:00:00.000Z\"}}"}

    [1m[34mlog[39m[22m: Request, {"url":"http://127.0.0.1:6016/.auth/api/v1/auth/get-session","method":"GET","headers":{"accept":"*/*"},"body":""}

    [1m[34mlog[39m[22m: Handler:, {"kind":"request","options":{},"info":{"header":"GET */.auth/api/v1/auth/get-session","path":"*/.auth/api/v1/auth/get-session","method":"GET","callFrame":"http://127.0.0.1:6016/assets/iframe-DRQfpQ-N.js:1124:4289"},"isUsed":true}

    [1m[34mlog[39m[22m: Response, {"status":200,"statusText":"OK","headers":{"content-length":"260","content-type":"application/json"},"body":"{\"session\":{\"id\":\"storybook-session\",\"userId\":\"user_storybook\",\"expiresAt\":\"2026-09-08T11:53:51.069Z\"},\"user\":{\"id\":\"user_storybook\",\"email\":\"story@ctxpipe.local\",\"name\":\"Storybook User\",\"emailVerified\":true,\"onboardingCompletedAt\":\"2025-01-01T00:00:00.000Z\"}}"}

    [1m[34mlog[39m[22m: Request, {"url":"http://127.0.0.1:6016/.auth/api/v1/auth/organization/list","method":"GET","headers":{"accept":"*/*"},"body":""}

    [1m[34mlog[39m[22m: Handler:, {"kind":"request","options":{},"info":{"header":"GET */.auth/api/v1/auth/organization/list","path":"*/.auth/api/v1/auth/organization/list","method":"GET","callFrame":"http://127.0.0.1:6016/assets/iframe-DRQfpQ-N.js:1124:4289"},"isUsed":true}

    [1m[34mlog[39m[22m: Response, {"status":200,"statusText":"OK","headers":{"content-length":"61","content-type":"application/json"},"body":"[{\"id\":\"org_storybook\",\"name\":\"Storybook Org\",\"slug\":\"acme\"}]"}

    [1m[34mlog[39m[22m: Request, {"url":"http://127.0.0.1:6016/.auth/api/v1/auth/organization/list","method":"GET","headers":{"accept":"*/*"},"body":""}

    [1m[34mlog[39m[22m: Handler:, {"kind":"request","options":{},"info":{"header":"GET */.auth/api/v1/auth/organization/list","path":"*/.auth/api/v1/auth/organization/list","method":"GET","callFrame":"http://127.0.0.1:6016/assets/iframe-DRQfpQ-N.js:1124:4289"},"isUsed":true}

    [1m[34mlog[39m[22m: Response, {"status":200,"statusText":"OK","headers":{"content-length":"61","content-type":"application/json"},"body":"[{\"id\":\"org_storybook\",\"name\":\"Storybook Org\",\"slug\":\"acme\"}]"}

[2m      73 |         let result;[22m
[2m      74 |         try {[22m
[2m    > 75 |           result = await page.evaluate(({[22m
[2m         |                               ^[22m
[2m      76 |             id,[22m
[2m      77 |             hasPlayFn[22m
[2m      78 |           }) => __test(id, hasPlayFn), {[22m

[2m      [2mat evaluate ([22m[2m[0m[36m../../var/folders/9t/jj9rnpps7_ddb72c1mq2k13w0000gn/T/c074bc092911af3a35c92415033685a1/components-workspaces-createform.test.js[39m[0m[2m:75:31)[22m[2m[22m
[2m      [2mat Object.testFn ([22m[2m[0m[36m../../var/folders/9t/jj9rnpps7_ddb72c1mq2k13w0000gn/T/c074bc092911af3a35c92415033685a1/components-workspaces-createform.test.js[39m[0m[2m:115:17)[22m[2m[22m

[0m[7m[1m[31m FAIL [39m[22m[27m[0m [0m[7m[33m browser: chromium [39m[27m[0m [2m../../../../var/folders/9t/jj9rnpps7_ddb72c1mq2k13w0000gn/T/c074bc092911af3a35c92415033685a1/[22m[1mcomponents-onboarding-slides-createorg.test.js[22m ([0m[1m[41m5.969 s[49m[22m[0m)
[1m[31m  [1m● [22m[1mComponents/Onboarding/Slides/CreateOrg › Validation Error › play-test[39m[22m

    page.evaluate: StorybookTestRunnerError: [34m
    Click to debug the error directly in Storybook:
    http://127.0.0.1:6016/?path=/story/components-onboarding-slides-createorg--validation-error&addonPanel=storybook/interactions/panel

    [39mMessage:
     expect(element).toBeVisible()

    Received element is not visible:
      <p
      class="mb-4 text-xs text-red-400"
    />

[2m      73 |         let result;[22m
[2m      74 |         try {[22m
[2m    > 75 |           result = await page.evaluate(({[22m
[2m         |                               ^[22m
[2m      76 |             id,[22m
[2m      77 |             hasPlayFn[22m
[2m      78 |           }) => __test(id, hasPlayFn), {[22m

[2m      [2mat evaluate ([22m[2m[0m[36m../../var/folders/9t/jj9rnpps7_ddb72c1mq2k13w0000gn/T/c074bc092911af3a35c92415033685a1/components-onboarding-slides-createorg.test.js[39m[0m[2m:75:31)[22m[2m[22m
[2m      [2mat Object.testFn ([22m[2m[0m[36m../../var/folders/9t/jj9rnpps7_ddb72c1mq2k13w0000gn/T/c074bc092911af3a35c92415033685a1/components-onboarding-slides-createorg.test.js[39m[0m[2m:109:15)[22m[2m[22m

[1m[31m  [1m● [22m[1mComponents/Onboarding/Slides/CreateOrg › Create Failed › play-test[39m[22m

    page.evaluate: StorybookTestRunnerError: [34m
    Click to debug the error directly in Storybook:
    http://127.0.0.1:6016/?path=/story/components-onboarding-slides-createorg--create-failed&addonPanel=storybook/interactions/panel

    [39mMessage:
     Unable to find an element with the text: /failed to create organisation/i. This could be because the text is broken up by multiple elements. In this case, you can provide a function for your text matcher to make your matcher more flexible.

    Ignored nodes: comments, script, style
    <div
      id="storybook-root"
    >
      <div
        class="min-h-screen bg-background font-sans text-foreground antialiased"
      >
        <div
          class="max-w-xl rounded-none border border-border bg-zinc-950 p-8 text-left"
        >
          <h2
            class="onb-in-1 mb-4 text-3xl font-semibold text-zinc-100 sm:text-4xl"
          >
            Create your organisation
          </h2>
          <div
            class="onb-in-2 mx-auto mb-10 max-w-3xl"
          >
            <p
              class="mx-auto mb-6 text-zinc-300"
            >
              Set up your organisation to start building your context layer. Your team will join here.
            </p>
            <div
              class="mx-auto max-w-md rounded-none border border-border bg-zinc-950/70 p-6 text-left"
          …


    --------------------------------------------------

    Browser logs:

    [1m[34mlog[39m[22m: Request, {"url":"http://127.0.0.1:6016/.auth/api/config","method":"GET","headers":{"accept":"*/*"},"body":""}

    [1m[34mlog[39m[22m: Handler:, {"kind":"request","options":{},"info":{"header":"GET */.auth/api/config","path":"*/.auth/api/config","method":"GET","callFrame":"http://127.0.0.1:6016/assets/iframe-DRQfpQ-N.js:1124:4289"},"isUsed":true}

    [1m[34mlog[39m[22m: Response, {"status":200,"statusText":"OK","headers":{"content-length":"16","content-type":"application/json"},"body":"{\"providers\":[]}"}

    [1m[34mlog[39m[22m: Request, {"url":"http://127.0.0.1:6016/.auth/api/v1/auth/get-session","method":"GET","headers":{"accept":"*/*"},"body":""}

    [1m[34mlog[39m[22m: Handler:, {"kind":"request","options":{},"info":{"header":"GET */.auth/api/v1/auth/get-session","path":"*/.auth/api/v1/auth/get-session","method":"GET","callFrame":"http://127.0.0.1:6016/assets/iframe-DRQfpQ-N.js:1124:4289"},"isUsed":true}

    [1m[34mlog[39m[22m: Response, {"status":200,"statusText":"OK","headers":{"content-length":"260","content-type":"application/json"},"body":"{\"session\":{\"id\":\"storybook-session\",\"userId\":\"user_storybook\",\"expiresAt\":\"2026-09-08T11:53:47.910Z\"},\"user\":{\"id\":\"user_storybook\",\"email\":\"story@ctxpipe.local\",\"name\":\"Storybook User\",\"emailVerified\":true,\"onboardingCompletedAt\":\"2025-01-01T00:00:00.000Z\"}}"}

    [1m[34mlog[39m[22m: Request, {"url":"http://127.0.0.1:6016/.auth/api/v1/auth/organization/list","method":"GET","headers":{"accept":"*/*"},"body":""}

    [1m[34mlog[39m[22m: Handler:, {"kind":"request","options":{},"info":{"header":"GET */.auth/api/v1/auth/organization/list","path":"*/.auth/api/v1/auth/organization/list","method":"GET","callFrame":"http://127.0.0.1:6016/assets/iframe-DRQfpQ-N.js:1124:4289"},"isUsed":true}

    [1m[34mlog[39m[22m: Response, {"status":200,"statusText":"OK","headers":{"content-length":"61","content-type":"application/json"},"body":"[{\"id\":\"org_storybook\",\"name\":\"Storybook Org\",\"slug\":\"acme\"}]"}

[2m      133 |         let result;[22m
[2m      134 |         try {[22m
[2m    > 135 |           result = await page.evaluate(({[22m
[2m          |                               ^[22m
[2m      136 |             id,[22m
[2m      137 |             hasPlayFn[22m
[2m      138 |           }) => __test(id, hasPlayFn), {[22m

[2m      [2mat evaluate ([22m[2m[0m[36m../../var/folders/9t/jj9rnpps7_ddb72c1mq2k13w0000gn/T/c074bc092911af3a35c92415033685a1/components-onboarding-slides-createorg.test.js[39m[0m[2m:135:31)[22m[2m[22m
[2m      [2mat Object.testFn ([22m[2m[0m[36m../../var/folders/9t/jj9rnpps7_ddb72c1mq2k13w0000gn/T/c074bc092911af3a35c92415033685a1/components-onboarding-slides-createorg.test.js[39m[0m[2m:169:15)[22m[2m[22m

[1m[31m  [1m● [22m[1mComponents/Onboarding/Slides/CreateOrg › Creating Organization › play-test[39m[22m

    page.evaluate: StorybookTestRunnerError: [34m
    Click to debug the error directly in Storybook:
    http://127.0.0.1:6016/?path=/story/components-onboarding-slides-createorg--creating-organization&addonPanel=storybook/interactions/panel

    [39mMessage:
     expected "onOrgCreated" to be called at least once

    Ignored nodes: comments, script, style
    <html
      class="dark"
      lang="en"
    >
      <head>
        
        
        <meta
          charset="utf-8"
        />
        
        
        <title>
          components-onboarding-slides-createorg--creating-organization
        </title>
        
        
        <meta
          content="width=device-width, initial-scale=1"
          name="viewport"
        />
        

        
        

        
        
        
        <base
          target="_parent"
        />
        


        


        

        

        

        

        
        
        
        <link
          crossorigin=""
          href="./assets/preload-helper-PPVm8Dsz.js"
          rel="modulepreload"
        />
        
        
        <link
          crossorigin=""
          href="./assets/iframe-CTuojJDz.css"
          rel="stylesheet"
        />
        
      
        <link
          as="script"
          crossorigin=""
          href="http://127.0.0.1:6016/assets/OnboardingCreateOrgSlide.stories-CxsCiRj6.js"
          rel="modulepreload"
        />
        <link
          as="script"
          crossorigin=""
          href="http://127.0.0.1:6016/a…


    --------------------------------------------------

    Browser logs:

    [1m[34mlog[39m[22m: Request, {"url":"http://127.0.0.1:6016/.auth/api/config","method":"GET","headers":{"accept":"*/*"},"body":""}

    [1m[34mlog[39m[22m: Handler:, {"kind":"request","options":{},"info":{"header":"GET */.auth/api/config","path":"*/.auth/api/config","method":"GET","callFrame":"http://127.0.0.1:6016/assets/iframe-DRQfpQ-N.js:1124:4289"},"isUsed":true}

    [1m[34mlog[39m[22m: Response, {"status":200,"statusText":"OK","headers":{"content-length":"16","content-type":"application/json"},"body":"{\"providers\":[]}"}

    [1m[34mlog[39m[22m: Request, {"url":"http://127.0.0.1:6016/.auth/api/v1/auth/get-session","method":"GET","headers":{"accept":"*/*"},"body":""}

    [1m[34mlog[39m[22m: Handler:, {"kind":"request","options":{},"info":{"header":"GET */.auth/api/v1/auth/get-session","path":"*/.auth/api/v1/auth/get-session","method":"GET","callFrame":"http://127.0.0.1:6016/assets/iframe-DRQfpQ-N.js:1124:4289"},"isUsed":true}

    [1m[34mlog[39m[22m: Response, {"status":200,"statusText":"OK","headers":{"content-length":"260","content-type":"application/json"},"body":"{\"session\":{\"id\":\"storybook-session\",\"userId\":\"user_storybook\",\"expiresAt\":\"2026-09-08T11:53:49.010Z\"},\"user\":{\"id\":\"user_storybook\",\"email\":\"story@ctxpipe.local\",\"name\":\"Storybook User\",\"emailVerified\":true,\"onboardingCompletedAt\":\"2025-01-01T00:00:00.000Z\"}}"}

    [1m[34mlog[39m[22m: Request, {"url":"http://127.0.0.1:6016/.auth/api/v1/auth/organization/list","method":"GET","headers":{"accept":"*/*"},"body":""}

    [1m[34mlog[39m[22m: Handler:, {"kind":"request","options":{},"info":{"header":"GET */.auth/api/v1/auth/organization/list","path":"*/.auth/api/v1/auth/organization/list","method":"GET","callFrame":"http://127.0.0.1:6016/assets/iframe-DRQfpQ-N.js:1124:4289"},"isUsed":true}

    [1m[34mlog[39m[22m: Response, {"status":200,"statusText":"OK","headers":{"content-length":"61","content-type":"application/json"},"body":"[{\"id\":\"org_storybook\",\"name\":\"Storybook Org\",\"slug\":\"acme\"}]"}

[2m      193 |         let result;[22m
[2m      194 |         try {[22m
[2m    > 195 |           result = await page.evaluate(({[22m
[2m          |                               ^[22m
[2m      196 |             id,[22m
[2m      197 |             hasPlayFn[22m
[2m      198 |           }) => __test(id, hasPlayFn), {[22m

[2m      [2mat evaluate ([22m[2m[0m[36m../../var/folders/9t/jj9rnpps7_ddb72c1mq2k13w0000gn/T/c074bc092911af3a35c92415033685a1/components-onboarding-slides-createorg.test.js[39m[0m[2m:195:31)[22m[2m[22m
[2m      [2mat Object.testFn ([22m[2m[0m[36m../../var/folders/9t/jj9rnpps7_ddb72c1mq2k13w0000gn/T/c074bc092911af3a35c92415033685a1/components-onboarding-slides-createorg.test.js[39m[0m[2m:229:15)[22m[2m[22m

[0m[7m[1m[32m PASS [39m[22m[27m[0m [0m[7m[33m browser: chromium [39m[27m[0m [2m../../../../var/folders/9t/jj9rnpps7_ddb72c1mq2k13w0000gn/T/c074bc092911af3a35c92415033685a1/[22m[1mcomponents-workspaces-chat.test.js[22m
[0m[7m[1m[32m PASS [39m[22m[27m[0m [0m[7m[33m browser: chromium [39m[27m[0m [2m../../../../var/folders/9t/jj9rnpps7_ddb72c1mq2k13w0000gn/T/c074bc092911af3a35c92415033685a1/[22m[1mcomponents-workspaces-navlist.test.js[22m
--------------------------
Pages/Workspaces/New > Loading[34m
Click to debug the error directly in Storybook:
http://127.0.0.1:6016/?path=/story/pages-workspaces-new--loading&addonPanel=storybook/a11y/panel

[39mMessage:
 [33mFound 3 a11y violations, run the test with 'a11y: { test: 'error' }' parameter to see the full report or debug it directly in Storybook.[39m


--------------------------------------------------

Browser logs:

[1m[34mlog[39m[22m: Request, {"url":"http://127.0.0.1:6016/.auth/api/config","method":"GET","headers":{"accept":"*/*"},"body":""}

[1m[34mlog[39m[22m: Handler:, {"kind":"request","options":{},"info":{"header":"GET */.auth/api/config","path":"*/.auth/api/config","method":"GET","callFrame":"http://127.0.0.1:6016/assets/iframe-DRQfpQ-N.js:1124:4289"},"isUsed":true}

[1m[34mlog[39m[22m: Response, {"status":200,"statusText":"OK","headers":{"content-length":"16","content-type":"application/json"},"body":"{\"providers\":[]}"}

[1m[34mlog[39m[22m: Request, {"url":"http://127.0.0.1:6016/acme/api/v1/workspaces","method":"GET","headers":{"accept":"*/*"},"body":""}

[1m[34mlog[39m[22m: Handler:, {"kind":"request","options":{},"info":{"header":"GET [custom predicate]","method":"GET","callFrame":"http://127.0.0.1:6016/assets/iframe-DRQfpQ-N.js:1124:4289"},"isUsed":true}

[1m[34mlog[39m[22m: Response, {"status":200,"statusText":"OK","headers":{"content-length":"39","content-type":"application/json"},"body":"{\"items\":[],\"lastUsedWorkspaceId\":null}"}

[1m[34mlog[39m[22m: Request, {"url":"http://127.0.0.1:6016/.auth/api/v1/auth/get-session","method":"GET","headers":{"accept":"*/*"},"body":""}

[1m[34mlog[39m[22m: Handler:, {"kind":"request","options":{},"info":{"header":"GET */.auth/api/v1/auth/get-session","path":"*/.auth/api/v1/auth/get-session","method":"GET","callFrame":"http://127.0.0.1:6016/assets/iframe-DRQfpQ-N.js:1124:4289"},"isUsed":true}

[1m[34mlog[39m[22m: Response, {"status":200,"statusText":"OK","headers":{"content-length":"260","content-type":"application/json"},"body":"{\"session\":{\"id\":\"storybook-session\",\"userId\":\"user_storybook\",\"expiresAt\":\"2026-09-08T11:53:54.340Z\"},\"user\":{\"id\":\"user_storybook\",\"email\":\"story@ctxpipe.local\",\"name\":\"Storybook User\",\"emailVerified\":true,\"onboardingCompletedAt\":\"2025-01-01T00:00:00.000Z\"}}"}

[1m[34mlog[39m[22m: Request, {"url":"http://127.0.0.1:6016/.auth/api/v1/auth/get-session","method":"GET","headers":{"accept":"*/*"},"body":""}

[1m[34mlog[39m[22m: Handler:, {"kind":"request","options":{},"info":{"header":"GET */.auth/api/v1/auth/get-session","path":"*/.auth/api/v1/auth/get-session","method":"GET","callFrame":"http://127.0.0.1:6016/assets/iframe-DRQfpQ-N.js:1124:4289"},"isUsed":true}

[1m[34mlog[39m[22m: Response, {"status":200,"statusText":"OK","headers":{"content-length":"260","content-type":"application/json"},"body":"{\"session\":{\"id\":\"storybook-session\",\"userId\":\"user_storybook\",\"expiresAt\":\"2026-09-08T11:53:54.342Z\"},\"user\":{\"id\":\"user_storybook\",\"email\":\"story@ctxpipe.local\",\"name\":\"Storybook User\",\"emailVerified\":true,\"onboardingCompletedAt\":\"2025-01-01T00:00:00.000Z\"}}"}

[1m[34mlog[39m[22m: Request, {"url":"http://127.0.0.1:6016/.auth/api/v1/auth/organization/list","method":"GET","headers":{"accept":"*/*"},"body":""}

[1m[34mlog[39m[22m: Handler:, {"kind":"request","options":{},"info":{"header":"GET */.auth/api/v1/auth/organization/list","path":"*/.auth/api/v1/auth/organization/list","method":"GET","callFrame":"http://127.0.0.1:6016/assets/iframe-DRQfpQ-N.js:1124:4289"},"isUsed":true}

[1m[34mlog[39m[22m: Response, {"status":200,"statusText":"OK","headers":{"content-length":"61","content-type":"application/json"},"body":"[{\"id\":\"org_storybook\",\"name\":\"Storybook Org\",\"slug\":\"acme\"}]"}

[1m[34mlog[39m[22m: Request, {"url":"http://127.0.0.1:6016/.auth/api/v1/auth/organization/list","method":"GET","headers":{"accept":"*/*"},"body":""}

[1m[34mlog[39m[22m: Handler:, {"kind":"request","options":{},"info":{"header":"GET */.auth/api/v1/auth/organization/list","path":"*/.auth/api/v1/auth/organization/list","method":"GET","callFrame":"http://127.0.0.1:6016/assets/iframe-DRQfpQ-N.js:1124:4289"},"isUsed":true}

[1m[34mlog[39m[22m: Response, {"status":200,"statusText":"OK","headers":{"content-length":"61","content-type":"application/json"},"body":"[{\"id\":\"org_storybook\",\"name\":\"Storybook Org\",\"slug\":\"acme\"}]"}
--------------------------
Pages/Workspaces/New > Paste Url[34m
Click to debug the error directly in Storybook:
http://127.0.0.1:6016/?path=/story/pages-workspaces-new--paste-url&addonPanel=storybook/a11y/panel

[39mMessage:
 [33mFound 3 a11y violations, run the test with 'a11y: { test: 'error' }' parameter to see the full report or debug it directly in Storybook.[39m


--------------------------------------------------

Browser logs:

[1m[34mlog[39m[22m: Request, {"url":"http://127.0.0.1:6016/.auth/api/config","method":"GET","headers":{"accept":"*/*"},"body":""}

[1m[34mlog[39m[22m: Handler:, {"kind":"request","options":{},"info":{"header":"GET */.auth/api/config","path":"*/.auth/api/config","method":"GET","callFrame":"http://127.0.0.1:6016/assets/iframe-DRQfpQ-N.js:1124:4289"},"isUsed":true}

[1m[34mlog[39m[22m: Response, {"status":200,"statusText":"OK","headers":{"content-length":"16","content-type":"application/json"},"body":"{\"providers\":[]}"}

[1m[34mlog[39m[22m: Request, {"url":"http://127.0.0.1:6016/acme/api/v1/workspaces","method":"GET","headers":{"accept":"*/*"},"body":""}

[1m[34mlog[39m[22m: Handler:, {"kind":"request","options":{},"info":{"header":"GET [custom predicate]","method":"GET","callFrame":"http://127.0.0.1:6016/assets/iframe-DRQfpQ-N.js:1124:4289"},"isUsed":true}

[1m[34mlog[39m[22m: Response, {"status":200,"statusText":"OK","headers":{"content-length":"39","content-type":"application/json"},"body":"{\"items\":[],\"lastUsedWorkspaceId\":null}"}

[1m[34mlog[39m[22m: Request, {"url":"http://127.0.0.1:6016/.auth/api/v1/auth/get-session","method":"GET","headers":{"accept":"*/*"},"body":""}

[1m[34mlog[39m[22m: Handler:, {"kind":"request","options":{},"info":{"header":"GET */.auth/api/v1/auth/get-session","path":"*/.auth/api/v1/auth/get-session","method":"GET","callFrame":"http://127.0.0.1:6016/assets/iframe-DRQfpQ-N.js:1124:4289"},"isUsed":true}

[1m[34mlog[39m[22m: Response, {"status":200,"statusText":"OK","headers":{"content-length":"260","content-type":"application/json"},"body":"{\"session\":{\"id\":\"storybook-session\",\"userId\":\"user_storybook\",\"expiresAt\":\"2026-09-08T11:53:54.499Z\"},\"user\":{\"id\":\"user_storybook\",\"email\":\"story@ctxpipe.local\",\"name\":\"Storybook User\",\"emailVerified\":true,\"onboardingCompletedAt\":\"2025-01-01T00:00:00.000Z\"}}"}
[0m[7m[1m[32m PASS [39m[22m[27m[0m [0m[7m[33m browser: chromium [39m[27m[0m [2m../../../../var/folders/9t/jj9rnpps7_ddb72c1mq2k13w0000gn/T/c074bc092911af3a35c92415033685a1/[22m[1mcomponents-connections-atlassian-steps-linkatlassian.test.js[22m
[0m[7m[1m[32m PASS [39m[22m[27m[0m [0m[7m[33m browser: chromium [39m[27m[0m [2m../../../../var/folders/9t/jj9rnpps7_ddb72c1mq2k13w0000gn/T/c074bc092911af3a35c92415033685a1/[22m[1mcomponents-knowledge-graph-cosmograph-canvas.test.js[22m
[0m[7m[1m[31m FAIL [39m[22m[27m[0m [0m[7m[33m browser: chromium [39m[27m[0m [2m../../../../var/folders/9t/jj9rnpps7_ddb72c1mq2k13w0000gn/T/c074bc092911af3a35c92415033685a1/[22m[1mpages-workspaces-new.test.js[22m
[1m[31m  [1m● [22m[1mPages/Workspaces/New › Select Git Hub › play-test[39m[22m

    page.evaluate: StorybookTestRunnerError: [34m
    Click to debug the error directly in Storybook:
    http://127.0.0.1:6016/?path=/story/pages-workspaces-new--select-git-hub&addonPanel=storybook/interactions/panel

    [39mMessage:
     Unable to find role="list" and name `/repositories/i`

    Ignored nodes: comments, script, style
    <div
      id="storybook-root"
    >
      <div
        class="min-h-screen bg-background font-sans text-foreground antialiased"
      >
        <div
          class=" relative flex min-h-screen min-w-0 bg-zinc-950 text-zinc-100"
        >
          <div
            aria-hidden="true"
            class="pointer-events-none fixed inset-0 z-0 opacity-50"
            style="background-image: radial-gradient(circle at 20% -10%, rgba(64, 224, 208, 0.14), transparent 45%), radial-gradient(circle at 90% 110%, rgba(59, 130, 246, 0.12), transparent 40%), linear-gradient(rgba(255, 255, 255, 0.008) 1px, transparent 1px), linear-gradient(90deg, rgba(255, 255, 255, 0.008) 1px, transparent 1px); background-size: auto, auto, 24px 24px, 24px 24px; background-position: center center, center center, center center, center center;"
          />
          <nav
            aria-label="Main navigation"
            class="group/sidenav flex h-screen flex-col pt-1 w-[var(--side-na…


    --------------------------------------------------

    Browser logs:

    [1m[34mlog[39m[22m: Request, {"url":"http://127.0.0.1:6016/.auth/api/config","method":"GET","headers":{"accept":"*/*"},"body":""}

    [1m[34mlog[39m[22m: Handler:, {"kind":"request","options":{},"info":{"header":"GET */.auth/api/config","path":"*/.auth/api/config","method":"GET","callFrame":"http://127.0.0.1:6016/assets/iframe-DRQfpQ-N.js:1124:4289"},"isUsed":true}

    [1m[34mlog[39m[22m: Response, {"status":200,"statusText":"OK","headers":{"content-length":"16","content-type":"application/json"},"body":"{\"providers\":[]}"}

    [1m[34mlog[39m[22m: Request, {"url":"http://127.0.0.1:6016/acme/api/v1/workspaces","method":"GET","headers":{"accept":"*/*"},"body":""}

    [1m[34mlog[39m[22m: Handler:, {"kind":"request","options":{},"info":{"header":"GET [custom predicate]","method":"GET","callFrame":"http://127.0.0.1:6016/assets/iframe-DRQfpQ-N.js:1124:4289"},"isUsed":true}

    [1m[34mlog[39m[22m: Response, {"status":200,"statusText":"OK","headers":{"content-length":"39","content-type":"application/json"},"body":"{\"items\":[],\"lastUsedWorkspaceId\":null}"}

    [1m[34mlog[39m[22m: Request, {"url":"http://127.0.0.1:6016/.auth/api/v1/auth/get-session","method":"GET","headers":{"accept":"*/*"},"body":""}

    [1m[34mlog[39m[22m: Handler:, {"kind":"request","options":{},"info":{"header":"GET */.auth/api/v1/auth/get-session","path":"*/.auth/api/v1/auth/get-session","method":"GET","callFrame":"http://127.0.0.1:6016/assets/iframe-DRQfpQ-N.js:1124:4289"},"isUsed":true}

    [1m[34mlog[39m[22m: Response, {"status":200,"statusText":"OK","headers":{"content-length":"260","content-type":"application/json"},"body":"{\"session\":{\"id\":\"storybook-session\",\"userId\":\"user_storybook\",\"expiresAt\":\"2026-09-08T11:53:54.597Z\"},\"user\":{\"id\":\"user_storybook\",\"email\":\"story@ctxpipe.local\",\"name\":\"Storybook User\",\"emailVerified\":true,\"onboardingCompletedAt\":\"2025-01-01T00:00:00.000Z\"}}"}

    [1m[34mlog[39m[22m: Request, {"url":"http://127.0.0.1:6016/.auth/api/v1/auth/organization/list","method":"GET","headers":{"accept":"*/*"},"body":""}

    [1m[34mlog[39m[22m: Handler:, {"kind":"request","options":{},"info":{"header":"GET */.auth/api/v1/auth/organization/list","path":"*/.auth/api/v1/auth/organization/list","method":"GET","callFrame":"http://127.0.0.1:6016/assets/iframe-DRQfpQ-N.js:1124:4289"},"isUsed":true}

    [1m[34mlog[39m[22m: Response, {"status":200,"statusText":"OK","headers":{"content-length":"61","content-type":"application/json"},"body":"[{\"id\":\"org_storybook\",\"name\":\"Storybook Org\",\"slug\":\"acme\"}]"}

[2m      133 |         let result;[22m
[2m      134 |         try {[22m
[2m    > 135 |           result = await page.evaluate(({[22m
[2m          |                               ^[22m
[2m      136 |             id,[22m
[2m      137 |             hasPlayFn[22m
[2m      138 |           }) => __test(id, hasPlayFn), {[22m

[2m      [2mat evaluate ([22m[2m[0m[36m../../var/folders/9t/jj9rnpps7_ddb72c1mq2k13w0000gn/T/c074bc092911af3a35c92415033685a1/pages-workspaces-new.test.js[39m[0m[2m:135:31)[22m[2m[22m
[2m      [2mat Object.testFn ([22m[2m[0m[36m../../var/folders/9t/jj9rnpps7_ddb72c1mq2k13w0000gn/T/c074bc092911af3a35c92415033685a1/pages-workspaces-new.test.js[39m[0m[2m:169:15)[22m[2m[22m

[0m[7m[1m[32m PASS [39m[22m[27m[0m [0m[7m[33m browser: chromium [39m[27m[0m [2m../../../../var/folders/9t/jj9rnpps7_ddb72c1mq2k13w0000gn/T/c074bc092911af3a35c92415033685a1/[22m[1mcomponents-connections-notionsetupdialog.test.js[22m
[0m[7m[1m[32m PASS [39m[22m[27m[0m [0m[7m[33m browser: chromium [39m[27m[0m [2m../../../../var/folders/9t/jj9rnpps7_ddb72c1mq2k13w0000gn/T/c074bc092911af3a35c92415033685a1/[22m[1mcomponents-connections-atlassian-spacepagetree.test.js[22m
--------------------------
Components/Connections/Atlassian/SpacePageTree > List[34m
Click to debug the error directly in Storybook:
http://127.0.0.1:6016/?path=/story/components-connections-atlassian-spacepagetree--list&addonPanel=storybook/a11y/panel

[39mMessage:
 [33mFound 1 a11y violations, run the test with 'a11y: { test: 'error' }' parameter to see the full report or debug it directly in Storybook.[39m


--------------------------------------------------

Browser logs:

[1m[34mlog[39m[22m: Request, {"url":"http://127.0.0.1:6016/acme/api/v1/connectors/atlassian/available-spaces?connectionId=tree_conn","method":"GET","headers":{"accept":"*/*"},"body":""}

[1m[34mlog[39m[22m: Handler:, {"kind":"request","options":{},"info":{"header":"GET [custom predicate]","method":"GET","callFrame":"http://127.0.0.1:6016/assets/iframe-DRQfpQ-N.js:1124:4289"},"isUsed":true}

[1m[34mlog[39m[22m: Response, {"status":200,"statusText":"OK","headers":{"content-length":"127","content-type":"application/json"},"body":"{\"items\":[{\"id\":\"s1\",\"key\":\"DEMO\",\"name\":\"Demo space\",\"type\":\"global\"},{\"id\":\"s2\",\"key\":\"TEAM\",\"name\":\"Team\",\"type\":\"global\"}]}"}

[1m[34mlog[39m[22m: Request, {"url":"http://127.0.0.1:6016/.auth/api/config","method":"GET","headers":{"accept":"*/*"},"body":""}

[1m[34mlog[39m[22m: Handler:, {"kind":"request","options":{},"info":{"header":"GET */.auth/api/config","path":"*/.auth/api/config","method":"GET","callFrame":"http://127.0.0.1:6016/assets/iframe-DRQfpQ-N.js:1124:4289"},"isUsed":true}

[1m[34mlog[39m[22m: Response, {"status":200,"statusText":"OK","headers":{"content-length":"16","content-type":"application/json"},"body":"{\"providers\":[]}"}

[1m[34mlog[39m[22m: Request, {"url":"http://127.0.0.1:6016/.auth/api/v1/auth/get-session","method":"GET","headers":{"accept":"*/*"},"body":""}

[1m[34mlog[39m[22m: Handler:, {"kind":"request","options":{},"info":{"header":"GET */.auth/api/v1/auth/get-session","path":"*/.auth/api/v1/auth/get-session","method":"GET","callFrame":"http://127.0.0.1:6016/assets/iframe-DRQfpQ-N.js:1124:4289"},"isUsed":true}

[1m[34mlog[39m[22m: Response, {"status":200,"statusText":"OK","headers":{"content-length":"260","content-type":"application/json"},"body":"{\"session\":{\"id\":\"storybook-session\",\"userId\":\"user_storybook\",\"expiresAt\":\"2026-09-08T11:53:56.443Z\"},\"user\":{\"id\":\"user_storybook\",\"email\":\"story@ctxpipe.local\",\"name\":\"Storybook User\",\"emailVerified\":true,\"onboardingCompletedAt\":\"2025-01-01T00:00:00.000Z\"}}"}

[1m[34mlog[39m[22m: Request, {"url":"http://127.0.0.1:6016/.auth/api/v1/auth/get-session","method":"GET","headers":{"accept":"*/*"},"body":""}

[1m[34mlog[39m[22m: Handler:, {"kind":"request","options":{},"info":{"header":"GET */.auth/api/v1/auth/get-session","path":"*/.auth/api/v1/auth/get-session","method":"GET","callFrame":"http://127.0.0.1:6016/assets/iframe-DRQfpQ-N.js:1124:4289"},"isUsed":true}

[1m[34mlog[39m[22m: Response, {"status":200,"statusText":"OK","headers":{"content-length":"260","content-type":"application/json"},"body":"{\"session\":{\"id\":\"storybook-session\",\"userId\":\"user_storybook\",\"expiresAt\":\"2026-09-08T11:53:56.444Z\"},\"user\":{\"id\":\"user_storybook\",\"email\":\"story@ctxpipe.local\",\"name\":\"Storybook User\",\"emailVerified\":true,\"onboardingCompletedAt\":\"2025-01-01T00:00:00.000Z\"}}"}

[1m[34mlog[39m[22m: Request, {"url":"http://127.0.0.1:6016/.auth/api/v1/auth/organization/list","method":"GET","headers":{"accept":"*/*"},"body":""}

[1m[34mlog[39m[22m: Handler:, {"kind":"request","options":{},"info":{"header":"GET */.auth/api/v1/auth/organization/list","path":"*/.auth/api/v1/auth/organization/list","method":"GET","callFrame":"http://127.0.0.1:6016/assets/iframe-DRQfpQ-N.js:1124:4289"},"isUsed":true}

[1m[34mlog[39m[22m: Response, {"status":200,"statusText":"OK","headers":{"content-length":"61","content-type":"application/json"},"body":"[{\"id\":\"org_storybook\",\"name\":\"Storybook Org\",\"slug\":\"acme\"}]"}

[1m[34mlog[39m[22m: Request, {"url":"http://127.0.0.1:6016/.auth/api/v1/auth/organization/list","method":"GET","headers":{"accept":"*/*"},"body":""}

[1m[34mlog[39m[22m: Handler:, {"kind":"request","options":{},"info":{"header":"GET */.auth/api/v1/auth/organization/list","path":"*/.auth/api/v1/auth/organization/list","method":"GET","callFrame":"http://127.0.0.1:6016/assets/iframe-DRQfpQ-N.js:1124:4289"},"isUsed":true}

[1m[34mlog[39m[22m: Response, {"status":200,"statusText":"OK","headers":{"content-length":"61","content-type":"application/json"},"body":"[{\"id\":\"org_storybook\",\"name\":\"Storybook Org\",\"slug\":\"acme\"}]"}
[0m[7m[1m[32m PASS [39m[22m[27m[0m [0m[7m[33m browser: chromium [39m[27m[0m [2m../../../../var/folders/9t/jj9rnpps7_ddb72c1mq2k13w0000gn/T/c074bc092911af3a35c92415033685a1/[22m[1mcomponents-workspaces-hydrateprogress.test.js[22m
[0m[7m[1m[32m PASS [39m[22m[27m[0m [0m[7m[33m browser: chromium [39m[27m[0m [2m../../../../var/folders/9t/jj9rnpps7_ddb72c1mq2k13w0000gn/T/c074bc092911af3a35c92415033685a1/[22m[1mcomponents-knowledge-graph-node-detail.test.js[22m
--------------------------
Components/Knowledge Graph/Node Detail > Closed[34m
Click to debug the error directly in Storybook:
http://127.0.0.1:6016/?path=/story/components-knowledge-graph-node-detail--closed&addonPanel=storybook/a11y/panel

[39mMessage:
 [33mFound 1 a11y violations, run the test with 'a11y: { test: 'error' }' parameter to see the full report or debug it directly in Storybook.[39m

--------------------------
App/SideNav > Single Workspace[34m
Click to debug the error directly in Storybook:
http://127.0.0.1:6016/?path=/story/app-sidenav--single-workspace&addonPanel=storybook/a11y/panel

[39mMessage:
 [33mFound 1 a11y violations, run the test with 'a11y: { test: 'error' }' parameter to see the full report or debug it directly in Storybook.[39m


--------------------------------------------------

Browser logs:

[1m[34mlog[39m[22m: Request, {"url":"http://127.0.0.1:6016/.auth/api/config","method":"GET","headers":{"accept":"*/*"},"body":""}

[1m[34mlog[39m[22m: Handler:, {"kind":"request","options":{},"info":{"header":"GET */.auth/api/config","path":"*/.auth/api/config","method":"GET","callFrame":"http://127.0.0.1:6016/assets/iframe-DRQfpQ-N.js:1124:4289"},"isUsed":true}

[1m[34mlog[39m[22m: Response, {"status":200,"statusText":"OK","headers":{"content-length":"16","content-type":"application/json"},"body":"{\"providers\":[]}"}

[1m[34mlog[39m[22m: Request, {"url":"http://127.0.0.1:6016/acme/api/v1/workspaces","method":"GET","headers":{"accept":"*/*"},"body":""}

[1m[34mlog[39m[22m: Handler:, {"kind":"request","options":{},"info":{"header":"GET [custom predicate]","method":"GET","callFrame":"http://127.0.0.1:6016/assets/iframe-DRQfpQ-N.js:1124:4289"},"isUsed":true}

[1m[34mlog[39m[22m: Response, {"status":200,"statusText":"OK","headers":{"content-length":"608","content-type":"application/json"},"body":"{\"items\":[{\"id\":\"ws_docs\",\"orgId\":\"org_acme\",\"slug\":\"docs\",\"displayName\":\"Docs\",\"workspaceRepositoryUrl\":\"https://github.com/acme/docs\",\"githubConnectionId\":\"con_1\",\"desiredGeneration\":1,\"desiredSha\":\"abc123def456\",\"activeProjectionUrl\":\"https://github.com/acme/docs\",\"activeProjectionSha\":\"abc123def456\",\"indexedSha\":\"abc123def456\",\"writeStatus\":\"writable\",\"hydrateStatus\":\"ready\",\"hydrateError\":null,\"readOnlyReason\":null,\"mostRecentConversationId\":\"conv_1\",\"migrationExportSha\":\"abc123def456\",\"createdAt\":\"2026-08-16T09:00:00.000Z\",\"updatedAt\":\"2026-08-16T10:00:00.000Z\"}],\"lastUsedWorkspaceId\":\"ws_docs\"}"}

[1m[34mlog[39m[22m: Request, {"url":"http://127.0.0.1:6016/.auth/api/v1/auth/get-session","method":"GET","headers":{"accept":"*/*"},"body":""}

[1m[34mlog[39m[22m: Handler:, {"kind":"request","options":{},"info":{"header":"GET */.auth/api/v1/auth/get-session","path":"*/.auth/api/v1/auth/get-session","method":"GET","callFrame":"http://127.0.0.1:6016/assets/iframe-DRQfpQ-N.js:1124:4289"},"isUsed":true}

[1m[34mlog[39m[22m: Response, {"status":200,"statusText":"OK","headers":{"content-length":"260","content-type":"application/json"},"body":"{\"session\":{\"id\":\"storybook-session\",\"userId\":\"user_storybook\",\"expiresAt\":\"2026-09-08T11:53:57.783Z\"},\"user\":{\"id\":\"user_storybook\",\"email\":\"story@ctxpipe.local\",\"name\":\"Storybook User\",\"emailVerified\":true,\"onboardingCompletedAt\":\"2025-01-01T00:00:00.000Z\"}}"}

[1m[34mlog[39m[22m: Request, {"url":"http://127.0.0.1:6016/.auth/api/v1/auth/get-session","method":"GET","headers":{"accept":"*/*"},"body":""}

[1m[34mlog[39m[22m: Handler:, {"kind":"request","options":{},"info":{"header":"GET */.auth/api/v1/auth/get-session","path":"*/.auth/api/v1/auth/get-session","method":"GET","callFrame":"http://127.0.0.1:6016/assets/iframe-DRQfpQ-N.js:1124:4289"},"isUsed":true}

[1m[34mlog[39m[22m: Response, {"status":200,"statusText":"OK","headers":{"content-length":"260","content-type":"application/json"},"body":"{\"session\":{\"id\":\"storybook-session\",\"userId\":\"user_storybook\",\"expiresAt\":\"2026-09-08T11:53:57.784Z\"},\"user\":{\"id\":\"user_storybook\",\"email\":\"story@ctxpipe.local\",\"name\":\"Storybook User\",\"emailVerified\":true,\"onboardingCompletedAt\":\"2025-01-01T00:00:00.000Z\"}}"}

[1m[34mlog[39m[22m: Request, {"url":"http://127.0.0.1:6016/.auth/api/v1/auth/organization/list","method":"GET","headers":{"accept":"*/*"},"body":""}

[1m[34mlog[39m[22m: Handler:, {"kind":"request","options":{},"info":{"header":"GET */.auth/api/v1/auth/organization/list","path":"*/.auth/api/v1/auth/organization/list","method":"GET","callFrame":"http://127.0.0.1:6016/assets/iframe-DRQfpQ-N.js:1124:4289"},"isUsed":true}

[1m[34mlog[39m[22m: Response, {"status":200,"statusText":"OK","headers":{"content-length":"61","content-type":"application/json"},"body":"[{\"id\":\"org_storybook\",\"name\":\"Storybook Org\",\"slug\":\"acme\"}]"}

[1m[34mlog[39m[22m: Request, {"url":"http://127.0.0.1:6016/.auth/api/v1/auth/organization/list","method":"GET","headers":{"accept":"*/*"},"body":""}

[1m[34mlog[39m[22m: Handler:, {"kind":"request","options":{},"info":{"header":"GET */.auth/api/v1/auth/organization/list","path":"*/.auth/api/v1/auth/organization/list","method":"GET","callFrame":"http://127.0.0.1:6016/assets/iframe-DRQfpQ-N.js:1124:4289"},"isUsed":true}

[1m[34mlog[39m[22m: Response, {"status":200,"statusText":"OK","headers":{"content-length":"61","content-type":"application/json"},"body":"[{\"id\":\"org_storybook\",\"name\":\"Storybook Org\",\"slug\":\"acme\"}]"}
--------------------------
App/SideNav > Multiple Workspaces[34m
Click to debug the error directly in Storybook:
http://127.0.0.1:6016/?path=/story/app-sidenav--multiple-workspaces&addonPanel=storybook/a11y/panel

[39mMessage:
 [33mFound 1 a11y violations, run the test with 'a11y: { test: 'error' }' parameter to see the full report or debug it directly in Storybook.[39m


--------------------------------------------------

Browser logs:

[1m[34mlog[39m[22m: Request, {"url":"http://127.0.0.1:6016/.auth/api/config","method":"GET","headers":{"accept":"*/*"},"body":""}

[1m[34mlog[39m[22m: Handler:, {"kind":"request","options":{},"info":{"header":"GET */.auth/api/config","path":"*/.auth/api/config","method":"GET","callFrame":"http://127.0.0.1:6016/assets/iframe-DRQfpQ-N.js:1124:4289"},"isUsed":true}

[1m[34mlog[39m[22m: Response, {"status":200,"statusText":"OK","headers":{"content-length":"16","content-type":"application/json"},"body":"{\"providers\":[]}"}

[1m[34mlog[39m[22m: Request, {"url":"http://127.0.0.1:6016/acme/api/v1/workspaces","method":"GET","headers":{"accept":"*/*"},"body":""}

[1m[34mlog[39m[22m: Handler:, {"kind":"request","options":{},"info":{"header":"GET [custom predicate]","method":"GET","callFrame":"http://127.0.0.1:6016/assets/iframe-DRQfpQ-N.js:1124:4289"},"isUsed":true}

[1m[34mlog[39m[22m: Response, {"status":200,"statusText":"OK","headers":{"content-length":"1231","content-type":"application/json"},"body":"{\"items\":[{\"id\":\"ws_docs\",\"orgId\":\"org_acme\",\"slug\":\"docs\",\"displayName\":\"Docs\",\"workspaceRepositoryUrl\":\"https://github.com/acme/docs\",\"githubConnectionId\":\"con_1\",\"desiredGeneration\":1,\"desiredSha\":\"abc123def456\",\"activeProjectionUrl\":\"https://github.com/acme/docs\",\"activeProjectionSha\":\"abc123def456\",\"indexedSha\":\"abc123def456\",\"writeStatus\":\"writable\",\"hydrateStatus\":\"ready\",\"hydrateError\":null,\"readOnlyReason\":null,\"mostRecentConversationId\":\"conv_1\",\"migrationExportSha\":\"abc123def456\",\"createdAt\":\"2026-08-16T09:00:00.000Z\",\"updatedAt\":\"2026-08-16T10:00:00.000Z\"},{\"id\":\"ws_readonly\",\"orgId\":\"org_acme\",\"slug\":\"handbook\",\"displayName\":\"Handbook\",\"workspaceRepositoryUrl\":\"https://github.com/acme/docs\",\"githubConnectionId\":\"con_1\",\"desiredGeneration\":1,\"desiredSha\":\"abc123def456\",\"activeProjectionUrl\":\"https://github.com/acme/docs\",\"activeProjectionSha\":\"abc123def456\",\"indexedSha\":\"abc123def456\",\"writeStatus\":\"read_only\",\"hydrateStatus\":\"ready\",\"hydrateError\":null,\"readOnlyReason\":\"The GitHub App cannot write to this repository.\",\"mostRecentConversationId\":\"conv_1\",\"migrationExportSha\":\"abc123def456\",\"createdAt\":\"2026-08-16T09:00:00.000Z\",\"updatedAt\":\"2026-08-16T10:00:00.000Z\"}],\"lastUsedWorkspaceId\":\"ws_docs\"}"}

[1m[34mlog[39m[22m: Request, {"url":"http://127.0.0.1:6016/.auth/api/v1/auth/get-session","method":"GET","headers":{"accept":"*/*"},"body":""}

[1m[34mlog[39m[22m: Handler:, {"kind":"request","options":{},"info":{"header":"GET */.auth/api/v1/auth/get-session","path":"*/.auth/api/v1/auth/get-session","method":"GET","callFrame":"http://127.0.0.1:6016/assets/iframe-DRQfpQ-N.js:1124:4289"},"isUsed":true}

[1m[34mlog[39m[22m: Response, {"status":200,"statusText":"OK","headers":{"content-length":"260","content-type":"application/json"},"body":"{\"session\":{\"id\":\"storybook-session\",\"userId\":\"user_storybook\",\"expiresAt\":\"2026-09-08T11:53:57.932Z\"},\"user\":{\"id\":\"user_storybook\",\"email\":\"story@ctxpipe.local\",\"name\":\"Storybook User\",\"emailVerified\":true,\"onboardingCompletedAt\":\"2025-01-01T00:00:00.000Z\"}}"}
[0m[7m[1m[32m PASS [39m[22m[27m[0m [0m[7m[33m browser: chromium [39m[27m[0m [2m../../../../var/folders/9t/jj9rnpps7_ddb72c1mq2k13w0000gn/T/c074bc092911af3a35c92415033685a1/[22m[1mapp-sidenav.test.js[22m
--------------------------
App/SideNav > Collapsed[34m
Click to debug the error directly in Storybook:
http://127.0.0.1:6016/?path=/story/app-sidenav--collapsed&addonPanel=storybook/a11y/panel

[39mMessage:
 [33mFound 1 a11y violations, run the test with 'a11y: { test: 'error' }' parameter to see the full report or debug it directly in Storybook.[39m


--------------------------------------------------

Browser logs:

[1m[34mlog[39m[22m: Request, {"url":"http://127.0.0.1:6016/.auth/api/config","method":"GET","headers":{"accept":"*/*"},"body":""}

[1m[34mlog[39m[22m: Handler:, {"kind":"request","options":{},"info":{"header":"GET */.auth/api/config","path":"*/.auth/api/config","method":"GET","callFrame":"http://127.0.0.1:6016/assets/iframe-DRQfpQ-N.js:1124:4289"},"isUsed":true}

[1m[34mlog[39m[22m: Response, {"status":200,"statusText":"OK","headers":{"content-length":"16","content-type":"application/json"},"body":"{\"providers\":[]}"}

[1m[34mlog[39m[22m: Request, {"url":"http://127.0.0.1:6016/acme/api/v1/workspaces","method":"GET","headers":{"accept":"*/*"},"body":""}

[1m[34mlog[39m[22m: Handler:, {"kind":"request","options":{},"info":{"header":"GET [custom predicate]","method":"GET","callFrame":"http://127.0.0.1:6016/assets/iframe-DRQfpQ-N.js:1124:4289"},"isUsed":true}

[1m[34mlog[39m[22m: Response, {"status":200,"statusText":"OK","headers":{"content-length":"1231","content-type":"application/json"},"body":"{\"items\":[{\"id\":\"ws_docs\",\"orgId\":\"org_acme\",\"slug\":\"docs\",\"displayName\":\"Docs\",\"workspaceRepositoryUrl\":\"https://github.com/acme/docs\",\"githubConnectionId\":\"con_1\",\"desiredGeneration\":1,\"desiredSha\":\"abc123def456\",\"activeProjectionUrl\":\"https://github.com/acme/docs\",\"activeProjectionSha\":\"abc123def456\",\"indexedSha\":\"abc123def456\",\"writeStatus\":\"writable\",\"hydrateStatus\":\"ready\",\"hydrateError\":null,\"readOnlyReason\":null,\"mostRecentConversationId\":\"conv_1\",\"migrationExportSha\":\"abc123def456\",\"createdAt\":\"2026-08-16T09:00:00.000Z\",\"updatedAt\":\"2026-08-16T10:00:00.000Z\"},{\"id\":\"ws_readonly\",\"orgId\":\"org_acme\",\"slug\":\"handbook\",\"displayName\":\"Handbook\",\"workspaceRepositoryUrl\":\"https://github.com/acme/docs\",\"githubConnectionId\":\"con_1\",\"desiredGeneration\":1,\"desiredSha\":\"abc123def456\",\"activeProjectionUrl\":\"https://github.com/acme/docs\",\"activeProjectionSha\":\"abc123def456\",\"indexedSha\":\"abc123def456\",\"writeStatus\":\"read_only\",\"hydrateStatus\":\"ready\",\"hydrateError\":null,\"readOnlyReason\":\"The GitHub App cannot write to this repository.\",\"mostRecentConversationId\":\"conv_1\",\"migrationExportSha\":\"abc123def456\",\"createdAt\":\"2026-08-16T09:00:00.000Z\",\"updatedAt\":\"2026-08-16T10:00:00.000Z\"}],\"lastUsedWorkspaceId\":\"ws_docs\"}"}

[1m[34mlog[39m[22m: Request, {"url":"http://127.0.0.1:6016/.auth/api/v1/auth/get-session","method":"GET","headers":{"accept":"*/*"},"body":""}

[1m[34mlog[39m[22m: Handler:, {"kind":"request","options":{},"info":{"header":"GET */.auth/api/v1/auth/get-session","path":"*/.auth/api/v1/auth/get-session","method":"GET","callFrame":"http://127.0.0.1:6016/assets/iframe-DRQfpQ-N.js:1124:4289"},"isUsed":true}

[1m[34mlog[39m[22m: Response, {"status":200,"statusText":"OK","headers":{"content-length":"260","content-type":"application/json"},"body":"{\"session\":{\"id\":\"storybook-session\",\"userId\":\"user_storybook\",\"expiresAt\":\"2026-09-08T11:53:57.989Z\"},\"user\":{\"id\":\"user_storybook\",\"email\":\"story@ctxpipe.local\",\"name\":\"Storybook User\",\"emailVerified\":true,\"onboardingCompletedAt\":\"2025-01-01T00:00:00.000Z\"}}"}
[0m[7m[1m[32m PASS [39m[22m[27m[0m [0m[7m[33m browser: chromium [39m[27m[0m [2m../../../../var/folders/9t/jj9rnpps7_ddb72c1mq2k13w0000gn/T/c074bc092911af3a35c92415033685a1/[22m[1mcomponents-connections-atlassian-steps-selectsynctarget.test.js[22m
[0m[7m[1m[32m PASS [39m[22m[27m[0m [0m[7m[33m browser: chromium [39m[27m[0m [2m../../../../var/folders/9t/jj9rnpps7_ddb72c1mq2k13w0000gn/T/c074bc092911af3a35c92415033685a1/[22m[1mcomponents-connections-atlassian-accountclaim.test.js[22m
[0m[7m[1m[32m PASS [39m[22m[27m[0m [0m[7m[33m browser: chromium [39m[27m[0m [2m../../../../var/folders/9t/jj9rnpps7_ddb72c1mq2k13w0000gn/T/c074bc092911af3a35c92415033685a1/[22m[1mcomponents-onboarding-mcp-previewdiff.test.js[22m
[0m[7m[1m[32m PASS [39m[22m[27m[0m [0m[7m[33m browser: chromium [39m[27m[0m [2m../../../../var/folders/9t/jj9rnpps7_ddb72c1mq2k13w0000gn/T/c074bc092911af3a35c92415033685a1/[22m[1mcomponents-connections-addnotionconnectorbutton.test.js[22m
--------------------------
Components/Onboarding/Slides/Welcome > Welcome Animation[34m
Click to debug the error directly in Storybook:
http://127.0.0.1:6016/?path=/story/components-onboarding-slides-welcome--welcome-animation&addonPanel=storybook/a11y/panel

[39mMessage:
 [33mFound 1 a11y violations, run the test with 'a11y: { test: 'error' }' parameter to see the full report or debug it directly in Storybook.[39m


--------------------------------------------------

Browser logs:

[1m[34mlog[39m[22m: Request, {"url":"http://127.0.0.1:6016/.auth/api/v1/auth/get-session","method":"GET","headers":{"accept":"*/*"},"body":""}

[1m[34mlog[39m[22m: Handler:, {"kind":"request","options":{},"info":{"header":"GET */.auth/api/v1/auth/get-session","path":"*/.auth/api/v1/auth/get-session","method":"GET","callFrame":"http://127.0.0.1:6016/assets/iframe-DRQfpQ-N.js:1124:4289"},"isUsed":true}

[1m[34mlog[39m[22m: Response, {"status":200,"statusText":"OK","headers":{"content-length":"260","content-type":"application/json"},"body":"{\"session\":{\"id\":\"storybook-session\",\"userId\":\"user_storybook\",\"expiresAt\":\"2026-09-08T11:53:59.627Z\"},\"user\":{\"id\":\"user_storybook\",\"email\":\"story@ctxpipe.local\",\"name\":\"Storybook User\",\"emailVerified\":true,\"onboardingCompletedAt\":\"2025-01-01T00:00:00.000Z\"}}"}

[1m[34mlog[39m[22m: Request, {"url":"http://127.0.0.1:6016/.auth/api/v1/auth/organization/list","method":"GET","headers":{"accept":"*/*"},"body":""}

[1m[34mlog[39m[22m: Handler:, {"kind":"request","options":{},"info":{"header":"GET */.auth/api/v1/auth/organization/list","path":"*/.auth/api/v1/auth/organization/list","method":"GET","callFrame":"http://127.0.0.1:6016/assets/iframe-DRQfpQ-N.js:1124:4289"},"isUsed":true}

[1m[34mlog[39m[22m: Response, {"status":200,"statusText":"OK","headers":{"content-length":"61","content-type":"application/json"},"body":"[{\"id\":\"org_storybook\",\"name\":\"Storybook Org\",\"slug\":\"acme\"}]"}

[1m[34mlog[39m[22m: Request, {"url":"http://127.0.0.1:6016/.auth/api/config","method":"GET","headers":{"accept":"*/*"},"body":""}

[1m[34mlog[39m[22m: Handler:, {"kind":"request","options":{},"info":{"header":"GET */.auth/api/config","path":"*/.auth/api/config","method":"GET","callFrame":"http://127.0.0.1:6016/assets/iframe-DRQfpQ-N.js:1124:4289"},"isUsed":true}

[1m[34mlog[39m[22m: Response, {"status":200,"statusText":"OK","headers":{"content-length":"16","content-type":"application/json"},"body":"{\"providers\":[]}"}

[1m[34mlog[39m[22m: Request, {"url":"http://127.0.0.1:6016/.auth/api/v1/auth/get-session","method":"GET","headers":{"accept":"*/*"},"body":""}

[1m[34mlog[39m[22m: Handler:, {"kind":"request","options":{},"info":{"header":"GET */.auth/api/v1/auth/get-session","path":"*/.auth/api/v1/auth/get-session","method":"GET","callFrame":"http://127.0.0.1:6016/assets/iframe-DRQfpQ-N.js:1124:4289"},"isUsed":true}

[1m[34mlog[39m[22m: Response, {"status":200,"statusText":"OK","headers":{"content-length":"260","content-type":"application/json"},"body":"{\"session\":{\"id\":\"storybook-session\",\"userId\":\"user_storybook\",\"expiresAt\":\"2026-09-08T11:53:59.629Z\"},\"user\":{\"id\":\"user_storybook\",\"email\":\"story@ctxpipe.local\",\"name\":\"Storybook User\",\"emailVerified\":true,\"onboardingCompletedAt\":\"2025-01-01T00:00:00.000Z\"}}"}

[1m[34mlog[39m[22m: Request, {"url":"http://127.0.0.1:6016/.auth/api/v1/auth/organization/list","method":"GET","headers":{"accept":"*/*"},"body":""}

[1m[34mlog[39m[22m: Handler:, {"kind":"request","options":{},"info":{"header":"GET */.auth/api/v1/auth/organization/list","path":"*/.auth/api/v1/auth/organization/list","method":"GET","callFrame":"http://127.0.0.1:6016/assets/iframe-DRQfpQ-N.js:1124:4289"},"isUsed":true}

[1m[34mlog[39m[22m: Response, {"status":200,"statusText":"OK","headers":{"content-length":"61","content-type":"application/json"},"body":"[{\"id\":\"org_storybook\",\"name\":\"Storybook Org\",\"slug\":\"acme\"}]"}
[0m[7m[1m[31m FAIL [39m[22m[27m[0m [0m[7m[33m browser: chromium [39m[27m[0m [2m../../../../var/folders/9t/jj9rnpps7_ddb72c1mq2k13w0000gn/T/c074bc092911af3a35c92415033685a1/[22m[1mcomponents-onboarding-slides-welcome.test.js[22m
[1m[31m  [1m● [22m[1mComponents/Onboarding/Slides/Welcome › Fully Revealed › play-test[39m[22m

    page.evaluate: StorybookTestRunnerError: [34m
    Click to debug the error directly in Storybook:
    http://127.0.0.1:6016/?path=/story/components-onboarding-slides-welcome--fully-revealed&addonPanel=storybook/interactions/panel

    [39mMessage:
     expected "onWelcomeDetailsVisible" to be called at least once


    --------------------------------------------------

    Browser logs:

    [1m[34mlog[39m[22m: Request, {"url":"http://127.0.0.1:6016/.auth/api/config","method":"GET","headers":{"accept":"*/*"},"body":""}

    [1m[34mlog[39m[22m: Handler:, {"kind":"request","options":{},"info":{"header":"GET */.auth/api/config","path":"*/.auth/api/config","method":"GET","callFrame":"http://127.0.0.1:6016/assets/iframe-DRQfpQ-N.js:1124:4289"},"isUsed":true}

    [1m[34mlog[39m[22m: Response, {"status":200,"statusText":"OK","headers":{"content-length":"16","content-type":"application/json"},"body":"{\"providers\":[]}"}

    [1m[34mlog[39m[22m: Request, {"url":"http://127.0.0.1:6016/.auth/api/v1/auth/get-session","method":"GET","headers":{"accept":"*/*"},"body":""}

    [1m[34mlog[39m[22m: Handler:, {"kind":"request","options":{},"info":{"header":"GET */.auth/api/v1/auth/get-session","path":"*/.auth/api/v1/auth/get-session","method":"GET","callFrame":"http://127.0.0.1:6016/assets/iframe-DRQfpQ-N.js:1124:4289"},"isUsed":true}

    [1m[34mlog[39m[22m: Response, {"status":200,"statusText":"OK","headers":{"content-length":"260","content-type":"application/json"},"body":"{\"session\":{\"id\":\"storybook-session\",\"userId\":\"user_storybook\",\"expiresAt\":\"2026-09-08T11:53:59.725Z\"},\"user\":{\"id\":\"user_storybook\",\"email\":\"story@ctxpipe.local\",\"name\":\"Storybook User\",\"emailVerified\":true,\"onboardingCompletedAt\":\"2025-01-01T00:00:00.000Z\"}}"}

    [1m[34mlog[39m[22m: Request, {"url":"http://127.0.0.1:6016/.auth/api/v1/auth/organization/list","method":"GET","headers":{"accept":"*/*"},"body":""}

    [1m[34mlog[39m[22m: Handler:, {"kind":"request","options":{},"info":{"header":"GET */.auth/api/v1/auth/organization/list","path":"*/.auth/api/v1/auth/organization/list","method":"GET","callFrame":"http://127.0.0.1:6016/assets/iframe-DRQfpQ-N.js:1124:4289"},"isUsed":true}

    [1m[34mlog[39m[22m: Response, {"status":200,"statusText":"OK","headers":{"content-length":"61","content-type":"application/json"},"body":"[{\"id\":\"org_storybook\",\"name\":\"Storybook Org\",\"slug\":\"acme\"}]"}

[2m      73 |         let result;[22m
[2m      74 |         try {[22m
[2m    > 75 |           result = await page.evaluate(({[22m
[2m         |                               ^[22m
[2m      76 |             id,[22m
[2m      77 |             hasPlayFn[22m
[2m      78 |           }) => __test(id, hasPlayFn), {[22m

[2m      [2mat evaluate ([22m[2m[0m[36m../../var/folders/9t/jj9rnpps7_ddb72c1mq2k13w0000gn/T/c074bc092911af3a35c92415033685a1/components-onboarding-slides-welcome.test.js[39m[0m[2m:75:31)[22m[2m[22m
[2m      [2mat Object.testFn ([22m[2m[0m[36m../../var/folders/9t/jj9rnpps7_ddb72c1mq2k13w0000gn/T/c074bc092911af3a35c92415033685a1/components-onboarding-slides-welcome.test.js[39m[0m[2m:109:15)[22m[2m[22m

[0m[7m[1m[32m PASS [39m[22m[27m[0m [0m[7m[33m browser: chromium [39m[27m[0m [2m../../../../var/folders/9t/jj9rnpps7_ddb72c1mq2k13w0000gn/T/c074bc092911af3a35c92415033685a1/[22m[1mcomponents-connections-addconnectionmodal.test.js[22m
[0m[7m[1m[32m PASS [39m[22m[27m[0m [0m[7m[33m browser: chromium [39m[27m[0m [2m../../../../var/folders/9t/jj9rnpps7_ddb72c1mq2k13w0000gn/T/c074bc092911af3a35c92415033685a1/[22m[1mcomponents-connections-atlassian-addbutton.test.js[22m
[0m[7m[1m[32m PASS [39m[22m[27m[0m [0m[7m[33m browser: chromium [39m[27m[0m [2m../../../../var/folders/9t/jj9rnpps7_ddb72c1mq2k13w0000gn/T/c074bc092911af3a35c92415033685a1/[22m[1mcomponents-onboarding-slides-joinerdone.test.js[22m
[0m[7m[1m[31m FAIL [39m[22m[27m[0m [0m[7m[33m browser: chromium [39m[27m[0m [2m../../../../var/folders/9t/jj9rnpps7_ddb72c1mq2k13w0000gn/T/c074bc092911af3a35c92415033685a1/[22m[1mcomponents-workspaces-commandpalette.test.js[22m
[1m[31m  [1m● [22m[1mComponents/Workspaces/CommandPalette › No Results › play-test[39m[22m

    page.evaluate: StorybookTestRunnerError: [34m
    Click to debug the error directly in Storybook:
    http://127.0.0.1:6016/?path=/story/components-workspaces-commandpalette--no-results&addonPanel=storybook/interactions/panel

    [39mMessage:
     Unable to find an element with the placeholder text of: Jump to…

    Ignored nodes: comments, script, style
    <div
      id="storybook-root"
      inert=""
    >
      <div
        class="min-h-screen bg-background font-sans text-foreground antialiased"
      />
    </div>

[2m      73 |         let result;[22m
[2m      74 |         try {[22m
[2m    > 75 |           result = await page.evaluate(({[22m
[2m         |                               ^[22m
[2m      76 |             id,[22m
[2m      77 |             hasPlayFn[22m
[2m      78 |           }) => __test(id, hasPlayFn), {[22m

[2m      [2mat evaluate ([22m[2m[0m[36m../../var/folders/9t/jj9rnpps7_ddb72c1mq2k13w0000gn/T/c074bc092911af3a35c92415033685a1/components-workspaces-commandpalette.test.js[39m[0m[2m:75:31)[22m[2m[22m
[2m      [2mat Object.testFn ([22m[2m[0m[36m../../var/folders/9t/jj9rnpps7_ddb72c1mq2k13w0000gn/T/c074bc092911af3a35c92415033685a1/components-workspaces-commandpalette.test.js[39m[0m[2m:109:15)[22m[2m[22m

[0m[7m[1m[32m PASS [39m[22m[27m[0m [0m[7m[33m browser: chromium [39m[27m[0m [2m../../../../var/folders/9t/jj9rnpps7_ddb72c1mq2k13w0000gn/T/c074bc092911af3a35c92415033685a1/[22m[1mcomponents-home-activity-heatmap.test.js[22m
--------------------------
Components/Workspaces/CommandPalette > Open[34m
Click to debug the error directly in Storybook:
http://127.0.0.1:6016/?path=/story/components-workspaces-commandpalette--open&addonPanel=storybook/a11y/panel

[39mMessage:
 [33mFound 1 a11y violations, run the test with 'a11y: { test: 'error' }' parameter to see the full report or debug it directly in Storybook.[39m


--------------------------------------------------

Browser logs:

[1m[34mlog[39m[22m: Request, {"url":"http://127.0.0.1:6016/.auth/api/config","method":"GET","headers":{"accept":"*/*"},"body":""}

[1m[34mlog[39m[22m: Handler:, {"kind":"request","options":{},"info":{"header":"GET */.auth/api/config","path":"*/.auth/api/config","method":"GET","callFrame":"http://127.0.0.1:6016/assets/iframe-DRQfpQ-N.js:1124:4289"},"isUsed":true}

[1m[34mlog[39m[22m: Response, {"status":200,"statusText":"OK","headers":{"content-length":"16","content-type":"application/json"},"body":"{\"providers\":[]}"}

[1m[34mlog[39m[22m: Request, {"url":"http://127.0.0.1:6016/acme/api/v1/workspaces","method":"GET","headers":{"accept":"*/*"},"body":""}

[1m[34mlog[39m[22m: Handler:, {"kind":"request","options":{},"info":{"header":"GET [custom predicate]","method":"GET","callFrame":"http://127.0.0.1:6016/assets/iframe-DRQfpQ-N.js:1124:4289"},"isUsed":true}

[1m[34mlog[39m[22m: Response, {"status":200,"statusText":"OK","headers":{"content-length":"1231","content-type":"application/json"},"body":"{\"items\":[{\"id\":\"ws_docs\",\"orgId\":\"org_acme\",\"slug\":\"docs\",\"displayName\":\"Docs\",\"workspaceRepositoryUrl\":\"https://github.com/acme/docs\",\"githubConnectionId\":\"con_1\",\"desiredGeneration\":1,\"desiredSha\":\"abc123def456\",\"activeProjectionUrl\":\"https://github.com/acme/docs\",\"activeProjectionSha\":\"abc123def456\",\"indexedSha\":\"abc123def456\",\"writeStatus\":\"writable\",\"hydrateStatus\":\"ready\",\"hydrateError\":null,\"readOnlyReason\":null,\"mostRecentConversationId\":\"conv_1\",\"migrationExportSha\":\"abc123def456\",\"createdAt\":\"2026-08-16T09:00:00.000Z\",\"updatedAt\":\"2026-08-16T10:00:00.000Z\"},{\"id\":\"ws_readonly\",\"orgId\":\"org_acme\",\"slug\":\"handbook\",\"displayName\":\"Handbook\",\"workspaceRepositoryUrl\":\"https://github.com/acme/docs\",\"githubConnectionId\":\"con_1\",\"desiredGeneration\":1,\"desiredSha\":\"abc123def456\",\"activeProjectionUrl\":\"https://github.com/acme/docs\",\"activeProjectionSha\":\"abc123def456\",\"indexedSha\":\"abc123def456\",\"writeStatus\":\"read_only\",\"hydrateStatus\":\"ready\",\"hydrateError\":null,\"readOnlyReason\":\"The GitHub App cannot write to this repository.\",\"mostRecentConversationId\":\"conv_1\",\"migrationExportSha\":\"abc123def456\",\"createdAt\":\"2026-08-16T09:00:00.000Z\",\"updatedAt\":\"2026-08-16T10:00:00.000Z\"}],\"lastUsedWorkspaceId\":\"ws_docs\"}"}

[1m[34mlog[39m[22m: Request, {"url":"http://127.0.0.1:6016/.auth/api/v1/auth/get-session","method":"GET","headers":{"accept":"*/*"},"body":""}

[1m[34mlog[39m[22m: Handler:, {"kind":"request","options":{},"info":{"header":"GET */.auth/api/v1/auth/get-session","path":"*/.auth/api/v1/auth/get-session","method":"GET","callFrame":"http://127.0.0.1:6016/assets/iframe-DRQfpQ-N.js:1124:4289"},"isUsed":true}

[1m[34mlog[39m[22m: Response, {"status":200,"statusText":"OK","headers":{"content-length":"260","content-type":"application/json"},"body":"{\"session\":{\"id\":\"storybook-session\",\"userId\":\"user_storybook\",\"expiresAt\":\"2026-09-08T11:54:01.440Z\"},\"user\":{\"id\":\"user_storybook\",\"email\":\"story@ctxpipe.local\",\"name\":\"Storybook User\",\"emailVerified\":true,\"onboardingCompletedAt\":\"2025-01-01T00:00:00.000Z\"}}"}

[1m[34mlog[39m[22m: Request, {"url":"http://127.0.0.1:6016/.auth/api/v1/auth/get-session","method":"GET","headers":{"accept":"*/*"},"body":""}

[1m[34mlog[39m[22m: Handler:, {"kind":"request","options":{},"info":{"header":"GET */.auth/api/v1/auth/get-session","path":"*/.auth/api/v1/auth/get-session","method":"GET","callFrame":"http://127.0.0.1:6016/assets/iframe-DRQfpQ-N.js:1124:4289"},"isUsed":true}

[1m[34mlog[39m[22m: Response, {"status":200,"statusText":"OK","headers":{"content-length":"260","content-type":"application/json"},"body":"{\"session\":{\"id\":\"storybook-session\",\"userId\":\"user_storybook\",\"expiresAt\":\"2026-09-08T11:54:01.442Z\"},\"user\":{\"id\":\"user_storybook\",\"email\":\"story@ctxpipe.local\",\"name\":\"Storybook User\",\"emailVerified\":true,\"onboardingCompletedAt\":\"2025-01-01T00:00:00.000Z\"}}"}

[1m[34mlog[39m[22m: Request, {"url":"http://127.0.0.1:6016/.auth/api/v1/auth/organization/list","method":"GET","headers":{"accept":"*/*"},"body":""}

[1m[34mlog[39m[22m: Handler:, {"kind":"request","options":{},"info":{"header":"GET */.auth/api/v1/auth/organization/list","path":"*/.auth/api/v1/auth/organization/list","method":"GET","callFrame":"http://127.0.0.1:6016/assets/iframe-DRQfpQ-N.js:1124:4289"},"isUsed":true}

[1m[34mlog[39m[22m: Response, {"status":200,"statusText":"OK","headers":{"content-length":"61","content-type":"application/json"},"body":"[{\"id\":\"org_storybook\",\"name\":\"Storybook Org\",\"slug\":\"acme\"}]"}

[1m[34mlog[39m[22m: Request, {"url":"http://127.0.0.1:6016/.auth/api/v1/auth/organization/list","method":"GET","headers":{"accept":"*/*"},"body":""}

[1m[34mlog[39m[22m: Handler:, {"kind":"request","options":{},"info":{"header":"GET */.auth/api/v1/auth/organization/list","path":"*/.auth/api/v1/auth/organization/list","method":"GET","callFrame":"http://127.0.0.1:6016/assets/iframe-DRQfpQ-N.js:1124:4289"},"isUsed":true}

[1m[34mlog[39m[22m: Response, {"status":200,"statusText":"OK","headers":{"content-length":"61","content-type":"application/json"},"body":"[{\"id\":\"org_storybook\",\"name\":\"Storybook Org\",\"slug\":\"acme\"}]"}
[0m[7m[1m[32m PASS [39m[22m[27m[0m [0m[7m[33m browser: chromium [39m[27m[0m [2m../../../../var/folders/9t/jj9rnpps7_ddb72c1mq2k13w0000gn/T/c074bc092911af3a35c92415033685a1/[22m[1mcomponents-home-recent-commits.test.js[22m
[0m[7m[1m[32m PASS [39m[22m[27m[0m [0m[7m[33m browser: chromium [39m[27m[0m [2m../../../../var/folders/9t/jj9rnpps7_ddb72c1mq2k13w0000gn/T/c074bc092911af3a35c92415033685a1/[22m[1mcomponents-inlineloader.test.js[22m
--------------------------
Components/InlineLoader > Determinate[34m
Click to debug the error directly in Storybook:
http://127.0.0.1:6016/?path=/story/components-inlineloader--determinate&addonPanel=storybook/a11y/panel

[39mMessage:
 [33mFound 1 a11y violations, run the test with 'a11y: { test: 'error' }' parameter to see the full report or debug it directly in Storybook.[39m

[0m[7m[1m[31m FAIL [39m[22m[27m[0m [0m[7m[33m browser: chromium [39m[27m[0m [2m../../../../var/folders/9t/jj9rnpps7_ddb72c1mq2k13w0000gn/T/c074bc092911af3a35c92415033685a1/[22m[1mcomponents-home-composer.test.js[22m
[1m[31m  [1m● [22m[1mComponents/Home/Composer › With Workspaces › play-test[39m[22m

    page.evaluate: StorybookTestRunnerError: [34m
    Click to debug the error directly in Storybook:
    http://127.0.0.1:6016/?path=/story/components-home-composer--with-workspaces&addonPanel=storybook/interactions/panel

    [39mMessage:
     Unable to find role="menu" and name "Workspaces"

    Ignored nodes: comments, script, style
    <body
      class="sb-main-padded sb-show-main"
    >
      
        
      <div
        class="sb-preparing-story sb-wrapper"
        inert=""
      >
        
      
        <div
          class="sb-loader"
        />
        

      </div>
      


      <div
        class="sb-preparing-docs sb-wrapper"
        inert=""
      >
        
      
        <div
          class="sb-previewBlock"
        >
          
        
          <div
            class="sb-previewBlock_header"
          >
            
          
            <div
              class="sb-previewBlock_icon"
            />
            
          
            <div
              class="sb-previewBlock_icon"
            />
            
          
            <div
              class="sb-previewBlock_icon"
            />
            
          
            <div
              class="sb-previewBlock_icon"
            />
            
        
          </div>
          
        
          <div
            class="sb-previewBlock_body"
          >
            
          
            <div
              class="sb-loader"
            />
            
        
          </div>
          
      
        </div>
        
      
    …


    --------------------------------------------------

    Browser logs:

    [1m[34mlog[39m[22m: Request, {"url":"http://127.0.0.1:6016/.auth/api/config","method":"GET","headers":{"accept":"*/*"},"body":""}

    [1m[34mlog[39m[22m: Handler:, {"kind":"request","options":{},"info":{"header":"GET */.auth/api/config","path":"*/.auth/api/config","method":"GET","callFrame":"http://127.0.0.1:6016/assets/iframe-DRQfpQ-N.js:1124:4289"},"isUsed":true}

    [1m[34mlog[39m[22m: Response, {"status":200,"statusText":"OK","headers":{"content-length":"16","content-type":"application/json"},"body":"{\"providers\":[]}"}

    [1m[34mlog[39m[22m: Request, {"url":"http://127.0.0.1:6016/.auth/api/v1/auth/get-session","method":"GET","headers":{"accept":"*/*"},"body":""}

    [1m[34mlog[39m[22m: Handler:, {"kind":"request","options":{},"info":{"header":"GET */.auth/api/v1/auth/get-session","path":"*/.auth/api/v1/auth/get-session","method":"GET","callFrame":"http://127.0.0.1:6016/assets/iframe-DRQfpQ-N.js:1124:4289"},"isUsed":true}

    [1m[34mlog[39m[22m: Response, {"status":200,"statusText":"OK","headers":{"content-length":"260","content-type":"application/json"},"body":"{\"session\":{\"id\":\"storybook-session\",\"userId\":\"user_storybook\",\"expiresAt\":\"2026-09-08T11:54:02.172Z\"},\"user\":{\"id\":\"user_storybook\",\"email\":\"story@ctxpipe.local\",\"name\":\"Storybook User\",\"emailVerified\":true,\"onboardingCompletedAt\":\"2025-01-01T00:00:00.000Z\"}}"}

    [1m[34mlog[39m[22m: Request, {"url":"http://127.0.0.1:6016/.auth/api/v1/auth/get-session","method":"GET","headers":{"accept":"*/*"},"body":""}

    [1m[34mlog[39m[22m: Handler:, {"kind":"request","options":{},"info":{"header":"GET */.auth/api/v1/auth/get-session","path":"*/.auth/api/v1/auth/get-session","method":"GET","callFrame":"http://127.0.0.1:6016/assets/iframe-DRQfpQ-N.js:1124:4289"},"isUsed":true}

    [1m[34mlog[39m[22m: Response, {"status":200,"statusText":"OK","headers":{"content-length":"260","content-type":"application/json"},"body":"{\"session\":{\"id\":\"storybook-session\",\"userId\":\"user_storybook\",\"expiresAt\":\"2026-09-08T11:54:02.189Z\"},\"user\":{\"id\":\"user_storybook\",\"email\":\"story@ctxpipe.local\",\"name\":\"Storybook User\",\"emailVerified\":true,\"onboardingCompletedAt\":\"2025-01-01T00:00:00.000Z\"}}"}

    [1m[34mlog[39m[22m: Request, {"url":"http://127.0.0.1:6016/.auth/api/v1/auth/organization/list","method":"GET","headers":{"accept":"*/*"},"body":""}

    [1m[34mlog[39m[22m: Handler:, {"kind":"request","options":{},"info":{"header":"GET */.auth/api/v1/auth/organization/list","path":"*/.auth/api/v1/auth/organization/list","method":"GET","callFrame":"http://127.0.0.1:6016/assets/iframe-DRQfpQ-N.js:1124:4289"},"isUsed":true}

    [1m[34mlog[39m[22m: Response, {"status":200,"statusText":"OK","headers":{"content-length":"61","content-type":"application/json"},"body":"[{\"id\":\"org_storybook\",\"name\":\"Storybook Org\",\"slug\":\"acme\"}]"}

    [1m[34mlog[39m[22m: Request, {"url":"http://127.0.0.1:6016/.auth/api/v1/auth/organization/list","method":"GET","headers":{"accept":"*/*"},"body":""}

    [1m[34mlog[39m[22m: Handler:, {"kind":"request","options":{},"info":{"header":"GET */.auth/api/v1/auth/organization/list","path":"*/.auth/api/v1/auth/organization/list","method":"GET","callFrame":"http://127.0.0.1:6016/assets/iframe-DRQfpQ-N.js:1124:4289"},"isUsed":true}

    [1m[34mlog[39m[22m: Response, {"status":200,"statusText":"OK","headers":{"content-length":"61","content-type":"application/json"},"body":"[{\"id\":\"org_storybook\",\"name\":\"Storybook Org\",\"slug\":\"acme\"}]"}

[2m      13 |         let result;[22m
[2m      14 |         try {[22m
[2m    > 15 |           result = await page.evaluate(({[22m
[2m         |                               ^[22m
[2m      16 |             id,[22m
[2m      17 |             hasPlayFn[22m
[2m      18 |           }) => __test(id, hasPlayFn), {[22m

[2m      [2mat evaluate ([22m[2m[0m[36m../../var/folders/9t/jj9rnpps7_ddb72c1mq2k13w0000gn/T/c074bc092911af3a35c92415033685a1/components-home-composer.test.js[39m[0m[2m:15:31)[22m[2m[22m
[2m      [2mat Object.testFn ([22m[2m[0m[36m../../var/folders/9t/jj9rnpps7_ddb72c1mq2k13w0000gn/T/c074bc092911af3a35c92415033685a1/components-home-composer.test.js[39m[0m[2m:49:15)[22m[2m[22m

[0m[7m[1m[32m PASS [39m[22m[27m[0m [0m[7m[33m browser: chromium [39m[27m[0m [2m../../../../var/folders/9t/jj9rnpps7_ddb72c1mq2k13w0000gn/T/c074bc092911af3a35c92415033685a1/[22m[1mpages-onboarding.test.js[22m
[0m[7m[1m[32m PASS [39m[22m[27m[0m [0m[7m[33m browser: chromium [39m[27m[0m [2m../../../../var/folders/9t/jj9rnpps7_ddb72c1mq2k13w0000gn/T/c074bc092911af3a35c92415033685a1/[22m[1mpages-auth.test.js[22m
[0m[7m[1m[32m PASS [39m[22m[27m[0m [0m[7m[33m browser: chromium [39m[27m[0m [2m../../../../var/folders/9t/jj9rnpps7_ddb72c1mq2k13w0000gn/T/c074bc092911af3a35c92415033685a1/[22m[1mcomponents-connections-github-selfhostedcredentials.test.js[22m
--------------------------
Components/Connections/GitHub/SelfHostedCredentials > Self Hosted Credentials[34m
Click to debug the error directly in Storybook:
http://127.0.0.1:6016/?path=/story/components-connections-github-selfhostedcredentials--self-hosted-credentials&addonPanel=storybook/a11y/panel

[39mMessage:
 [33mFound 1 a11y violations, run the test with 'a11y: { test: 'error' }' parameter to see the full report or debug it directly in Storybook.[39m

[0m[7m[1m[32m PASS [39m[22m[27m[0m [0m[7m[33m browser: chromium [39m[27m[0m [2m../../../../var/folders/9t/jj9rnpps7_ddb72c1mq2k13w0000gn/T/c074bc092911af3a35c92415033685a1/[22m[1mcomponents-connections-atlassian-steps-registeroauth.test.js[22m
--------------------------
Components/Connections/Atlassian/Steps/RegisterOAuth > 3LO credential form[34m
Click to debug the error directly in Storybook:
http://127.0.0.1:6016/?path=/story/components-connections-atlassian-steps-registeroauth--register-o-auth&addonPanel=storybook/a11y/panel

[39mMessage:
 [33mFound 1 a11y violations, run the test with 'a11y: { test: 'error' }' parameter to see the full report or debug it directly in Storybook.[39m


--------------------------------------------------

Browser logs:

[1m[34mlog[39m[22m: Request, {"url":"http://127.0.0.1:6016/acme/api/v1/org/atlassian-oauth?connectionId=conn_forge_story","method":"GET","headers":{"accept":"*/*"},"body":""}

[1m[34mlog[39m[22m: Handler:, {"kind":"request","options":{},"info":{"header":"GET [custom predicate]","method":"GET","callFrame":"http://127.0.0.1:6016/assets/iframe-DRQfpQ-N.js:1124:4289"},"isUsed":true}

[1m[34mlog[39m[22m: Response, {"status":200,"statusText":"OK","headers":{"content-length":"252","content-type":"application/json"},"body":"{\"oauthAppSaved\":false,\"atlassianOAuthClientId\":null,\"globalAtlassianOAuthConfigured\":false,\"oauthCallbackUrl\":\"http://127.0.0.1:6016/api/v1/integrations/atlassian/callback\",\"atlassianCreateUrl\":\"https://developer.atlassian.com/cloud/oauth-2-3lo-apps\"}"}

[1m[34mlog[39m[22m: Request, {"url":"http://127.0.0.1:6016/.auth/api/config","method":"GET","headers":{"accept":"*/*"},"body":""}

[1m[34mlog[39m[22m: Handler:, {"kind":"request","options":{},"info":{"header":"GET */.auth/api/config","path":"*/.auth/api/config","method":"GET","callFrame":"http://127.0.0.1:6016/assets/iframe-DRQfpQ-N.js:1124:4289"},"isUsed":true}

[1m[34mlog[39m[22m: Response, {"status":200,"statusText":"OK","headers":{"content-length":"16","content-type":"application/json"},"body":"{\"providers\":[]}"}

[1m[34mlog[39m[22m: Request, {"url":"http://127.0.0.1:6016/.auth/api/v1/auth/get-session","method":"GET","headers":{"accept":"*/*"},"body":""}

[1m[34mlog[39m[22m: Handler:, {"kind":"request","options":{},"info":{"header":"GET */.auth/api/v1/auth/get-session","path":"*/.auth/api/v1/auth/get-session","method":"GET","callFrame":"http://127.0.0.1:6016/assets/iframe-DRQfpQ-N.js:1124:4289"},"isUsed":true}

[1m[34mlog[39m[22m: Response, {"status":200,"statusText":"OK","headers":{"content-length":"260","content-type":"application/json"},"body":"{\"session\":{\"id\":\"storybook-session\",\"userId\":\"user_storybook\",\"expiresAt\":\"2026-09-08T11:54:05.127Z\"},\"user\":{\"id\":\"user_storybook\",\"email\":\"story@ctxpipe.local\",\"name\":\"Storybook User\",\"emailVerified\":true,\"onboardingCompletedAt\":\"2025-01-01T00:00:00.000Z\"}}"}

[1m[34mlog[39m[22m: Request, {"url":"http://127.0.0.1:6016/.auth/api/v1/auth/get-session","method":"GET","headers":{"accept":"*/*"},"body":""}

[1m[34mlog[39m[22m: Handler:, {"kind":"request","options":{},"info":{"header":"GET */.auth/api/v1/auth/get-session","path":"*/.auth/api/v1/auth/get-session","method":"GET","callFrame":"http://127.0.0.1:6016/assets/iframe-DRQfpQ-N.js:1124:4289"},"isUsed":true}

[1m[34mlog[39m[22m: Response, {"status":200,"statusText":"OK","headers":{"content-length":"260","content-type":"application/json"},"body":"{\"session\":{\"id\":\"storybook-session\",\"userId\":\"user_storybook\",\"expiresAt\":\"2026-09-08T11:54:05.128Z\"},\"user\":{\"id\":\"user_storybook\",\"email\":\"story@ctxpipe.local\",\"name\":\"Storybook User\",\"emailVerified\":true,\"onboardingCompletedAt\":\"2025-01-01T00:00:00.000Z\"}}"}

[1m[34mlog[39m[22m: Request, {"url":"http://127.0.0.1:6016/.auth/api/v1/auth/organization/list","method":"GET","headers":{"accept":"*/*"},"body":""}

[1m[34mlog[39m[22m: Handler:, {"kind":"request","options":{},"info":{"header":"GET */.auth/api/v1/auth/organization/list","path":"*/.auth/api/v1/auth/organization/list","method":"GET","callFrame":"http://127.0.0.1:6016/assets/iframe-DRQfpQ-N.js:1124:4289"},"isUsed":true}

[1m[34mlog[39m[22m: Response, {"status":200,"statusText":"OK","headers":{"content-length":"61","content-type":"application/json"},"body":"[{\"id\":\"org_storybook\",\"name\":\"Storybook Org\",\"slug\":\"acme\"}]"}

[1m[34mlog[39m[22m: Request, {"url":"http://127.0.0.1:6016/.auth/api/v1/auth/organization/list","method":"GET","headers":{"accept":"*/*"},"body":""}

[1m[34mlog[39m[22m: Handler:, {"kind":"request","options":{},"info":{"header":"GET */.auth/api/v1/auth/organization/list","path":"*/.auth/api/v1/auth/organization/list","method":"GET","callFrame":"http://127.0.0.1:6016/assets/iframe-DRQfpQ-N.js:1124:4289"},"isUsed":true}

[1m[34mlog[39m[22m: Response, {"status":200,"statusText":"OK","headers":{"content-length":"61","content-type":"application/json"},"body":"[{\"id\":\"org_storybook\",\"name\":\"Storybook Org\",\"slug\":\"acme\"}]"}
[0m[7m[1m[32m PASS [39m[22m[27m[0m [0m[7m[33m browser: chromium [39m[27m[0m [2m../../../../var/folders/9t/jj9rnpps7_ddb72c1mq2k13w0000gn/T/c074bc092911af3a35c92415033685a1/[22m[1mcomponents-connections-atlassian-steps-waitforinstall.test.js[22m
[0m[7m[1m[32m PASS [39m[22m[27m[0m [0m[7m[33m browser: chromium [39m[27m[0m [2m../../../../var/folders/9t/jj9rnpps7_ddb72c1mq2k13w0000gn/T/c074bc092911af3a35c92415033685a1/[22m[1mcomponents-connections-atlassian-steps-setupcomplete.test.js[22m
[0m[7m[1m[32m PASS [39m[22m[27m[0m [0m[7m[33m browser: chromium [39m[27m[0m [2m../../../../var/folders/9t/jj9rnpps7_ddb72c1mq2k13w0000gn/T/c074bc092911af3a35c92415033685a1/[22m[1mcomponents-connections-atlassian-steps-linkgithub.test.js[22m
[0m[7m[1m[32m PASS [39m[22m[27m[0m [0m[7m[33m browser: chromium [39m[27m[0m [2m../../../../var/folders/9t/jj9rnpps7_ddb72c1mq2k13w0000gn/T/c074bc092911af3a35c92415033685a1/[22m[1mcomponents-connections-linear-addconnectorbutton.test.js[22m
[0m[7m[1m[32m PASS [39m[22m[27m[0m [0m[7m[33m browser: chromium [39m[27m[0m [2m../../../../var/folders/9t/jj9rnpps7_ddb72c1mq2k13w0000gn/T/c074bc092911af3a35c92415033685a1/[22m[1mcomponents-connections-slack-addbutton.test.js[22m
[0m[7m[1m[32m PASS [39m[22m[27m[0m [0m[7m[33m browser: chromium [39m[27m[0m [2m../../../../var/folders/9t/jj9rnpps7_ddb72c1mq2k13w0000gn/T/c074bc092911af3a35c92415033685a1/[22m[1mcomponents-connections-linear-mark.test.js[22m
[0m[7m[1m[32m PASS [39m[22m[27m[0m [0m[7m[33m browser: chromium [39m[27m[0m [2m../../../../var/folders/9t/jj9rnpps7_ddb72c1mq2k13w0000gn/T/c074bc092911af3a35c92415033685a1/[22m[1mcomponents-onboarding-slides-overview.test.js[22m
[0m[7m[1m[32m PASS [39m[22m[27m[0m [0m[7m[33m browser: chromium [39m[27m[0m [2m../../../../var/folders/9t/jj9rnpps7_ddb72c1mq2k13w0000gn/T/c074bc092911af3a35c92415033685a1/[22m[1mcomponents-connections-emptystate.test.js[22m
[0m[7m[1m[32m PASS [39m[22m[27m[0m [0m[7m[33m browser: chromium [39m[27m[0m [2m../../../../var/folders/9t/jj9rnpps7_ddb72c1mq2k13w0000gn/T/c074bc092911af3a35c92415033685a1/[22m[1mcomponents-connections-atlassian-mark.test.js[22m

[1mSummary of all failing tests[22m
[0m[7m[1m[31m FAIL [39m[22m[27m[0m [2m../../var/folders/9t/jj9rnpps7_ddb72c1mq2k13w0000gn/T/c074bc092911af3a35c92415033685a1/[22m[1mcomponents-workspaces-pane.test.js[22m ([0m[1m[41m6.991 s[49m[22m[0m)
[1m[31m  [1m● [22m[1mComponents/Workspaces/Pane › Conversation Sandbox Files › play-test[39m[22m

    page.evaluate: StorybookTestRunnerError: [34m
    Click to debug the error directly in Storybook:
    http://127.0.0.1:6016/?path=/story/components-workspaces-pane--conversation-sandbox-files&addonPanel=storybook/interactions/panel

    [39mMessage:
     Unable to find an element with the text: e2e-session-branch-note.md. This could be because the text is broken up by multiple elements. In this case, you can provide a function for your text matcher to make your matcher more flexible.

    Ignored nodes: comments, script, style
    <div
      id="storybook-root"
    >
      <div
        class="min-h-screen bg-background font-sans text-foreground antialiased"
      >
        <div
          class="flex h-svh min-h-0 bg-zinc-950"
        >
          <div
            class="flex h-full min-w-0 flex-1 flex-col p-4"
          >
            <p
              class="text-sm text-muted-foreground"
            >
              Conversation
            </p>
          </div>
          <aside
            class="flex-col pb-3 pt-[6.5px] max-md:pb-0 max-md:pr-0 relative flex h-full min-h-0 pl-0 pr-3 min-w-0 flex-1"
            data-workspace-surface=""
          >
            <button
              aria-label="Resize pane"
              class="absolute bottom-[20px] left-[0.5px] z-20 hidden w-3 -translate-x-1/2 cursor-col-resize border-0 bg-transparent p-0…


    --------------------------------------------------

    Browser logs:

    [1m[34mlog[39m[22m: Request, {"url":"http://127.0.0.1:6016/.auth/api/v1/auth/organization/list","method":"GET","headers":{"accept":"*/*"},"body":""}

    [1m[34mlog[39m[22m: Handler:, {"kind":"request","options":{},"info":{"header":"GET */.auth/api/v1/auth/organization/list","path":"*/.auth/api/v1/auth/organization/list","method":"GET","callFrame":"http://127.0.0.1:6016/assets/iframe-DRQfpQ-N.js:1124:4289"},"isUsed":true}

    [1m[34mlog[39m[22m: Response, {"status":200,"statusText":"OK","headers":{"content-length":"61","content-type":"application/json"},"body":"[{\"id\":\"org_storybook\",\"name\":\"Storybook Org\",\"slug\":\"acme\"}]"}

    [1m[34mlog[39m[22m: Request, {"url":"http://127.0.0.1:6016/acme/api/v1/conversations/conv_1/files/blob?path=knowledge%2Fbilling%2Fledger.md","method":"GET","headers":{"accept":"*/*"},"body":""}

    [1m[34mlog[39m[22m: Handler:, {"kind":"request","options":{},"info":{"header":"GET [custom predicate]","method":"GET","callFrame":"http://127.0.0.1:6016/assets/iframe-DRQfpQ-N.js:1124:4289"},"isUsed":true}

    [1m[34mlog[39m[22m: Response, {"status":200,"statusText":"OK","headers":{"content-length":"223","content-type":"application/json"},"body":"{\"path\":\"knowledge/billing/ledger.md\",\"body\":\"# Billing ledger\\n\\nInvoicing rules for the org. The payments API depends on this ledger.\\n\\nSee [Payments API](../payments/api.md) and [invoices](invoices.md).\",\"binary\":false}"}

    [1m[34mlog[39m[22m: Request, {"url":"http://127.0.0.1:6016/acme/api/v1/conversations/conv_1/files/status","method":"GET","headers":{"accept":"*/*"},"body":""}

    [1m[34mlog[39m[22m: Handler:, {"kind":"request","options":{},"info":{"header":"GET [custom predicate]","method":"GET","callFrame":"http://127.0.0.1:6016/assets/iframe-DRQfpQ-N.js:1124:4289"},"isUsed":true}

    [1m[34mlog[39m[22m: Response, {"status":200,"statusText":"OK","headers":{"content-length":"540","content-type":"application/json"},"body":"{\"source\":\"sandbox\",\"dirty\":true,\"differsFromDefault\":true,\"unpushed\":true,\"published\":false,\"ahead\":1,\"behind\":0,\"items\":[{\"path\":\"knowledge/billing/ledger.md\",\"status\":\"modified\",\"body\":\"# Billing ledger\\n\\nInvoicing rules for the org. The payments API depends on this ledger.\\n\\nSee [Payments API](../payments/api.md) and [invoices](invoices.md).\\nQueued sandbox edit.\\n\",\"additions\":2,\"deletions\":0},{\"path\":\"AGENTS.md\",\"status\":\"added\",\"additions\":3,\"deletions\":0},{\"path\":\"README.md\",\"status\":\"modified\",\"additions\":4,\"deletions\":1}]}"}

    [1m[34mlog[39m[22m: Request, {"url":"http://127.0.0.1:6016/.auth/api/config","method":"GET","headers":{"accept":"*/*"},"body":""}

    [1m[34mlog[39m[22m: Handler:, {"kind":"request","options":{},"info":{"header":"GET */.auth/api/config","path":"*/.auth/api/config","method":"GET","callFrame":"http://127.0.0.1:6016/assets/iframe-DRQfpQ-N.js:1124:4289"},"isUsed":true}

    [1m[34mlog[39m[22m: Response, {"status":200,"statusText":"OK","headers":{"content-length":"16","content-type":"application/json"},"body":"{\"providers\":[]}"}

    [1m[34mlog[39m[22m: Request, {"url":"http://127.0.0.1:6016/acme/api/v1/conversations/conv_1/files/status","method":"GET","headers":{"accept":"*/*"},"body":""}

    [1m[34mlog[39m[22m: Handler:, {"kind":"request","options":{},"info":{"header":"GET [custom predicate]","method":"GET","callFrame":"http://127.0.0.1:6016/assets/iframe-DRQfpQ-N.js:1124:4289"},"isUsed":true}

    [1m[34mlog[39m[22m: Response, {"status":200,"statusText":"OK","headers":{"content-length":"540","content-type":"application/json"},"body":"{\"source\":\"sandbox\",\"dirty\":true,\"differsFromDefault\":true,\"unpushed\":true,\"published\":false,\"ahead\":1,\"behind\":0,\"items\":[{\"path\":\"knowledge/billing/ledger.md\",\"status\":\"modified\",\"body\":\"# Billing ledger\\n\\nInvoicing rules for the org. The payments API depends on this ledger.\\n\\nSee [Payments API](../payments/api.md) and [invoices](invoices.md).\\nQueued sandbox edit.\\n\",\"additions\":2,\"deletions\":0},{\"path\":\"AGENTS.md\",\"status\":\"added\",\"additions\":3,\"deletions\":0},{\"path\":\"README.md\",\"status\":\"modified\",\"additions\":4,\"deletions\":1}]}"}

    [1m[34mlog[39m[22m: Request, {"url":"http://127.0.0.1:6016/acme/api/v1/conversations/conv_1/files/tree","method":"GET","headers":{"accept":"*/*"},"body":""}

    [1m[34mlog[39m[22m: Handler:, {"kind":"request","options":{},"info":{"header":"GET [custom predicate]","method":"GET","callFrame":"http://127.0.0.1:6016/assets/iframe-DRQfpQ-N.js:1124:4289"},"isUsed":true}

    [1m[34mlog[39m[22m: Response, {"status":200,"statusText":"OK","headers":{"content-length":"104","content-type":"application/json"},"body":"{\"sha\":\"sandboxsha\",\"paths\":[\"e2e-session-branch-note.md\",\"AGENTS.md\"],\"branch\":\"ctxpipe/chat/conv_1/1\"}"}

    [1m[34mlog[39m[22m: Request, {"url":"http://127.0.0.1:6016/.auth/api/v1/auth/get-session","method":"GET","headers":{"accept":"*/*"},"body":""}

    [1m[34mlog[39m[22m: Handler:, {"kind":"request","options":{},"info":{"header":"GET */.auth/api/v1/auth/get-session","path":"*/.auth/api/v1/auth/get-session","method":"GET","callFrame":"http://127.0.0.1:6016/assets/iframe-DRQfpQ-N.js:1124:4289"},"isUsed":true}

    [1m[34mlog[39m[22m: Response, {"status":200,"statusText":"OK","headers":{"content-length":"260","content-type":"application/json"},"body":"{\"session\":{\"id\":\"storybook-session\",\"userId\":\"user_storybook\",\"expiresAt\":\"2026-09-08T11:53:15.415Z\"},\"user\":{\"id\":\"user_storybook\",\"email\":\"story@ctxpipe.local\",\"name\":\"Storybook User\",\"emailVerified\":true,\"onboardingCompletedAt\":\"2025-01-01T00:00:00.000Z\"}}"}

    [1m[34mlog[39m[22m: Request, {"url":"http://127.0.0.1:6016/.auth/api/v1/auth/organization/list","method":"GET","headers":{"accept":"*/*"},"body":""}

    [1m[34mlog[39m[22m: Handler:, {"kind":"request","options":{},"info":{"header":"GET */.auth/api/v1/auth/organization/list","path":"*/.auth/api/v1/auth/organization/list","method":"GET","callFrame":"http://127.0.0.1:6016/assets/iframe-DRQfpQ-N.js:1124:4289"},"isUsed":true}

    [1m[34mlog[39m[22m: Response, {"status":200,"statusText":"OK","headers":{"content-length":"61","content-type":"application/json"},"body":"[{\"id\":\"org_storybook\",\"name\":\"Storybook Org\",\"slug\":\"acme\"}]"}

    [1m[34mlog[39m[22m: Request, {"url":"http://127.0.0.1:6016/acme/api/v1/conversations/conv_1/files/status","method":"GET","headers":{"accept":"*/*"},"body":""}

    [1m[34mlog[39m[22m: Handler:, {"kind":"request","options":{},"info":{"header":"GET [custom predicate]","method":"GET","callFrame":"http://127.0.0.1:6016/assets/iframe-DRQfpQ-N.js:1124:4289"},"isUsed":true}

    [1m[34mlog[39m[22m: Response, {"status":200,"statusText":"OK","headers":{"content-length":"540","content-type":"application/json"},"body":"{\"source\":\"sandbox\",\"dirty\":true,\"differsFromDefault\":true,\"unpushed\":true,\"published\":false,\"ahead\":1,\"behind\":0,\"items\":[{\"path\":\"knowledge/billing/ledger.md\",\"status\":\"modified\",\"body\":\"# Billing ledger\\n\\nInvoicing rules for the org. The payments API depends on this ledger.\\n\\nSee [Payments API](../payments/api.md) and [invoices](invoices.md).\\nQueued sandbox edit.\\n\",\"additions\":2,\"deletions\":0},{\"path\":\"AGENTS.md\",\"status\":\"added\",\"additions\":3,\"deletions\":0},{\"path\":\"README.md\",\"status\":\"modified\",\"additions\":4,\"deletions\":1}]}"}

    [1m[34mlog[39m[22m: Request, {"url":"http://127.0.0.1:6016/acme/api/v1/conversations/conv_1/files/tree","method":"GET","headers":{"accept":"*/*"},"body":""}

    [1m[34mlog[39m[22m: Handler:, {"kind":"request","options":{},"info":{"header":"GET [custom predicate]","method":"GET","callFrame":"http://127.0.0.1:6016/assets/iframe-DRQfpQ-N.js:1124:4289"},"isUsed":true}

    [1m[34mlog[39m[22m: Response, {"status":200,"statusText":"OK","headers":{"content-length":"104","content-type":"application/json"},"body":"{\"sha\":\"sandboxsha\",\"paths\":[\"e2e-session-branch-note.md\",\"AGENTS.md\"],\"branch\":\"ctxpipe/chat/conv_1/1\"}"}

    [1m[34mlog[39m[22m: Request, {"url":"http://127.0.0.1:6016/acme/api/v1/conversations/conv_1/files/status","method":"GET","headers":{"accept":"*/*"},"body":""}

    [1m[34mlog[39m[22m: Handler:, {"kind":"request","options":{},"info":{"header":"GET [custom predicate]","method":"GET","callFrame":"http://127.0.0.1:6016/assets/iframe-DRQfpQ-N.js:1124:4289"},"isUsed":true}

    [1m[34mlog[39m[22m: Response, {"status":200,"statusText":"OK","headers":{"content-length":"540","content-type":"application/json"},"body":"{\"source\":\"sandbox\",\"dirty\":true,\"differsFromDefault\":true,\"unpushed\":true,\"published\":false,\"ahead\":1,\"behind\":0,\"items\":[{\"path\":\"knowledge/billing/ledger.md\",\"status\":\"modified\",\"body\":\"# Billing ledger\\n\\nInvoicing rules for the org. The payments API depends on this ledger.\\n\\nSee [Payments API](../payments/api.md) and [invoices](invoices.md).\\nQueued sandbox edit.\\n\",\"additions\":2,\"deletions\":0},{\"path\":\"AGENTS.md\",\"status\":\"added\",\"additions\":3,\"deletions\":0},{\"path\":\"README.md\",\"status\":\"modified\",\"additions\":4,\"deletions\":1}]}"}

    [1m[34mlog[39m[22m: Request, {"url":"http://127.0.0.1:6016/acme/api/v1/conversations/conv_1/files/tree","method":"GET","headers":{"accept":"*/*"},"body":""}

    [1m[34mlog[39m[22m: Handler:, {"kind":"request","options":{},"info":{"header":"GET [custom predicate]","method":"GET","callFrame":"http://127.0.0.1:6016/assets/iframe-DRQfpQ-N.js:1124:4289"},"isUsed":true}

    [1m[34mlog[39m[22m: Response, {"status":200,"statusText":"OK","headers":{"content-length":"104","content-type":"application/json"},"body":"{\"sha\":\"sandboxsha\",\"paths\":[\"e2e-session-branch-note.md\",\"AGENTS.md\"],\"branch\":\"ctxpipe/chat/conv_1/1\"}"}

    [1m[34mlog[39m[22m: Request, {"url":"http://127.0.0.1:6016/acme/api/v1/conversations/conv_1/files/status","method":"GET","headers":{"accept":"*/*"},"body":""}

    [1m[34mlog[39m[22m: Handler:, {"kind":"request","options":{},"info":{"header":"GET [custom predicate]","method":"GET","callFrame":"http://127.0.0.1:6016/assets/iframe-DRQfpQ-N.js:1124:4289"},"isUsed":true}

    [1m[34mlog[39m[22m: Response, {"status":200,"statusText":"OK","headers":{"content-length":"540","content-type":"application/json"},"body":"{\"source\":\"sandbox\",\"dirty\":true,\"differsFromDefault\":true,\"unpushed\":true,\"published\":false,\"ahead\":1,\"behind\":0,\"items\":[{\"path\":\"knowledge/billing/ledger.md\",\"status\":\"modified\",\"body\":\"# Billing ledger\\n\\nInvoicing rules for the org. The payments API depends on this ledger.\\n\\nSee [Payments API](../payments/api.md) and [invoices](invoices.md).\\nQueued sandbox edit.\\n\",\"additions\":2,\"deletions\":0},{\"path\":\"AGENTS.md\",\"status\":\"added\",\"additions\":3,\"deletions\":0},{\"path\":\"README.md\",\"status\":\"modified\",\"additions\":4,\"deletions\":1}]}"}

[2m      853 |         let result;[22m
[2m      854 |         try {[22m
[2m    > 855 |           result = await page.evaluate(({[22m
[2m          |                               ^[22m
[2m      856 |             id,[22m
[2m      857 |             hasPlayFn[22m
[2m      858 |           }) => __test(id, hasPlayFn), {[22m

[2m      [2mat evaluate ([22m[2m[0m[36m../../var/folders/9t/jj9rnpps7_ddb72c1mq2k13w0000gn/T/c074bc092911af3a35c92415033685a1/components-workspaces-pane.test.js[39m[0m[2m:855:31)[22m[2m[22m
[2m      [2mat Object.testFn ([22m[2m[0m[36m../../var/folders/9t/jj9rnpps7_ddb72c1mq2k13w0000gn/T/c074bc092911af3a35c92415033685a1/components-workspaces-pane.test.js[39m[0m[2m:889:15)[22m[2m[22m

[1m[31m  [1m● [22m[1mComponents/Workspaces/Pane › Conversation Read Only › play-test[39m[22m

    page.evaluate: StorybookTestRunnerError: [34m
    Click to debug the error directly in Storybook:
    http://127.0.0.1:6016/?path=/story/components-workspaces-pane--conversation-read-only&addonPanel=storybook/interactions/panel

    [39mMessage:
     Unable to find an element with the text: AGENTS.md. This could be because the text is broken up by multiple elements. In this case, you can provide a function for your text matcher to make your matcher more flexible.

    Ignored nodes: comments, script, style
    <div
      id="storybook-root"
    >
      <div
        class="min-h-screen bg-background font-sans text-foreground antialiased"
      >
        <div
          class="flex h-svh min-h-0 bg-zinc-950"
        >
          <div
            class="flex h-full min-w-0 flex-1 flex-col p-4"
          >
            <p
              class="text-sm text-muted-foreground"
            >
              Conversation
            </p>
          </div>
          <aside
            class="flex-col pb-3 pt-[6.5px] max-md:pb-0 max-md:pr-0 relative flex h-full min-h-0 pl-0 pr-3 min-w-0 flex-1"
            data-workspace-surface=""
          >
            <button
              aria-label="Resize pane"
              class="absolute bottom-[20px] left-[0.5px] z-20 hidden w-3 -translate-x-1/2 cursor-col-resize border-0 bg-transparent p-0 lg:block top-[16…


    --------------------------------------------------

    Browser logs:

    [1m[34mlog[39m[22m: Request, {"url":"http://127.0.0.1:6016/.auth/api/config","method":"GET","headers":{"accept":"*/*"},"body":""}

    [1m[34mlog[39m[22m: Handler:, {"kind":"request","options":{},"info":{"header":"GET */.auth/api/config","path":"*/.auth/api/config","method":"GET","callFrame":"http://127.0.0.1:6016/assets/iframe-DRQfpQ-N.js:1124:4289"},"isUsed":true}

    [1m[34mlog[39m[22m: Response, {"status":200,"statusText":"OK","headers":{"content-length":"16","content-type":"application/json"},"body":"{\"providers\":[]}"}

    [1m[34mlog[39m[22m: Request, {"url":"http://127.0.0.1:6016/acme/api/v1/conversations/conv_1/files/tree","method":"GET","headers":{"accept":"*/*"},"body":""}

    [1m[34mlog[39m[22m: Handler:, {"kind":"request","options":{},"info":{"header":"GET [custom predicate]","method":"GET","callFrame":"http://127.0.0.1:6016/assets/iframe-DRQfpQ-N.js:1124:4289"},"isUsed":true}

    [1m[34mlog[39m[22m: Response, {"status":200,"statusText":"OK","headers":{"content-length":"75","content-type":"application/json"},"body":"{\"sha\":\"sandboxsha\",\"paths\":[\"AGENTS.md\"],\"branch\":\"ctxpipe/chat/conv_1/1\"}"}

    [1m[34mlog[39m[22m: Request, {"url":"http://127.0.0.1:6016/.auth/api/v1/auth/get-session","method":"GET","headers":{"accept":"*/*"},"body":""}

    [1m[34mlog[39m[22m: Handler:, {"kind":"request","options":{},"info":{"header":"GET */.auth/api/v1/auth/get-session","path":"*/.auth/api/v1/auth/get-session","method":"GET","callFrame":"http://127.0.0.1:6016/assets/iframe-DRQfpQ-N.js:1124:4289"},"isUsed":true}

    [1m[34mlog[39m[22m: Response, {"status":200,"statusText":"OK","headers":{"content-length":"260","content-type":"application/json"},"body":"{\"session\":{\"id\":\"storybook-session\",\"userId\":\"user_storybook\",\"expiresAt\":\"2026-09-08T11:53:16.490Z\"},\"user\":{\"id\":\"user_storybook\",\"email\":\"story@ctxpipe.local\",\"name\":\"Storybook User\",\"emailVerified\":true,\"onboardingCompletedAt\":\"2025-01-01T00:00:00.000Z\"}}"}

    [1m[34mlog[39m[22m: Request, {"url":"http://127.0.0.1:6016/.auth/api/v1/auth/organization/list","method":"GET","headers":{"accept":"*/*"},"body":""}

    [1m[34mlog[39m[22m: Handler:, {"kind":"request","options":{},"info":{"header":"GET */.auth/api/v1/auth/organization/list","path":"*/.auth/api/v1/auth/organization/list","method":"GET","callFrame":"http://127.0.0.1:6016/assets/iframe-DRQfpQ-N.js:1124:4289"},"isUsed":true}

    [1m[34mlog[39m[22m: Response, {"status":200,"statusText":"OK","headers":{"content-length":"61","content-type":"application/json"},"body":"[{\"id\":\"org_storybook\",\"name\":\"Storybook Org\",\"slug\":\"acme\"}]"}

    [1m[34mlog[39m[22m: Request, {"url":"http://127.0.0.1:6016/acme/api/v1/conversations/conv_1/files/status","method":"GET","headers":{"accept":"*/*"},"body":""}

    [1m[34mlog[39m[22m: Handler:, {"kind":"request","options":{},"info":{"header":"GET [custom predicate]","method":"GET","callFrame":"http://127.0.0.1:6016/assets/iframe-DRQfpQ-N.js:1124:4289"},"isUsed":true}

    [1m[34mlog[39m[22m: Response, {"status":200,"statusText":"OK","headers":{"content-length":"540","content-type":"application/json"},"body":"{\"source\":\"sandbox\",\"dirty\":true,\"differsFromDefault\":true,\"unpushed\":true,\"published\":false,\"ahead\":1,\"behind\":0,\"items\":[{\"path\":\"knowledge/billing/ledger.md\",\"status\":\"modified\",\"body\":\"# Billing ledger\\n\\nInvoicing rules for the org. The payments API depends on this ledger.\\n\\nSee [Payments API](../payments/api.md) and [invoices](invoices.md).\\nQueued sandbox edit.\\n\",\"additions\":2,\"deletions\":0},{\"path\":\"AGENTS.md\",\"status\":\"added\",\"additions\":3,\"deletions\":0},{\"path\":\"README.md\",\"status\":\"modified\",\"additions\":4,\"deletions\":1}]}"}

    [1m[34mlog[39m[22m: Request, {"url":"http://127.0.0.1:6016/acme/api/v1/conversations/conv_1/files/tree","method":"GET","headers":{"accept":"*/*"},"body":""}

    [1m[34mlog[39m[22m: Handler:, {"kind":"request","options":{},"info":{"header":"GET [custom predicate]","method":"GET","callFrame":"http://127.0.0.1:6016/assets/iframe-DRQfpQ-N.js:1124:4289"},"isUsed":true}

    [1m[34mlog[39m[22m: Response, {"status":200,"statusText":"OK","headers":{"content-length":"75","content-type":"application/json"},"body":"{\"sha\":\"sandboxsha\",\"paths\":[\"AGENTS.md\"],\"branch\":\"ctxpipe/chat/conv_1/1\"}"}

    [1m[34mlog[39m[22m: Request, {"url":"http://127.0.0.1:6016/acme/api/v1/conversations/conv_1/files/status","method":"GET","headers":{"accept":"*/*"},"body":""}

    [1m[34mlog[39m[22m: Handler:, {"kind":"request","options":{},"info":{"header":"GET [custom predicate]","method":"GET","callFrame":"http://127.0.0.1:6016/assets/iframe-DRQfpQ-N.js:1124:4289"},"isUsed":true}

    [1m[34mlog[39m[22m: Response, {"status":200,"statusText":"OK","headers":{"content-length":"540","content-type":"application/json"},"body":"{\"source\":\"sandbox\",\"dirty\":true,\"differsFromDefault\":true,\"unpushed\":true,\"published\":false,\"ahead\":1,\"behind\":0,\"items\":[{\"path\":\"knowledge/billing/ledger.md\",\"status\":\"modified\",\"body\":\"# Billing ledger\\n\\nInvoicing rules for the org. The payments API depends on this ledger.\\n\\nSee [Payments API](../payments/api.md) and [invoices](invoices.md).\\nQueued sandbox edit.\\n\",\"additions\":2,\"deletions\":0},{\"path\":\"AGENTS.md\",\"status\":\"added\",\"additions\":3,\"deletions\":0},{\"path\":\"README.md\",\"status\":\"modified\",\"additions\":4,\"deletions\":1}]}"}

    [1m[34mlog[39m[22m: Request, {"url":"http://127.0.0.1:6016/acme/api/v1/conversations/conv_1/files/tree","method":"GET","headers":{"accept":"*/*"},"body":""}

    [1m[34mlog[39m[22m: Handler:, {"kind":"request","options":{},"info":{"header":"GET [custom predicate]","method":"GET","callFrame":"http://127.0.0.1:6016/assets/iframe-DRQfpQ-N.js:1124:4289"},"isUsed":true}

    [1m[34mlog[39m[22m: Response, {"status":200,"statusText":"OK","headers":{"content-length":"75","content-type":"application/json"},"body":"{\"sha\":\"sandboxsha\",\"paths\":[\"AGENTS.md\"],\"branch\":\"ctxpipe/chat/conv_1/1\"}"}

    [1m[34mlog[39m[22m: Request, {"url":"http://127.0.0.1:6016/acme/api/v1/conversations/conv_1/files/status","method":"GET","headers":{"accept":"*/*"},"body":""}

    [1m[34mlog[39m[22m: Handler:, {"kind":"request","options":{},"info":{"header":"GET [custom predicate]","method":"GET","callFrame":"http://127.0.0.1:6016/assets/iframe-DRQfpQ-N.js:1124:4289"},"isUsed":true}

    [1m[34mlog[39m[22m: Response, {"status":200,"statusText":"OK","headers":{"content-length":"540","content-type":"application/json"},"body":"{\"source\":\"sandbox\",\"dirty\":true,\"differsFromDefault\":true,\"unpushed\":true,\"published\":false,\"ahead\":1,\"behind\":0,\"items\":[{\"path\":\"knowledge/billing/ledger.md\",\"status\":\"modified\",\"body\":\"# Billing ledger\\n\\nInvoicing rules for the org. The payments API depends on this ledger.\\n\\nSee [Payments API](../payments/api.md) and [invoices](invoices.md).\\nQueued sandbox edit.\\n\",\"additions\":2,\"deletions\":0},{\"path\":\"AGENTS.md\",\"status\":\"added\",\"additions\":3,\"deletions\":0},{\"path\":\"README.md\",\"status\":\"modified\",\"additions\":4,\"deletions\":1}]}"}

[2m      913 |         let result;[22m
[2m      914 |         try {[22m
[2m    > 915 |           result = await page.evaluate(({[22m
[2m          |                               ^[22m
[2m      916 |             id,[22m
[2m      917 |             hasPlayFn[22m
[2m      918 |           }) => __test(id, hasPlayFn), {[22m

[2m      [2mat evaluate ([22m[2m[0m[36m../../var/folders/9t/jj9rnpps7_ddb72c1mq2k13w0000gn/T/c074bc092911af3a35c92415033685a1/components-workspaces-pane.test.js[39m[0m[2m:915:31)[22m[2m[22m
[2m      [2mat Object.testFn ([22m[2m[0m[36m../../var/folders/9t/jj9rnpps7_ddb72c1mq2k13w0000gn/T/c074bc092911af3a35c92415033685a1/components-workspaces-pane.test.js[39m[0m[2m:949:15)[22m[2m[22m

[1m[31m  [1m● [22m[1mComponents/Workspaces/Pane › Cached Sandbox While 409 › play-test[39m[22m

    page.evaluate: StorybookTestRunnerError: [34m
    Click to debug the error directly in Storybook:
    http://127.0.0.1:6016/?path=/story/components-workspaces-pane--cached-sandbox-while-409&addonPanel=storybook/interactions/panel

    [39mMessage:
     Unable to find an element with the text: cached-note.md. This could be because the text is broken up by multiple elements. In this case, you can provide a function for your text matcher to make your matcher more flexible.

    Ignored nodes: comments, script, style
    <div
      id="storybook-root"
    >
      <div
        class="min-h-screen bg-background font-sans text-foreground antialiased"
      >
        <div
          class="flex h-svh min-h-0 bg-zinc-950"
        >
          <div
            class="flex h-full min-w-0 flex-1 flex-col p-4"
          >
            <p
              class="text-sm text-muted-foreground"
            >
              Conversation
            </p>
          </div>
          <aside
            class="flex-col pb-3 pt-[6.5px] max-md:pb-0 max-md:pr-0 relative flex h-full min-h-0 pl-0 pr-3 min-w-0 flex-1"
            data-workspace-surface=""
          >
            <button
              aria-label="Resize pane"
              class="absolute bottom-[20px] left-[0.5px] z-20 hidden w-3 -translate-x-1/2 cursor-col-resize border-0 bg-transparent p-0 lg:block to…


    --------------------------------------------------

    Browser logs:

    [1m[34mlog[39m[22m: Request, {"url":"http://127.0.0.1:6016/.auth/api/config","method":"GET","headers":{"accept":"*/*"},"body":""}

    [1m[34mlog[39m[22m: Handler:, {"kind":"request","options":{},"info":{"header":"GET */.auth/api/config","path":"*/.auth/api/config","method":"GET","callFrame":"http://127.0.0.1:6016/assets/iframe-DRQfpQ-N.js:1124:4289"},"isUsed":true}

    [1m[34mlog[39m[22m: Response, {"status":200,"statusText":"OK","headers":{"content-length":"16","content-type":"application/json"},"body":"{\"providers\":[]}"}

    [1m[34mlog[39m[22m: Request, {"url":"http://127.0.0.1:6016/.auth/api/v1/auth/get-session","method":"GET","headers":{"accept":"*/*"},"body":""}

    [1m[34mlog[39m[22m: Handler:, {"kind":"request","options":{},"info":{"header":"GET */.auth/api/v1/auth/get-session","path":"*/.auth/api/v1/auth/get-session","method":"GET","callFrame":"http://127.0.0.1:6016/assets/iframe-DRQfpQ-N.js:1124:4289"},"isUsed":true}

    [1m[34mlog[39m[22m: Response, {"status":200,"statusText":"OK","headers":{"content-length":"260","content-type":"application/json"},"body":"{\"session\":{\"id\":\"storybook-session\",\"userId\":\"user_storybook\",\"expiresAt\":\"2026-09-08T11:53:17.917Z\"},\"user\":{\"id\":\"user_storybook\",\"email\":\"story@ctxpipe.local\",\"name\":\"Storybook User\",\"emailVerified\":true,\"onboardingCompletedAt\":\"2025-01-01T00:00:00.000Z\"}}"}

    [1m[34mlog[39m[22m: Request, {"url":"http://127.0.0.1:6016/.auth/api/v1/auth/get-session","method":"GET","headers":{"accept":"*/*"},"body":""}

    [1m[34mlog[39m[22m: Handler:, {"kind":"request","options":{},"info":{"header":"GET */.auth/api/v1/auth/get-session","path":"*/.auth/api/v1/auth/get-session","method":"GET","callFrame":"http://127.0.0.1:6016/assets/iframe-DRQfpQ-N.js:1124:4289"},"isUsed":true}

    [1m[34mlog[39m[22m: Response, {"status":200,"statusText":"OK","headers":{"content-length":"260","content-type":"application/json"},"body":"{\"session\":{\"id\":\"storybook-session\",\"userId\":\"user_storybook\",\"expiresAt\":\"2026-09-08T11:53:17.919Z\"},\"user\":{\"id\":\"user_storybook\",\"email\":\"story@ctxpipe.local\",\"name\":\"Storybook User\",\"emailVerified\":true,\"onboardingCompletedAt\":\"2025-01-01T00:00:00.000Z\"}}"}

    [1m[34mlog[39m[22m: Request, {"url":"http://127.0.0.1:6016/.auth/api/v1/auth/organization/list","method":"GET","headers":{"accept":"*/*"},"body":""}

    [1m[34mlog[39m[22m: Handler:, {"kind":"request","options":{},"info":{"header":"GET */.auth/api/v1/auth/organization/list","path":"*/.auth/api/v1/auth/organization/list","method":"GET","callFrame":"http://127.0.0.1:6016/assets/iframe-DRQfpQ-N.js:1124:4289"},"isUsed":true}

    [1m[34mlog[39m[22m: Response, {"status":200,"statusText":"OK","headers":{"content-length":"61","content-type":"application/json"},"body":"[{\"id\":\"org_storybook\",\"name\":\"Storybook Org\",\"slug\":\"acme\"}]"}

    [1m[34mlog[39m[22m: Request, {"url":"http://127.0.0.1:6016/.auth/api/v1/auth/organization/list","method":"GET","headers":{"accept":"*/*"},"body":""}

    [1m[34mlog[39m[22m: Handler:, {"kind":"request","options":{},"info":{"header":"GET */.auth/api/v1/auth/organization/list","path":"*/.auth/api/v1/auth/organization/list","method":"GET","callFrame":"http://127.0.0.1:6016/assets/iframe-DRQfpQ-N.js:1124:4289"},"isUsed":true}

    [1m[34mlog[39m[22m: Response, {"status":200,"statusText":"OK","headers":{"content-length":"61","content-type":"application/json"},"body":"[{\"id\":\"org_storybook\",\"name\":\"Storybook Org\",\"slug\":\"acme\"}]"}

[2m      1093 |         let result;[22m
[2m      1094 |         try {[22m
[2m    > 1095 |           result = await page.evaluate(({[22m
[2m           |                               ^[22m
[2m      1096 |             id,[22m
[2m      1097 |             hasPlayFn[22m
[2m      1098 |           }) => __test(id, hasPlayFn), {[22m

[2m      [2mat evaluate ([22m[2m[0m[36m../../var/folders/9t/jj9rnpps7_ddb72c1mq2k13w0000gn/T/c074bc092911af3a35c92415033685a1/components-workspaces-pane.test.js[39m[0m[2m:1095:31)[22m[2m[22m
[2m      [2mat Object.testFn ([22m[2m[0m[36m../../var/folders/9t/jj9rnpps7_ddb72c1mq2k13w0000gn/T/c074bc092911af3a35c92415033685a1/components-workspaces-pane.test.js[39m[0m[2m:1135:17)[22m[2m[22m

[1m[31m  [1m● [22m[1mComponents/Workspaces/Pane › Conversation Sandbox Live Poll › play-test[39m[22m

    page.evaluate: StorybookTestRunnerError: [34m
    Click to debug the error directly in Storybook:
    http://127.0.0.1:6016/?path=/story/components-workspaces-pane--conversation-sandbox-live-poll&addonPanel=storybook/interactions/panel

    [39mMessage:
     Unable to find an element with the text: AGENTS.md. This could be because the text is broken up by multiple elements. In this case, you can provide a function for your text matcher to make your matcher more flexible.

    Ignored nodes: comments, script, style
    <div
      id="storybook-root"
    >
      <div
        class="min-h-screen bg-background font-sans text-foreground antialiased"
      >
        <div
          class="flex h-svh min-h-0 bg-zinc-950"
        >
          <div
            class="flex h-full min-w-0 flex-1 flex-col p-4"
          >
            <p
              class="text-sm text-muted-foreground"
            >
              Conversation
            </p>
          </div>
          <aside
            class="flex-col pb-3 pt-[6.5px] max-md:pb-0 max-md:pr-0 relative flex h-full min-h-0 pl-0 pr-3 min-w-0 flex-1"
            data-workspace-surface=""
          >
            <button
              aria-label="Resize pane"
              class="absolute bottom-[20px] left-[0.5px] z-20 hidden w-3 -translate-x-1/2 cursor-col-resize border-0 bg-transparent p-0 lg:block top-[16…


    --------------------------------------------------

    Browser logs:

    [1m[34mlog[39m[22m: Request, {"url":"http://127.0.0.1:6016/.auth/api/config","method":"GET","headers":{"accept":"*/*"},"body":""}

    [1m[34mlog[39m[22m: Handler:, {"kind":"request","options":{},"info":{"header":"GET */.auth/api/config","path":"*/.auth/api/config","method":"GET","callFrame":"http://127.0.0.1:6016/assets/iframe-DRQfpQ-N.js:1124:4289"},"isUsed":true}

    [1m[34mlog[39m[22m: Response, {"status":200,"statusText":"OK","headers":{"content-length":"16","content-type":"application/json"},"body":"{\"providers\":[]}"}

    [1m[34mlog[39m[22m: Request, {"url":"http://127.0.0.1:6016/acme/api/v1/conversations/conv_1/files/status","method":"GET","headers":{"accept":"*/*"},"body":""}

    [1m[34mlog[39m[22m: Handler:, {"kind":"request","options":{},"info":{"header":"GET [custom predicate]","method":"GET","callFrame":"http://127.0.0.1:6016/assets/iframe-DRQfpQ-N.js:1124:4289"},"isUsed":true}

    [1m[34mlog[39m[22m: Response, {"status":200,"statusText":"OK","headers":{"content-length":"540","content-type":"application/json"},"body":"{\"source\":\"sandbox\",\"dirty\":true,\"differsFromDefault\":true,\"unpushed\":true,\"published\":false,\"ahead\":1,\"behind\":0,\"items\":[{\"path\":\"knowledge/billing/ledger.md\",\"status\":\"modified\",\"body\":\"# Billing ledger\\n\\nInvoicing rules for the org. The payments API depends on this ledger.\\n\\nSee [Payments API](../payments/api.md) and [invoices](invoices.md).\\nQueued sandbox edit.\\n\",\"additions\":2,\"deletions\":0},{\"path\":\"AGENTS.md\",\"status\":\"added\",\"additions\":3,\"deletions\":0},{\"path\":\"README.md\",\"status\":\"modified\",\"additions\":4,\"deletions\":1}]}"}

    [1m[34mlog[39m[22m: Request, {"url":"http://127.0.0.1:6016/acme/api/v1/conversations/conv_1/files/tree","method":"GET","headers":{"accept":"*/*"},"body":""}

    [1m[34mlog[39m[22m: Handler:, {"kind":"request","options":{},"info":{"header":"GET [custom predicate]","method":"GET","callFrame":"http://127.0.0.1:6016/assets/iframe-DRQfpQ-N.js:1124:4289"},"isUsed":true}

    [1m[34mlog[39m[22m: Response, {"status":200,"statusText":"OK","headers":{"content-length":"74","content-type":"application/json"},"body":"{\"sha\":\"cachedsha\",\"paths\":[\"AGENTS.md\"],\"branch\":\"ctxpipe/chat/conv_1/1\"}"}

    [1m[34mlog[39m[22m: Request, {"url":"http://127.0.0.1:6016/.auth/api/v1/auth/get-session","method":"GET","headers":{"accept":"*/*"},"body":""}

    [1m[34mlog[39m[22m: Handler:, {"kind":"request","options":{},"info":{"header":"GET */.auth/api/v1/auth/get-session","path":"*/.auth/api/v1/auth/get-session","method":"GET","callFrame":"http://127.0.0.1:6016/assets/iframe-DRQfpQ-N.js:1124:4289"},"isUsed":true}

    [1m[34mlog[39m[22m: Response, {"status":200,"statusText":"OK","headers":{"content-length":"260","content-type":"application/json"},"body":"{\"session\":{\"id\":\"storybook-session\",\"userId\":\"user_storybook\",\"expiresAt\":\"2026-09-08T11:53:19.374Z\"},\"user\":{\"id\":\"user_storybook\",\"email\":\"story@ctxpipe.local\",\"name\":\"Storybook User\",\"emailVerified\":true,\"onboardingCompletedAt\":\"2025-01-01T00:00:00.000Z\"}}"}

    [1m[34mlog[39m[22m: Request, {"url":"http://127.0.0.1:6016/.auth/api/v1/auth/get-session","method":"GET","headers":{"accept":"*/*"},"body":""}

    [1m[34mlog[39m[22m: Handler:, {"kind":"request","options":{},"info":{"header":"GET */.auth/api/v1/auth/get-session","path":"*/.auth/api/v1/auth/get-session","method":"GET","callFrame":"http://127.0.0.1:6016/assets/iframe-DRQfpQ-N.js:1124:4289"},"isUsed":true}

    [1m[34mlog[39m[22m: Response, {"status":200,"statusText":"OK","headers":{"content-length":"260","content-type":"application/json"},"body":"{\"session\":{\"id\":\"storybook-session\",\"userId\":\"user_storybook\",\"expiresAt\":\"2026-09-08T11:53:19.375Z\"},\"user\":{\"id\":\"user_storybook\",\"email\":\"story@ctxpipe.local\",\"name\":\"Storybook User\",\"emailVerified\":true,\"onboardingCompletedAt\":\"2025-01-01T00:00:00.000Z\"}}"}

    [1m[34mlog[39m[22m: Request, {"url":"http://127.0.0.1:6016/.auth/api/v1/auth/organization/list","method":"GET","headers":{"accept":"*/*"},"body":""}

    [1m[34mlog[39m[22m: Handler:, {"kind":"request","options":{},"info":{"header":"GET */.auth/api/v1/auth/organization/list","path":"*/.auth/api/v1/auth/organization/list","method":"GET","callFrame":"http://127.0.0.1:6016/assets/iframe-DRQfpQ-N.js:1124:4289"},"isUsed":true}

    [1m[34mlog[39m[22m: Response, {"status":200,"statusText":"OK","headers":{"content-length":"61","content-type":"application/json"},"body":"[{\"id\":\"org_storybook\",\"name\":\"Storybook Org\",\"slug\":\"acme\"}]"}

    [1m[34mlog[39m[22m: Request, {"url":"http://127.0.0.1:6016/.auth/api/v1/auth/organization/list","method":"GET","headers":{"accept":"*/*"},"body":""}

    [1m[34mlog[39m[22m: Handler:, {"kind":"request","options":{},"info":{"header":"GET */.auth/api/v1/auth/organization/list","path":"*/.auth/api/v1/auth/organization/list","method":"GET","callFrame":"http://127.0.0.1:6016/assets/iframe-DRQfpQ-N.js:1124:4289"},"isUsed":true}

    [1m[34mlog[39m[22m: Response, {"status":200,"statusText":"OK","headers":{"content-length":"61","content-type":"application/json"},"body":"[{\"id\":\"org_storybook\",\"name\":\"Storybook Org\",\"slug\":\"acme\"}]"}

    [1m[34mlog[39m[22m: Request, {"url":"http://127.0.0.1:6016/acme/api/v1/conversations/conv_1/files/status","method":"GET","headers":{"accept":"*/*"},"body":""}

    [1m[34mlog[39m[22m: Handler:, {"kind":"request","options":{},"info":{"header":"GET [custom predicate]","method":"GET","callFrame":"http://127.0.0.1:6016/assets/iframe-DRQfpQ-N.js:1124:4289"},"isUsed":true}

    [1m[34mlog[39m[22m: Response, {"status":200,"statusText":"OK","headers":{"content-length":"540","content-type":"application/json"},"body":"{\"source\":\"sandbox\",\"dirty\":true,\"differsFromDefault\":true,\"unpushed\":true,\"published\":false,\"ahead\":1,\"behind\":0,\"items\":[{\"path\":\"knowledge/billing/ledger.md\",\"status\":\"modified\",\"body\":\"# Billing ledger\\n\\nInvoicing rules for the org. The payments API depends on this ledger.\\n\\nSee [Payments API](../payments/api.md) and [invoices](invoices.md).\\nQueued sandbox edit.\\n\",\"additions\":2,\"deletions\":0},{\"path\":\"AGENTS.md\",\"status\":\"added\",\"additions\":3,\"deletions\":0},{\"path\":\"README.md\",\"status\":\"modified\",\"additions\":4,\"deletions\":1}]}"}

    [1m[34mlog[39m[22m: Request, {"url":"http://127.0.0.1:6016/acme/api/v1/conversations/conv_1/files/tree","method":"GET","headers":{"accept":"*/*"},"body":""}

    [1m[34mlog[39m[22m: Handler:, {"kind":"request","options":{},"info":{"header":"GET [custom predicate]","method":"GET","callFrame":"http://127.0.0.1:6016/assets/iframe-DRQfpQ-N.js:1124:4289"},"isUsed":true}

    [1m[34mlog[39m[22m: Response, {"status":200,"statusText":"OK","headers":{"content-length":"81","content-type":"application/json"},"body":"{\"sha\":\"livesha\",\"paths\":[\"AGENTS.md\",\"e2e.md\"],\"branch\":\"ctxpipe/chat/conv_1/1\"}"}

    [1m[34mlog[39m[22m: Request, {"url":"http://127.0.0.1:6016/acme/api/v1/conversations/conv_1/files/status","method":"GET","headers":{"accept":"*/*"},"body":""}

    [1m[34mlog[39m[22m: Handler:, {"kind":"request","options":{},"info":{"header":"GET [custom predicate]","method":"GET","callFrame":"http://127.0.0.1:6016/assets/iframe-DRQfpQ-N.js:1124:4289"},"isUsed":true}

    [1m[34mlog[39m[22m: Response, {"status":200,"statusText":"OK","headers":{"content-length":"540","content-type":"application/json"},"body":"{\"source\":\"sandbox\",\"dirty\":true,\"differsFromDefault\":true,\"unpushed\":true,\"published\":false,\"ahead\":1,\"behind\":0,\"items\":[{\"path\":\"knowledge/billing/ledger.md\",\"status\":\"modified\",\"body\":\"# Billing ledger\\n\\nInvoicing rules for the org. The payments API depends on this ledger.\\n\\nSee [Payments API](../payments/api.md) and [invoices](invoices.md).\\nQueued sandbox edit.\\n\",\"additions\":2,\"deletions\":0},{\"path\":\"AGENTS.md\",\"status\":\"added\",\"additions\":3,\"deletions\":0},{\"path\":\"README.md\",\"status\":\"modified\",\"additions\":4,\"deletions\":1}]}"}

    [1m[34mlog[39m[22m: Request, {"url":"http://127.0.0.1:6016/acme/api/v1/conversations/conv_1/files/tree","method":"GET","headers":{"accept":"*/*"},"body":""}

    [1m[34mlog[39m[22m: Handler:, {"kind":"request","options":{},"info":{"header":"GET [custom predicate]","method":"GET","callFrame":"http://127.0.0.1:6016/assets/iframe-DRQfpQ-N.js:1124:4289"},"isUsed":true}

    [1m[34mlog[39m[22m: Response, {"status":200,"statusText":"OK","headers":{"content-length":"81","content-type":"application/json"},"body":"{\"sha\":\"livesha\",\"paths\":[\"AGENTS.md\",\"e2e.md\"],\"branch\":\"ctxpipe/chat/conv_1/1\"}"}

[2m      1153 |         let result;[22m
[2m      1154 |         try {[22m
[2m    > 1155 |           result = await page.evaluate(({[22m
[2m           |                               ^[22m
[2m      1156 |             id,[22m
[2m      1157 |             hasPlayFn[22m
[2m      1158 |           }) => __test(id, hasPlayFn), {[22m

[2m      [2mat evaluate ([22m[2m[0m[36m../../var/folders/9t/jj9rnpps7_ddb72c1mq2k13w0000gn/T/c074bc092911af3a35c92415033685a1/components-workspaces-pane.test.js[39m[0m[2m:1155:31)[22m[2m[22m
[2m      [2mat Object.testFn ([22m[2m[0m[36m../../var/folders/9t/jj9rnpps7_ddb72c1mq2k13w0000gn/T/c074bc092911af3a35c92415033685a1/components-workspaces-pane.test.js[39m[0m[2m:1195:17)[22m[2m[22m

[0m[7m[1m[31m FAIL [39m[22m[27m[0m [2m../../var/folders/9t/jj9rnpps7_ddb72c1mq2k13w0000gn/T/c074bc092911af3a35c92415033685a1/[22m[1mpages-workspaces.test.js[22m
[1m[31m  [1m● [22m[1mPages/Workspaces › Conversation Loading › play-test[39m[22m

    page.evaluate: StorybookTestRunnerError: [34m
    Click to debug the error directly in Storybook:
    http://127.0.0.1:6016/?path=/story/pages-workspaces--conversation-loading&addonPanel=storybook/interactions/panel

    [39mMessage:
     expect(element).not.toBeInTheDocument()

    expected document not to contain element, found <span
      class="sr-only"
    >
      Loading workspace
    </span> instead


    --------------------------------------------------

    Browser logs:

    [1m[34mlog[39m[22m: Request, {"url":"http://127.0.0.1:6016/.auth/api/v1/auth/organization/list","method":"GET","headers":{"accept":"*/*"},"body":""}

    [1m[34mlog[39m[22m: Handler:, {"kind":"request","options":{},"info":{"header":"GET */.auth/api/v1/auth/organization/list","path":"*/.auth/api/v1/auth/organization/list","method":"GET","callFrame":"http://127.0.0.1:6016/assets/iframe-DRQfpQ-N.js:1124:4289"},"isUsed":true}

    [1m[34mlog[39m[22m: Response, {"status":200,"statusText":"OK","headers":{"content-length":"61","content-type":"application/json"},"body":"[{\"id\":\"org_storybook\",\"name\":\"Storybook Org\",\"slug\":\"acme\"}]"}

    [1m[34mlog[39m[22m: Request, {"url":"http://127.0.0.1:6016/acme/api/v1/conversations/conv_1?workspaceId=ws_docs","method":"GET","headers":{"accept":"*/*"},"body":""}

    [1m[34mlog[39m[22m: Handler:, {"kind":"request","options":{},"info":{"header":"GET [custom predicate]","method":"GET","callFrame":"http://127.0.0.1:6016/assets/iframe-DRQfpQ-N.js:1124:4289"},"isUsed":true}

    [1m[34mlog[39m[22m: Response, {"status":200,"statusText":"OK","headers":{"content-length":"824","content-type":"application/json"},"body":"{\"conversation\":{\"id\":\"conv_1\",\"name\":\"Repo layout\",\"source\":\"ui\",\"lastMessageAt\":\"2026-08-16T10:00:00.000Z\",\"orgId\":\"org_acme\",\"userId\":\"user_storybook\",\"workspaceId\":\"ws_docs\",\"lastBranch\":\"ctxpipe/chat/conv_1/1\",\"lastChatPrNumber\":41,\"lastChatPrUrl\":\"https://github.com/acme/docs/pull/41\",\"prState\":\"open\",\"branchTreeUrl\":\"https://github.com/acme/docs/tree/ctxpipe/chat/conv_1/1\",\"createdAt\":\"2026-08-16T09:30:00.000Z\",\"updatedAt\":\"2026-08-16T10:00:00.000Z\"},\"messages\":[{\"id\":\"msg_user_1\",\"role\":\"user\",\"parts\":[{\"type\":\"text\",\"content\":\"How is billing structured?\"}],\"createdAt\":\"2026-08-16T09:30:00.000Z\"},{\"id\":\"msg_assistant_1\",\"role\":\"assistant\",\"parts\":[{\"type\":\"text\",\"content\":\"Billing lives in knowledge/billing/ledger.md. Invoices follow the org rules in that file.\"}],\"createdAt\":\"2026-08-16T09:30:12.000Z\"}]}"}

[2m      493 |         let result;[22m
[2m      494 |         try {[22m
[2m    > 495 |           result = await page.evaluate(({[22m
[2m          |                               ^[22m
[2m      496 |             id,[22m
[2m      497 |             hasPlayFn[22m
[2m      498 |           }) => __test(id, hasPlayFn), {[22m

[2m      [2mat evaluate ([22m[2m[0m[36m../../var/folders/9t/jj9rnpps7_ddb72c1mq2k13w0000gn/T/c074bc092911af3a35c92415033685a1/pages-workspaces.test.js[39m[0m[2m:495:31)[22m[2m[22m
[2m      [2mat Object.testFn ([22m[2m[0m[36m../../var/folders/9t/jj9rnpps7_ddb72c1mq2k13w0000gn/T/c074bc092911af3a35c92415033685a1/pages-workspaces.test.js[39m[0m[2m:529:15)[22m[2m[22m

[1m[31m  [1m● [22m[1mPages/Workspaces › Conversation Keeps Explicit Pane Search › play-test[39m[22m

    page.evaluate: StorybookTestRunnerError: [34m
    Click to debug the error directly in Storybook:
    http://127.0.0.1:6016/?path=/story/pages-workspaces--conversation-keeps-explicit-pane-search&addonPanel=storybook/interactions/panel

    [39mMessage:
     Unable to find an element with the text: Ask about this Workspace.. This could be because the text is broken up by multiple elements. In this case, you can provide a function for your text matcher to make your matcher more flexible.

    Ignored nodes: comments, script, style
    <div
      id="storybook-root"
    >
      <div
        class="min-h-screen bg-background font-sans text-foreground antialiased"
      >
        <div
          class=" relative flex min-h-screen min-w-0 bg-zinc-950 text-zinc-100"
        >
          <div
            aria-hidden="true"
            class="pointer-events-none fixed inset-0 z-0 opacity-50"
            style="background-image: radial-gradient(circle at 20% -10%, rgba(64, 224, 208, 0.14), transparent 45%), radial-gradient(circle at 90% 110%, rgba(59, 130, 246, 0.12), transparent 40%), linear-gradient(rgba(255, 255, 255, 0.008) 1px, transparent 1px), linear-gradient(90deg, rgba(255, 255, 255, 0.008) 1px, transparent 1px); background-size: auto, auto, 24px 24px, 24px 24px; background-position: center cente…


    --------------------------------------------------

    Browser logs:

    [1m[34mlog[39m[22m: Request, {"url":"http://127.0.0.1:6016/.auth/api/config","method":"GET","headers":{"accept":"*/*"},"body":""}

    [1m[34mlog[39m[22m: Handler:, {"kind":"request","options":{},"info":{"header":"GET */.auth/api/config","path":"*/.auth/api/config","method":"GET","callFrame":"http://127.0.0.1:6016/assets/iframe-DRQfpQ-N.js:1124:4289"},"isUsed":true}

    [1m[34mlog[39m[22m: Response, {"status":200,"statusText":"OK","headers":{"content-length":"16","content-type":"application/json"},"body":"{\"providers\":[]}"}

    [1m[34mlog[39m[22m: Request, {"url":"http://127.0.0.1:6016/acme/api/v1/workspaces","method":"GET","headers":{"accept":"*/*"},"body":""}

    [1m[34mlog[39m[22m: Handler:, {"kind":"request","options":{},"info":{"header":"GET [custom predicate]","method":"GET","callFrame":"http://127.0.0.1:6016/assets/iframe-DRQfpQ-N.js:1124:4289"},"isUsed":true}

    [1m[34mlog[39m[22m: Response, {"status":200,"statusText":"OK","headers":{"content-length":"1231","content-type":"application/json"},"body":"{\"items\":[{\"id\":\"ws_docs\",\"orgId\":\"org_acme\",\"slug\":\"docs\",\"displayName\":\"Docs\",\"workspaceRepositoryUrl\":\"https://github.com/acme/docs\",\"githubConnectionId\":\"con_1\",\"desiredGeneration\":1,\"desiredSha\":\"abc123def456\",\"activeProjectionUrl\":\"https://github.com/acme/docs\",\"activeProjectionSha\":\"abc123def456\",\"indexedSha\":\"abc123def456\",\"writeStatus\":\"writable\",\"hydrateStatus\":\"ready\",\"hydrateError\":null,\"readOnlyReason\":null,\"mostRecentConversationId\":\"conv_1\",\"migrationExportSha\":\"abc123def456\",\"createdAt\":\"2026-08-16T09:00:00.000Z\",\"updatedAt\":\"2026-08-16T10:00:00.000Z\"},{\"id\":\"ws_readonly\",\"orgId\":\"org_acme\",\"slug\":\"handbook\",\"displayName\":\"Handbook\",\"workspaceRepositoryUrl\":\"https://github.com/acme/docs\",\"githubConnectionId\":\"con_1\",\"desiredGeneration\":1,\"desiredSha\":\"abc123def456\",\"activeProjectionUrl\":\"https://github.com/acme/docs\",\"activeProjectionSha\":\"abc123def456\",\"indexedSha\":\"abc123def456\",\"writeStatus\":\"read_only\",\"hydrateStatus\":\"ready\",\"hydrateError\":null,\"readOnlyReason\":\"The GitHub App cannot write to this repository.\",\"mostRecentConversationId\":\"conv_1\",\"migrationExportSha\":\"abc123def456\",\"createdAt\":\"2026-08-16T09:00:00.000Z\",\"updatedAt\":\"2026-08-16T10:00:00.000Z\"}],\"lastUsedWorkspaceId\":\"ws_docs\"}"}

    [1m[34mlog[39m[22m: Request, {"url":"http://127.0.0.1:6016/acme/api/v1/workspaces/docs","method":"GET","headers":{"accept":"*/*"},"body":""}

    [1m[34mlog[39m[22m: Handler:, {"kind":"request","options":{},"info":{"header":"GET [custom predicate]","method":"GET","callFrame":"http://127.0.0.1:6016/assets/iframe-DRQfpQ-N.js:1124:4289"},"isUsed":true}

    [1m[34mlog[39m[22m: Response, {"status":200,"statusText":"OK","headers":{"content-length":"762","content-type":"application/json"},"body":"{\"id\":\"ws_docs\",\"orgId\":\"org_acme\",\"slug\":\"docs\",\"displayName\":\"Docs\",\"workspaceRepositoryUrl\":\"https://github.com/acme/docs\",\"githubConnectionId\":\"con_1\",\"desiredGeneration\":1,\"desiredSha\":\"abc123def456\",\"activeProjectionUrl\":\"https://github.com/acme/docs\",\"activeProjectionSha\":\"abc123def456\",\"indexedSha\":\"abc123def456\",\"writeStatus\":\"writable\",\"hydrateStatus\":\"ready\",\"hydrateError\":null,\"readOnlyReason\":null,\"mostRecentConversationId\":\"conv_1\",\"migrationExportSha\":\"abc123def456\",\"createdAt\":\"2026-08-16T09:00:00.000Z\",\"updatedAt\":\"2026-08-16T10:00:00.000Z\",\"linkedRepositories\":[{\"id\":\"wlr_1\",\"workspaceId\":\"ws_docs\",\"gitUrl\":\"https://github.com/acme/app\",\"desiredRef\":\"main\",\"desiredSha\":\"def\",\"indexedSha\":\"def\",\"createdAt\":\"2026-08-16T09:00:00.000Z\"}]}"}

    [1m[34mlog[39m[22m: Request, {"url":"http://127.0.0.1:6016/.auth/api/v1/auth/get-session","method":"GET","headers":{"accept":"*/*"},"body":""}

    [1m[34mlog[39m[22m: Handler:, {"kind":"request","options":{},"info":{"header":"GET */.auth/api/v1/auth/get-session","path":"*/.auth/api/v1/auth/get-session","method":"GET","callFrame":"http://127.0.0.1:6016/assets/iframe-DRQfpQ-N.js:1124:4289"},"isUsed":true}

    [1m[34mlog[39m[22m: Response, {"status":200,"statusText":"OK","headers":{"content-length":"260","content-type":"application/json"},"body":"{\"session\":{\"id\":\"storybook-session\",\"userId\":\"user_storybook\",\"expiresAt\":\"2026-09-08T11:53:22.116Z\"},\"user\":{\"id\":\"user_storybook\",\"email\":\"story@ctxpipe.local\",\"name\":\"Storybook User\",\"emailVerified\":true,\"onboardingCompletedAt\":\"2025-01-01T00:00:00.000Z\"}}"}

    [1m[34mlog[39m[22m: Request, {"url":"http://127.0.0.1:6016/.auth/api/v1/auth/get-session","method":"GET","headers":{"accept":"*/*"},"body":""}

    [1m[34mlog[39m[22m: Handler:, {"kind":"request","options":{},"info":{"header":"GET */.auth/api/v1/auth/get-session","path":"*/.auth/api/v1/auth/get-session","method":"GET","callFrame":"http://127.0.0.1:6016/assets/iframe-DRQfpQ-N.js:1124:4289"},"isUsed":true}

    [1m[34mlog[39m[22m: Response, {"status":200,"statusText":"OK","headers":{"content-length":"260","content-type":"application/json"},"body":"{\"session\":{\"id\":\"storybook-session\",\"userId\":\"user_storybook\",\"expiresAt\":\"2026-09-08T11:53:22.118Z\"},\"user\":{\"id\":\"user_storybook\",\"email\":\"story@ctxpipe.local\",\"name\":\"Storybook User\",\"emailVerified\":true,\"onboardingCompletedAt\":\"2025-01-01T00:00:00.000Z\"}}"}

    [1m[34mlog[39m[22m: Request, {"url":"http://127.0.0.1:6016/.auth/api/v1/auth/organization/list","method":"GET","headers":{"accept":"*/*"},"body":""}

    [1m[34mlog[39m[22m: Handler:, {"kind":"request","options":{},"info":{"header":"GET */.auth/api/v1/auth/organization/list","path":"*/.auth/api/v1/auth/organization/list","method":"GET","callFrame":"http://127.0.0.1:6016/assets/iframe-DRQfpQ-N.js:1124:4289"},"isUsed":true}

    [1m[34mlog[39m[22m: Response, {"status":200,"statusText":"OK","headers":{"content-length":"61","content-type":"application/json"},"body":"[{\"id\":\"org_storybook\",\"name\":\"Storybook Org\",\"slug\":\"acme\"}]"}

    [1m[34mlog[39m[22m: Request, {"url":"http://127.0.0.1:6016/.auth/api/v1/auth/organization/list","method":"GET","headers":{"accept":"*/*"},"body":""}

    [1m[34mlog[39m[22m: Handler:, {"kind":"request","options":{},"info":{"header":"GET */.auth/api/v1/auth/organization/list","path":"*/.auth/api/v1/auth/organization/list","method":"GET","callFrame":"http://127.0.0.1:6016/assets/iframe-DRQfpQ-N.js:1124:4289"},"isUsed":true}

    [1m[34mlog[39m[22m: Response, {"status":200,"statusText":"OK","headers":{"content-length":"61","content-type":"application/json"},"body":"[{\"id\":\"org_storybook\",\"name\":\"Storybook Org\",\"slug\":\"acme\"}]"}

    [1m[34mlog[39m[22m: Request, {"url":"http://127.0.0.1:6016/acme/api/v1/workspaces/docs/files/tree","method":"GET","headers":{"accept":"*/*"},"body":""}

    [1m[34mlog[39m[22m: Handler:, {"kind":"request","options":{},"info":{"header":"GET [custom predicate]","method":"GET","callFrame":"http://127.0.0.1:6016/assets/iframe-DRQfpQ-N.js:1124:4289"},"isUsed":true}

    [1m[34mlog[39m[22m: Response, {"status":200,"statusText":"OK","headers":{"content-length":"910","content-type":"application/json"},"body":"{\"sha\":\"abc123def456\",\"paths\":[\"AGENTS.md\",\"README.md\",\"apps/ui/package.json\",\"apps/ui/src/main.tsx\",\"confluence/ENG/on-call/index.md\",\"confluence/ENG/on-call/pager-rotation--111.md\",\"confluence/ENG/on-call/severity-levels--112.md\",\"confluence/HANDBOOK/welcome--200.md\",\"knowledge/auth/idp.md\",\"knowledge/auth/login.md\",\"knowledge/auth/session.md\",\"knowledge/billing/invoices.md\",\"knowledge/billing/ledger.md\",\"knowledge/billing/tax.md\",\"knowledge/ops/on-call.md\",\"knowledge/org/handbook.md\",\"knowledge/payments/api.md\",\"knowledge/payments/refunds.md\",\"knowledge/payments/webhooks.md\",\"notion/databases/launch-checklist--db-1/index.md\",\"notion/databases/launch-checklist--db-1/rows/cutover-runbook--row-1/index.md\",\"notion/databases/launch-checklist--db-1/rows/prepare-release--row-2/index.md\",\"notion/pages/engineering-wiki--page-1/auth-rfc--page-2/index.md\",\"notion/pages/engineering-wiki--page-1/index.md\"]}"}

    [1m[34mlog[39m[22m: Request, {"url":"http://127.0.0.1:6016/acme/api/v1/conversations?source=ui&workspaceId=ws_docs&first=5","method":"GET","headers":{"accept":"*/*"},"body":""}

    [1m[34mlog[39m[22m: Handler:, {"kind":"request","options":{},"info":{"header":"GET [custom predicate]","method":"GET","callFrame":"http://127.0.0.1:6016/assets/iframe-DRQfpQ-N.js:1124:4289"},"isUsed":true}

    [1m[34mlog[39m[22m: Response, {"status":200,"statusText":"OK","headers":{"content-length":"292","content-type":"application/json"},"body":"{\"items\":[{\"id\":\"conv_1\",\"name\":\"Repo layout\",\"source\":\"ui\",\"lastMessageAt\":\"2026-08-16T10:00:00.000Z\"},{\"id\":\"conv_2\",\"name\":\"Auth claims\",\"source\":\"ui\",\"lastMessageAt\":\"2026-08-16T09:12:00.000Z\"}],\"pageInfo\":{\"hasNextPage\":false,\"hasPreviousPage\":false,\"startCursor\":null,\"endCursor\":null}}"}

    [1m[34mlog[39m[22m: Request, {"url":"http://127.0.0.1:6016/acme/api/v1/workspaces/docs/files/status","method":"GET","headers":{"accept":"*/*"},"body":""}

    [1m[34mlog[39m[22m: Handler:, {"kind":"request","options":{},"info":{"header":"GET [custom predicate]","method":"GET","callFrame":"http://127.0.0.1:6016/assets/iframe-DRQfpQ-N.js:1124:4289"},"isUsed":true}

    [1m[34mlog[39m[22m: Response, {"status":200,"statusText":"OK","headers":{"content-length":"467","content-type":"application/json"},"body":"{\"sha\":\"abc123def456\",\"source\":\"sandbox\",\"items\":[{\"path\":\"knowledge/billing/ledger.md\",\"status\":\"modified\",\"body\":\"# Billing ledger\\n\\nInvoicing rules for the org. The payments API depends on this ledger.\\n\\nSee [Payments API](../payments/api.md) and [invoices](invoices.md).\\nQueued sandbox edit.\\n\",\"additions\":2,\"deletions\":0},{\"path\":\"AGENTS.md\",\"status\":\"added\",\"additions\":3,\"deletions\":0},{\"path\":\"README.md\",\"status\":\"modified\",\"additions\":4,\"deletions\":1}]}"}

    [1m[34mlog[39m[22m: Request, {"url":"http://127.0.0.1:6016/acme/api/v1/conversations/conv_agqhxnz76zz6lcafznt2gkpvbu/prepare","method":"POST","headers":{"accept":"*/*","content-type":"application/json"},"body":"{\"workspaceId\":\"ws_docs\"}"}

    [1m[34mlog[39m[22m: Handler:, {"kind":"request","options":{},"info":{"header":"POST [custom predicate]","method":"POST","callFrame":"http://127.0.0.1:6016/assets/iframe-DRQfpQ-N.js:1124:4289"},"isUsed":true}

    [1m[34mlog[39m[22m: Response, {"status":204,"statusText":"No Content","headers":{},"body":""}

    [1m[34mlog[39m[22m: Request, {"url":"http://127.0.0.1:6016/acme/api/v1/workspaces/docs/touch","method":"POST","headers":{"accept":"*/*"},"body":""}

    [1m[34mlog[39m[22m: Handler:, {"kind":"request","options":{},"info":{"header":"POST [custom predicate]","method":"POST","callFrame":"http://127.0.0.1:6016/assets/iframe-DRQfpQ-N.js:1124:4289"},"isUsed":true}

    [1m[34mlog[39m[22m: Response, {"status":204,"statusText":"No Content","headers":{},"body":""}

    [1m[34mlog[39m[22m: Request, {"url":"http://127.0.0.1:6016/acme/api/v1/workspaces","method":"GET","headers":{"accept":"*/*"},"body":""}

    [1m[34mlog[39m[22m: Handler:, {"kind":"request","options":{},"info":{"header":"GET [custom predicate]","method":"GET","callFrame":"http://127.0.0.1:6016/assets/iframe-DRQfpQ-N.js:1124:4289"},"isUsed":true}

    [1m[34mlog[39m[22m: Response, {"status":200,"statusText":"OK","headers":{"content-length":"1231","content-type":"application/json"},"body":"{\"items\":[{\"id\":\"ws_docs\",\"orgId\":\"org_acme\",\"slug\":\"docs\",\"displayName\":\"Docs\",\"workspaceRepositoryUrl\":\"https://github.com/acme/docs\",\"githubConnectionId\":\"con_1\",\"desiredGeneration\":1,\"desiredSha\":\"abc123def456\",\"activeProjectionUrl\":\"https://github.com/acme/docs\",\"activeProjectionSha\":\"abc123def456\",\"indexedSha\":\"abc123def456\",\"writeStatus\":\"writable\",\"hydrateStatus\":\"ready\",\"hydrateError\":null,\"readOnlyReason\":null,\"mostRecentConversationId\":\"conv_1\",\"migrationExportSha\":\"abc123def456\",\"createdAt\":\"2026-08-16T09:00:00.000Z\",\"updatedAt\":\"2026-08-16T10:00:00.000Z\"},{\"id\":\"ws_readonly\",\"orgId\":\"org_acme\",\"slug\":\"handbook\",\"displayName\":\"Handbook\",\"workspaceRepositoryUrl\":\"https://github.com/acme/docs\",\"githubConnectionId\":\"con_1\",\"desiredGeneration\":1,\"desiredSha\":\"abc123def456\",\"activeProjectionUrl\":\"https://github.com/acme/docs\",\"activeProjectionSha\":\"abc123def456\",\"indexedSha\":\"abc123def456\",\"writeStatus\":\"read_only\",\"hydrateStatus\":\"ready\",\"hydrateError\":null,\"readOnlyReason\":\"The GitHub App cannot write to this repository.\",\"mostRecentConversationId\":\"conv_1\",\"migrationExportSha\":\"abc123def456\",\"createdAt\":\"2026-08-16T09:00:00.000Z\",\"updatedAt\":\"2026-08-16T10:00:00.000Z\"}],\"lastUsedWorkspaceId\":\"ws_docs\"}"}

[2m      613 |         let result;[22m
[2m      614 |         try {[22m
[2m    > 615 |           result = await page.evaluate(({[22m
[2m          |                               ^[22m
[2m      616 |             id,[22m
[2m      617 |             hasPlayFn[22m
[2m      618 |           }) => __test(id, hasPlayFn), {[22m

[2m      [2mat evaluate ([22m[2m[0m[36m../../var/folders/9t/jj9rnpps7_ddb72c1mq2k13w0000gn/T/c074bc092911af3a35c92415033685a1/pages-workspaces.test.js[39m[0m[2m:615:31)[22m[2m[22m
[2m      [2mat Object.testFn ([22m[2m[0m[36m../../var/folders/9t/jj9rnpps7_ddb72c1mq2k13w0000gn/T/c074bc092911af3a35c92415033685a1/pages-workspaces.test.js[39m[0m[2m:655:17)[22m[2m[22m

[0m[7m[1m[31m FAIL [39m[22m[27m[0m [2m../../var/folders/9t/jj9rnpps7_ddb72c1mq2k13w0000gn/T/c074bc092911af3a35c92415033685a1/[22m[1mcomponents-workspaces-chatsession.test.js[22m ([0m[1m[41m17.484 s[49m[22m[0m)
[1m[31m  [1m● [22m[1mComponents/Workspaces/ChatSession › Streaming › play-test[39m[22m

    page.evaluate: StorybookTestRunnerError: [34m
    Click to debug the error directly in Storybook:
    http://127.0.0.1:6016/?path=/story/components-workspaces-chatsession--streaming&addonPanel=storybook/interactions/panel

    [39mMessage:
     Unable to find an element with the text: /SSE fallback token/. This could be because the text is broken up by multiple elements. In this case, you can provide a function for your text matcher to make your matcher more flexible.

    Ignored nodes: comments, script, style
    <div
      id="storybook-root"
    >
      <div
        class="min-h-screen bg-background font-sans text-foreground antialiased"
      >
        <div
          class="flex h-[32rem] bg-zinc-950"
        >
          <div
            class="flex min-h-0 flex-col pb-3 pt-[6.5px] max-md:pb-0 max-md:pr-0 h-full min-w-0 flex-1 pl-0 pr-3"
            data-workspace-surface=""
          >
            <div
              class="flex min-h-0 flex-1 flex-col"
            >
              <div
                class="relative z-10 -mb-px flex items-end gap-0.5 max-md:pl-1 max-md:pr-2"
              >
                <div
                  class="mb-px flex shrink-0 self-end pb-0.5 md:hidden"
                >
                  <button
                    aria-label="Open navigation"
                    class="inline-flex size-8 shr…


    --------------------------------------------------

    Browser logs:

    [1m[34mlog[39m[22m: Request, {"url":"http://127.0.0.1:6016/.auth/api/config","method":"GET","headers":{"accept":"*/*"},"body":""}

    [1m[34mlog[39m[22m: Handler:, {"kind":"request","options":{},"info":{"header":"GET */.auth/api/config","path":"*/.auth/api/config","method":"GET","callFrame":"http://127.0.0.1:6016/assets/iframe-DRQfpQ-N.js:1124:4289"},"isUsed":true}

    [1m[34mlog[39m[22m: Response, {"status":200,"statusText":"OK","headers":{"content-length":"16","content-type":"application/json"},"body":"{\"providers\":[]}"}

    [1m[34mlog[39m[22m: Request, {"url":"http://127.0.0.1:6016/acme/api/v1/conversations/conv_1/prepare","method":"POST","headers":{"accept":"*/*","content-type":"application/json"},"body":"{\"workspaceId\":\"ws_docs\"}"}

    [1m[34mlog[39m[22m: Handler:, {"kind":"request","options":{},"info":{"header":"POST [custom predicate]","method":"POST","callFrame":"http://127.0.0.1:6016/assets/iframe-DRQfpQ-N.js:1124:4289"},"isUsed":true}

    [1m[34mlog[39m[22m: Response, {"status":204,"statusText":"No Content","headers":{},"body":""}

    [1m[34mlog[39m[22m: Request, {"url":"http://127.0.0.1:6016/.auth/api/v1/auth/get-session","method":"GET","headers":{"accept":"*/*"},"body":""}

    [1m[34mlog[39m[22m: Handler:, {"kind":"request","options":{},"info":{"header":"GET */.auth/api/v1/auth/get-session","path":"*/.auth/api/v1/auth/get-session","method":"GET","callFrame":"http://127.0.0.1:6016/assets/iframe-DRQfpQ-N.js:1124:4289"},"isUsed":true}

    [1m[34mlog[39m[22m: Response, {"status":200,"statusText":"OK","headers":{"content-length":"260","content-type":"application/json"},"body":"{\"session\":{\"id\":\"storybook-session\",\"userId\":\"user_storybook\",\"expiresAt\":\"2026-09-08T11:53:15.497Z\"},\"user\":{\"id\":\"user_storybook\",\"email\":\"story@ctxpipe.local\",\"name\":\"Storybook User\",\"emailVerified\":true,\"onboardingCompletedAt\":\"2025-01-01T00:00:00.000Z\"}}"}

    [1m[34mlog[39m[22m: Request, {"url":"http://127.0.0.1:6016/.auth/api/v1/auth/organization/list","method":"GET","headers":{"accept":"*/*"},"body":""}

    [1m[34mlog[39m[22m: Handler:, {"kind":"request","options":{},"info":{"header":"GET */.auth/api/v1/auth/organization/list","path":"*/.auth/api/v1/auth/organization/list","method":"GET","callFrame":"http://127.0.0.1:6016/assets/iframe-DRQfpQ-N.js:1124:4289"},"isUsed":true}

    [1m[34mlog[39m[22m: Response, {"status":200,"statusText":"OK","headers":{"content-length":"61","content-type":"application/json"},"body":"[{\"id\":\"org_storybook\",\"name\":\"Storybook Org\",\"slug\":\"acme\"}]"}

[2m      913 |         let result;[22m
[2m      914 |         try {[22m
[2m    > 915 |           result = await page.evaluate(({[22m
[2m          |                               ^[22m
[2m      916 |             id,[22m
[2m      917 |             hasPlayFn[22m
[2m      918 |           }) => __test(id, hasPlayFn), {[22m

[2m      [2mat evaluate ([22m[2m[0m[36m../../var/folders/9t/jj9rnpps7_ddb72c1mq2k13w0000gn/T/c074bc092911af3a35c92415033685a1/components-workspaces-chatsession.test.js[39m[0m[2m:915:31)[22m[2m[22m
[2m      [2mat Object.testFn ([22m[2m[0m[36m../../var/folders/9t/jj9rnpps7_ddb72c1mq2k13w0000gn/T/c074bc092911af3a35c92415033685a1/components-workspaces-chatsession.test.js[39m[0m[2m:949:15)[22m[2m[22m

[1m[31m  [1m● [22m[1mComponents/Workspaces/ChatSession › List Insert On Send › play-test[39m[22m

    page.evaluate: StorybookTestRunnerError: [34m
    Click to debug the error directly in Storybook:
    http://127.0.0.1:6016/?path=/story/components-workspaces-chatsession--list-insert-on-send&addonPanel=storybook/interactions/panel

    [39mMessage:
     Unable to find an element with the text: /Nav row should already exist/. This could be because the text is broken up by multiple elements. In this case, you can provide a function for your text matcher to make your matcher more flexible.

    Ignored nodes: comments, script, style
    <div
      id="storybook-root"
    >
      <div
        class="min-h-screen bg-background font-sans text-foreground antialiased"
      >
        <div
          class="flex h-[32rem] bg-zinc-950"
        >
          <div
            class="flex min-h-0 flex-col pb-3 pt-[6.5px] max-md:pb-0 max-md:pr-0 h-full min-w-0 flex-1 pl-0 pr-3"
            data-workspace-surface=""
          >
            <div
              class="flex min-h-0 flex-1 flex-col"
            >
              <div
                class="relative z-10 -mb-px flex items-end gap-0.5 max-md:pl-1 max-md:pr-2"
              >
                <div
                  class="mb-px flex shrink-0 self-end pb-0.5 md:hidden"
                >
                  <button
                    aria-label="Open navigation"
                    class="inline-flex …


    --------------------------------------------------

    Browser logs:

    [1m[34mlog[39m[22m: Request, {"url":"http://127.0.0.1:6016/.auth/api/config","method":"GET","headers":{"accept":"*/*"},"body":""}

    [1m[34mlog[39m[22m: Handler:, {"kind":"request","options":{},"info":{"header":"GET */.auth/api/config","path":"*/.auth/api/config","method":"GET","callFrame":"http://127.0.0.1:6016/assets/iframe-DRQfpQ-N.js:1124:4289"},"isUsed":true}

    [1m[34mlog[39m[22m: Response, {"status":200,"statusText":"OK","headers":{"content-length":"16","content-type":"application/json"},"body":"{\"providers\":[]}"}

    [1m[34mlog[39m[22m: Request, {"url":"http://127.0.0.1:6016/.auth/api/v1/auth/get-session","method":"GET","headers":{"accept":"*/*"},"body":""}

    [1m[34mlog[39m[22m: Handler:, {"kind":"request","options":{},"info":{"header":"GET */.auth/api/v1/auth/get-session","path":"*/.auth/api/v1/auth/get-session","method":"GET","callFrame":"http://127.0.0.1:6016/assets/iframe-DRQfpQ-N.js:1124:4289"},"isUsed":true}

    [1m[34mlog[39m[22m: Response, {"status":200,"statusText":"OK","headers":{"content-length":"260","content-type":"application/json"},"body":"{\"session\":{\"id\":\"storybook-session\",\"userId\":\"user_storybook\",\"expiresAt\":\"2026-09-08T11:53:25.622Z\"},\"user\":{\"id\":\"user_storybook\",\"email\":\"story@ctxpipe.local\",\"name\":\"Storybook User\",\"emailVerified\":true,\"onboardingCompletedAt\":\"2025-01-01T00:00:00.000Z\"}}"}

    [1m[34mlog[39m[22m: Request, {"url":"http://127.0.0.1:6016/acme/api/v1/conversations/conv_compose/prepare","method":"POST","headers":{"accept":"*/*","content-type":"application/json"},"body":"{\"workspaceId\":\"ws_docs\"}"}

    [1m[34mlog[39m[22m: Handler:, {"kind":"request","options":{},"info":{"header":"POST [custom predicate]","method":"POST","callFrame":"http://127.0.0.1:6016/assets/iframe-DRQfpQ-N.js:1124:4289"},"isUsed":true}

    [1m[34mlog[39m[22m: Response, {"status":204,"statusText":"No Content","headers":{},"body":""}

    [1m[34mlog[39m[22m: Request, {"url":"http://127.0.0.1:6016/.auth/api/v1/auth/organization/list","method":"GET","headers":{"accept":"*/*"},"body":""}

    [1m[34mlog[39m[22m: Handler:, {"kind":"request","options":{},"info":{"header":"GET */.auth/api/v1/auth/organization/list","path":"*/.auth/api/v1/auth/organization/list","method":"GET","callFrame":"http://127.0.0.1:6016/assets/iframe-DRQfpQ-N.js:1124:4289"},"isUsed":true}

    [1m[34mlog[39m[22m: Response, {"status":200,"statusText":"OK","headers":{"content-length":"61","content-type":"application/json"},"body":"[{\"id\":\"org_storybook\",\"name\":\"Storybook Org\",\"slug\":\"acme\"}]"}

[2m      1093 |         let result;[22m
[2m      1094 |         try {[22m
[2m    > 1095 |           result = await page.evaluate(({[22m
[2m           |                               ^[22m
[2m      1096 |             id,[22m
[2m      1097 |             hasPlayFn[22m
[2m      1098 |           }) => __test(id, hasPlayFn), {[22m

[2m      [2mat evaluate ([22m[2m[0m[36m../../var/folders/9t/jj9rnpps7_ddb72c1mq2k13w0000gn/T/c074bc092911af3a35c92415033685a1/components-workspaces-chatsession.test.js[39m[0m[2m:1095:31)[22m[2m[22m
[2m      [2mat Object.testFn ([22m[2m[0m[36m../../var/folders/9t/jj9rnpps7_ddb72c1mq2k13w0000gn/T/c074bc092911af3a35c92415033685a1/components-workspaces-chatsession.test.js[39m[0m[2m:1129:15)[22m[2m[22m

[0m[7m[1m[31m FAIL [39m[22m[27m[0m [2m../../var/folders/9t/jj9rnpps7_ddb72c1mq2k13w0000gn/T/c074bc092911af3a35c92415033685a1/[22m[1mcomponents-onboarding-slides-invite.test.js[22m
[1m[31m  [1m● [22m[1mComponents/Onboarding/Slides/Invite › Validation Error › play-test[39m[22m

    page.evaluate: StorybookTestRunnerError: [34m
    Click to debug the error directly in Storybook:
    http://127.0.0.1:6016/?path=/story/components-onboarding-slides-invite--validation-error&addonPanel=storybook/interactions/panel

    [39mMessage:
     expect(element).toBeVisible()

    Received element is not visible:
      <p
      class="mb-4 text-xs text-red-400"
    />

[2m      73 |         let result;[22m
[2m      74 |         try {[22m
[2m    > 75 |           result = await page.evaluate(({[22m
[2m         |                               ^[22m
[2m      76 |             id,[22m
[2m      77 |             hasPlayFn[22m
[2m      78 |           }) => __test(id, hasPlayFn), {[22m

[2m      [2mat evaluate ([22m[2m[0m[36m../../var/folders/9t/jj9rnpps7_ddb72c1mq2k13w0000gn/T/c074bc092911af3a35c92415033685a1/components-onboarding-slides-invite.test.js[39m[0m[2m:75:31)[22m[2m[22m
[2m      [2mat Object.testFn ([22m[2m[0m[36m../../var/folders/9t/jj9rnpps7_ddb72c1mq2k13w0000gn/T/c074bc092911af3a35c92415033685a1/components-onboarding-slides-invite.test.js[39m[0m[2m:109:15)[22m[2m[22m

[1m[31m  [1m● [22m[1mComponents/Onboarding/Slides/Invite › Send Failed › play-test[39m[22m

    page.evaluate: StorybookTestRunnerError: [34m
    Click to debug the error directly in Storybook:
    http://127.0.0.1:6016/?path=/story/components-onboarding-slides-invite--send-failed&addonPanel=storybook/interactions/panel

    [39mMessage:
     Unable to find an element with the text: /failed to send invites/i. This could be because the text is broken up by multiple elements. In this case, you can provide a function for your text matcher to make your matcher more flexible.

    Ignored nodes: comments, script, style
    <div
      id="storybook-root"
    >
      <div
        class="min-h-screen bg-background font-sans text-foreground antialiased"
      >
        <div
          class="max-w-xl rounded-none border border-border bg-zinc-950 p-8 text-left"
        >
          <h2
            class="onb-in-1 mb-4 text-3xl font-semibold text-zinc-100 sm:text-4xl"
          >
            Invite team members
          </h2>
          <div
            class="onb-in-2 mx-auto mb-10 max-w-3xl"
          >
            <p
              class="mx-auto mb-4 text-zinc-300"
            >
              ctx| is designed for your whole team and their agents. Invite some co-workers to test it out with.
            </p>
            <div
              class="mx-auto max-w-3xl rounded-none border border-border bg-zinc-950/70 p-6 text-left"
           …


    --------------------------------------------------

    Browser logs:

    [1m[34mlog[39m[22m: Request, {"url":"http://127.0.0.1:6016/.auth/api/config","method":"GET","headers":{"accept":"*/*"},"body":""}

    [1m[34mlog[39m[22m: Handler:, {"kind":"request","options":{},"info":{"header":"GET */.auth/api/config","path":"*/.auth/api/config","method":"GET","callFrame":"http://127.0.0.1:6016/assets/iframe-DRQfpQ-N.js:1124:4289"},"isUsed":true}

    [1m[34mlog[39m[22m: Response, {"status":200,"statusText":"OK","headers":{"content-length":"16","content-type":"application/json"},"body":"{\"providers\":[]}"}

    [1m[34mlog[39m[22m: Request, {"url":"http://127.0.0.1:6016/.auth/api/v1/auth/get-session","method":"GET","headers":{"accept":"*/*"},"body":""}

    [1m[34mlog[39m[22m: Handler:, {"kind":"request","options":{},"info":{"header":"GET */.auth/api/v1/auth/get-session","path":"*/.auth/api/v1/auth/get-session","method":"GET","callFrame":"http://127.0.0.1:6016/assets/iframe-DRQfpQ-N.js:1124:4289"},"isUsed":true}

    [1m[34mlog[39m[22m: Response, {"status":200,"statusText":"OK","headers":{"content-length":"260","content-type":"application/json"},"body":"{\"session\":{\"id\":\"storybook-session\",\"userId\":\"user_storybook\",\"expiresAt\":\"2026-09-08T11:53:36.965Z\"},\"user\":{\"id\":\"user_storybook\",\"email\":\"story@ctxpipe.local\",\"name\":\"Storybook User\",\"emailVerified\":true,\"onboardingCompletedAt\":\"2025-01-01T00:00:00.000Z\"}}"}

    [1m[34mlog[39m[22m: Request, {"url":"http://127.0.0.1:6016/.auth/api/v1/auth/get-session","method":"GET","headers":{"accept":"*/*"},"body":""}

    [1m[34mlog[39m[22m: Handler:, {"kind":"request","options":{},"info":{"header":"GET */.auth/api/v1/auth/get-session","path":"*/.auth/api/v1/auth/get-session","method":"GET","callFrame":"http://127.0.0.1:6016/assets/iframe-DRQfpQ-N.js:1124:4289"},"isUsed":true}

    [1m[34mlog[39m[22m: Response, {"status":200,"statusText":"OK","headers":{"content-length":"260","content-type":"application/json"},"body":"{\"session\":{\"id\":\"storybook-session\",\"userId\":\"user_storybook\",\"expiresAt\":\"2026-09-08T11:53:36.968Z\"},\"user\":{\"id\":\"user_storybook\",\"email\":\"story@ctxpipe.local\",\"name\":\"Storybook User\",\"emailVerified\":true,\"onboardingCompletedAt\":\"2025-01-01T00:00:00.000Z\"}}"}

    [1m[34mlog[39m[22m: Request, {"url":"http://127.0.0.1:6016/.auth/api/v1/auth/organization/list","method":"GET","headers":{"accept":"*/*"},"body":""}

    [1m[34mlog[39m[22m: Handler:, {"kind":"request","options":{},"info":{"header":"GET */.auth/api/v1/auth/organization/list","path":"*/.auth/api/v1/auth/organization/list","method":"GET","callFrame":"http://127.0.0.1:6016/assets/iframe-DRQfpQ-N.js:1124:4289"},"isUsed":true}

    [1m[34mlog[39m[22m: Response, {"status":200,"statusText":"OK","headers":{"content-length":"61","content-type":"application/json"},"body":"[{\"id\":\"org_storybook\",\"name\":\"Storybook Org\",\"slug\":\"acme\"}]"}

    [1m[34mlog[39m[22m: Request, {"url":"http://127.0.0.1:6016/.auth/api/v1/auth/organization/list","method":"GET","headers":{"accept":"*/*"},"body":""}

    [1m[34mlog[39m[22m: Handler:, {"kind":"request","options":{},"info":{"header":"GET */.auth/api/v1/auth/organization/list","path":"*/.auth/api/v1/auth/organization/list","method":"GET","callFrame":"http://127.0.0.1:6016/assets/iframe-DRQfpQ-N.js:1124:4289"},"isUsed":true}

    [1m[34mlog[39m[22m: Response, {"status":200,"statusText":"OK","headers":{"content-length":"61","content-type":"application/json"},"body":"[{\"id\":\"org_storybook\",\"name\":\"Storybook Org\",\"slug\":\"acme\"}]"}

    [1m[34mlog[39m[22m: Request, {"url":"http://127.0.0.1:6016/.auth/api/v1/auth/organization/invite-member","method":"POST","headers":{"accept":"*/*","content-type":"application/json"},"body":"{\"email\":\"teammate@story.example\",\"role\":\"member\"}"}

    [1m[34mlog[39m[22m: Handler:, {"kind":"request","options":{},"info":{"header":"POST */.auth/api/v1/auth/organization/invite-member","path":"*/.auth/api/v1/auth/organization/invite-member","method":"POST","callFrame":"http://127.0.0.1:6016/assets/iframe-DRQfpQ-N.js:1124:4289"},"isUsed":true}

    [1m[34mlog[39m[22m: Response, {"status":400,"statusText":"Bad Request","headers":{"content-length":"27","content-type":"application/json"},"body":"{\"message\":\"Invite failed\"}"}

[2m      193 |         let result;[22m
[2m      194 |         try {[22m
[2m    > 195 |           result = await page.evaluate(({[22m
[2m          |                               ^[22m
[2m      196 |             id,[22m
[2m      197 |             hasPlayFn[22m
[2m      198 |           }) => __test(id, hasPlayFn), {[22m

[2m      [2mat evaluate ([22m[2m[0m[36m../../var/folders/9t/jj9rnpps7_ddb72c1mq2k13w0000gn/T/c074bc092911af3a35c92415033685a1/components-onboarding-slides-invite.test.js[39m[0m[2m:195:31)[22m[2m[22m
[2m      [2mat Object.testFn ([22m[2m[0m[36m../../var/folders/9t/jj9rnpps7_ddb72c1mq2k13w0000gn/T/c074bc092911af3a35c92415033685a1/components-onboarding-slides-invite.test.js[39m[0m[2m:235:17)[22m[2m[22m

[1m[31m  [1m● [22m[1mComponents/Onboarding/Slides/Invite › Completing › smoke-test[39m[22m

    page.evaluate: ReferenceError: __test is not defined

[2m      [2mat eval (eval at evaluate (:290:30)[22m[2mapps/ui/, <anonymous>[2m:1:22)[22m[2m[22m
[2m      [2mat UtilityScript.evaluate ([22m[2mapps/ui/<anonymous>[2m:292:16)[22m[2m[22m
[2m      [2mat UtilityScript.<anonymous> ([22m[2mapps/ui/<anonymous>[2m:1:44)[22m[2m[22m
[2m      [2mat evaluate ([22m[2m[0m[36m../../var/folders/9t/jj9rnpps7_ddb72c1mq2k13w0000gn/T/c074bc092911af3a35c92415033685a1/components-onboarding-slides-invite.test.js[39m[0m[2m:315:31)[22m[2m[22m
[2m      [2mat Object.testFn ([22m[2m[0m[36m../../var/folders/9t/jj9rnpps7_ddb72c1mq2k13w0000gn/T/c074bc092911af3a35c92415033685a1/components-onboarding-slides-invite.test.js[39m[0m[2m:349:15)[22m[2m[22m

[1m[31m  [1m● [22m[1mComponents/Onboarding/Slides/Invite › External Confirm › play-test[39m[22m

    page.evaluate: ReferenceError: __test is not defined

[2m      [2mat eval (eval at evaluate (:290:30)[22m[2mapps/ui/, <anonymous>[2m:1:22)[22m[2m[22m
[2m      [2mat UtilityScript.evaluate ([22m[2mapps/ui/<anonymous>[2m:292:16)[22m[2m[22m
[2m      [2mat UtilityScript.<anonymous> ([22m[2mapps/ui/<anonymous>[2m:1:44)[22m[2m[22m
[2m      [2mat evaluate ([22m[2m[0m[36m../../var/folders/9t/jj9rnpps7_ddb72c1mq2k13w0000gn/T/c074bc092911af3a35c92415033685a1/components-onboarding-slides-invite.test.js[39m[0m[2m:375:31)[22m[2m[22m
[2m      [2mat Object.testFn ([22m[2m[0m[36m../../var/folders/9t/jj9rnpps7_ddb72c1mq2k13w0000gn/T/c074bc092911af3a35c92415033685a1/components-onboarding-slides-invite.test.js[39m[0m[2m:409:15)[22m[2m[22m

[0m[7m[1m[31m FAIL [39m[22m[27m[0m [2m../../var/folders/9t/jj9rnpps7_ddb72c1mq2k13w0000gn/T/c074bc092911af3a35c92415033685a1/[22m[1mpages-connections.test.js[22m
[1m[31m  [1m● [22m[1mPages/Connections › Loading › play-test[39m[22m

    page.evaluate: StorybookTestRunnerError: [34m
    Click to debug the error directly in Storybook:
    http://127.0.0.1:6016/?path=/story/pages-connections--loading&addonPanel=storybook/interactions/panel

    [39mMessage:
     Unable to find an accessible element with the role "navigation" and name "Main navigation"

    Here are the accessible roles:

      strong:

      Name "":
      <strong
        style="font-size: 1rem;"
      />

      --------------------------------------------------
      button:

      Name "Show Error":
      <button
        style="appearance: none; font-size: 0.6em; border: 1px solid currentcolor; padding: 0.1rem 0.2rem; font-weight: bold; border-radius: 0.25rem;"
      />

      --------------------------------------------------

    Ignored nodes: comments, script, style
    <div
      id="storybook-root"
    >
      <div
        class="min-h-screen bg-background font-sans text-foreground antialiased"
      >
        <div
          style="padding: 0.5rem; max-width: 100%;"
        >
          <div
            style="display: flex; align-items: center; gap: 0.5rem;"
          >
            <strong
              style="font-size: 1rem;"
            >
              Something went wrong!
            </strong>
            <button
              style="appearance: none; font-size: 0.6em; border: 1px solid curren…


    --------------------------------------------------

    Browser logs:

    [1m[31merror[39m[22m: ReferenceError: Spinner is not defined
    ReferenceError: Spinner is not defined

[2m      [2mat de ([22m[2mapps/ui/http:/127.0.0.1:6016/assets/SlackSetupDialog-_iUgRO3q.js[2m:1:6381)[22m[2m[22m
[2m      [2mat jf ([22m[2mapps/ui/http:/127.0.0.1:6016/assets/react-18-6FbH22vi.js[2m:8:47851)[22m[2m[22m
[2m      [2mat nc ([22m[2mapps/ui/http:/127.0.0.1:6016/assets/react-18-6FbH22vi.js[2m:8:70521)[22m[2m[22m
[2m      [2mat qv ([22m[2mapps/ui/http:/127.0.0.1:6016/assets/react-18-6FbH22vi.js[2m:8:80845)[22m[2m[22m
[2m      [2mat f1 ([22m[2mapps/ui/http:/127.0.0.1:6016/assets/react-18-6FbH22vi.js[2m:8:116365)[22m[2m[22m
[2m      [2mat Vm ([22m[2mapps/ui/http:/127.0.0.1:6016/assets/react-18-6FbH22vi.js[2m:8:115447)[22m[2m[22m
[2m      [2mat _c ([22m[2mapps/ui/http:/127.0.0.1:6016/assets/react-18-6FbH22vi.js[2m:8:115285)[22m[2m[22m
[2m      [2mat l1 ([22m[2mapps/ui/http:/127.0.0.1:6016/assets/react-18-6FbH22vi.js[2m:8:112125)[22m[2m[22m
[2m      [2mat T1 ([22m[2mapps/ui/http:/127.0.0.1:6016/assets/react-18-6FbH22vi.js[2m:8:123883)[22m[2m[22m
[2m      [2mat Iu ([22m[2mapps/ui/http:/127.0.0.1:6016/assets/react-18-6FbH22vi.js[2m:8:122437)[22m[2m[22m
[2m      [2mat de ([22m[2mapps/ui/http:/127.0.0.1:6016/assets/SlackSetupDialog-_iUgRO3q.js[2m:1:6381)[22m[2m[22m
[2m      [2mat jf ([22m[2mapps/ui/http:/127.0.0.1:6016/assets/react-18-6FbH22vi.js[2m:8:47851)[22m[2m[22m
[2m      [2mat nc ([22m[2mapps/ui/http:/127.0.0.1:6016/assets/react-18-6FbH22vi.js[2m:8:70521)[22m[2m[22m
[2m      [2mat qv ([22m[2mapps/ui/http:/127.0.0.1:6016/assets/react-18-6FbH22vi.js[2m:8:80845)[22m[2m[22m
[2m      [2mat f1 ([22m[2mapps/ui/http:/127.0.0.1:6016/assets/react-18-6FbH22vi.js[2m:8:116365)[22m[2m[22m
[2m      [2mat Vm ([22m[2mapps/ui/http:/127.0.0.1:6016/assets/react-18-6FbH22vi.js[2m:8:115447)[22m[2m[22m
[2m      [2mat _c ([22m[2mapps/ui/http:/127.0.0.1:6016/assets/react-18-6FbH22vi.js[2m:8:115285)[22m[2m[22m
[2m      [2mat l1 ([22m[2mapps/ui/http:/127.0.0.1:6016/assets/react-18-6FbH22vi.js[2m:8:112125)[22m[2m[22m
[2m      [2mat T1 ([22m[2mapps/ui/http:/127.0.0.1:6016/assets/react-18-6FbH22vi.js[2m:8:123883)[22m[2m[22m
[2m      [2mat Iu ([22m[2mapps/ui/http:/127.0.0.1:6016/assets/react-18-6FbH22vi.js[2m:8:122437)[22m[2m[22m
[2m      [2mat evaluate ([22m[2m[0m[36m../../var/folders/9t/jj9rnpps7_ddb72c1mq2k13w0000gn/T/c074bc092911af3a35c92415033685a1/pages-connections.test.js[39m[0m[2m:75:31)[22m[2m[22m
[2m      [2mat Object.testFn ([22m[2m[0m[36m../../var/folders/9t/jj9rnpps7_ddb72c1mq2k13w0000gn/T/c074bc092911af3a35c92415033685a1/pages-connections.test.js[39m[0m[2m:109:15)[22m[2m[22m

[0m[7m[1m[31m FAIL [39m[22m[27m[0m [2m../../var/folders/9t/jj9rnpps7_ddb72c1mq2k13w0000gn/T/c074bc092911af3a35c92415033685a1/[22m[1mpages-home.test.js[22m
[1m[31m  [1m● [22m[1mPages/Home › Populated › play-test[39m[22m

    page.evaluate: StorybookTestRunnerError: [34m
    Click to debug the error directly in Storybook:
    http://127.0.0.1:6016/?path=/story/pages-home--populated&addonPanel=storybook/interactions/panel

    [39mMessage:
     Unable to find an element with the text: Document billing ledger rules. This could be because the text is broken up by multiple elements. In this case, you can provide a function for your text matcher to make your matcher more flexible.

    Ignored nodes: comments, script, style
    <div
      id="storybook-root"
    >
      <div
        class="min-h-screen bg-background font-sans text-foreground antialiased"
      >
        <div
          class=" relative flex min-h-screen min-w-0 bg-zinc-950 text-zinc-100"
        >
          <div
            aria-hidden="true"
            class="pointer-events-none fixed inset-0 z-0 opacity-50"
            style="background-image: radial-gradient(circle at 20% -10%, rgba(64, 224, 208, 0.14), transparent 45%), radial-gradient(circle at 90% 110%, rgba(59, 130, 246, 0.12), transparent 40%), linear-gradient(rgba(255, 255, 255, 0.008) 1px, transparent 1px), linear-gradient(90deg, rgba(255, 255, 255, 0.008) 1px, transparent 1px); background-size: auto, auto, 24px 24px, 24px 24px; background-position: center c…


    --------------------------------------------------

    Browser logs:

    [1m[34mlog[39m[22m: Request, {"url":"http://127.0.0.1:6016/.auth/api/config","method":"GET","headers":{"accept":"*/*"},"body":""}

    [1m[34mlog[39m[22m: Handler:, {"kind":"request","options":{},"info":{"header":"GET */.auth/api/config","path":"*/.auth/api/config","method":"GET","callFrame":"http://127.0.0.1:6016/assets/iframe-DRQfpQ-N.js:1124:4289"},"isUsed":true}

    [1m[34mlog[39m[22m: Response, {"status":200,"statusText":"OK","headers":{"content-length":"16","content-type":"application/json"},"body":"{\"providers\":[]}"}

    [1m[34mlog[39m[22m: Request, {"url":"http://127.0.0.1:6016/acme/api/v1/workspaces","method":"GET","headers":{"accept":"*/*"},"body":""}

    [1m[34mlog[39m[22m: Handler:, {"kind":"request","options":{},"info":{"header":"GET [custom predicate]","method":"GET","callFrame":"http://127.0.0.1:6016/assets/iframe-DRQfpQ-N.js:1124:4289"},"isUsed":true}

    [1m[34mlog[39m[22m: Response, {"status":200,"statusText":"OK","headers":{"content-length":"1231","content-type":"application/json"},"body":"{\"items\":[{\"id\":\"ws_docs\",\"orgId\":\"org_acme\",\"slug\":\"docs\",\"displayName\":\"Docs\",\"workspaceRepositoryUrl\":\"https://github.com/acme/docs\",\"githubConnectionId\":\"con_1\",\"desiredGeneration\":1,\"desiredSha\":\"abc123def456\",\"activeProjectionUrl\":\"https://github.com/acme/docs\",\"activeProjectionSha\":\"abc123def456\",\"indexedSha\":\"abc123def456\",\"writeStatus\":\"writable\",\"hydrateStatus\":\"ready\",\"hydrateError\":null,\"readOnlyReason\":null,\"mostRecentConversationId\":\"conv_1\",\"migrationExportSha\":\"abc123def456\",\"createdAt\":\"2026-08-16T09:00:00.000Z\",\"updatedAt\":\"2026-08-16T10:00:00.000Z\"},{\"id\":\"ws_readonly\",\"orgId\":\"org_acme\",\"slug\":\"handbook\",\"displayName\":\"Handbook\",\"workspaceRepositoryUrl\":\"https://github.com/acme/docs\",\"githubConnectionId\":\"con_1\",\"desiredGeneration\":1,\"desiredSha\":\"abc123def456\",\"activeProjectionUrl\":\"https://github.com/acme/docs\",\"activeProjectionSha\":\"abc123def456\",\"indexedSha\":\"abc123def456\",\"writeStatus\":\"read_only\",\"hydrateStatus\":\"ready\",\"hydrateError\":null,\"readOnlyReason\":\"The GitHub App cannot write to this repository.\",\"mostRecentConversationId\":\"conv_1\",\"migrationExportSha\":\"abc123def456\",\"createdAt\":\"2026-08-16T09:00:00.000Z\",\"updatedAt\":\"2026-08-16T10:00:00.000Z\"}],\"lastUsedWorkspaceId\":\"ws_docs\"}"}

    [1m[34mlog[39m[22m: Request, {"url":"http://127.0.0.1:6016/.auth/api/v1/auth/get-session","method":"GET","headers":{"accept":"*/*"},"body":""}

    [1m[34mlog[39m[22m: Handler:, {"kind":"request","options":{},"info":{"header":"GET */.auth/api/v1/auth/get-session","path":"*/.auth/api/v1/auth/get-session","method":"GET","callFrame":"http://127.0.0.1:6016/assets/iframe-DRQfpQ-N.js:1124:4289"},"isUsed":true}

    [1m[34mlog[39m[22m: Response, {"status":200,"statusText":"OK","headers":{"content-length":"260","content-type":"application/json"},"body":"{\"session\":{\"id\":\"storybook-session\",\"userId\":\"user_storybook\",\"expiresAt\":\"2026-09-08T11:53:42.790Z\"},\"user\":{\"id\":\"user_storybook\",\"email\":\"story@ctxpipe.local\",\"name\":\"Storybook User\",\"emailVerified\":true,\"onboardingCompletedAt\":\"2025-01-01T00:00:00.000Z\"}}"}

[2m      133 |         let result;[22m
[2m      134 |         try {[22m
[2m    > 135 |           result = await page.evaluate(({[22m
[2m          |                               ^[22m
[2m      136 |             id,[22m
[2m      137 |             hasPlayFn[22m
[2m      138 |           }) => __test(id, hasPlayFn), {[22m

[2m      [2mat evaluate ([22m[2m[0m[36m../../var/folders/9t/jj9rnpps7_ddb72c1mq2k13w0000gn/T/c074bc092911af3a35c92415033685a1/pages-home.test.js[39m[0m[2m:135:31)[22m[2m[22m
[2m      [2mat Object.testFn ([22m[2m[0m[36m../../var/folders/9t/jj9rnpps7_ddb72c1mq2k13w0000gn/T/c074bc092911af3a35c92415033685a1/pages-home.test.js[39m[0m[2m:169:15)[22m[2m[22m

[0m[7m[1m[31m FAIL [39m[22m[27m[0m [2m../../var/folders/9t/jj9rnpps7_ddb72c1mq2k13w0000gn/T/c074bc092911af3a35c92415033685a1/[22m[1mcomponents-onboarding-slides-mcponboarding.test.js[22m
[1m[31m  [1m● [22m[1mComponents/Onboarding/Slides/McpOnboarding › Auto Opens Wizard › play-test[39m[22m

    page.evaluate: StorybookTestRunnerError: [34m
    Click to debug the error directly in Storybook:
    http://127.0.0.1:6016/?path=/story/components-onboarding-slides-mcponboarding--auto-opens-wizard&addonPanel=storybook/interactions/panel

    [39mMessage:
     Unable to find an accessible element with the role "button" and name `/open prs for me/i`

    Here are the accessible roles:

      heading:

      Name "Connect ctx| to your agents":
      <h2
        class="onb-in-1 mb-4 text-3xl font-semibold text-zinc-100 sm:text-4xl"
      />

      --------------------------------------------------
      paragraph:

      Name "":
      <p
        class="mx-auto mb-8 max-w-2xl text-balance text-zinc-300"
      />

      --------------------------------------------------
      button:

      Name "Install manually Copy a ready-made MCP config for Cursor, Claude Code, or other HTTP MCP clients.":
      <button
        class="flex min-h-[180px] flex-col rounded-none border border-border bg-zinc-950/70 p-6 text-left transition-colors hover:border-teal-400/40"
        type="button"
      />

      Name "Install via PR Pick agents and repos; we commit config files and open one PR per repository.":
      <button
        class="flex min-h-[180px] flex-col rounded-none border border-border p-6 text-left transition-colors bg-zinc-950/70 hove…

[2m      193 |         let result;[22m
[2m      194 |         try {[22m
[2m    > 195 |           result = await page.evaluate(({[22m
[2m          |                               ^[22m
[2m      196 |             id,[22m
[2m      197 |             hasPlayFn[22m
[2m      198 |           }) => __test(id, hasPlayFn), {[22m

[2m      [2mat evaluate ([22m[2m[0m[36m../../var/folders/9t/jj9rnpps7_ddb72c1mq2k13w0000gn/T/c074bc092911af3a35c92415033685a1/components-onboarding-slides-mcponboarding.test.js[39m[0m[2m:195:31)[22m[2m[22m
[2m      [2mat Object.testFn ([22m[2m[0m[36m../../var/folders/9t/jj9rnpps7_ddb72c1mq2k13w0000gn/T/c074bc092911af3a35c92415033685a1/components-onboarding-slides-mcponboarding.test.js[39m[0m[2m:229:15)[22m[2m[22m

[0m[7m[1m[31m FAIL [39m[22m[27m[0m [2m../../var/folders/9t/jj9rnpps7_ddb72c1mq2k13w0000gn/T/c074bc092911af3a35c92415033685a1/[22m[1mcomponents-workspaces-createform.test.js[22m
[1m[31m  [1m● [22m[1mComponents/Workspaces/CreateForm › Zero Workspaces › play-test[39m[22m

    page.evaluate: StorybookTestRunnerError: [34m
    Click to debug the error directly in Storybook:
    http://127.0.0.1:6016/?path=/story/components-workspaces-createform--zero-workspaces&addonPanel=storybook/interactions/panel

    [39mMessage:
     Unable to find role="list" and name `/repositories/i`

    Ignored nodes: comments, script, style
    <div
      id="storybook-root"
    >
      <div
        class="min-h-screen bg-background font-sans text-foreground antialiased"
      >
        <div
          class="min-h-[28rem] bg-zinc-950 px-6 py-16"
        >
          <div
            class="w-full"
          >
            <h1
              class="text-lg font-medium tracking-tight"
            >
              Add Workspace
            </h1>
            <p
              class="mt-2 text-sm text-muted-foreground"
            >
              Select the repository that will be the source of truth for all the context in this Workspace.
            </p>
            <div
              class="mt-6"
            >
              <div>
                <template
                  data-react-aria-hidden="true"
                >
                  <div
                    class="relative overflow-hidden"
                  />
                </template>
                <div
                  class="flex font-sans max-w-full flex-col gap-3"
                  data-orientation="horizontal"
      …


    --------------------------------------------------

    Browser logs:

    [1m[34mlog[39m[22m: Request, {"url":"http://127.0.0.1:6016/.auth/api/config","method":"GET","headers":{"accept":"*/*"},"body":""}

    [1m[34mlog[39m[22m: Handler:, {"kind":"request","options":{},"info":{"header":"GET */.auth/api/config","path":"*/.auth/api/config","method":"GET","callFrame":"http://127.0.0.1:6016/assets/iframe-DRQfpQ-N.js:1124:4289"},"isUsed":true}

    [1m[34mlog[39m[22m: Response, {"status":200,"statusText":"OK","headers":{"content-length":"16","content-type":"application/json"},"body":"{\"providers\":[]}"}

    [1m[34mlog[39m[22m: Request, {"url":"http://127.0.0.1:6016/acme/api/v1/workspaces","method":"GET","headers":{"accept":"*/*"},"body":""}

    [1m[34mlog[39m[22m: Handler:, {"kind":"request","options":{},"info":{"header":"GET [custom predicate]","method":"GET","callFrame":"http://127.0.0.1:6016/assets/iframe-DRQfpQ-N.js:1124:4289"},"isUsed":true}

    [1m[34mlog[39m[22m: Response, {"status":200,"statusText":"OK","headers":{"content-length":"39","content-type":"application/json"},"body":"{\"items\":[],\"lastUsedWorkspaceId\":null}"}

    [1m[34mlog[39m[22m: Request, {"url":"http://127.0.0.1:6016/.auth/api/v1/auth/get-session","method":"GET","headers":{"accept":"*/*"},"body":""}

    [1m[34mlog[39m[22m: Handler:, {"kind":"request","options":{},"info":{"header":"GET */.auth/api/v1/auth/get-session","path":"*/.auth/api/v1/auth/get-session","method":"GET","callFrame":"http://127.0.0.1:6016/assets/iframe-DRQfpQ-N.js:1124:4289"},"isUsed":true}

    [1m[34mlog[39m[22m: Response, {"status":200,"statusText":"OK","headers":{"content-length":"260","content-type":"application/json"},"body":"{\"session\":{\"id\":\"storybook-session\",\"userId\":\"user_storybook\",\"expiresAt\":\"2026-09-08T11:53:49.739Z\"},\"user\":{\"id\":\"user_storybook\",\"email\":\"story@ctxpipe.local\",\"name\":\"Storybook User\",\"emailVerified\":true,\"onboardingCompletedAt\":\"2025-01-01T00:00:00.000Z\"}}"}

    [1m[34mlog[39m[22m: Request, {"url":"http://127.0.0.1:6016/.auth/api/v1/auth/get-session","method":"GET","headers":{"accept":"*/*"},"body":""}

    [1m[34mlog[39m[22m: Handler:, {"kind":"request","options":{},"info":{"header":"GET */.auth/api/v1/auth/get-session","path":"*/.auth/api/v1/auth/get-session","method":"GET","callFrame":"http://127.0.0.1:6016/assets/iframe-DRQfpQ-N.js:1124:4289"},"isUsed":true}

    [1m[34mlog[39m[22m: Response, {"status":200,"statusText":"OK","headers":{"content-length":"260","content-type":"application/json"},"body":"{\"session\":{\"id\":\"storybook-session\",\"userId\":\"user_storybook\",\"expiresAt\":\"2026-09-08T11:53:49.740Z\"},\"user\":{\"id\":\"user_storybook\",\"email\":\"story@ctxpipe.local\",\"name\":\"Storybook User\",\"emailVerified\":true,\"onboardingCompletedAt\":\"2025-01-01T00:00:00.000Z\"}}"}

    [1m[34mlog[39m[22m: Request, {"url":"http://127.0.0.1:6016/.auth/api/v1/auth/organization/list","method":"GET","headers":{"accept":"*/*"},"body":""}

    [1m[34mlog[39m[22m: Handler:, {"kind":"request","options":{},"info":{"header":"GET */.auth/api/v1/auth/organization/list","path":"*/.auth/api/v1/auth/organization/list","method":"GET","callFrame":"http://127.0.0.1:6016/assets/iframe-DRQfpQ-N.js:1124:4289"},"isUsed":true}

    [1m[34mlog[39m[22m: Response, {"status":200,"statusText":"OK","headers":{"content-length":"61","content-type":"application/json"},"body":"[{\"id\":\"org_storybook\",\"name\":\"Storybook Org\",\"slug\":\"acme\"}]"}

    [1m[34mlog[39m[22m: Request, {"url":"http://127.0.0.1:6016/.auth/api/v1/auth/organization/list","method":"GET","headers":{"accept":"*/*"},"body":""}

    [1m[34mlog[39m[22m: Handler:, {"kind":"request","options":{},"info":{"header":"GET */.auth/api/v1/auth/organization/list","path":"*/.auth/api/v1/auth/organization/list","method":"GET","callFrame":"http://127.0.0.1:6016/assets/iframe-DRQfpQ-N.js:1124:4289"},"isUsed":true}

    [1m[34mlog[39m[22m: Response, {"status":200,"statusText":"OK","headers":{"content-length":"61","content-type":"application/json"},"body":"[{\"id\":\"org_storybook\",\"name\":\"Storybook Org\",\"slug\":\"acme\"}]"}

[2m      13 |         let result;[22m
[2m      14 |         try {[22m
[2m    > 15 |           result = await page.evaluate(({[22m
[2m         |                               ^[22m
[2m      16 |             id,[22m
[2m      17 |             hasPlayFn[22m
[2m      18 |           }) => __test(id, hasPlayFn), {[22m

[2m      [2mat evaluate ([22m[2m[0m[36m../../var/folders/9t/jj9rnpps7_ddb72c1mq2k13w0000gn/T/c074bc092911af3a35c92415033685a1/components-workspaces-createform.test.js[39m[0m[2m:15:31)[22m[2m[22m
[2m      [2mat Object.testFn ([22m[2m[0m[36m../../var/folders/9t/jj9rnpps7_ddb72c1mq2k13w0000gn/T/c074bc092911af3a35c92415033685a1/components-workspaces-createform.test.js[39m[0m[2m:49:15)[22m[2m[22m

[1m[31m  [1m● [22m[1mComponents/Workspaces/CreateForm › Select Git Hub › play-test[39m[22m

    page.evaluate: StorybookTestRunnerError: [34m
    Click to debug the error directly in Storybook:
    http://127.0.0.1:6016/?path=/story/components-workspaces-createform--select-git-hub&addonPanel=storybook/interactions/panel

    [39mMessage:
     Unable to find role="list" and name `/repositories/i`

    Ignored nodes: comments, script, style
    <div
      id="storybook-root"
    >
      <div
        class="min-h-screen bg-background font-sans text-foreground antialiased"
      >
        <div
          class="min-h-[28rem] bg-zinc-950 px-6 py-16"
        >
          <div
            class="w-full"
          >
            <h1
              class="text-lg font-medium tracking-tight"
            >
              Add Workspace
            </h1>
            <p
              class="mt-2 text-sm text-muted-foreground"
            >
              Select the repository that will be the source of truth for all the context in this Workspace.
            </p>
            <div
              class="mt-6"
            >
              <div>
                <template
                  data-react-aria-hidden="true"
                >
                  <div
                    class="relative overflow-hidden"
                  />
                </template>
                <div
                  class="flex font-sans max-w-full flex-col gap-3"
                  data-orientation="horizontal"
      …


    --------------------------------------------------

    Browser logs:

    [1m[34mlog[39m[22m: Request, {"url":"http://127.0.0.1:6016/.auth/api/config","method":"GET","headers":{"accept":"*/*"},"body":""}

    [1m[34mlog[39m[22m: Handler:, {"kind":"request","options":{},"info":{"header":"GET */.auth/api/config","path":"*/.auth/api/config","method":"GET","callFrame":"http://127.0.0.1:6016/assets/iframe-DRQfpQ-N.js:1124:4289"},"isUsed":true}

    [1m[34mlog[39m[22m: Response, {"status":200,"statusText":"OK","headers":{"content-length":"16","content-type":"application/json"},"body":"{\"providers\":[]}"}

    [1m[34mlog[39m[22m: Request, {"url":"http://127.0.0.1:6016/acme/api/v1/workspaces","method":"GET","headers":{"accept":"*/*"},"body":""}

    [1m[34mlog[39m[22m: Handler:, {"kind":"request","options":{},"info":{"header":"GET [custom predicate]","method":"GET","callFrame":"http://127.0.0.1:6016/assets/iframe-DRQfpQ-N.js:1124:4289"},"isUsed":true}

    [1m[34mlog[39m[22m: Response, {"status":200,"statusText":"OK","headers":{"content-length":"39","content-type":"application/json"},"body":"{\"items\":[],\"lastUsedWorkspaceId\":null}"}

    [1m[34mlog[39m[22m: Request, {"url":"http://127.0.0.1:6016/.auth/api/v1/auth/get-session","method":"GET","headers":{"accept":"*/*"},"body":""}

    [1m[34mlog[39m[22m: Handler:, {"kind":"request","options":{},"info":{"header":"GET */.auth/api/v1/auth/get-session","path":"*/.auth/api/v1/auth/get-session","method":"GET","callFrame":"http://127.0.0.1:6016/assets/iframe-DRQfpQ-N.js:1124:4289"},"isUsed":true}

    [1m[34mlog[39m[22m: Response, {"status":200,"statusText":"OK","headers":{"content-length":"260","content-type":"application/json"},"body":"{\"session\":{\"id\":\"storybook-session\",\"userId\":\"user_storybook\",\"expiresAt\":\"2026-09-08T11:53:51.069Z\"},\"user\":{\"id\":\"user_storybook\",\"email\":\"story@ctxpipe.local\",\"name\":\"Storybook User\",\"emailVerified\":true,\"onboardingCompletedAt\":\"2025-01-01T00:00:00.000Z\"}}"}

    [1m[34mlog[39m[22m: Request, {"url":"http://127.0.0.1:6016/.auth/api/v1/auth/get-session","method":"GET","headers":{"accept":"*/*"},"body":""}

    [1m[34mlog[39m[22m: Handler:, {"kind":"request","options":{},"info":{"header":"GET */.auth/api/v1/auth/get-session","path":"*/.auth/api/v1/auth/get-session","method":"GET","callFrame":"http://127.0.0.1:6016/assets/iframe-DRQfpQ-N.js:1124:4289"},"isUsed":true}

    [1m[34mlog[39m[22m: Response, {"status":200,"statusText":"OK","headers":{"content-length":"260","content-type":"application/json"},"body":"{\"session\":{\"id\":\"storybook-session\",\"userId\":\"user_storybook\",\"expiresAt\":\"2026-09-08T11:53:51.069Z\"},\"user\":{\"id\":\"user_storybook\",\"email\":\"story@ctxpipe.local\",\"name\":\"Storybook User\",\"emailVerified\":true,\"onboardingCompletedAt\":\"2025-01-01T00:00:00.000Z\"}}"}

    [1m[34mlog[39m[22m: Request, {"url":"http://127.0.0.1:6016/.auth/api/v1/auth/organization/list","method":"GET","headers":{"accept":"*/*"},"body":""}

    [1m[34mlog[39m[22m: Handler:, {"kind":"request","options":{},"info":{"header":"GET */.auth/api/v1/auth/organization/list","path":"*/.auth/api/v1/auth/organization/list","method":"GET","callFrame":"http://127.0.0.1:6016/assets/iframe-DRQfpQ-N.js:1124:4289"},"isUsed":true}

    [1m[34mlog[39m[22m: Response, {"status":200,"statusText":"OK","headers":{"content-length":"61","content-type":"application/json"},"body":"[{\"id\":\"org_storybook\",\"name\":\"Storybook Org\",\"slug\":\"acme\"}]"}

    [1m[34mlog[39m[22m: Request, {"url":"http://127.0.0.1:6016/.auth/api/v1/auth/organization/list","method":"GET","headers":{"accept":"*/*"},"body":""}

    [1m[34mlog[39m[22m: Handler:, {"kind":"request","options":{},"info":{"header":"GET */.auth/api/v1/auth/organization/list","path":"*/.auth/api/v1/auth/organization/list","method":"GET","callFrame":"http://127.0.0.1:6016/assets/iframe-DRQfpQ-N.js:1124:4289"},"isUsed":true}

    [1m[34mlog[39m[22m: Response, {"status":200,"statusText":"OK","headers":{"content-length":"61","content-type":"application/json"},"body":"[{\"id\":\"org_storybook\",\"name\":\"Storybook Org\",\"slug\":\"acme\"}]"}

[2m      73 |         let result;[22m
[2m      74 |         try {[22m
[2m    > 75 |           result = await page.evaluate(({[22m
[2m         |                               ^[22m
[2m      76 |             id,[22m
[2m      77 |             hasPlayFn[22m
[2m      78 |           }) => __test(id, hasPlayFn), {[22m

[2m      [2mat evaluate ([22m[2m[0m[36m../../var/folders/9t/jj9rnpps7_ddb72c1mq2k13w0000gn/T/c074bc092911af3a35c92415033685a1/components-workspaces-createform.test.js[39m[0m[2m:75:31)[22m[2m[22m
[2m      [2mat Object.testFn ([22m[2m[0m[36m../../var/folders/9t/jj9rnpps7_ddb72c1mq2k13w0000gn/T/c074bc092911af3a35c92415033685a1/components-workspaces-createform.test.js[39m[0m[2m:115:17)[22m[2m[22m

[0m[7m[1m[31m FAIL [39m[22m[27m[0m [2m../../var/folders/9t/jj9rnpps7_ddb72c1mq2k13w0000gn/T/c074bc092911af3a35c92415033685a1/[22m[1mcomponents-onboarding-slides-createorg.test.js[22m ([0m[1m[41m5.969 s[49m[22m[0m)
[1m[31m  [1m● [22m[1mComponents/Onboarding/Slides/CreateOrg › Validation Error › play-test[39m[22m

    page.evaluate: StorybookTestRunnerError: [34m
    Click to debug the error directly in Storybook:
    http://127.0.0.1:6016/?path=/story/components-onboarding-slides-createorg--validation-error&addonPanel=storybook/interactions/panel

    [39mMessage:
     expect(element).toBeVisible()

    Received element is not visible:
      <p
      class="mb-4 text-xs text-red-400"
    />

[2m      73 |         let result;[22m
[2m      74 |         try {[22m
[2m    > 75 |           result = await page.evaluate(({[22m
[2m         |                               ^[22m
[2m      76 |             id,[22m
[2m      77 |             hasPlayFn[22m
[2m      78 |           }) => __test(id, hasPlayFn), {[22m

[2m      [2mat evaluate ([22m[2m[0m[36m../../var/folders/9t/jj9rnpps7_ddb72c1mq2k13w0000gn/T/c074bc092911af3a35c92415033685a1/components-onboarding-slides-createorg.test.js[39m[0m[2m:75:31)[22m[2m[22m
[2m      [2mat Object.testFn ([22m[2m[0m[36m../../var/folders/9t/jj9rnpps7_ddb72c1mq2k13w0000gn/T/c074bc092911af3a35c92415033685a1/components-onboarding-slides-createorg.test.js[39m[0m[2m:109:15)[22m[2m[22m

[1m[31m  [1m● [22m[1mComponents/Onboarding/Slides/CreateOrg › Create Failed › play-test[39m[22m

    page.evaluate: StorybookTestRunnerError: [34m
    Click to debug the error directly in Storybook:
    http://127.0.0.1:6016/?path=/story/components-onboarding-slides-createorg--create-failed&addonPanel=storybook/interactions/panel

    [39mMessage:
     Unable to find an element with the text: /failed to create organisation/i. This could be because the text is broken up by multiple elements. In this case, you can provide a function for your text matcher to make your matcher more flexible.

    Ignored nodes: comments, script, style
    <div
      id="storybook-root"
    >
      <div
        class="min-h-screen bg-background font-sans text-foreground antialiased"
      >
        <div
          class="max-w-xl rounded-none border border-border bg-zinc-950 p-8 text-left"
        >
          <h2
            class="onb-in-1 mb-4 text-3xl font-semibold text-zinc-100 sm:text-4xl"
          >
            Create your organisation
          </h2>
          <div
            class="onb-in-2 mx-auto mb-10 max-w-3xl"
          >
            <p
              class="mx-auto mb-6 text-zinc-300"
            >
              Set up your organisation to start building your context layer. Your team will join here.
            </p>
            <div
              class="mx-auto max-w-md rounded-none border border-border bg-zinc-950/70 p-6 text-left"
          …


    --------------------------------------------------

    Browser logs:

    [1m[34mlog[39m[22m: Request, {"url":"http://127.0.0.1:6016/.auth/api/config","method":"GET","headers":{"accept":"*/*"},"body":""}

    [1m[34mlog[39m[22m: Handler:, {"kind":"request","options":{},"info":{"header":"GET */.auth/api/config","path":"*/.auth/api/config","method":"GET","callFrame":"http://127.0.0.1:6016/assets/iframe-DRQfpQ-N.js:1124:4289"},"isUsed":true}

    [1m[34mlog[39m[22m: Response, {"status":200,"statusText":"OK","headers":{"content-length":"16","content-type":"application/json"},"body":"{\"providers\":[]}"}

    [1m[34mlog[39m[22m: Request, {"url":"http://127.0.0.1:6016/.auth/api/v1/auth/get-session","method":"GET","headers":{"accept":"*/*"},"body":""}

    [1m[34mlog[39m[22m: Handler:, {"kind":"request","options":{},"info":{"header":"GET */.auth/api/v1/auth/get-session","path":"*/.auth/api/v1/auth/get-session","method":"GET","callFrame":"http://127.0.0.1:6016/assets/iframe-DRQfpQ-N.js:1124:4289"},"isUsed":true}

    [1m[34mlog[39m[22m: Response, {"status":200,"statusText":"OK","headers":{"content-length":"260","content-type":"application/json"},"body":"{\"session\":{\"id\":\"storybook-session\",\"userId\":\"user_storybook\",\"expiresAt\":\"2026-09-08T11:53:47.910Z\"},\"user\":{\"id\":\"user_storybook\",\"email\":\"story@ctxpipe.local\",\"name\":\"Storybook User\",\"emailVerified\":true,\"onboardingCompletedAt\":\"2025-01-01T00:00:00.000Z\"}}"}

    [1m[34mlog[39m[22m: Request, {"url":"http://127.0.0.1:6016/.auth/api/v1/auth/organization/list","method":"GET","headers":{"accept":"*/*"},"body":""}

    [1m[34mlog[39m[22m: Handler:, {"kind":"request","options":{},"info":{"header":"GET */.auth/api/v1/auth/organization/list","path":"*/.auth/api/v1/auth/organization/list","method":"GET","callFrame":"http://127.0.0.1:6016/assets/iframe-DRQfpQ-N.js:1124:4289"},"isUsed":true}

    [1m[34mlog[39m[22m: Response, {"status":200,"statusText":"OK","headers":{"content-length":"61","content-type":"application/json"},"body":"[{\"id\":\"org_storybook\",\"name\":\"Storybook Org\",\"slug\":\"acme\"}]"}

[2m      133 |         let result;[22m
[2m      134 |         try {[22m
[2m    > 135 |           result = await page.evaluate(({[22m
[2m          |                               ^[22m
[2m      136 |             id,[22m
[2m      137 |             hasPlayFn[22m
[2m      138 |           }) => __test(id, hasPlayFn), {[22m

[2m      [2mat evaluate ([22m[2m[0m[36m../../var/folders/9t/jj9rnpps7_ddb72c1mq2k13w0000gn/T/c074bc092911af3a35c92415033685a1/components-onboarding-slides-createorg.test.js[39m[0m[2m:135:31)[22m[2m[22m
[2m      [2mat Object.testFn ([22m[2m[0m[36m../../var/folders/9t/jj9rnpps7_ddb72c1mq2k13w0000gn/T/c074bc092911af3a35c92415033685a1/components-onboarding-slides-createorg.test.js[39m[0m[2m:169:15)[22m[2m[22m

[1m[31m  [1m● [22m[1mComponents/Onboarding/Slides/CreateOrg › Creating Organization › play-test[39m[22m

    page.evaluate: StorybookTestRunnerError: [34m
    Click to debug the error directly in Storybook:
    http://127.0.0.1:6016/?path=/story/components-onboarding-slides-createorg--creating-organization&addonPanel=storybook/interactions/panel

    [39mMessage:
     expected "onOrgCreated" to be called at least once

    Ignored nodes: comments, script, style
    <html
      class="dark"
      lang="en"
    >
      <head>
        
        
        <meta
          charset="utf-8"
        />
        
        
        <title>
          components-onboarding-slides-createorg--creating-organization
        </title>
        
        
        <meta
          content="width=device-width, initial-scale=1"
          name="viewport"
        />
        

        
        

        
        
        
        <base
          target="_parent"
        />
        


        


        

        

        

        

        
        
        
        <link
          crossorigin=""
          href="./assets/preload-helper-PPVm8Dsz.js"
          rel="modulepreload"
        />
        
        
        <link
          crossorigin=""
          href="./assets/iframe-CTuojJDz.css"
          rel="stylesheet"
        />
        
      
        <link
          as="script"
          crossorigin=""
          href="http://127.0.0.1:6016/assets/OnboardingCreateOrgSlide.stories-CxsCiRj6.js"
          rel="modulepreload"
        />
        <link
          as="script"
          crossorigin=""
          href="http://127.0.0.1:6016/a…


    --------------------------------------------------

    Browser logs:

    [1m[34mlog[39m[22m: Request, {"url":"http://127.0.0.1:6016/.auth/api/config","method":"GET","headers":{"accept":"*/*"},"body":""}

    [1m[34mlog[39m[22m: Handler:, {"kind":"request","options":{},"info":{"header":"GET */.auth/api/config","path":"*/.auth/api/config","method":"GET","callFrame":"http://127.0.0.1:6016/assets/iframe-DRQfpQ-N.js:1124:4289"},"isUsed":true}

    [1m[34mlog[39m[22m: Response, {"status":200,"statusText":"OK","headers":{"content-length":"16","content-type":"application/json"},"body":"{\"providers\":[]}"}

    [1m[34mlog[39m[22m: Request, {"url":"http://127.0.0.1:6016/.auth/api/v1/auth/get-session","method":"GET","headers":{"accept":"*/*"},"body":""}

    [1m[34mlog[39m[22m: Handler:, {"kind":"request","options":{},"info":{"header":"GET */.auth/api/v1/auth/get-session","path":"*/.auth/api/v1/auth/get-session","method":"GET","callFrame":"http://127.0.0.1:6016/assets/iframe-DRQfpQ-N.js:1124:4289"},"isUsed":true}

    [1m[34mlog[39m[22m: Response, {"status":200,"statusText":"OK","headers":{"content-length":"260","content-type":"application/json"},"body":"{\"session\":{\"id\":\"storybook-session\",\"userId\":\"user_storybook\",\"expiresAt\":\"2026-09-08T11:53:49.010Z\"},\"user\":{\"id\":\"user_storybook\",\"email\":\"story@ctxpipe.local\",\"name\":\"Storybook User\",\"emailVerified\":true,\"onboardingCompletedAt\":\"2025-01-01T00:00:00.000Z\"}}"}

    [1m[34mlog[39m[22m: Request, {"url":"http://127.0.0.1:6016/.auth/api/v1/auth/organization/list","method":"GET","headers":{"accept":"*/*"},"body":""}

    [1m[34mlog[39m[22m: Handler:, {"kind":"request","options":{},"info":{"header":"GET */.auth/api/v1/auth/organization/list","path":"*/.auth/api/v1/auth/organization/list","method":"GET","callFrame":"http://127.0.0.1:6016/assets/iframe-DRQfpQ-N.js:1124:4289"},"isUsed":true}

    [1m[34mlog[39m[22m: Response, {"status":200,"statusText":"OK","headers":{"content-length":"61","content-type":"application/json"},"body":"[{\"id\":\"org_storybook\",\"name\":\"Storybook Org\",\"slug\":\"acme\"}]"}

[2m      193 |         let result;[22m
[2m      194 |         try {[22m
[2m    > 195 |           result = await page.evaluate(({[22m
[2m          |                               ^[22m
[2m      196 |             id,[22m
[2m      197 |             hasPlayFn[22m
[2m      198 |           }) => __test(id, hasPlayFn), {[22m

[2m      [2mat evaluate ([22m[2m[0m[36m../../var/folders/9t/jj9rnpps7_ddb72c1mq2k13w0000gn/T/c074bc092911af3a35c92415033685a1/components-onboarding-slides-createorg.test.js[39m[0m[2m:195:31)[22m[2m[22m
[2m      [2mat Object.testFn ([22m[2m[0m[36m../../var/folders/9t/jj9rnpps7_ddb72c1mq2k13w0000gn/T/c074bc092911af3a35c92415033685a1/components-onboarding-slides-createorg.test.js[39m[0m[2m:229:15)[22m[2m[22m

[0m[7m[1m[31m FAIL [39m[22m[27m[0m [2m../../var/folders/9t/jj9rnpps7_ddb72c1mq2k13w0000gn/T/c074bc092911af3a35c92415033685a1/[22m[1mpages-workspaces-new.test.js[22m
[1m[31m  [1m● [22m[1mPages/Workspaces/New › Select Git Hub › play-test[39m[22m

    page.evaluate: StorybookTestRunnerError: [34m
    Click to debug the error directly in Storybook:
    http://127.0.0.1:6016/?path=/story/pages-workspaces-new--select-git-hub&addonPanel=storybook/interactions/panel

    [39mMessage:
     Unable to find role="list" and name `/repositories/i`

    Ignored nodes: comments, script, style
    <div
      id="storybook-root"
    >
      <div
        class="min-h-screen bg-background font-sans text-foreground antialiased"
      >
        <div
          class=" relative flex min-h-screen min-w-0 bg-zinc-950 text-zinc-100"
        >
          <div
            aria-hidden="true"
            class="pointer-events-none fixed inset-0 z-0 opacity-50"
            style="background-image: radial-gradient(circle at 20% -10%, rgba(64, 224, 208, 0.14), transparent 45%), radial-gradient(circle at 90% 110%, rgba(59, 130, 246, 0.12), transparent 40%), linear-gradient(rgba(255, 255, 255, 0.008) 1px, transparent 1px), linear-gradient(90deg, rgba(255, 255, 255, 0.008) 1px, transparent 1px); background-size: auto, auto, 24px 24px, 24px 24px; background-position: center center, center center, center center, center center;"
          />
          <nav
            aria-label="Main navigation"
            class="group/sidenav flex h-screen flex-col pt-1 w-[var(--side-na…


    --------------------------------------------------

    Browser logs:

    [1m[34mlog[39m[22m: Request, {"url":"http://127.0.0.1:6016/.auth/api/config","method":"GET","headers":{"accept":"*/*"},"body":""}

    [1m[34mlog[39m[22m: Handler:, {"kind":"request","options":{},"info":{"header":"GET */.auth/api/config","path":"*/.auth/api/config","method":"GET","callFrame":"http://127.0.0.1:6016/assets/iframe-DRQfpQ-N.js:1124:4289"},"isUsed":true}

    [1m[34mlog[39m[22m: Response, {"status":200,"statusText":"OK","headers":{"content-length":"16","content-type":"application/json"},"body":"{\"providers\":[]}"}

    [1m[34mlog[39m[22m: Request, {"url":"http://127.0.0.1:6016/acme/api/v1/workspaces","method":"GET","headers":{"accept":"*/*"},"body":""}

    [1m[34mlog[39m[22m: Handler:, {"kind":"request","options":{},"info":{"header":"GET [custom predicate]","method":"GET","callFrame":"http://127.0.0.1:6016/assets/iframe-DRQfpQ-N.js:1124:4289"},"isUsed":true}

    [1m[34mlog[39m[22m: Response, {"status":200,"statusText":"OK","headers":{"content-length":"39","content-type":"application/json"},"body":"{\"items\":[],\"lastUsedWorkspaceId\":null}"}

    [1m[34mlog[39m[22m: Request, {"url":"http://127.0.0.1:6016/.auth/api/v1/auth/get-session","method":"GET","headers":{"accept":"*/*"},"body":""}

    [1m[34mlog[39m[22m: Handler:, {"kind":"request","options":{},"info":{"header":"GET */.auth/api/v1/auth/get-session","path":"*/.auth/api/v1/auth/get-session","method":"GET","callFrame":"http://127.0.0.1:6016/assets/iframe-DRQfpQ-N.js:1124:4289"},"isUsed":true}

    [1m[34mlog[39m[22m: Response, {"status":200,"statusText":"OK","headers":{"content-length":"260","content-type":"application/json"},"body":"{\"session\":{\"id\":\"storybook-session\",\"userId\":\"user_storybook\",\"expiresAt\":\"2026-09-08T11:53:54.597Z\"},\"user\":{\"id\":\"user_storybook\",\"email\":\"story@ctxpipe.local\",\"name\":\"Storybook User\",\"emailVerified\":true,\"onboardingCompletedAt\":\"2025-01-01T00:00:00.000Z\"}}"}

    [1m[34mlog[39m[22m: Request, {"url":"http://127.0.0.1:6016/.auth/api/v1/auth/organization/list","method":"GET","headers":{"accept":"*/*"},"body":""}

    [1m[34mlog[39m[22m: Handler:, {"kind":"request","options":{},"info":{"header":"GET */.auth/api/v1/auth/organization/list","path":"*/.auth/api/v1/auth/organization/list","method":"GET","callFrame":"http://127.0.0.1:6016/assets/iframe-DRQfpQ-N.js:1124:4289"},"isUsed":true}

    [1m[34mlog[39m[22m: Response, {"status":200,"statusText":"OK","headers":{"content-length":"61","content-type":"application/json"},"body":"[{\"id\":\"org_storybook\",\"name\":\"Storybook Org\",\"slug\":\"acme\"}]"}

[2m      133 |         let result;[22m
[2m      134 |         try {[22m
[2m    > 135 |           result = await page.evaluate(({[22m
[2m          |                               ^[22m
[2m      136 |             id,[22m
[2m      137 |             hasPlayFn[22m
[2m      138 |           }) => __test(id, hasPlayFn), {[22m

[2m      [2mat evaluate ([22m[2m[0m[36m../../var/folders/9t/jj9rnpps7_ddb72c1mq2k13w0000gn/T/c074bc092911af3a35c92415033685a1/pages-workspaces-new.test.js[39m[0m[2m:135:31)[22m[2m[22m
[2m      [2mat Object.testFn ([22m[2m[0m[36m../../var/folders/9t/jj9rnpps7_ddb72c1mq2k13w0000gn/T/c074bc092911af3a35c92415033685a1/pages-workspaces-new.test.js[39m[0m[2m:169:15)[22m[2m[22m

[0m[7m[1m[31m FAIL [39m[22m[27m[0m [2m../../var/folders/9t/jj9rnpps7_ddb72c1mq2k13w0000gn/T/c074bc092911af3a35c92415033685a1/[22m[1mcomponents-onboarding-slides-welcome.test.js[22m
[1m[31m  [1m● [22m[1mComponents/Onboarding/Slides/Welcome › Fully Revealed › play-test[39m[22m

    page.evaluate: StorybookTestRunnerError: [34m
    Click to debug the error directly in Storybook:
    http://127.0.0.1:6016/?path=/story/components-onboarding-slides-welcome--fully-revealed&addonPanel=storybook/interactions/panel

    [39mMessage:
     expected "onWelcomeDetailsVisible" to be called at least once


    --------------------------------------------------

    Browser logs:

    [1m[34mlog[39m[22m: Request, {"url":"http://127.0.0.1:6016/.auth/api/config","method":"GET","headers":{"accept":"*/*"},"body":""}

    [1m[34mlog[39m[22m: Handler:, {"kind":"request","options":{},"info":{"header":"GET */.auth/api/config","path":"*/.auth/api/config","method":"GET","callFrame":"http://127.0.0.1:6016/assets/iframe-DRQfpQ-N.js:1124:4289"},"isUsed":true}

    [1m[34mlog[39m[22m: Response, {"status":200,"statusText":"OK","headers":{"content-length":"16","content-type":"application/json"},"body":"{\"providers\":[]}"}

    [1m[34mlog[39m[22m: Request, {"url":"http://127.0.0.1:6016/.auth/api/v1/auth/get-session","method":"GET","headers":{"accept":"*/*"},"body":""}

    [1m[34mlog[39m[22m: Handler:, {"kind":"request","options":{},"info":{"header":"GET */.auth/api/v1/auth/get-session","path":"*/.auth/api/v1/auth/get-session","method":"GET","callFrame":"http://127.0.0.1:6016/assets/iframe-DRQfpQ-N.js:1124:4289"},"isUsed":true}

    [1m[34mlog[39m[22m: Response, {"status":200,"statusText":"OK","headers":{"content-length":"260","content-type":"application/json"},"body":"{\"session\":{\"id\":\"storybook-session\",\"userId\":\"user_storybook\",\"expiresAt\":\"2026-09-08T11:53:59.725Z\"},\"user\":{\"id\":\"user_storybook\",\"email\":\"story@ctxpipe.local\",\"name\":\"Storybook User\",\"emailVerified\":true,\"onboardingCompletedAt\":\"2025-01-01T00:00:00.000Z\"}}"}

    [1m[34mlog[39m[22m: Request, {"url":"http://127.0.0.1:6016/.auth/api/v1/auth/organization/list","method":"GET","headers":{"accept":"*/*"},"body":""}

    [1m[34mlog[39m[22m: Handler:, {"kind":"request","options":{},"info":{"header":"GET */.auth/api/v1/auth/organization/list","path":"*/.auth/api/v1/auth/organization/list","method":"GET","callFrame":"http://127.0.0.1:6016/assets/iframe-DRQfpQ-N.js:1124:4289"},"isUsed":true}

    [1m[34mlog[39m[22m: Response, {"status":200,"statusText":"OK","headers":{"content-length":"61","content-type":"application/json"},"body":"[{\"id\":\"org_storybook\",\"name\":\"Storybook Org\",\"slug\":\"acme\"}]"}

[2m      73 |         let result;[22m
[2m      74 |         try {[22m
[2m    > 75 |           result = await page.evaluate(({[22m
[2m         |                               ^[22m
[2m      76 |             id,[22m
[2m      77 |             hasPlayFn[22m
[2m      78 |           }) => __test(id, hasPlayFn), {[22m

[2m      [2mat evaluate ([22m[2m[0m[36m../../var/folders/9t/jj9rnpps7_ddb72c1mq2k13w0000gn/T/c074bc092911af3a35c92415033685a1/components-onboarding-slides-welcome.test.js[39m[0m[2m:75:31)[22m[2m[22m
[2m      [2mat Object.testFn ([22m[2m[0m[36m../../var/folders/9t/jj9rnpps7_ddb72c1mq2k13w0000gn/T/c074bc092911af3a35c92415033685a1/components-onboarding-slides-welcome.test.js[39m[0m[2m:109:15)[22m[2m[22m

[0m[7m[1m[31m FAIL [39m[22m[27m[0m [2m../../var/folders/9t/jj9rnpps7_ddb72c1mq2k13w0000gn/T/c074bc092911af3a35c92415033685a1/[22m[1mcomponents-workspaces-commandpalette.test.js[22m
[1m[31m  [1m● [22m[1mComponents/Workspaces/CommandPalette › No Results › play-test[39m[22m

    page.evaluate: StorybookTestRunnerError: [34m
    Click to debug the error directly in Storybook:
    http://127.0.0.1:6016/?path=/story/components-workspaces-commandpalette--no-results&addonPanel=storybook/interactions/panel

    [39mMessage:
     Unable to find an element with the placeholder text of: Jump to…

    Ignored nodes: comments, script, style
    <div
      id="storybook-root"
      inert=""
    >
      <div
        class="min-h-screen bg-background font-sans text-foreground antialiased"
      />
    </div>

[2m      73 |         let result;[22m
[2m      74 |         try {[22m
[2m    > 75 |           result = await page.evaluate(({[22m
[2m         |                               ^[22m
[2m      76 |             id,[22m
[2m      77 |             hasPlayFn[22m
[2m      78 |           }) => __test(id, hasPlayFn), {[22m

[2m      [2mat evaluate ([22m[2m[0m[36m../../var/folders/9t/jj9rnpps7_ddb72c1mq2k13w0000gn/T/c074bc092911af3a35c92415033685a1/components-workspaces-commandpalette.test.js[39m[0m[2m:75:31)[22m[2m[22m
[2m      [2mat Object.testFn ([22m[2m[0m[36m../../var/folders/9t/jj9rnpps7_ddb72c1mq2k13w0000gn/T/c074bc092911af3a35c92415033685a1/components-workspaces-commandpalette.test.js[39m[0m[2m:109:15)[22m[2m[22m

[0m[7m[1m[31m FAIL [39m[22m[27m[0m [2m../../var/folders/9t/jj9rnpps7_ddb72c1mq2k13w0000gn/T/c074bc092911af3a35c92415033685a1/[22m[1mcomponents-home-composer.test.js[22m
[1m[31m  [1m● [22m[1mComponents/Home/Composer › With Workspaces › play-test[39m[22m

    page.evaluate: StorybookTestRunnerError: [34m
    Click to debug the error directly in Storybook:
    http://127.0.0.1:6016/?path=/story/components-home-composer--with-workspaces&addonPanel=storybook/interactions/panel

    [39mMessage:
     Unable to find role="menu" and name "Workspaces"

    Ignored nodes: comments, script, style
    <body
      class="sb-main-padded sb-show-main"
    >
      
        
      <div
        class="sb-preparing-story sb-wrapper"
        inert=""
      >
        
      
        <div
          class="sb-loader"
        />
        

      </div>
      


      <div
        class="sb-preparing-docs sb-wrapper"
        inert=""
      >
        
      
        <div
          class="sb-previewBlock"
        >
          
        
          <div
            class="sb-previewBlock_header"
          >
            
          
            <div
              class="sb-previewBlock_icon"
            />
            
          
            <div
              class="sb-previewBlock_icon"
            />
            
          
            <div
              class="sb-previewBlock_icon"
            />
            
          
            <div
              class="sb-previewBlock_icon"
            />
            
        
          </div>
          
        
          <div
            class="sb-previewBlock_body"
          >
            
          
            <div
              class="sb-loader"
            />
            
        
          </div>
          
      
        </div>
        
      
    …


    --------------------------------------------------

    Browser logs:

    [1m[34mlog[39m[22m: Request, {"url":"http://127.0.0.1:6016/.auth/api/config","method":"GET","headers":{"accept":"*/*"},"body":""}

    [1m[34mlog[39m[22m: Handler:, {"kind":"request","options":{},"info":{"header":"GET */.auth/api/config","path":"*/.auth/api/config","method":"GET","callFrame":"http://127.0.0.1:6016/assets/iframe-DRQfpQ-N.js:1124:4289"},"isUsed":true}

    [1m[34mlog[39m[22m: Response, {"status":200,"statusText":"OK","headers":{"content-length":"16","content-type":"application/json"},"body":"{\"providers\":[]}"}

    [1m[34mlog[39m[22m: Request, {"url":"http://127.0.0.1:6016/.auth/api/v1/auth/get-session","method":"GET","headers":{"accept":"*/*"},"body":""}

    [1m[34mlog[39m[22m: Handler:, {"kind":"request","options":{},"info":{"header":"GET */.auth/api/v1/auth/get-session","path":"*/.auth/api/v1/auth/get-session","method":"GET","callFrame":"http://127.0.0.1:6016/assets/iframe-DRQfpQ-N.js:1124:4289"},"isUsed":true}

    [1m[34mlog[39m[22m: Response, {"status":200,"statusText":"OK","headers":{"content-length":"260","content-type":"application/json"},"body":"{\"session\":{\"id\":\"storybook-session\",\"userId\":\"user_storybook\",\"expiresAt\":\"2026-09-08T11:54:02.172Z\"},\"user\":{\"id\":\"user_storybook\",\"email\":\"story@ctxpipe.local\",\"name\":\"Storybook User\",\"emailVerified\":true,\"onboardingCompletedAt\":\"2025-01-01T00:00:00.000Z\"}}"}

    [1m[34mlog[39m[22m: Request, {"url":"http://127.0.0.1:6016/.auth/api/v1/auth/get-session","method":"GET","headers":{"accept":"*/*"},"body":""}

    [1m[34mlog[39m[22m: Handler:, {"kind":"request","options":{},"info":{"header":"GET */.auth/api/v1/auth/get-session","path":"*/.auth/api/v1/auth/get-session","method":"GET","callFrame":"http://127.0.0.1:6016/assets/iframe-DRQfpQ-N.js:1124:4289"},"isUsed":true}

    [1m[34mlog[39m[22m: Response, {"status":200,"statusText":"OK","headers":{"content-length":"260","content-type":"application/json"},"body":"{\"session\":{\"id\":\"storybook-session\",\"userId\":\"user_storybook\",\"expiresAt\":\"2026-09-08T11:54:02.189Z\"},\"user\":{\"id\":\"user_storybook\",\"email\":\"story@ctxpipe.local\",\"name\":\"Storybook User\",\"emailVerified\":true,\"onboardingCompletedAt\":\"2025-01-01T00:00:00.000Z\"}}"}

    [1m[34mlog[39m[22m: Request, {"url":"http://127.0.0.1:6016/.auth/api/v1/auth/organization/list","method":"GET","headers":{"accept":"*/*"},"body":""}

    [1m[34mlog[39m[22m: Handler:, {"kind":"request","options":{},"info":{"header":"GET */.auth/api/v1/auth/organization/list","path":"*/.auth/api/v1/auth/organization/list","method":"GET","callFrame":"http://127.0.0.1:6016/assets/iframe-DRQfpQ-N.js:1124:4289"},"isUsed":true}

    [1m[34mlog[39m[22m: Response, {"status":200,"statusText":"OK","headers":{"content-length":"61","content-type":"application/json"},"body":"[{\"id\":\"org_storybook\",\"name\":\"Storybook Org\",\"slug\":\"acme\"}]"}

    [1m[34mlog[39m[22m: Request, {"url":"http://127.0.0.1:6016/.auth/api/v1/auth/organization/list","method":"GET","headers":{"accept":"*/*"},"body":""}

    [1m[34mlog[39m[22m: Handler:, {"kind":"request","options":{},"info":{"header":"GET */.auth/api/v1/auth/organization/list","path":"*/.auth/api/v1/auth/organization/list","method":"GET","callFrame":"http://127.0.0.1:6016/assets/iframe-DRQfpQ-N.js:1124:4289"},"isUsed":true}

    [1m[34mlog[39m[22m: Response, {"status":200,"statusText":"OK","headers":{"content-length":"61","content-type":"application/json"},"body":"[{\"id\":\"org_storybook\",\"name\":\"Storybook Org\",\"slug\":\"acme\"}]"}

[2m      13 |         let result;[22m
[2m      14 |         try {[22m
[2m    > 15 |           result = await page.evaluate(({[22m
[2m         |                               ^[22m
[2m      16 |             id,[22m
[2m      17 |             hasPlayFn[22m
[2m      18 |           }) => __test(id, hasPlayFn), {[22m

[2m      [2mat evaluate ([22m[2m[0m[36m../../var/folders/9t/jj9rnpps7_ddb72c1mq2k13w0000gn/T/c074bc092911af3a35c92415033685a1/components-home-composer.test.js[39m[0m[2m:15:31)[22m[2m[22m
[2m      [2mat Object.testFn ([22m[2m[0m[36m../../var/folders/9t/jj9rnpps7_ddb72c1mq2k13w0000gn/T/c074bc092911af3a35c92415033685a1/components-home-composer.test.js[39m[0m[2m:49:15)[22m[2m[22m


[1mTest Suites: [22m[1m[31m13 failed[39m[22m, [1m[32m65 passed[39m[22m, 78 total
[1mTests:       [22m[1m[31m24 failed[39m[22m, [1m[32m347 passed[39m[22m, 371 total
[1mSnapshots:   [22m0 total
[1mTime:[22m        60.578 s
[2mRan all test suites[22m[2m.[22m
Test results written to: ../../../gate0-storybook-results.json
[test-storybook] Cleaning up /private/var/folders/9t/jj9rnpps7_ddb72c1mq2k13w0000gn/T/c074bc092911af3a35c92415033685a1
undefined
/private/tmp/ctxpipe-recovery-01a07aba/apps/ui:
 ERR_PNPM_RECURSIVE_EXEC_FIRST_FAIL  Command failed with exit code 1: /private/tmp/ctxpipe-gate0-browser-tools/node_modules/.bin/test-storybook --url http://127.0.0.1:6016 --index-json --maxWorkers 2 --testTimeout 30000 --json --outputFile /private/tmp/gate0-storybook-results.json
