2026-09-08T00:07:54.2070690Z Current runner version: '2.337.0'
2026-09-08T00:07:54.2106560Z ##[group]Runner Image Provisioner
2026-09-08T00:07:54.2108071Z Hosted Compute Agent
2026-09-08T00:07:54.2109048Z Version: 20260828.587
2026-09-08T00:07:54.2110162Z Commit: abac92662cab4cc7352de4f9f9d2e2419aad9c29
2026-09-08T00:07:54.2111453Z Build Date: 2026-08-28T16:44:25Z
2026-09-08T00:07:54.2112821Z Worker ID: {23c8e38b-17bb-437b-811c-55c56f9442fe}
2026-09-08T00:07:54.2114105Z Azure Region: eastus
2026-09-08T00:07:54.2115063Z ##[endgroup]
2026-09-08T00:07:54.2117775Z ##[group]Operating System
2026-09-08T00:07:54.2118893Z Ubuntu
2026-09-08T00:07:54.2119703Z 24.04.4
2026-09-08T00:07:54.2120616Z LTS
2026-09-08T00:07:54.2121526Z ##[endgroup]
2026-09-08T00:07:54.2122833Z ##[group]Runner Image
2026-09-08T00:07:54.2123845Z Image: ubuntu-24.04
2026-09-08T00:07:54.2124862Z Version: 20260831.293.1
2026-09-08T00:07:54.2127041Z Included Software: https://github.com/actions/runner-images/blob/ubuntu24/20260831.293/images/ubuntu/Ubuntu2404-Readme.md
2026-09-08T00:07:54.2129905Z Image Release: https://github.com/actions/runner-images/releases/tag/ubuntu24%2F20260831.293
2026-09-08T00:07:54.2131687Z ##[endgroup]
2026-09-08T00:07:54.2133777Z ##[group]GITHUB_TOKEN Permissions
2026-09-08T00:07:54.2137050Z Contents: read
2026-09-08T00:07:54.2138168Z Metadata: read
2026-09-08T00:07:54.2139107Z ##[endgroup]
2026-09-08T00:07:54.2142611Z Secret source: Actions
2026-09-08T00:07:54.2144501Z Prepare workflow directory
2026-09-08T00:07:54.2615328Z Prepare all required actions
2026-09-08T00:07:54.2687484Z Getting action download info
2026-09-08T00:07:54.4796465Z Download action repository 'actions/checkout@v6' (SHA:d23441a48e516b6c34aea4fa41551a30e30af803)
2026-09-08T00:07:54.5920836Z Download action repository 'pnpm/action-setup@v6' (SHA:0977fd99725f1db4007ccb2928dbb4e90d06cc86)
2026-09-08T00:07:54.7030530Z Download action repository 'actions/setup-node@v6' (SHA:249970729cb0ef3589644e2896645e5dc5ba9c38)
2026-09-08T00:07:54.8983316Z Complete job name: Codesearch real toolchain contracts
2026-09-08T00:07:54.9763219Z ##[group]Run actions/checkout@v6
2026-09-08T00:07:54.9764183Z with:
2026-09-08T00:07:54.9764646Z   repository: ctxpipe-ai/ctxpipe
2026-09-08T00:07:54.9768572Z   token: ***
2026-09-08T00:07:54.9769006Z   ssh-strict: true
2026-09-08T00:07:54.9769441Z   ssh-user: git
2026-09-08T00:07:54.9769887Z   persist-credentials: true
2026-09-08T00:07:54.9770376Z   clean: true
2026-09-08T00:07:54.9770813Z   sparse-checkout-cone-mode: true
2026-09-08T00:07:54.9771330Z   fetch-depth: 1
2026-09-08T00:07:54.9772008Z   fetch-tags: false
2026-09-08T00:07:54.9772467Z   show-progress: true
2026-09-08T00:07:54.9772911Z   lfs: false
2026-09-08T00:07:54.9773325Z   submodules: false
2026-09-08T00:07:54.9773766Z   set-safe-directory: true
2026-09-08T00:07:54.9774268Z   allow-unsafe-pr-checkout: false
2026-09-08T00:07:54.9775071Z ##[endgroup]
2026-09-08T00:07:55.0870435Z Syncing repository: ctxpipe-ai/ctxpipe
2026-09-08T00:07:55.0873211Z ##[group]Getting Git version info
2026-09-08T00:07:55.0874567Z Working directory is '/home/runner/work/ctxpipe/ctxpipe'
2026-09-08T00:07:55.0876362Z [command]/usr/bin/git version
2026-09-08T00:07:55.0978058Z git version 2.55.0
2026-09-08T00:07:55.1004799Z ##[endgroup]
2026-09-08T00:07:55.1023092Z Temporarily overriding HOME='/home/runner/work/_temp/722a00af-6e8a-436b-8bcc-7dfb955c47ad' before making global git config changes
2026-09-08T00:07:55.1026346Z Adding repository directory to the temporary git global config as a safe directory
2026-09-08T00:07:55.1029594Z [command]/usr/bin/git config --global --add safe.directory /home/runner/work/ctxpipe/ctxpipe
2026-09-08T00:07:55.1096038Z Deleting the contents of '/home/runner/work/ctxpipe/ctxpipe'
2026-09-08T00:07:55.1102714Z ##[group]Determining repository object format
2026-09-08T00:07:55.1105228Z ##[endgroup]
2026-09-08T00:07:55.1105988Z ##[group]Initializing the repository
2026-09-08T00:07:55.1111442Z [command]/usr/bin/git init /home/runner/work/ctxpipe/ctxpipe
2026-09-08T00:07:55.1253917Z hint: Using 'master' as the name for the initial branch. This default branch name
2026-09-08T00:07:55.1256011Z hint: will change to "main" in Git 3.0. To configure the initial branch name
2026-09-08T00:07:55.1257985Z hint: to use in all of your new repositories, which will suppress this warning,
2026-09-08T00:07:55.1259143Z hint: call:
2026-09-08T00:07:55.1259788Z hint:
2026-09-08T00:07:55.1260611Z hint: 	git config --global init.defaultBranch <name>
2026-09-08T00:07:55.1261606Z hint:
2026-09-08T00:07:55.1262792Z hint: Names commonly chosen instead of 'master' are 'main', 'trunk' and
2026-09-08T00:07:55.1264516Z hint: 'development'. The just-created branch can be renamed via this command:
2026-09-08T00:07:55.1265767Z hint:
2026-09-08T00:07:55.1266423Z hint: 	git branch -m <name>
2026-09-08T00:07:55.1267184Z hint:
2026-09-08T00:07:55.1268199Z hint: Disable this message with "git config set advice.defaultBranchName false"
2026-09-08T00:07:55.1275647Z Initialized empty Git repository in /home/runner/work/ctxpipe/ctxpipe/.git/
2026-09-08T00:07:55.1287257Z [command]/usr/bin/git remote add origin https://github.com/ctxpipe-ai/ctxpipe
2026-09-08T00:07:55.1349046Z ##[endgroup]
2026-09-08T00:07:55.1350368Z ##[group]Disabling automatic garbage collection
2026-09-08T00:07:55.1353814Z [command]/usr/bin/git config --local gc.auto 0
2026-09-08T00:07:55.1396854Z ##[endgroup]
2026-09-08T00:07:55.1398228Z ##[group]Setting up auth
2026-09-08T00:07:55.1399199Z Removing SSH command configuration
2026-09-08T00:07:55.1407857Z [command]/usr/bin/git config --local --name-only --get-regexp core\.sshCommand
2026-09-08T00:07:55.1448573Z [command]/usr/bin/git submodule foreach --recursive sh -c "git config --local --name-only --get-regexp 'core\.sshCommand' && git config --local --unset-all 'core.sshCommand' || :"
2026-09-08T00:07:55.1871464Z Removing HTTP extra header
2026-09-08T00:07:55.1878543Z [command]/usr/bin/git config --local --name-only --get-regexp http\.https\:\/\/github\.com\/\.extraheader
2026-09-08T00:07:55.1919462Z [command]/usr/bin/git submodule foreach --recursive sh -c "git config --local --name-only --get-regexp 'http\.https\:\/\/github\.com\/\.extraheader' && git config --local --unset-all 'http.https://github.com/.extraheader' || :"
2026-09-08T00:07:55.2188581Z Removing includeIf entries pointing to credentials config files
2026-09-08T00:07:55.2190660Z [command]/usr/bin/git config --local --name-only --get-regexp ^includeIf\.gitdir:
2026-09-08T00:07:55.2221577Z [command]/usr/bin/git submodule foreach --recursive git config --local --show-origin --name-only --get-regexp remote.origin.url
2026-09-08T00:07:55.2485308Z [command]/usr/bin/git config --file /home/runner/work/_temp/git-credentials-0150ff99-d65d-4746-a3ec-12ceb3cdae10.config http.https://github.com/.extraheader AUTHORIZATION: basic ***
2026-09-08T00:07:55.2546869Z [command]/usr/bin/git config --local includeIf.gitdir:/home/runner/work/ctxpipe/ctxpipe/.git.path /home/runner/work/_temp/git-credentials-0150ff99-d65d-4746-a3ec-12ceb3cdae10.config
2026-09-08T00:07:55.2585797Z [command]/usr/bin/git config --local includeIf.gitdir:/home/runner/work/ctxpipe/ctxpipe/.git/worktrees/*.path /home/runner/work/_temp/git-credentials-0150ff99-d65d-4746-a3ec-12ceb3cdae10.config
2026-09-08T00:07:55.2627795Z [command]/usr/bin/git config --local includeIf.gitdir:/github/workspace/.git.path /github/runner_temp/git-credentials-0150ff99-d65d-4746-a3ec-12ceb3cdae10.config
2026-09-08T00:07:55.2666005Z [command]/usr/bin/git config --local includeIf.gitdir:/github/workspace/.git/worktrees/*.path /github/runner_temp/git-credentials-0150ff99-d65d-4746-a3ec-12ceb3cdae10.config
2026-09-08T00:07:55.2712134Z ##[endgroup]
2026-09-08T00:07:55.2713470Z ##[group]Fetching the repository
2026-09-08T00:07:55.2722953Z [command]/usr/bin/git -c protocol.version=2 fetch --no-tags --prune --no-recurse-submodules --depth=1 origin +05a3c6e41dacb473fbe8f64bef9aa2a0e05c751c:refs/remotes/origin/codex/develop-plan-to-refocus-branch-direction
2026-09-08T00:07:56.4924648Z From https://github.com/ctxpipe-ai/ctxpipe
2026-09-08T00:07:56.4927306Z  * [new ref]         05a3c6e41dacb473fbe8f64bef9aa2a0e05c751c -> origin/codex/develop-plan-to-refocus-branch-direction
2026-09-08T00:07:56.4935922Z [command]/usr/bin/git branch --list --remote origin/codex/develop-plan-to-refocus-branch-direction
2026-09-08T00:07:56.4968739Z   origin/codex/develop-plan-to-refocus-branch-direction
2026-09-08T00:07:56.4982879Z [command]/usr/bin/git rev-parse refs/remotes/origin/codex/develop-plan-to-refocus-branch-direction
2026-09-08T00:07:56.5014067Z 05a3c6e41dacb473fbe8f64bef9aa2a0e05c751c
2026-09-08T00:07:56.5027350Z ##[endgroup]
2026-09-08T00:07:56.5028649Z ##[group]Determining the checkout info
2026-09-08T00:07:56.5030136Z ##[endgroup]
2026-09-08T00:07:56.5042950Z [command]/usr/bin/git sparse-checkout disable
2026-09-08T00:07:56.5090402Z [command]/usr/bin/git config --local --unset-all extensions.worktreeConfig
2026-09-08T00:07:56.5124912Z ##[group]Checking out the ref
2026-09-08T00:07:56.5130532Z [command]/usr/bin/git checkout --progress --force -B codex/develop-plan-to-refocus-branch-direction refs/remotes/origin/codex/develop-plan-to-refocus-branch-direction
2026-09-08T00:07:56.7314680Z Switched to a new branch 'codex/develop-plan-to-refocus-branch-direction'
2026-09-08T00:07:56.7319763Z branch 'codex/develop-plan-to-refocus-branch-direction' set up to track 'origin/codex/develop-plan-to-refocus-branch-direction'.
2026-09-08T00:07:56.7338402Z ##[endgroup]
2026-09-08T00:07:56.7390331Z [command]/usr/bin/git log -1 --format=%H
2026-09-08T00:07:56.7419426Z 05a3c6e41dacb473fbe8f64bef9aa2a0e05c751c
2026-09-08T00:07:56.7733563Z ##[group]Run pnpm/action-setup@v6
2026-09-08T00:07:56.7734838Z with:
2026-09-08T00:07:56.7735777Z   dest: ~/setup-pnpm
2026-09-08T00:07:56.7736797Z   run_install: null
2026-09-08T00:07:56.7737799Z   cache: false
2026-09-08T00:07:56.7738843Z   cache_dependency_path: pnpm-lock.yaml
2026-09-08T00:07:56.7740148Z   package_json_file: package.json
2026-09-08T00:07:56.7741341Z   standalone: false
2026-09-08T00:07:56.7742670Z ##[endgroup]
2026-09-08T00:07:56.9257801Z ##[group]Running self-installer...
2026-09-08T00:07:58.9330202Z 
2026-09-08T00:07:58.9330783Z added 1 package, and audited 2 packages in 2s
2026-09-08T00:07:58.9331263Z 
2026-09-08T00:07:58.9331545Z 1 package is looking for funding
2026-09-08T00:07:58.9397231Z   run `npm fund` for details
2026-09-08T00:07:58.9405055Z 
2026-09-08T00:07:58.9405699Z found 0 vulnerabilities
2026-09-08T00:07:59.5752579Z Checking for updates...
2026-09-08T00:07:59.7582439Z Switching pnpm from v11.19.0 to v10.12.1...
2026-09-08T00:08:00.2132530Z .../v11/92d-1a07e57d32b-b5cce2579c757fdd | Progress: resolved 1, reused 0, downloaded 0, added 0
2026-09-08T00:08:00.2152678Z .../v11/92d-1a07e57d32b-b5cce2579c757fdd |   +1 +
2026-09-08T00:08:00.4693977Z .../v11/92d-1a07e57d32b-b5cce2579c757fdd | Progress: resolved 1, reused 0, downloaded 1, added 1, done
2026-09-08T00:08:00.8973623Z [WARN] Detected a pnpm v10 installation layout at PNPM_HOME. The pnpm shims at PNPM_HOME have been refreshed so the new version is active, but pnpm v11 expects bins in PNPM_HOME/bin. Run "pnpm setup" to migrate your PATH to the v11 layout.
2026-09-08T00:08:00.9002722Z Successfully updated pnpm to v10.12.1
2026-09-08T00:08:00.9297278Z ##[endgroup]
2026-09-08T00:08:00.9298052Z Installation Completed!
2026-09-08T00:08:00.9514046Z ##[group]Run actions/setup-node@v6
2026-09-08T00:08:00.9514354Z with:
2026-09-08T00:08:00.9514552Z   node-version: 22
2026-09-08T00:08:00.9514764Z   check-latest: false
2026-09-08T00:08:00.9517235Z   token: ***
2026-09-08T00:08:00.9517463Z   package-manager-cache: true
2026-09-08T00:08:00.9517719Z env:
2026-09-08T00:08:00.9517964Z   PNPM_HOME: /home/runner/setup-pnpm/node_modules/.bin
2026-09-08T00:08:00.9518284Z ##[endgroup]
2026-09-08T00:08:01.0938595Z Found in cache @ /opt/hostedtoolcache/node/22.23.2/x64
2026-09-08T00:08:01.0939662Z ##[group]Environment details
2026-09-08T00:08:01.5329169Z node: v22.23.2
2026-09-08T00:08:01.5329694Z npm: 10.9.8
2026-09-08T00:08:01.5330104Z yarn: 1.22.22
2026-09-08T00:08:01.5330805Z ##[endgroup]
2026-09-08T00:08:01.5467752Z ##[group]Run pnpm --filter @ctxpipe/codesearch test
2026-09-08T00:08:01.5468234Z [36;1mpnpm --filter @ctxpipe/codesearch test[0m
2026-09-08T00:08:01.5517344Z shell: /usr/bin/bash -e {0}
2026-09-08T00:08:01.5517617Z env:
2026-09-08T00:08:01.5517877Z   PNPM_HOME: /home/runner/setup-pnpm/node_modules/.bin
2026-09-08T00:08:01.5518214Z ##[endgroup]
2026-09-08T00:08:01.9149424Z 
2026-09-08T00:08:01.9155992Z > @ctxpipe/codesearch@0.1.0 test /home/runner/work/ctxpipe/ctxpipe/apps/codesearch
2026-09-08T00:08:01.9156631Z > bash scripts/run-vitest-docker.sh
2026-09-08T00:08:01.9156861Z 
2026-09-08T00:08:02.5297489Z #0 building with "default" instance using docker driver
2026-09-08T00:08:02.5298001Z 
2026-09-08T00:08:02.5298431Z #1 [internal] load build definition from Dockerfile
2026-09-08T00:08:02.5299202Z #1 transferring dockerfile: 10.78kB done
2026-09-08T00:08:02.5299722Z #1 DONE 0.0s
2026-09-08T00:08:02.5299939Z 
2026-09-08T00:08:02.5300470Z #2 [auth] library/golang:pull token for registry-1.docker.io
2026-09-08T00:08:02.5301121Z #2 DONE 0.0s
2026-09-08T00:08:02.5301352Z 
2026-09-08T00:08:02.5301984Z #3 [auth] library/node:pull token for registry-1.docker.io
2026-09-08T00:08:02.5302525Z #3 DONE 0.0s
2026-09-08T00:08:02.5302649Z 
2026-09-08T00:08:02.5302894Z #4 [auth] library/rust:pull token for registry-1.docker.io
2026-09-08T00:08:02.5303219Z #4 DONE 0.0s
2026-09-08T00:08:02.5303330Z 
2026-09-08T00:08:02.5303624Z #5 [auth] library/debian:pull token for registry-1.docker.io
2026-09-08T00:08:02.5303941Z #5 DONE 0.0s
2026-09-08T00:08:02.5304055Z 
2026-09-08T00:08:02.5304268Z #6 [auth] library/dart:pull token for registry-1.docker.io
2026-09-08T00:08:02.5304593Z #6 DONE 0.0s
2026-09-08T00:08:02.5304702Z 
2026-09-08T00:08:02.5304923Z #7 [auth] oven/bun:pull token for registry-1.docker.io
2026-09-08T00:08:02.5305241Z #7 DONE 0.0s
2026-09-08T00:08:02.5305357Z 
2026-09-08T00:08:02.5305708Z #8 [internal] load metadata for mcr.microsoft.com/dotnet/sdk:8.0-bookworm-slim
2026-09-08T00:08:02.5306117Z #8 DONE 0.2s
2026-09-08T00:08:02.5306247Z 
2026-09-08T00:08:02.5306498Z #9 [internal] load metadata for docker.io/library/rust:1-bookworm
2026-09-08T00:08:02.6809029Z #9 ...
2026-09-08T00:08:02.6809334Z 
2026-09-08T00:08:02.6809937Z #10 [internal] load metadata for docker.io/library/debian:bookworm-slim
2026-09-08T00:08:02.6810719Z #10 DONE 0.3s
2026-09-08T00:08:02.7863117Z 
2026-09-08T00:08:02.7864443Z #11 [internal] load metadata for docker.io/oven/bun:1.3.11-slim
2026-09-08T00:08:02.7865196Z #11 DONE 0.3s
2026-09-08T00:08:02.7865629Z 
2026-09-08T00:08:02.7866031Z #9 [internal] load metadata for docker.io/library/rust:1-bookworm
2026-09-08T00:08:02.7866704Z #9 DONE 0.3s
2026-09-08T00:08:02.7866921Z 
2026-09-08T00:08:02.7867376Z #12 [internal] load metadata for docker.io/library/node:22-bookworm-slim
2026-09-08T00:08:02.7867904Z #12 DONE 0.4s
2026-09-08T00:08:02.7868069Z 
2026-09-08T00:08:02.7868475Z #13 [internal] load metadata for docker.io/library/dart:stable
2026-09-08T00:08:02.7869098Z #13 DONE 0.4s
2026-09-08T00:08:02.7869270Z 
2026-09-08T00:08:02.7869557Z #14 [internal] load metadata for docker.io/library/golang:1.24-bookworm
2026-09-08T00:08:02.7870205Z #14 DONE 0.4s
2026-09-08T00:08:02.7870359Z 
2026-09-08T00:08:02.7870519Z #15 [internal] load .dockerignore
2026-09-08T00:08:02.7870851Z #15 transferring context: 215B done
2026-09-08T00:08:02.7871236Z #15 DONE 0.0s
2026-09-08T00:08:02.7871398Z 
2026-09-08T00:08:02.7871611Z #16 [internal] load build context
2026-09-08T00:08:02.7872284Z #16 DONE 0.0s
2026-09-08T00:08:02.7872498Z 
2026-09-08T00:08:02.7873551Z #17 [rust-tools 1/2] FROM docker.io/library/rust:1-bookworm@sha256:82150a52ec202c1b14d7817e14516c392bb7f5cfebd88f1ed531cb37ebd39922
2026-09-08T00:08:02.7874788Z #17 resolve docker.io/library/rust:1-bookworm@sha256:82150a52ec202c1b14d7817e14516c392bb7f5cfebd88f1ed531cb37ebd39922
2026-09-08T00:08:02.8975517Z #17 ...
2026-09-08T00:08:02.8976277Z 
2026-09-08T00:08:02.8976901Z #16 [internal] load build context
2026-09-08T00:08:02.9002982Z #16 transferring context: 1.57MB 0.1s done
2026-09-08T00:08:02.9026305Z #16 DONE 0.1s
2026-09-08T00:08:02.9072086Z 
2026-09-08T00:08:02.9073374Z #17 [rust-tools 1/2] FROM docker.io/library/rust:1-bookworm@sha256:82150a52ec202c1b14d7817e14516c392bb7f5cfebd88f1ed531cb37ebd39922
2026-09-08T00:08:02.9103059Z #17 resolve docker.io/library/rust:1-bookworm@sha256:82150a52ec202c1b14d7817e14516c392bb7f5cfebd88f1ed531cb37ebd39922 0.0s done
2026-09-08T00:08:03.0544160Z #17 sha256:82150a52ec202c1b14d7817e14516c392bb7f5cfebd88f1ed531cb37ebd39922 6.48kB / 6.48kB done
2026-09-08T00:08:03.0547152Z #17 sha256:4e4a7e7939c17991ab35f2b8c2e67593980f771d28f6b1254b1850f860fd0c7f 1.94kB / 1.94kB done
2026-09-08T00:08:03.0548401Z #17 sha256:a3535ab419a167bf1c5acc0ea5d536c358152a9fb8dd8504068ef24bb0f4a1f1 4.54kB / 4.54kB done
2026-09-08T00:08:03.9986035Z #17 sha256:abf56b2f87242de589f03ea56779358079c07c4c099bd1e454d083538eb6666d 1.05MB / 48.50MB 1.2s
2026-09-08T00:08:04.1133096Z #17 sha256:abf56b2f87242de589f03ea56779358079c07c4c099bd1e454d083538eb6666d 32.51MB / 48.50MB 1.3s
2026-09-08T00:08:04.2369766Z #17 sha256:abf56b2f87242de589f03ea56779358079c07c4c099bd1e454d083538eb6666d 48.50MB / 48.50MB 1.3s done
2026-09-08T00:08:04.2372071Z #17 sha256:08457856946d74c8aede7d750e185d1e479a79b8123d1b805182a580d224a6e2 4.19MB / 24.06MB 1.4s
2026-09-08T00:08:04.3396479Z #17 sha256:08457856946d74c8aede7d750e185d1e479a79b8123d1b805182a580d224a6e2 24.06MB / 24.06MB 1.5s done
2026-09-08T00:08:04.3414528Z #17 extracting sha256:abf56b2f87242de589f03ea56779358079c07c4c099bd1e454d083538eb6666d
2026-09-08T00:08:04.3424437Z #17 sha256:8cab6ce149c24516f80b26a762b6b9aaebcaf4fbe51d4c6844af7d7dbc372f2d 2.10MB / 64.41MB 1.5s
2026-09-08T00:08:04.3429853Z #17 sha256:01a6a9ffe665b63ea18491fedb646423413ae3fdefcf7776ee25a2eaff8a673e 0B / 211.66MB 1.5s
2026-09-08T00:08:04.4694357Z #17 sha256:8cab6ce149c24516f80b26a762b6b9aaebcaf4fbe51d4c6844af7d7dbc372f2d 32.51MB / 64.41MB 1.6s
2026-09-08T00:08:04.5932233Z #17 sha256:8cab6ce149c24516f80b26a762b6b9aaebcaf4fbe51d4c6844af7d7dbc372f2d 53.48MB / 64.41MB 1.7s
2026-09-08T00:08:04.5936890Z #17 sha256:01a6a9ffe665b63ea18491fedb646423413ae3fdefcf7776ee25a2eaff8a673e 33.55MB / 211.66MB 1.7s
2026-09-08T00:08:04.6964209Z #17 sha256:8cab6ce149c24516f80b26a762b6b9aaebcaf4fbe51d4c6844af7d7dbc372f2d 64.41MB / 64.41MB 1.8s
2026-09-08T00:08:04.6965795Z #17 sha256:01a6a9ffe665b63ea18491fedb646423413ae3fdefcf7776ee25a2eaff8a673e 69.21MB / 211.66MB 1.8s
2026-09-08T00:08:04.7977424Z #17 sha256:01a6a9ffe665b63ea18491fedb646423413ae3fdefcf7776ee25a2eaff8a673e 95.42MB / 211.66MB 1.9s
2026-09-08T00:08:04.8986509Z #17 sha256:8cab6ce149c24516f80b26a762b6b9aaebcaf4fbe51d4c6844af7d7dbc372f2d 64.41MB / 64.41MB 2.0s done
2026-09-08T00:08:04.8988129Z #17 sha256:01a6a9ffe665b63ea18491fedb646423413ae3fdefcf7776ee25a2eaff8a673e 162.53MB / 211.66MB 2.1s
2026-09-08T00:08:04.8989571Z #17 sha256:c2248155a6ec096914b7fe17a070ba983f14c36b6daf03981645b219ad639321 35.65MB / 213.84MB 2.1s
2026-09-08T00:08:05.0079138Z #17 sha256:01a6a9ffe665b63ea18491fedb646423413ae3fdefcf7776ee25a2eaff8a673e 193.99MB / 211.66MB 2.2s
2026-09-08T00:08:05.0084631Z #17 sha256:c2248155a6ec096914b7fe17a070ba983f14c36b6daf03981645b219ad639321 72.35MB / 213.84MB 2.2s
2026-09-08T00:08:05.1193815Z #17 sha256:01a6a9ffe665b63ea18491fedb646423413ae3fdefcf7776ee25a2eaff8a673e 211.66MB / 211.66MB 2.3s
2026-09-08T00:08:05.1196668Z #17 sha256:c2248155a6ec096914b7fe17a070ba983f14c36b6daf03981645b219ad639321 101.71MB / 213.84MB 2.3s
2026-09-08T00:08:05.2203574Z #17 sha256:c2248155a6ec096914b7fe17a070ba983f14c36b6daf03981645b219ad639321 123.73MB / 213.84MB 2.4s
2026-09-08T00:08:05.3267820Z #17 sha256:c2248155a6ec096914b7fe17a070ba983f14c36b6daf03981645b219ad639321 137.36MB / 213.84MB 2.5s
2026-09-08T00:08:05.4931019Z #17 sha256:01a6a9ffe665b63ea18491fedb646423413ae3fdefcf7776ee25a2eaff8a673e 211.66MB / 211.66MB 2.6s done
2026-09-08T00:08:05.4936601Z #17 sha256:c2248155a6ec096914b7fe17a070ba983f14c36b6daf03981645b219ad639321 156.24MB / 213.84MB 2.6s
2026-09-08T00:08:05.6014754Z #17 sha256:c2248155a6ec096914b7fe17a070ba983f14c36b6daf03981645b219ad639321 213.84MB / 213.84MB 2.8s
2026-09-08T00:08:06.0986226Z #17 sha256:c2248155a6ec096914b7fe17a070ba983f14c36b6daf03981645b219ad639321 213.84MB / 213.84MB 3.2s done
2026-09-08T00:08:06.9048629Z #17 ...
2026-09-08T00:08:06.9048876Z 
2026-09-08T00:08:06.9050180Z #18 [release-tools 1/3] FROM docker.io/library/debian:bookworm-slim@sha256:88200866dfff7ea7f5cbcb6ec7c8a701889efe6fe859fe64d6990e4b07ea4171
2026-09-08T00:08:06.9056851Z #18 resolve docker.io/library/debian:bookworm-slim@sha256:88200866dfff7ea7f5cbcb6ec7c8a701889efe6fe859fe64d6990e4b07ea4171 0.0s done
2026-09-08T00:08:06.9058541Z #18 sha256:88200866dfff7ea7f5cbcb6ec7c8a701889efe6fe859fe64d6990e4b07ea4171 5.65kB / 5.65kB done
2026-09-08T00:08:06.9059955Z #18 sha256:5ae3c39ebd15e229dcedd5cee596b2497182493d41ff162e824ba13fc1b2b867 1.02kB / 1.02kB done
2026-09-08T00:08:06.9061646Z #18 sha256:160466e67bb85a4099d9d9c2356b4a6a64747b281a22c142efbd4539db1b8525 453B / 453B done
2026-09-08T00:08:06.9063596Z #18 sha256:a8ac7f6c67abc236e4c745052c404112b8fab6fe8ac3a329d1ef3b867ad67c71 28.23MB / 28.23MB 0.7s done
2026-09-08T00:08:06.9064765Z #18 DONE 4.1s
2026-09-08T00:08:07.0396128Z 
2026-09-08T00:08:07.0397718Z #19 [go-tools 1/2] FROM docker.io/library/golang:1.24-bookworm@sha256:1a6d4452c65dea36aac2e2d606b01b4a029ec90cc1ae53890540ce6173ea77ac
2026-09-08T00:08:07.0399497Z #19 resolve docker.io/library/golang:1.24-bookworm@sha256:1a6d4452c65dea36aac2e2d606b01b4a029ec90cc1ae53890540ce6173ea77ac 0.0s done
2026-09-08T00:08:07.0400704Z #19 sha256:89edcaae7ec479668d9bf0891145726173a305c809a8c4165723ceaf15b5a05f 24.04MB / 24.04MB 0.1s done
2026-09-08T00:08:07.0402409Z #19 sha256:e0cffc405270b9114fac7706d07c373727d1b42b0e47c525b9cd1ab1097779ff 3.06kB / 3.06kB done
2026-09-08T00:08:07.0403609Z #19 sha256:6bc9f599b3efabc64230fd3b969d7654fcd6c6c98ad7cf7470093fe85274a7fc 48.48MB / 48.48MB 0.2s done
2026-09-08T00:08:07.0404572Z #19 sha256:bbceb003542957cee7df7b79249eaf0a71d21c5203d086969b565fb6dec85d86 64.40MB / 64.40MB 0.2s done
2026-09-08T00:08:07.0405383Z #19 sha256:1a6d4452c65dea36aac2e2d606b01b4a029ec90cc1ae53890540ce6173ea77ac 9.10kB / 9.10kB done
2026-09-08T00:08:07.0406301Z #19 sha256:98d673f18a1aac43da744209873cb79323e11706f909251bcfb131828b95559d 2.32kB / 2.32kB done
2026-09-08T00:08:07.0407221Z #19 sha256:d1ae0a59862a60fde488eccaa7f764b5f5cb60746b7adf2335f9cc05ce1ed745 92.43MB / 92.43MB 0.7s done
2026-09-08T00:08:07.0408175Z #19 sha256:f7bdfd728ac2ad72d43b82689890dc698260d3a1049845f48fb3fb942df6c581 79.13MB / 79.13MB 0.7s done
2026-09-08T00:08:07.0408957Z #19 extracting sha256:6bc9f599b3efabc64230fd3b969d7654fcd6c6c98ad7cf7470093fe85274a7fc 3.3s
2026-09-08T00:08:07.0409868Z #19 sha256:4f4fb700ef54461cfa02571ae0db9a0dc1e0cdb5577484a6d75e68dc38e8acc1 32B / 32B 0.3s done
2026-09-08T00:08:07.0410803Z #19 sha256:ee9e6246b78f3a784fefa655e89ccdf2271e396000b7624d6a785cb2c2580001 125B / 125B 0.3s done
2026-09-08T00:08:08.1740229Z #19 extracting sha256:6bc9f599b3efabc64230fd3b969d7654fcd6c6c98ad7cf7470093fe85274a7fc 5.0s done
2026-09-08T00:08:08.6320108Z #19 extracting sha256:89edcaae7ec479668d9bf0891145726173a305c809a8c4165723ceaf15b5a05f
2026-09-08T00:08:08.7580123Z #19 ...
2026-09-08T00:08:08.7580725Z 
2026-09-08T00:08:08.7582623Z #20 [release-tools 2/3] RUN test "amd64" = "amd64" ||     (echo "The full SCIP matrix requires linux/amd64 (scip-clang/scip-ruby upstream limitation)." >&2; exit 1)
2026-09-08T00:08:08.7583812Z #20 DONE 1.8s
2026-09-08T00:08:08.7584012Z 
2026-09-08T00:08:08.7585024Z #19 [go-tools 1/2] FROM docker.io/library/golang:1.24-bookworm@sha256:1a6d4452c65dea36aac2e2d606b01b4a029ec90cc1ae53890540ce6173ea77ac
2026-09-08T00:08:08.7586057Z #19 ...
2026-09-08T00:08:08.7586271Z 
2026-09-08T00:08:08.7587399Z #21 [dotnet-tools 1/2] FROM mcr.microsoft.com/dotnet/sdk:8.0-bookworm-slim@sha256:bb32ba3ba3ea36e38572d9d8db76fa15f7cbf722f3f886e06bca6d528bd4fba8
2026-09-08T00:08:08.7589519Z #21 resolve mcr.microsoft.com/dotnet/sdk:8.0-bookworm-slim@sha256:bb32ba3ba3ea36e38572d9d8db76fa15f7cbf722f3f886e06bca6d528bd4fba8 0.0s done
2026-09-08T00:08:08.7591553Z #21 sha256:9c4c20904c9ea8fc8c00e6e50cbb0ad8c0c87793317fb0fc6de6bb8945e4c388 5.29kB / 5.29kB done
2026-09-08T00:08:08.7593581Z #21 sha256:bb32ba3ba3ea36e38572d9d8db76fa15f7cbf722f3f886e06bca6d528bd4fba8 1.08kB / 1.08kB done
2026-09-08T00:08:08.7595040Z #21 sha256:237133a0ea20cffcfaa92588e1c8a56d58fe99f44da72dcff35aeb017119abcf 2.42kB / 2.42kB done
2026-09-08T00:08:08.7596596Z #21 sha256:a8ac7f6c67abc236e4c745052c404112b8fab6fe8ac3a329d1ef3b867ad67c71 28.23MB / 28.23MB 0.7s done
2026-09-08T00:08:08.7598131Z #21 sha256:de2662b086556c8b67db5858cb8a7ba0ec8141bc23773ce5b55868e4aa878c0d 18.74MB / 18.74MB 0.8s done
2026-09-08T00:08:08.7599655Z #21 sha256:241824c35c3fd308c89de22df72bc5c829022499abc318ceacfc8d8105467cd1 3.34kB / 3.34kB 0.7s done
2026-09-08T00:08:08.7601176Z #21 sha256:7b80194f63c035b4edd5b4c27099bd45bd8ffd8d160fe232f60a168c35b69d87 32.26MB / 32.26MB 0.9s done
2026-09-08T00:08:08.7602899Z #21 sha256:95f74afdb0f5ca9cd3c0cd4542c068b7c3dd2f882375c23d2eb54806163c1b8d 165B / 165B 0.9s done
2026-09-08T00:08:08.7604661Z #21 sha256:6a13df20059f818fcba73629156686d32c95417bdb08e508ffe6023df42ae174 11.10MB / 11.10MB 0.8s done
2026-09-08T00:08:08.7606166Z #21 sha256:e99f716dfd91b19b6b3256c18d2ecd63e62a9e9584bbf2dbba6b87e0a06a073a 31.09MB / 31.09MB 1.0s done
2026-09-08T00:08:08.7607804Z #21 sha256:40790fa57b9b922de75261a1a7b47a37525a2e606d06ea5487672b113906a295 177.90MB / 177.90MB 1.9s done
2026-09-08T00:08:08.7609318Z #21 sha256:a5731be9f2ef507f77c1ee99f904922c863db51aff682e67e94eef2c58af6a78 17.05MB / 17.05MB 1.1s done
2026-09-08T00:08:08.7610826Z #21 sha256:28ad44209b7dbe064a7b0b9a37d2714f941d93e1aeeea24d3fa6eea98d34442e 2.68kB / 2.68kB 1.0s done
2026-09-08T00:08:08.7612469Z #21 extracting sha256:a8ac7f6c67abc236e4c745052c404112b8fab6fe8ac3a329d1ef3b867ad67c71 1.4s
2026-09-08T00:08:08.7613901Z #21 extracting sha256:de2662b086556c8b67db5858cb8a7ba0ec8141bc23773ce5b55868e4aa878c0d 1.4s done
2026-09-08T00:08:08.7615278Z #21 extracting sha256:241824c35c3fd308c89de22df72bc5c829022499abc318ceacfc8d8105467cd1 done
2026-09-08T00:08:08.7616677Z #21 extracting sha256:7b80194f63c035b4edd5b4c27099bd45bd8ffd8d160fe232f60a168c35b69d87
2026-09-08T00:08:08.8592438Z #21 ...
2026-09-08T00:08:08.8592686Z 
2026-09-08T00:08:08.8593892Z #19 [go-tools 1/2] FROM docker.io/library/golang:1.24-bookworm@sha256:1a6d4452c65dea36aac2e2d606b01b4a029ec90cc1ae53890540ce6173ea77ac
2026-09-08T00:08:10.8300892Z #19 extracting sha256:89edcaae7ec479668d9bf0891145726173a305c809a8c4165723ceaf15b5a05f 2.3s done
2026-09-08T00:08:11.0640036Z #19 extracting sha256:bbceb003542957cee7df7b79249eaf0a71d21c5203d086969b565fb6dec85d86
2026-09-08T00:08:12.4737693Z #19 ...
2026-09-08T00:08:12.4738188Z 
2026-09-08T00:08:12.4739533Z #22 [bun-runtime 1/1] FROM docker.io/oven/bun:1.3.11-slim@sha256:478281fdd196871c7e51ba6a820b7803a8ae97042ec86cdbc2e1c6b6626442d9
2026-09-08T00:08:12.4741410Z #22 resolve docker.io/oven/bun:1.3.11-slim@sha256:478281fdd196871c7e51ba6a820b7803a8ae97042ec86cdbc2e1c6b6626442d9 0.0s done
2026-09-08T00:08:12.4762567Z #22 sha256:478281fdd196871c7e51ba6a820b7803a8ae97042ec86cdbc2e1c6b6626442d9 1.61kB / 1.61kB done
2026-09-08T00:08:12.4764051Z #22 sha256:49a1dfafe49d774e0b75a17bd596d5a8e49231c1fab76d9a30b6fc690c30f30e 1.43kB / 1.43kB done
2026-09-08T00:08:12.4765492Z #22 sha256:287f39d1be80099129bb282dda3c031d34bde2f0e60c3d139950e8981fd13022 3.91kB / 3.91kB done
2026-09-08T00:08:12.4766898Z #22 sha256:7121a318badd7246578c0f648517fb8a5b903df105e638bef590df5b1bfd541a 296B / 296B 3.3s done
2026-09-08T00:08:12.4768362Z #22 sha256:ee21e31559f8ae2bd42ae0b4ffc6e583b9d2e952115fdcc00ead7a655dbbd35d 39.09MB / 39.09MB 3.6s done
2026-09-08T00:08:12.4769914Z #22 sha256:ec781dee3f4719c2ca0dd9e73cb1d4ed834ed1a406495eb6e44b6dfaad5d1f8f 29.78MB / 29.78MB 3.6s done
2026-09-08T00:08:12.4771385Z #22 sha256:ce5883da6fa02306fd819610aa37a9c00235b196dc376ab963f515afbfb8038a 184B / 184B 3.6s done
2026-09-08T00:08:12.4773073Z #22 extracting sha256:ec781dee3f4719c2ca0dd9e73cb1d4ed834ed1a406495eb6e44b6dfaad5d1f8f 3.5s done
2026-09-08T00:08:12.4775015Z #22 sha256:fd77b601fa04a6b78941ab21aed5de5de08506942846d124919d07531b58783c 3.39kB / 3.39kB 3.6s done
2026-09-08T00:08:12.4776065Z #22 sha256:9c0c2b5a8c358da9206fcb4cd20f9d9824a1eacad378f9cb131633c886cef1c2 138B / 138B 3.7s done
2026-09-08T00:08:12.4776833Z #22 extracting sha256:7121a318badd7246578c0f648517fb8a5b903df105e638bef590df5b1bfd541a done
2026-09-08T00:08:12.4777592Z #22 extracting sha256:ee21e31559f8ae2bd42ae0b4ffc6e583b9d2e952115fdcc00ead7a655dbbd35d 2.0s done
2026-09-08T00:08:12.4778326Z #22 extracting sha256:ce5883da6fa02306fd819610aa37a9c00235b196dc376ab963f515afbfb8038a done
2026-09-08T00:08:12.4779041Z #22 extracting sha256:fd77b601fa04a6b78941ab21aed5de5de08506942846d124919d07531b58783c done
2026-09-08T00:08:12.4779885Z #22 extracting sha256:9c0c2b5a8c358da9206fcb4cd20f9d9824a1eacad378f9cb131633c886cef1c2 done
2026-09-08T00:08:12.4780668Z #22 DONE 9.7s
2026-09-08T00:08:12.5862792Z 
2026-09-08T00:08:12.5864248Z #19 [go-tools 1/2] FROM docker.io/library/golang:1.24-bookworm@sha256:1a6d4452c65dea36aac2e2d606b01b4a029ec90cc1ae53890540ce6173ea77ac
2026-09-08T00:08:12.8199597Z #19 ...
2026-09-08T00:08:12.8200359Z 
2026-09-08T00:08:12.8201396Z #23 [runtime  2/27] COPY --from=bun-runtime /usr/local/bin/bun /usr/local/bin/bun
2026-09-08T00:08:12.8202392Z #23 DONE 0.1s
2026-09-08T00:08:12.8202621Z 
2026-09-08T00:08:12.8203687Z #19 [go-tools 1/2] FROM docker.io/library/golang:1.24-bookworm@sha256:1a6d4452c65dea36aac2e2d606b01b4a029ec90cc1ae53890540ce6173ea77ac
2026-09-08T00:08:12.8204772Z #19 ...
2026-09-08T00:08:12.8204943Z 
2026-09-08T00:08:12.8206010Z #24 [deps 1/7] FROM docker.io/library/node:22-bookworm-slim@sha256:83f487e0a63425e5b4d146fb5e5be574bcbe1b7b843d3ebafdd95eaf7767a7e5
2026-09-08T00:08:12.8208001Z #24 resolve docker.io/library/node:22-bookworm-slim@sha256:83f487e0a63425e5b4d146fb5e5be574bcbe1b7b843d3ebafdd95eaf7767a7e5 0.0s done
2026-09-08T00:08:12.8209568Z #24 sha256:83f487e0a63425e5b4d146fb5e5be574bcbe1b7b843d3ebafdd95eaf7767a7e5 5.22kB / 5.22kB done
2026-09-08T00:08:12.8210983Z #24 sha256:4d676821dff059fd00d277ee4261ef34ea712317fed0737c03941481b5760c96 1.93kB / 1.93kB done
2026-09-08T00:08:12.8212657Z #24 sha256:6e6261159fd399ebe5a3d556b7d89da9c85c873f3f270918aad6c8107da8b411 6.87kB / 6.87kB done
2026-09-08T00:08:12.8214117Z #24 sha256:a8ac7f6c67abc236e4c745052c404112b8fab6fe8ac3a329d1ef3b867ad67c71 28.23MB / 28.23MB 0.7s done
2026-09-08T00:08:12.8216581Z #24 extracting sha256:a8ac7f6c67abc236e4c745052c404112b8fab6fe8ac3a329d1ef3b867ad67c71 3.1s done
2026-09-08T00:08:12.8218327Z #24 sha256:cea7eb9bbe80eabf8356efb28b3796ab904f36a32049aeb6b435920ca93f9285 3.31kB / 3.31kB 1.0s done
2026-09-08T00:08:12.8219952Z #24 sha256:51c53f95c2cae3d00dfc0350297c92dea913fe129ec38b8deb8313e5f3e0297d 49.94MB / 49.94MB 1.5s done
2026-09-08T00:08:12.8221492Z #24 sha256:3cddab114edadc7cf5a7b0b591e59f6312aade3dc4fb68e88aacca5eb1cc1c03 1.71MB / 1.71MB 1.1s done
2026-09-08T00:08:12.8223191Z #24 sha256:0282d618b52cd2eb8fcf041e780cd66b15e7ebae519a4054c5d293eae6b6d34f 447B / 447B 1.2s done
2026-09-08T00:08:12.8224580Z #24 extracting sha256:cea7eb9bbe80eabf8356efb28b3796ab904f36a32049aeb6b435920ca93f9285 done
2026-09-08T00:08:12.8225922Z #24 extracting sha256:51c53f95c2cae3d00dfc0350297c92dea913fe129ec38b8deb8313e5f3e0297d 4.1s
2026-09-08T00:08:12.9326362Z #24 ...
2026-09-08T00:08:12.9326950Z 
2026-09-08T00:08:12.9328291Z #25 [dart-tools 1/2] FROM docker.io/library/dart:stable@sha256:7e57e61d97813dc57dd0801656ff4d5c5efafa47bae563a681571543ad30f199
2026-09-08T00:08:12.9330276Z #25 resolve docker.io/library/dart:stable@sha256:7e57e61d97813dc57dd0801656ff4d5c5efafa47bae563a681571543ad30f199 0.0s done
2026-09-08T00:08:12.9333046Z #25 sha256:7e57e61d97813dc57dd0801656ff4d5c5efafa47bae563a681571543ad30f199 5.19kB / 5.19kB done
2026-09-08T00:08:12.9335239Z #25 sha256:4027705fb598ee07b016e17a06786e56c399f95308a54f7171fcc60871eb1738 1.93kB / 1.93kB done
2026-09-08T00:08:12.9339857Z #25 sha256:ed2fa787d8f7dabbbfcaa960b29976cb15c8ab670f47fd84578ae1dcdd2e21ee 4.32kB / 4.32kB done
2026-09-08T00:08:12.9342322Z #25 sha256:4f4fb700ef54461cfa02571ae0db9a0dc1e0cdb5577484a6d75e68dc38e8acc1 32B / 32B 0.3s done
2026-09-08T00:08:12.9344813Z #25 sha256:6310eb16bf4251731feab01e8f633bf5e2d75a657ccad97f420b1f83cce457be 29.79MB / 29.79MB 2.6s done
2026-09-08T00:08:12.9347597Z #25 sha256:4a397c61dbce3928f5c63712e290ff60a3af1f5e8595da889598a2ae21d72f78 45.49MB / 45.49MB 3.2s done
2026-09-08T00:08:12.9350588Z #25 sha256:bc121b89c734799435428154af26a448a63016ad243d3ed2716eb19fe3b4e973 1.87MB / 1.87MB 2.7s done
2026-09-08T00:08:12.9353679Z #25 extracting sha256:6310eb16bf4251731feab01e8f633bf5e2d75a657ccad97f420b1f83cce457be 3.8s done
2026-09-08T00:08:12.9355532Z #25 sha256:431513af58c917f1541acbba3a95ac36c571e50a4397936232c156a2157acf5b 242.36MB / 242.36MB 4.0s
2026-09-08T00:08:12.9360521Z #25 extracting sha256:4a397c61dbce3928f5c63712e290ff60a3af1f5e8595da889598a2ae21d72f78 3.4s
2026-09-08T00:08:13.0610681Z #25 ...
2026-09-08T00:08:13.0611888Z 
2026-09-08T00:08:13.0644351Z #26 [release-tools 3/3] RUN apt-get update && apt-get install -y --no-install-recommends     ca-certificates     curl   && rm -rf /var/lib/apt/lists/*   && mkdir -p /out /tmp/releases   && cd /tmp/releases   && download() { curl -fsSL --retry 3 --retry-delay 2 --retry-all-errors --connect-timeout 15 --max-time 600 "$@"; }   && download -O "https://github.com/sourcegraph/scip-go/releases/download/v0.2.7/scip-go-linux-amd64.tar.gz"   && download -O "https://github.com/sourcegraph/scip-go/releases/download/v0.2.7/scip-go-linux-amd64.tar.gz.sha256"   && sha256sum -c scip-go-linux-amd64.tar.gz.sha256   && tar -xzf scip-go-linux-amd64.tar.gz -C /out scip-go   && download -O "https://github.com/scip-code/scip/releases/download/v0.9.0/scip-linux-amd64.tar.gz"   && download -O "https://github.com/scip-code/scip/releases/download/v0.9.0/scip-linux-amd64.tar.gz.sha256"   && sha256sum -c scip-linux-amd64.tar.gz.sha256   && tar -xzf scip-linux-amd64.tar.gz -C /out scip   && download -O     "https://github.com/scip-code/scip-java/releases/download/v0.13.1/scip-java-v0.13.1"   && download -O     "https://github.com/scip-code/scip-java/releases/download/v0.13.1/scip-java-v0.13.1.sha256"   && sha256sum -c "scip-java-v0.13.1.sha256"   && mv "scip-java-v0.13.1" /out/scip-java   && download     "https://github.com/sourcegraph/scip-clang/releases/download/v0.4.0/scip-clang-x86_64-linux"     -o scip-clang   && echo "06fd18c576f979a726c651594644ec4a35db4f471f2160b3f72eb89fa6001784  scip-clang" | sha256sum -c -   && mv scip-clang /out/scip-clang   && download     "https://github.com/sourcegraph/scip-ruby/releases/download/scip-ruby-v0.4.7/scip-ruby-x86_64-linux"     -o scip-ruby   && echo "a068c7c3b2042b9eac563ce77ce35dcaca666b418530b1db9f932a3dbc7175dd  scip-ruby" | sha256sum -c -   && mv scip-ruby /out/scip-ruby   && download     "https://github.com/rust-lang/rust-analyzer/releases/download/2026-07-27/rust-analyzer-x86_64-unknown-linux-gnu.gz"     -o rust-analyzer.gz   && echo "ac4f42ddbbd040d75d847e991894776485783e28beb744b9719a660a99abe115  rust-analyzer.gz" | sha256sum -c -   && gzip -dc rust-analyzer.gz > /out/rust-analyzer   && chmod +x /out/*
2026-09-08T00:08:13.0669678Z #26 0.216 Get:1 http://deb.debian.org/debian bookworm InRelease [151 kB]
2026-09-08T00:08:13.0671112Z #26 0.233 Get:2 http://deb.debian.org/debian bookworm-updates InRelease [55.4 kB]
2026-09-08T00:08:13.0674243Z #26 0.233 Get:3 http://deb.debian.org/debian-security bookworm-security InRelease [34.8 kB]
2026-09-08T00:08:13.0675425Z #26 0.315 Get:4 http://deb.debian.org/debian bookworm/main amd64 Packages [8790 kB]
2026-09-08T00:08:13.0676587Z #26 0.403 Get:5 http://deb.debian.org/debian bookworm-updates/main amd64 Packages [6924 B]
2026-09-08T00:08:13.0677896Z #26 0.473 Get:6 http://deb.debian.org/debian-security bookworm-security/main amd64 Packages [337 kB]
2026-09-08T00:08:13.0678846Z #26 1.377 Fetched 9375 kB in 1s (8049 kB/s)
2026-09-08T00:08:13.0679400Z #26 1.377 Reading package lists...
2026-09-08T00:08:13.0679931Z #26 2.016 Reading package lists...
2026-09-08T00:08:13.0680461Z #26 2.669 Building dependency tree...
2026-09-08T00:08:13.0681026Z #26 2.816 Reading state information...
2026-09-08T00:08:13.0684771Z #26 2.940 The following additional packages will be installed:
2026-09-08T00:08:13.0686055Z #26 2.940   libbrotli1 libcurl4 libgssapi-krb5-2 libk5crypto3 libkeyutils1 libkrb5-3
2026-09-08T00:08:13.0714967Z #26 2.940   libkrb5support0 libldap-2.5-0 libnghttp2-14 libpsl5 librtmp1 libsasl2-2
2026-09-08T00:08:13.0721343Z #26 2.940   libsasl2-modules-db libssh2-1 libssl3 openssl
2026-09-08T00:08:13.0722353Z #26 2.940 Suggested packages:
2026-09-08T00:08:13.0723040Z #26 2.940   krb5-doc krb5-user
2026-09-08T00:08:13.0723995Z #26 2.940 Recommended packages:
2026-09-08T00:08:13.0725590Z #26 2.940   krb5-locales libldap-common publicsuffix libsasl2-modules
2026-09-08T00:08:13.0726816Z #26 3.081 The following NEW packages will be installed:
2026-09-08T00:08:13.0728049Z #26 3.081   ca-certificates curl libbrotli1 libcurl4 libgssapi-krb5-2 libk5crypto3
2026-09-08T00:08:13.0732682Z #26 3.081   libkeyutils1 libkrb5-3 libkrb5support0 libldap-2.5-0 libnghttp2-14 libpsl5
2026-09-08T00:08:13.0733708Z #26 3.081   librtmp1 libsasl2-2 libsasl2-modules-db libssh2-1 libssl3 openssl
2026-09-08T00:08:13.0734622Z #26 3.110 0 upgraded, 18 newly installed, 0 to remove and 1 not upgraded.
2026-09-08T00:08:13.0735373Z #26 3.110 Need to get 5840 kB of archives.
2026-09-08T00:08:13.0737828Z #26 3.110 After this operation, 14.7 MB of additional disk space will be used.
2026-09-08T00:08:13.0741244Z #26 3.110 Get:1 http://deb.debian.org/debian bookworm/main amd64 libssl3 amd64 3.0.20-1~deb12u2 [2036 kB]
2026-09-08T00:08:13.0757019Z #26 3.134 Get:2 http://deb.debian.org/debian bookworm/main amd64 openssl amd64 3.0.20-1~deb12u2 [1439 kB]
2026-09-08T00:08:13.0780715Z #26 3.145 Get:3 http://deb.debian.org/debian-security bookworm-security/main amd64 ca-certificates all 20250419~deb12u1 [162 kB]
2026-09-08T00:08:13.0909297Z #26 3.145 Get:4 http://deb.debian.org/debian bookworm/main amd64 libbrotli1 amd64 1.0.9-2+b6 [275 kB]
2026-09-08T00:08:13.0911276Z #26 3.145 Get:5 http://deb.debian.org/debian bookworm/main amd64 libkrb5support0 amd64 1.20.1-2+deb12u5 [33.2 kB]
2026-09-08T00:08:13.0913141Z #26 3.145 Get:6 http://deb.debian.org/debian bookworm/main amd64 libk5crypto3 amd64 1.20.1-2+deb12u5 [79.7 kB]
2026-09-08T00:08:13.0915022Z #26 3.151 Get:7 http://deb.debian.org/debian bookworm/main amd64 libkeyutils1 amd64 1.6.3-2 [8808 B]
2026-09-08T00:08:13.0921219Z #26 3.151 Get:8 http://deb.debian.org/debian bookworm/main amd64 libkrb5-3 amd64 1.20.1-2+deb12u5 [332 kB]
2026-09-08T00:08:13.0925831Z #26 3.151 Get:9 http://deb.debian.org/debian bookworm/main amd64 libgssapi-krb5-2 amd64 1.20.1-2+deb12u5 [135 kB]
2026-09-08T00:08:13.0927764Z #26 3.151 Get:10 http://deb.debian.org/debian bookworm/main amd64 libsasl2-modules-db amd64 2.1.28+dfsg-10 [20.3 kB]
2026-09-08T00:08:13.0929791Z #26 3.151 Get:11 http://deb.debian.org/debian bookworm/main amd64 libsasl2-2 amd64 2.1.28+dfsg-10 [59.7 kB]
2026-09-08T00:08:13.0931675Z #26 3.151 Get:12 http://deb.debian.org/debian bookworm/main amd64 libldap-2.5-0 amd64 2.5.13+dfsg-5 [183 kB]
2026-09-08T00:08:13.0933514Z #26 3.153 Get:13 http://deb.debian.org/debian bookworm/main amd64 libnghttp2-14 amd64 1.52.0-1+deb12u3 [72.4 kB]
2026-09-08T00:08:13.0935412Z #26 3.156 Get:14 http://deb.debian.org/debian bookworm/main amd64 libpsl5 amd64 0.21.2-1 [58.7 kB]
2026-09-08T00:08:13.0937676Z #26 3.156 Get:15 http://deb.debian.org/debian bookworm/main amd64 librtmp1 amd64 2.4+20151223.gitfa8646d.1-2+b2 [60.8 kB]
2026-09-08T00:08:13.0939884Z #26 3.156 Get:16 http://deb.debian.org/debian-security bookworm-security/main amd64 libssh2-1 amd64 1.10.0-3+deb12u1 [176 kB]
2026-09-08T00:08:13.0941692Z #26 3.156 Get:17 http://deb.debian.org/debian bookworm/main amd64 libcurl4 amd64 7.88.1-10+deb12u15 [392 kB]
2026-09-08T00:08:13.0943938Z #26 3.162 Get:18 http://deb.debian.org/debian bookworm/main amd64 curl amd64 7.88.1-10+deb12u15 [316 kB]
2026-09-08T00:08:13.0945599Z #26 3.289 debconf: delaying package configuration, since apt-utils is not installed
2026-09-08T00:08:13.0948816Z #26 3.324 Fetched 5840 kB in 0s (80.7 MB/s)
2026-09-08T00:08:13.0950416Z #26 3.335 Selecting previously unselected package libssl3:amd64.
2026-09-08T00:08:13.0951402Z #26 3.335 (Reading database ... 
2026-09-08T00:08:13.0952273Z (Reading database ... 5%
2026-09-08T00:08:13.0952732Z (Reading database ... 10%
2026-09-08T00:08:13.0955221Z (Reading database ... 15%
2026-09-08T00:08:13.0955957Z (Reading database ... 20%
2026-09-08T00:08:13.0956382Z (Reading database ... 25%
2026-09-08T00:08:13.0957075Z (Reading database ... 30%
2026-09-08T00:08:13.0957534Z (Reading database ... 35%
2026-09-08T00:08:13.0958321Z (Reading database ... 40%
2026-09-08T00:08:13.0958760Z (Reading database ... 45%
2026-09-08T00:08:13.0959459Z (Reading database ... 50%
2026-09-08T00:08:13.0959893Z (Reading database ... 55%
2026-09-08T00:08:13.0960600Z (Reading database ... 60%
2026-09-08T00:08:13.0961045Z (Reading database ... 65%
2026-09-08T00:08:13.0961454Z (Reading database ... 70%
2026-09-08T00:08:13.0962145Z (Reading database ... 75%
2026-09-08T00:08:13.0962934Z (Reading database ... 80%
2026-09-08T00:08:13.0965414Z (Reading database ... 85%
2026-09-08T00:08:13.0965872Z (Reading database ... 90%
2026-09-08T00:08:13.0966553Z (Reading database ... 95%
2026-09-08T00:08:13.0966985Z (Reading database ... 100%
2026-09-08T00:08:13.0969517Z (Reading database ... 6096 files and directories currently installed.)
2026-09-08T00:08:13.0970751Z #26 3.343 Preparing to unpack .../00-libssl3_3.0.20-1~deb12u2_amd64.deb ...
2026-09-08T00:08:13.0971826Z #26 3.346 Unpacking libssl3:amd64 (3.0.20-1~deb12u2) ...
2026-09-08T00:08:13.0972875Z #26 3.494 Selecting previously unselected package openssl.
2026-09-08T00:08:13.0974128Z #26 3.496 Preparing to unpack .../01-openssl_3.0.20-1~deb12u2_amd64.deb ...
2026-09-08T00:08:13.0975319Z #26 3.506 Unpacking openssl (3.0.20-1~deb12u2) ...
2026-09-08T00:08:13.0976463Z #26 3.701 Selecting previously unselected package ca-certificates.
2026-09-08T00:08:13.0979836Z #26 3.702 Preparing to unpack .../02-ca-certificates_20250419~deb12u1_all.deb ...
2026-09-08T00:08:13.0981020Z #26 3.707 Unpacking ca-certificates (20250419~deb12u1) ...
2026-09-08T00:08:13.0982121Z #26 3.799 Selecting previously unselected package libbrotli1:amd64.
2026-09-08T00:08:13.0983665Z #26 3.799 Preparing to unpack .../03-libbrotli1_1.0.9-2+b6_amd64.deb ...
2026-09-08T00:08:13.0984696Z #26 3.799 Unpacking libbrotli1:amd64 (1.0.9-2+b6) ...
2026-09-08T00:08:13.0985737Z #26 3.843 Selecting previously unselected package libkrb5support0:amd64.
2026-09-08T00:08:13.0986996Z #26 3.843 Preparing to unpack .../04-libkrb5support0_1.20.1-2+deb12u5_amd64.deb ...
2026-09-08T00:08:13.0988212Z #26 3.850 Unpacking libkrb5support0:amd64 (1.20.1-2+deb12u5) ...
2026-09-08T00:08:13.0989350Z #26 3.872 Selecting previously unselected package libk5crypto3:amd64.
2026-09-08T00:08:13.0990573Z #26 3.872 Preparing to unpack .../05-libk5crypto3_1.20.1-2+deb12u5_amd64.deb ...
2026-09-08T00:08:13.0991702Z #26 3.875 Unpacking libk5crypto3:amd64 (1.20.1-2+deb12u5) ...
2026-09-08T00:08:13.0992970Z #26 3.905 Selecting previously unselected package libkeyutils1:amd64.
2026-09-08T00:08:13.0994244Z #26 3.905 Preparing to unpack .../06-libkeyutils1_1.6.3-2_amd64.deb ...
2026-09-08T00:08:13.0995318Z #26 3.905 Unpacking libkeyutils1:amd64 (1.6.3-2) ...
2026-09-08T00:08:13.0996342Z #26 3.930 Selecting previously unselected package libkrb5-3:amd64.
2026-09-08T00:08:13.0997583Z #26 3.930 Preparing to unpack .../07-libkrb5-3_1.20.1-2+deb12u5_amd64.deb ...
2026-09-08T00:08:13.0998796Z #26 3.930 Unpacking libkrb5-3:amd64 (1.20.1-2+deb12u5) ...
2026-09-08T00:08:13.1000096Z #26 3.987 Selecting previously unselected package libgssapi-krb5-2:amd64.
2026-09-08T00:08:13.1001519Z #26 3.987 Preparing to unpack .../08-libgssapi-krb5-2_1.20.1-2+deb12u5_amd64.deb ...
2026-09-08T00:08:13.1002882Z #26 3.990 Unpacking libgssapi-krb5-2:amd64 (1.20.1-2+deb12u5) ...
2026-09-08T00:08:13.1004724Z #26 4.044 Selecting previously unselected package libsasl2-modules-db:amd64.
2026-09-08T00:08:13.1006518Z #26 4.044 Preparing to unpack .../09-libsasl2-modules-db_2.1.28+dfsg-10_amd64.deb ...
2026-09-08T00:08:13.1010971Z #26 4.072 Unpacking libsasl2-modules-db:amd64 (2.1.28+dfsg-10) ...
2026-09-08T00:08:13.1013574Z #26 4.109 Selecting previously unselected package libsasl2-2:amd64.
2026-09-08T00:08:13.1016058Z #26 4.109 Preparing to unpack .../10-libsasl2-2_2.1.28+dfsg-10_amd64.deb ...
2026-09-08T00:08:13.1018757Z #26 4.109 Unpacking libsasl2-2:amd64 (2.1.28+dfsg-10) ...
2026-09-08T00:08:13.1021159Z #26 4.165 Selecting previously unselected package libldap-2.5-0:amd64.
2026-09-08T00:08:13.1022440Z #26 4.169 Preparing to unpack .../11-libldap-2.5-0_2.5.13+dfsg-5_amd64.deb ...
2026-09-08T00:08:13.1023774Z #26 4.169 Unpacking libldap-2.5-0:amd64 (2.5.13+dfsg-5) ...
2026-09-08T00:08:13.1024907Z #26 4.211 Selecting previously unselected package libnghttp2-14:amd64.
2026-09-08T00:08:13.1026178Z #26 4.213 Preparing to unpack .../12-libnghttp2-14_1.52.0-1+deb12u3_amd64.deb ...
2026-09-08T00:08:13.1027361Z #26 4.218 Unpacking libnghttp2-14:amd64 (1.52.0-1+deb12u3) ...
2026-09-08T00:08:13.1028485Z #26 4.243 Selecting previously unselected package libpsl5:amd64.
2026-09-08T00:08:13.1029658Z #26 4.245 Preparing to unpack .../13-libpsl5_0.21.2-1_amd64.deb ...
2026-09-08T00:08:13.1030487Z #26 4.247 Unpacking libpsl5:amd64 (0.21.2-1) ...
2026-09-08T00:08:13.1030951Z #26 4.276 Selecting previously unselected package librtmp1:amd64.
2026-09-08T00:08:13.1031698Z #26 4.276 Preparing to unpack .../14-librtmp1_2.4+20151223.gitfa8646d.1-2+b2_amd64.deb ...
2026-09-08T00:08:13.1032915Z #26 4.276 Unpacking librtmp1:amd64 (2.4+20151223.gitfa8646d.1-2+b2) ...
2026-09-08T00:08:13.1033996Z #26 4.305 Selecting previously unselected package libssh2-1:amd64.
2026-09-08T00:08:13.1035374Z #26 4.307 Preparing to unpack .../15-libssh2-1_1.10.0-3+deb12u1_amd64.deb ...
2026-09-08T00:08:13.1036561Z #26 4.310 Unpacking libssh2-1:amd64 (1.10.0-3+deb12u1) ...
2026-09-08T00:08:13.1037695Z #26 4.355 Selecting previously unselected package libcurl4:amd64.
2026-09-08T00:08:13.1038952Z #26 4.355 Preparing to unpack .../16-libcurl4_7.88.1-10+deb12u15_amd64.deb ...
2026-09-08T00:08:13.1040134Z #26 4.355 Unpacking libcurl4:amd64 (7.88.1-10+deb12u15) ...
2026-09-08T00:08:13.1041162Z #26 4.404 Selecting previously unselected package curl.
2026-09-08T00:08:13.1042328Z #26 4.404 Preparing to unpack .../17-curl_7.88.1-10+deb12u15_amd64.deb ...
2026-09-08T00:08:13.1614950Z #26 4.408 Unpacking curl (7.88.1-10+deb12u15) ...
2026-09-08T00:08:13.1617966Z #26 4.465 Setting up libkeyutils1:amd64 (1.6.3-2) ...
2026-09-08T00:08:13.1618769Z #26 4.470 Setting up libpsl5:amd64 (0.21.2-1) ...
2026-09-08T00:08:13.1619536Z #26 4.475 Setting up libbrotli1:amd64 (1.0.9-2+b6) ...
2026-09-08T00:08:13.1620307Z #26 4.475 Setting up libssl3:amd64 (3.0.20-1~deb12u2) ...
2026-09-08T00:08:13.1621142Z #26 4.482 Setting up libnghttp2-14:amd64 (1.52.0-1+deb12u3) ...
2026-09-08T00:08:13.1632597Z #26 4.482 Setting up libkrb5support0:amd64 (1.20.1-2+deb12u5) ...
2026-09-08T00:08:13.1635390Z #26 4.487 Setting up libsasl2-modules-db:amd64 (2.1.28+dfsg-10) ...
2026-09-08T00:08:13.1640363Z #26 4.490 Setting up librtmp1:amd64 (2.4+20151223.gitfa8646d.1-2+b2) ...
2026-09-08T00:08:13.1641342Z #26 4.494 Setting up libk5crypto3:amd64 (1.20.1-2+deb12u5) ...
2026-09-08T00:08:13.1642457Z #26 4.494 Setting up libsasl2-2:amd64 (2.1.28+dfsg-10) ...
2026-09-08T00:08:13.1643280Z #26 4.503 Setting up libssh2-1:amd64 (1.10.0-3+deb12u1) ...
2026-09-08T00:08:13.1644024Z #26 4.503 Setting up libkrb5-3:amd64 (1.20.1-2+deb12u5) ...
2026-09-08T00:08:13.2691433Z #26 4.506 Setting up openssl (3.0.20-1~deb12u2) ...
2026-09-08T00:08:13.2693205Z #26 4.515 Setting up libldap-2.5-0:amd64 (2.5.13+dfsg-5) ...
2026-09-08T00:08:13.2694372Z #26 4.515 Setting up ca-certificates (20250419~deb12u1) ...
2026-09-08T00:08:13.3700946Z #26 4.648 debconf: unable to initialize frontend: Dialog
2026-09-08T00:08:13.3704057Z #26 4.648 debconf: (TERM is not set, so the dialog frontend is not usable.)
2026-09-08T00:08:13.3705175Z #26 4.648 debconf: falling back to frontend: Readline
2026-09-08T00:08:13.3708169Z #26 4.648 debconf: unable to initialize frontend: Readline
2026-09-08T00:08:13.3714961Z #26 4.648 debconf: (Can't locate Term/ReadLine.pm in @INC (you may need to install the Term::ReadLine module) (@INC contains: /etc/perl /usr/local/lib/x86_64-linux-gnu/perl/5.36.0 /usr/local/share/perl/5.36.0 /usr/lib/x86_64-linux-gnu/perl5/5.36 /usr/share/perl5 /usr/lib/x86_64-linux-gnu/perl-base /usr/lib/x86_64-linux-gnu/perl/5.36 /usr/share/perl/5.36 /usr/local/lib/site_perl) at /usr/share/perl5/Debconf/FrontEnd/Readline.pm line 7.)
2026-09-08T00:08:13.3723145Z #26 4.648 debconf: falling back to frontend: Teletype
2026-09-08T00:08:13.9464283Z #26 5.233 Updating certificates in /etc/ssl/certs...
2026-09-08T00:08:14.2285921Z #26 ...
2026-09-08T00:08:14.2286253Z 
2026-09-08T00:08:14.2287670Z #24 [deps 1/7] FROM docker.io/library/node:22-bookworm-slim@sha256:83f487e0a63425e5b4d146fb5e5be574bcbe1b7b843d3ebafdd95eaf7767a7e5
2026-09-08T00:08:14.2289630Z #24 extracting sha256:51c53f95c2cae3d00dfc0350297c92dea913fe129ec38b8deb8313e5f3e0297d 5.0s done
2026-09-08T00:08:14.2291390Z #24 extracting sha256:3cddab114edadc7cf5a7b0b591e59f6312aade3dc4fb68e88aacca5eb1cc1c03 0.1s done
2026-09-08T00:08:14.2293171Z #24 extracting sha256:0282d618b52cd2eb8fcf041e780cd66b15e7ebae519a4054c5d293eae6b6d34f done
2026-09-08T00:08:14.2294209Z #24 DONE 11.5s
2026-09-08T00:08:14.2294602Z 
2026-09-08T00:08:14.2295525Z #21 [dotnet-tools 1/2] FROM mcr.microsoft.com/dotnet/sdk:8.0-bookworm-slim@sha256:bb32ba3ba3ea36e38572d9d8db76fa15f7cbf722f3f886e06bca6d528bd4fba8
2026-09-08T00:08:14.2297076Z #21 extracting sha256:7b80194f63c035b4edd5b4c27099bd45bd8ffd8d160fe232f60a168c35b69d87 1.8s done
2026-09-08T00:08:14.2298793Z #21 extracting sha256:95f74afdb0f5ca9cd3c0cd4542c068b7c3dd2f882375c23d2eb54806163c1b8d done
2026-09-08T00:08:14.2300013Z #21 extracting sha256:6a13df20059f818fcba73629156686d32c95417bdb08e508ffe6023df42ae174 0.6s done
2026-09-08T00:08:14.2301438Z #21 extracting sha256:e99f716dfd91b19b6b3256c18d2ecd63e62a9e9584bbf2dbba6b87e0a06a073a 2.7s
2026-09-08T00:08:14.3705997Z #21 ...
2026-09-08T00:08:14.3706596Z 
2026-09-08T00:08:14.3707127Z #27 [deps 2/7] WORKDIR /app
2026-09-08T00:08:14.3708094Z #27 DONE 0.1s
2026-09-08T00:08:14.3708621Z 
2026-09-08T00:08:14.3710103Z #21 [dotnet-tools 1/2] FROM mcr.microsoft.com/dotnet/sdk:8.0-bookworm-slim@sha256:bb32ba3ba3ea36e38572d9d8db76fa15f7cbf722f3f886e06bca6d528bd4fba8
2026-09-08T00:08:14.3711569Z #21 ...
2026-09-08T00:08:14.3712294Z 
2026-09-08T00:08:14.3712883Z #28 [deps 3/7] RUN npm install -g pnpm@10.12.1
2026-09-08T00:08:17.0144294Z #28 ...
2026-09-08T00:08:17.0144747Z 
2026-09-08T00:08:17.0146101Z #17 [rust-tools 1/2] FROM docker.io/library/rust:1-bookworm@sha256:82150a52ec202c1b14d7817e14516c392bb7f5cfebd88f1ed531cb37ebd39922
2026-09-08T00:08:17.0148042Z #17 extracting sha256:abf56b2f87242de589f03ea56779358079c07c4c099bd1e454d083538eb6666d 5.8s done
2026-09-08T00:08:17.0149684Z #17 extracting sha256:08457856946d74c8aede7d750e185d1e479a79b8123d1b805182a580d224a6e2 2.1s done
2026-09-08T00:08:17.0151311Z #17 extracting sha256:8cab6ce149c24516f80b26a762b6b9aaebcaf4fbe51d4c6844af7d7dbc372f2d 3.9s
2026-09-08T00:08:17.1519205Z #17 ...
2026-09-08T00:08:17.1519696Z 
2026-09-08T00:08:17.1521124Z #21 [dotnet-tools 1/2] FROM mcr.microsoft.com/dotnet/sdk:8.0-bookworm-slim@sha256:bb32ba3ba3ea36e38572d9d8db76fa15f7cbf722f3f886e06bca6d528bd4fba8
2026-09-08T00:08:17.1523480Z #21 extracting sha256:e99f716dfd91b19b6b3256c18d2ecd63e62a9e9584bbf2dbba6b87e0a06a073a 3.6s done
2026-09-08T00:08:17.1525234Z #21 extracting sha256:40790fa57b9b922de75261a1a7b47a37525a2e606d06ea5487672b113906a295 2.0s
2026-09-08T00:08:18.9261579Z #21 ...
2026-09-08T00:08:18.9262289Z 
2026-09-08T00:08:18.9265578Z #28 [deps 3/7] RUN npm install -g pnpm@10.12.1
2026-09-08T00:08:18.9266120Z #28 3.473 
2026-09-08T00:08:18.9266565Z #28 3.473 added 1 package in 3s
2026-09-08T00:08:18.9267000Z #28 3.473 
2026-09-08T00:08:18.9267552Z #28 3.473 1 package is looking for funding
2026-09-08T00:08:18.9268190Z #28 3.473   run `npm fund` for details
2026-09-08T00:08:18.9268657Z #28 DONE 4.6s
2026-09-08T00:08:18.9269482Z 
2026-09-08T00:08:18.9270648Z #21 [dotnet-tools 1/2] FROM mcr.microsoft.com/dotnet/sdk:8.0-bookworm-slim@sha256:bb32ba3ba3ea36e38572d9d8db76fa15f7cbf722f3f886e06bca6d528bd4fba8
2026-09-08T00:08:19.1464931Z #21 ...
2026-09-08T00:08:19.1465396Z 
2026-09-08T00:08:19.1466257Z #29 [deps 4/7] COPY package.json pnpm-workspace.yaml pnpm-lock.yaml* tsconfig.json ./
2026-09-08T00:08:19.1466992Z #29 DONE 0.2s
2026-09-08T00:08:19.1467196Z 
2026-09-08T00:08:19.1467595Z #30 [deps 5/7] COPY patches patches
2026-09-08T00:08:19.1468362Z #30 DONE 0.1s
2026-09-08T00:08:19.1468784Z 
2026-09-08T00:08:19.1470025Z #21 [dotnet-tools 1/2] FROM mcr.microsoft.com/dotnet/sdk:8.0-bookworm-slim@sha256:bb32ba3ba3ea36e38572d9d8db76fa15f7cbf722f3f886e06bca6d528bd4fba8
2026-09-08T00:08:19.2515923Z #21 ...
2026-09-08T00:08:19.2516551Z 
2026-09-08T00:08:19.2517472Z #31 [deps 6/7] COPY apps/codesearch/package.json apps/codesearch/package.json
2026-09-08T00:08:19.2518445Z #31 DONE 0.1s
2026-09-08T00:08:19.2518852Z 
2026-09-08T00:08:19.2520205Z #21 [dotnet-tools 1/2] FROM mcr.microsoft.com/dotnet/sdk:8.0-bookworm-slim@sha256:bb32ba3ba3ea36e38572d9d8db76fa15f7cbf722f3f886e06bca6d528bd4fba8
2026-09-08T00:08:22.2668655Z #21 extracting sha256:40790fa57b9b922de75261a1a7b47a37525a2e606d06ea5487672b113906a295 7.1s
2026-09-08T00:08:22.7981386Z #21 ...
2026-09-08T00:08:22.8890392Z 
2026-09-08T00:08:22.8935537Z #32 [runtime  3/27] RUN apt-get update && apt-get install -y --no-install-recommends     build-essential     ca-certificates     clang     cmake     composer     git     llvm     maven     ninja-build     openjdk-17-jdk-headless     php-cli     python3     python3-dev     python3-pip     python3-venv     ruby     ruby-dev     ruby-bundler     universal-ctags   && rm -rf /var/lib/apt/lists/*
2026-09-08T00:08:22.9036570Z #32 0.242 Get:1 http://deb.debian.org/debian bookworm InRelease [151 kB]
2026-09-08T00:08:22.9084575Z #32 0.259 Get:2 http://deb.debian.org/debian bookworm-updates InRelease [55.4 kB]
2026-09-08T00:08:22.9136089Z #32 0.259 Get:3 http://deb.debian.org/debian-security bookworm-security InRelease [34.8 kB]
2026-09-08T00:08:22.9137363Z #32 0.378 Get:4 http://deb.debian.org/debian bookworm/main amd64 Packages [8790 kB]
2026-09-08T00:08:22.9192707Z #32 0.509 Get:5 http://deb.debian.org/debian bookworm-updates/main amd64 Packages [6924 B]
2026-09-08T00:08:22.9414361Z #32 0.565 Get:6 http://deb.debian.org/debian-security bookworm-security/main amd64 Packages [337 kB]
2026-09-08T00:08:22.9454449Z #32 1.668 Fetched 9375 kB in 1s (6709 kB/s)
2026-09-08T00:08:22.9508792Z #32 1.668 Reading package lists...
2026-09-08T00:08:22.9554928Z #32 2.787 Reading package lists...
2026-09-08T00:08:22.9615071Z #32 3.651 Building dependency tree...
2026-09-08T00:08:22.9683459Z #32 3.811 Reading state information...
2026-09-08T00:08:22.9779622Z #32 4.000 The following additional packages will be installed:
2026-09-08T00:08:22.9872136Z #32 4.000   binutils binutils-common binutils-x86-64-linux-gnu bzip2
2026-09-08T00:08:22.9888389Z #32 4.000   ca-certificates-java clang-14 cmake-data cpp cpp-12 default-jre-headless
2026-09-08T00:08:22.9889902Z #32 4.000   dpkg-dev fontconfig-config fonts-dejavu-core g++ g++-12 gcc gcc-12 git-man
2026-09-08T00:08:22.9897360Z #32 4.000   java-common jsonlint libaopalliance-java libapache-pom-java libarchive13
2026-09-08T00:08:22.9898806Z #32 4.000   libargon2-1 libasan8 libasound2 libasound2-data libatinject-jsr330-api-java
2026-09-08T00:08:22.9901644Z #32 4.000   libatomic1 libavahi-client3 libavahi-common-data libavahi-common3
2026-09-08T00:08:22.9908159Z #32 4.000   libbinutils libbrotli1 libbsd0 libc-dev-bin libc6-dev libcc1-0
2026-09-08T00:08:22.9909524Z #32 4.000   libcdi-api-java libclang-common-14-dev libclang-cpp14 libclang1-14
2026-09-08T00:08:22.9920425Z #32 4.000   libcommons-cli-java libcommons-io-java libcommons-lang3-java
2026-09-08T00:08:22.9921993Z #32 4.000   libcommons-parent-java libcrypt-dev libctf-nobfd0 libctf0 libcups2
2026-09-08T00:08:22.9923622Z #32 4.000   libcurl3-gnutls libcurl3-nss libcurl4 libdbus-1-3 libdpkg-perl libedit2
2026-09-08T00:08:22.9925825Z #32 4.000   liberror-perl liberror-prone-java libexpat1 libexpat1-dev libfontconfig1
2026-09-08T00:08:22.9938820Z #32 4.000   libfreetype6 libgc1 libgcc-12-dev libgdbm-compat4 libgdbm6
2026-09-08T00:08:22.9940168Z #32 4.000   libgeronimo-annotation-1.3-spec-java libgeronimo-interceptor-3.0-spec-java
2026-09-08T00:08:22.9941970Z #32 4.000   libglib2.0-0 libgmp-dev libgmpxx4ldbl libgomp1 libgprofng0 libgraphite2-3
2026-09-08T00:08:22.9948034Z #32 4.000   libgssapi-krb5-2 libguava-java libguice-java libharfbuzz0b libicu72 libisl23
2026-09-08T00:08:22.9955138Z #32 4.000   libitm1 libjansi-java libjansson4 libjpeg62-turbo libjs-jquery
2026-09-08T00:08:22.9956487Z #32 4.000   libjs-sphinxdoc libjs-underscore libjsoncpp25 libjsr305-java libk5crypto3
2026-09-08T00:08:22.9958102Z #32 4.000   libkeyutils1 libkrb5-3 libkrb5support0 liblcms2-2 libldap-2.5-0 libllvm14
2026-09-08T00:08:22.9959683Z #32 4.000   liblsan0 libmagic-mgc libmagic1 libmaven-parent-java libmaven-resolver-java
2026-09-08T00:08:22.9961261Z #32 4.000   libmaven-shared-utils-java libmaven3-core-java libmpc3 libmpfr6 libncurses6
2026-09-08T00:08:22.9963043Z #32 4.000   libncursesw6 libnghttp2-14 libnsl-dev libnsl2 libnspr4 libnss3
2026-09-08T00:08:22.9964483Z #32 4.000   libobjc-12-dev libobjc4 libonig5 libpcsclite1 libperl5.36 libpfm4
2026-09-08T00:08:22.9973431Z #32 4.000   libplexus-cipher-java libplexus-classworlds-java
2026-09-08T00:08:22.9974772Z #32 4.000   libplexus-component-annotations-java libplexus-interpolation-java
2026-09-08T00:08:22.9978244Z #32 4.000   libplexus-sec-dispatcher-java libplexus-utils2-java libpng16-16 libproc2-0
2026-09-08T00:08:22.9996672Z #32 4.000   libpsl5 libpython3-dev libpython3-stdlib libpython3.11 libpython3.11-dev
2026-09-08T00:08:23.0006467Z #32 4.000   libpython3.11-minimal libpython3.11-stdlib libquadmath0 libreadline8
2026-09-08T00:08:23.0007846Z #32 4.000   librhash0 librtmp1 libruby libruby3.1 libsasl2-2 libsasl2-modules-db
2026-09-08T00:08:23.0009135Z #32 4.000   libsisu-inject-java libsisu-plexus-java libslf4j-java libsodium23
2026-09-08T00:08:23.0013641Z #32 4.000   libsqlite3-0 libssh2-1 libssl3 libstdc++-12-dev libtirpc-common libtirpc-dev
2026-09-08T00:08:23.0017908Z #32 4.000   libtirpc3 libtsan2 libubsan1 libuv1 libwagon-file-java
2026-09-08T00:08:23.0027162Z #32 4.000   libwagon-http-shaded-java libwagon-provider-api-java libxml2 libyaml-0-2
2026-09-08T00:08:23.0033251Z #32 4.000   libz3-4 linux-libc-dev llvm-14 llvm-14-linker-tools llvm-14-runtime
2026-09-08T00:08:23.0253320Z #32 4.002   llvm-runtime make media-types nss-plugin-pem openjdk-17-jre-headless openssl
2026-09-08T00:08:23.0254555Z #32 4.002   patch perl perl-modules-5.36 php-common php-composer-ca-bundle
2026-09-08T00:08:23.0259610Z #32 4.002   php-composer-class-map-generator php-composer-metadata-minifier
2026-09-08T00:08:23.0267118Z #32 4.002   php-composer-pcre php-composer-semver php-composer-spdx-licenses
2026-09-08T00:08:23.0268308Z #32 4.002   php-composer-xdebug-handler php-intl php-json-schema php-mbstring
2026-09-08T00:08:23.0272280Z #32 4.002   php-psr-container php-psr-log php-react-promise php-seld-signal-handler
2026-09-08T00:08:23.0273465Z #32 4.002   php-symfony-console php-symfony-deprecation-contracts php-symfony-filesystem
2026-09-08T00:08:23.0276299Z #32 4.002   php-symfony-finder php-symfony-process php-symfony-service-contracts
2026-09-08T00:08:23.0278609Z #32 4.002   php-symfony-string php8.2-cli php8.2-common php8.2-intl php8.2-mbstring
2026-09-08T00:08:23.0279503Z #32 4.002   php8.2-opcache php8.2-readline procps psmisc python3-distutils
2026-09-08T00:08:23.0280363Z #32 4.002   python3-lib2to3 python3-minimal python3-pip-whl python3-pkg-resources
2026-09-08T00:08:23.0283922Z #32 4.002   python3-setuptools python3-setuptools-whl python3-wheel python3.11
2026-09-08T00:08:23.0289326Z #32 4.002   python3.11-dev python3.11-minimal python3.11-venv rake readline-common
2026-09-08T00:08:23.0293279Z #32 4.002   rpcsvc-proto ruby-net-telnet ruby-rubygems ruby-sdbm ruby-webrick
2026-09-08T00:08:23.0295866Z #32 4.002   ruby-xmlrpc ruby3.1 ruby3.1-dev rubygems-integration sensible-utils
2026-09-08T00:08:23.0296582Z #32 4.002   sgml-base ucf xz-utils zlib1g-dev
2026-09-08T00:08:23.0297065Z #32 4.002 Suggested packages:
2026-09-08T00:08:23.0299220Z #32 4.002   binutils-doc bzip2-doc clang-14-doc wasi-libc cmake-doc cmake-format
2026-09-08T00:08:23.0312442Z #32 4.002   elpa-cmake-mode fossil mercurial subversion php-zip cpp-doc gcc-12-locales
2026-09-08T00:08:23.0332610Z #32 4.002   cpp-12-doc default-jre debian-keyring g++-multilib g++-12-multilib
2026-09-08T00:08:23.0333701Z #32 4.002   gcc-12-doc gcc-multilib manpages-dev autoconf automake libtool flex bison
2026-09-08T00:08:23.0334548Z #32 4.002   gdb gcc-doc gcc-12-multilib gettext-base git-daemon-run
2026-09-08T00:08:23.0335355Z #32 4.002   | git-daemon-sysvinit git-doc git-email git-gui gitk gitweb git-cvs
2026-09-08T00:08:23.0336168Z #32 4.003   git-mediawiki git-svn lrzip libasound2-plugins alsa-utils
2026-09-08T00:08:23.0336941Z #32 4.003   libatinject-jsr330-api-java-doc glibc-doc libel-api-java
2026-09-08T00:08:23.0342073Z #32 4.003   libcommons-io-java-doc libcommons-lang3-java-doc cups-common gnupg | sq
2026-09-08T00:08:23.0343061Z #32 4.003   | sqop | pgpainless-cli bzr gdbm-l10n low-memory-monitor gmp-doc
2026-09-08T00:08:23.0361178Z #32 4.003   libgmp10-doc libmpfr-dev krb5-doc krb5-user libasm-java libcglib-java
2026-09-08T00:08:23.0363855Z #32 4.003   libjsr305-java-doc liblcms2-utils file libmaven-shared-utils-java-doc
2026-09-08T00:08:23.0364739Z #32 4.003   liblogback-java pcscd libplexus-utils2-java-doc junit4 testng
2026-09-08T00:08:23.0365636Z #32 4.003   libcommons-logging-java liblog4j1.2-java libstdc++-12-doc llvm-14-doc
2026-09-08T00:08:23.0382863Z #32 4.003   make-doc openjdk-17-demo openjdk-17-source libnss-mdns fonts-dejavu-extra
2026-09-08T00:08:23.0386528Z #32 4.003   fonts-ipafont-gothic fonts-ipafont-mincho fonts-wqy-microhei
2026-09-08T00:08:23.0387422Z #32 4.003   | fonts-wqy-zenhei fonts-indic ed diffutils-doc perl-doc
2026-09-08T00:08:23.0388276Z #32 4.003   libterm-readline-gnu-perl | libterm-readline-perl-perl
2026-09-08T00:08:23.0389268Z #32 4.003   libtap-harness-archive-perl php-symfony-event-dispatcher php-symfony-lock
2026-09-08T00:08:23.0390339Z #32 4.003   php-symfony-service-implementation php-pear python3-doc python3-tk
2026-09-08T00:08:23.0400182Z #32 4.003   python-setuptools-doc python3.11-doc binfmt-support readline-doc ri bundler
2026-09-08T00:08:23.0401083Z #32 4.003   sgml-base-doc vim | nvi | vile | emacsen
2026-09-08T00:08:23.0401675Z #32 4.003 Recommended packages:
2026-09-08T00:08:23.0421289Z #32 4.003   llvm-14-dev unzip fakeroot gnupg | sq | sqop | pgpainless-cli
2026-09-08T00:08:23.0428551Z #32 4.003   libalgorithm-merge-perl less ssh-client alsa-ucm-conf alsa-topology-conf
2026-09-08T00:08:23.0429487Z #32 4.003   manpages manpages-dev libc-devtools libclang-rt-14-dev dbus
2026-09-08T00:08:23.0430343Z #32 4.003   libfile-fcntllock-perl liblocale-gettext-perl libglib2.0-data
2026-09-08T00:08:23.0432733Z #32 4.003   shared-mime-info xdg-user-dirs javascript-common krb5-locales libldap-common
2026-09-08T00:08:23.0433778Z #32 4.003   libgpm2 publicsuffix libsasl2-modules binfmt-support | systemd netbase zip
2026-09-08T00:08:23.0434495Z #32 4.003   fonts-lato ruby3.1-doc
2026-09-08T00:08:23.0435049Z #32 6.180 The following NEW packages will be installed:
2026-09-08T00:08:23.0442035Z #32 6.180   binutils binutils-common binutils-x86-64-linux-gnu build-essential bzip2
2026-09-08T00:08:23.0452938Z #32 6.180   ca-certificates ca-certificates-java clang clang-14 cmake cmake-data
2026-09-08T00:08:23.0455506Z #32 6.180   composer cpp cpp-12 default-jre-headless dpkg-dev fontconfig-config
2026-09-08T00:08:23.0456448Z #32 6.180   fonts-dejavu-core g++ g++-12 gcc gcc-12 git git-man java-common jsonlint
2026-09-08T00:08:23.0457421Z #32 6.180   libaopalliance-java libapache-pom-java libarchive13 libargon2-1 libasan8
2026-09-08T00:08:23.0458678Z #32 6.180   libasound2 libasound2-data libatinject-jsr330-api-java libatomic1
2026-09-08T00:08:23.0468680Z #32 6.180   libavahi-client3 libavahi-common-data libavahi-common3 libbinutils
2026-09-08T00:08:23.0469609Z #32 6.180   libbrotli1 libbsd0 libc-dev-bin libc6-dev libcc1-0 libcdi-api-java
2026-09-08T00:08:23.0473239Z #32 6.180   libclang-common-14-dev libclang-cpp14 libclang1-14 libcommons-cli-java
2026-09-08T00:08:23.0477905Z #32 6.180   libcommons-io-java libcommons-lang3-java libcommons-parent-java libcrypt-dev
2026-09-08T00:08:23.0481056Z #32 6.180   libctf-nobfd0 libctf0 libcups2 libcurl3-gnutls libcurl3-nss libcurl4
2026-09-08T00:08:23.0489539Z #32 6.180   libdbus-1-3 libdpkg-perl libedit2 liberror-perl liberror-prone-java
2026-09-08T00:08:23.0494898Z #32 6.180   libexpat1 libexpat1-dev libfontconfig1 libfreetype6 libgc1 libgcc-12-dev
2026-09-08T00:08:23.0500286Z #32 6.180   libgdbm-compat4 libgdbm6 libgeronimo-annotation-1.3-spec-java
2026-09-08T00:08:23.0507479Z #32 6.180   libgeronimo-interceptor-3.0-spec-java libglib2.0-0 libgmp-dev libgmpxx4ldbl
2026-09-08T00:08:23.0518448Z #32 6.180   libgomp1 libgprofng0 libgraphite2-3 libgssapi-krb5-2 libguava-java
2026-09-08T00:08:23.0520788Z #32 6.180   libguice-java libharfbuzz0b libicu72 libisl23 libitm1 libjansi-java
2026-09-08T00:08:23.0526038Z #32 6.180   libjansson4 libjpeg62-turbo libjs-jquery libjs-sphinxdoc libjs-underscore
2026-09-08T00:08:23.0527230Z #32 6.180   libjsoncpp25 libjsr305-java libk5crypto3 libkeyutils1 libkrb5-3
2026-09-08T00:08:23.0528388Z #32 6.180   libkrb5support0 liblcms2-2 libldap-2.5-0 libllvm14 liblsan0 libmagic-mgc
2026-09-08T00:08:23.0529453Z #32 6.180   libmagic1 libmaven-parent-java libmaven-resolver-java
2026-09-08T00:08:23.0530544Z #32 6.180   libmaven-shared-utils-java libmaven3-core-java libmpc3 libmpfr6 libncurses6
2026-09-08T00:08:23.0531578Z #32 6.180   libncursesw6 libnghttp2-14 libnsl-dev libnsl2 libnspr4 libnss3
2026-09-08T00:08:23.0559161Z #32 6.183   libobjc-12-dev libobjc4 libonig5 libpcsclite1 libperl5.36 libpfm4
2026-09-08T00:08:23.0560244Z #32 6.183   libplexus-cipher-java libplexus-classworlds-java
2026-09-08T00:08:23.0583136Z #32 6.183   libplexus-component-annotations-java libplexus-interpolation-java
2026-09-08T00:08:23.0585373Z #32 6.183   libplexus-sec-dispatcher-java libplexus-utils2-java libpng16-16 libproc2-0
2026-09-08T00:08:23.0592738Z #32 6.183   libpsl5 libpython3-dev libpython3-stdlib libpython3.11 libpython3.11-dev
2026-09-08T00:08:23.0600617Z #32 6.183   libpython3.11-minimal libpython3.11-stdlib libquadmath0 libreadline8
2026-09-08T00:08:23.0602154Z #32 6.183   librhash0 librtmp1 libruby libruby3.1 libsasl2-2 libsasl2-modules-db
2026-09-08T00:08:23.0603256Z #32 6.183   libsisu-inject-java libsisu-plexus-java libslf4j-java libsodium23
2026-09-08T00:08:23.0633061Z #32 6.183   libsqlite3-0 libssh2-1 libssl3 libstdc++-12-dev libtirpc-common libtirpc-dev
2026-09-08T00:08:23.0634241Z #32 6.183   libtirpc3 libtsan2 libubsan1 libuv1 libwagon-file-java
2026-09-08T00:08:23.0635315Z #32 6.183   libwagon-http-shaded-java libwagon-provider-api-java libxml2 libyaml-0-2
2026-09-08T00:08:23.0636468Z #32 6.183   libz3-4 linux-libc-dev llvm llvm-14 llvm-14-linker-tools llvm-14-runtime
2026-09-08T00:08:23.0637507Z #32 6.183   llvm-runtime make maven media-types ninja-build nss-plugin-pem
2026-09-08T00:08:23.0638527Z #32 6.183   openjdk-17-jdk-headless openjdk-17-jre-headless openssl patch perl
2026-09-08T00:08:23.0639541Z #32 6.183   perl-modules-5.36 php-cli php-common php-composer-ca-bundle
2026-09-08T00:08:23.0640543Z #32 6.183   php-composer-class-map-generator php-composer-metadata-minifier
2026-09-08T00:08:23.0642114Z #32 6.183   php-composer-pcre php-composer-semver php-composer-spdx-licenses
2026-09-08T00:08:23.0643338Z #32 6.183   php-composer-xdebug-handler php-intl php-json-schema php-mbstring
2026-09-08T00:08:23.0644809Z #32 6.183   php-psr-container php-psr-log php-react-promise php-seld-signal-handler
2026-09-08T00:08:23.0646032Z #32 6.183   php-symfony-console php-symfony-deprecation-contracts php-symfony-filesystem
2026-09-08T00:08:23.0647546Z #32 6.183   php-symfony-finder php-symfony-process php-symfony-service-contracts
2026-09-08T00:08:23.0654245Z #32 6.183   php-symfony-string php8.2-cli php8.2-common php8.2-intl php8.2-mbstring
2026-09-08T00:08:23.0655445Z #32 6.183   php8.2-opcache php8.2-readline procps psmisc python3 python3-dev
2026-09-08T00:08:23.0656464Z #32 6.183   python3-distutils python3-lib2to3 python3-minimal python3-pip
2026-09-08T00:08:23.0657452Z #32 6.183   python3-pip-whl python3-pkg-resources python3-setuptools
2026-09-08T00:08:23.0658560Z #32 6.183   python3-setuptools-whl python3-venv python3-wheel python3.11 python3.11-dev
2026-09-08T00:08:23.0683227Z #32 6.183   python3.11-minimal python3.11-venv rake readline-common rpcsvc-proto ruby
2026-09-08T00:08:23.0684443Z #32 6.183   ruby-bundler ruby-dev ruby-net-telnet ruby-rubygems ruby-sdbm ruby-webrick
2026-09-08T00:08:23.0685600Z #32 6.183   ruby-xmlrpc ruby3.1 ruby3.1-dev rubygems-integration sensible-utils
2026-09-08T00:08:23.0686596Z #32 6.183   sgml-base ucf universal-ctags xz-utils zlib1g-dev
2026-09-08T00:08:23.0687509Z #32 6.241 0 upgraded, 251 newly installed, 0 to remove and 1 not upgraded.
2026-09-08T00:08:23.0688259Z #32 6.241 Need to get 344 MB of archives.
2026-09-08T00:08:23.0689077Z #32 6.241 After this operation, 1226 MB of additional disk space will be used.
2026-09-08T00:08:23.0690625Z #32 6.241 Get:1 http://deb.debian.org/debian bookworm/main amd64 perl-modules-5.36 all 5.36.0-7+deb12u3 [2815 kB]
2026-09-08T00:08:23.0692247Z #32 6.301 Get:2 http://deb.debian.org/debian bookworm/main amd64 libgdbm6 amd64 1.23-3 [72.2 kB]
2026-09-08T00:08:23.0693613Z #32 6.307 Get:3 http://deb.debian.org/debian bookworm/main amd64 libgdbm-compat4 amd64 1.23-3 [48.2 kB]
2026-09-08T00:08:23.0695039Z #32 6.307 Get:4 http://deb.debian.org/debian bookworm/main amd64 libperl5.36 amd64 5.36.0-7+deb12u3 [4196 kB]
2026-09-08T00:08:23.0696418Z #32 6.342 Get:5 http://deb.debian.org/debian bookworm/main amd64 perl amd64 5.36.0-7+deb12u3 [239 kB]
2026-09-08T00:08:23.0697790Z #32 6.345 Get:6 http://deb.debian.org/debian bookworm/main amd64 libssl3 amd64 3.0.20-1~deb12u2 [2036 kB]
2026-09-08T00:08:23.0699292Z #32 6.357 Get:7 http://deb.debian.org/debian bookworm/main amd64 libpython3.11-minimal amd64 3.11.2-6+deb12u8 [818 kB]
2026-09-08T00:08:23.0701138Z #32 6.363 Get:8 http://deb.debian.org/debian-security bookworm-security/main amd64 libexpat1 amd64 2.5.0-1+deb12u3 [104 kB]
2026-09-08T00:08:23.0702991Z #32 6.363 Get:9 http://deb.debian.org/debian bookworm/main amd64 python3.11-minimal amd64 3.11.2-6+deb12u8 [2065 kB]
2026-09-08T00:08:23.0704529Z #32 6.371 Get:10 http://deb.debian.org/debian bookworm/main amd64 python3-minimal amd64 3.11.2-1+b1 [26.3 kB]
2026-09-08T00:08:23.0712078Z #32 6.371 Get:11 http://deb.debian.org/debian bookworm/main amd64 media-types all 10.0.0 [26.1 kB]
2026-09-08T00:08:23.0713397Z #32 6.371 Get:12 http://deb.debian.org/debian bookworm/main amd64 libncursesw6 amd64 6.4-4 [134 kB]
2026-09-08T00:08:23.0714840Z #32 6.380 Get:13 http://deb.debian.org/debian bookworm/main amd64 libkrb5support0 amd64 1.20.1-2+deb12u5 [33.2 kB]
2026-09-08T00:08:23.0722297Z #32 6.380 Get:14 http://deb.debian.org/debian bookworm/main amd64 libk5crypto3 amd64 1.20.1-2+deb12u5 [79.7 kB]
2026-09-08T00:08:23.0726916Z #32 6.380 Get:15 http://deb.debian.org/debian bookworm/main amd64 libkeyutils1 amd64 1.6.3-2 [8808 B]
2026-09-08T00:08:23.0728325Z #32 6.380 Get:16 http://deb.debian.org/debian bookworm/main amd64 libkrb5-3 amd64 1.20.1-2+deb12u5 [332 kB]
2026-09-08T00:08:23.0729809Z #32 6.380 Get:17 http://deb.debian.org/debian bookworm/main amd64 libgssapi-krb5-2 amd64 1.20.1-2+deb12u5 [135 kB]
2026-09-08T00:08:23.0731276Z #32 6.389 Get:18 http://deb.debian.org/debian bookworm/main amd64 libtirpc-common all 1.3.3+ds-1 [14.0 kB]
2026-09-08T00:08:23.0732856Z #32 6.389 Get:19 http://deb.debian.org/debian bookworm/main amd64 libtirpc3 amd64 1.3.3+ds-1 [85.2 kB]
2026-09-08T00:08:23.0734142Z #32 6.389 Get:20 http://deb.debian.org/debian bookworm/main amd64 libnsl2 amd64 1.3.0-2 [39.5 kB]
2026-09-08T00:08:23.0742325Z #32 6.389 Get:21 http://deb.debian.org/debian bookworm/main amd64 readline-common all 8.2-1.3 [69.0 kB]
2026-09-08T00:08:23.0746931Z #32 6.389 Get:22 http://deb.debian.org/debian bookworm/main amd64 libreadline8 amd64 8.2-1.3 [166 kB]
2026-09-08T00:08:23.0748407Z #32 6.389 Get:23 http://deb.debian.org/debian bookworm/main amd64 libsqlite3-0 amd64 3.40.1-2+deb12u2 [839 kB]
2026-09-08T00:08:23.0749942Z #32 6.394 Get:24 http://deb.debian.org/debian bookworm/main amd64 libpython3.11-stdlib amd64 3.11.2-6+deb12u8 [1799 kB]
2026-09-08T00:08:23.0762486Z #32 6.406 Get:25 http://deb.debian.org/debian bookworm/main amd64 python3.11 amd64 3.11.2-6+deb12u8 [574 kB]
2026-09-08T00:08:23.0763963Z #32 6.417 Get:26 http://deb.debian.org/debian bookworm/main amd64 libpython3-stdlib amd64 3.11.2-1+b1 [9312 B]
2026-09-08T00:08:23.0770945Z #32 6.417 Get:27 http://deb.debian.org/debian bookworm/main amd64 python3 amd64 3.11.2-1+b1 [26.3 kB]
2026-09-08T00:08:23.0772492Z #32 6.417 Get:28 http://deb.debian.org/debian bookworm/main amd64 sgml-base all 1.31 [15.4 kB]
2026-09-08T00:08:23.0780458Z #32 6.417 Get:29 http://deb.debian.org/debian bookworm/main amd64 libproc2-0 amd64 2:4.0.2-3 [62.8 kB]
2026-09-08T00:08:23.0782052Z #32 6.417 Get:30 http://deb.debian.org/debian bookworm/main amd64 procps amd64 2:4.0.2-3 [709 kB]
2026-09-08T00:08:23.0783415Z #32 6.444 Get:31 http://deb.debian.org/debian bookworm/main amd64 sensible-utils all 0.0.17+nmu1 [19.0 kB]
2026-09-08T00:08:23.0803650Z #32 6.444 Get:32 http://deb.debian.org/debian bookworm/main amd64 bzip2 amd64 1.0.8-5+b1 [49.8 kB]
2026-09-08T00:08:23.0807223Z #32 6.444 Get:33 http://deb.debian.org/debian bookworm/main amd64 openssl amd64 3.0.20-1~deb12u2 [1439 kB]
2026-09-08T00:08:23.0811002Z #32 6.448 Get:34 http://deb.debian.org/debian-security bookworm-security/main amd64 ca-certificates all 20250419~deb12u1 [162 kB]
2026-09-08T00:08:23.0826451Z #32 6.450 Get:35 http://deb.debian.org/debian bookworm/main amd64 ucf all 3.0043+nmu1+deb12u1 [55.3 kB]
2026-09-08T00:08:23.0827875Z #32 6.450 Get:36 http://deb.debian.org/debian bookworm/main amd64 xz-utils amd64 5.4.1-1+deb12u1 [471 kB]
2026-09-08T00:08:23.0838007Z #32 6.459 Get:37 http://deb.debian.org/debian bookworm/main amd64 binutils-common amd64 2.40-2 [2487 kB]
2026-09-08T00:08:23.0839425Z #32 6.480 Get:38 http://deb.debian.org/debian bookworm/main amd64 libbinutils amd64 2.40-2 [572 kB]
2026-09-08T00:08:23.0840751Z #32 6.485 Get:39 http://deb.debian.org/debian bookworm/main amd64 libctf-nobfd0 amd64 2.40-2 [153 kB]
2026-09-08T00:08:23.0863002Z #32 6.485 Get:40 http://deb.debian.org/debian bookworm/main amd64 libctf0 amd64 2.40-2 [89.8 kB]
2026-09-08T00:08:23.0864606Z #32 6.485 Get:41 http://deb.debian.org/debian bookworm/main amd64 libgprofng0 amd64 2.40-2 [812 kB]
2026-09-08T00:08:23.0865929Z #32 6.496 Get:42 http://deb.debian.org/debian bookworm/main amd64 libjansson4 amd64 2.14-2 [40.8 kB]
2026-09-08T00:08:23.0867355Z #32 6.496 Get:43 http://deb.debian.org/debian bookworm/main amd64 binutils-x86-64-linux-gnu amd64 2.40-2 [2246 kB]
2026-09-08T00:08:23.0879111Z #32 6.512 Get:44 http://deb.debian.org/debian bookworm/main amd64 binutils amd64 2.40-2 [65.0 kB]
2026-09-08T00:08:23.0884363Z #32 6.515 Get:45 http://deb.debian.org/debian bookworm/main amd64 libc-dev-bin amd64 2.36-9+deb12u14 [48.1 kB]
2026-09-08T00:08:23.0887398Z #32 6.515 Get:46 http://deb.debian.org/debian-security bookworm-security/main amd64 linux-libc-dev amd64 6.1.180-1 [2332 kB]
2026-09-08T00:08:23.0902236Z #32 6.548 Get:47 http://deb.debian.org/debian bookworm/main amd64 libcrypt-dev amd64 1:4.4.33-2 [118 kB]
2026-09-08T00:08:23.0903929Z #32 6.552 Get:48 http://deb.debian.org/debian bookworm/main amd64 libtirpc-dev amd64 1.3.3+ds-1 [191 kB]
2026-09-08T00:08:23.0905322Z #32 6.553 Get:49 http://deb.debian.org/debian bookworm/main amd64 libnsl-dev amd64 1.3.0-2 [66.4 kB]
2026-09-08T00:08:23.0906648Z #32 6.553 Get:50 http://deb.debian.org/debian bookworm/main amd64 rpcsvc-proto amd64 1.4.3-1 [63.3 kB]
2026-09-08T00:08:23.0908459Z #32 6.553 Get:51 http://deb.debian.org/debian bookworm/main amd64 libc6-dev amd64 2.36-9+deb12u14 [1904 kB]
2026-09-08T00:08:23.0910022Z #32 6.577 Get:52 http://deb.debian.org/debian bookworm/main amd64 libisl23 amd64 0.25-1.1 [683 kB]
2026-09-08T00:08:23.0911290Z #32 6.582 Get:53 http://deb.debian.org/debian bookworm/main amd64 libmpfr6 amd64 4.2.0-1 [701 kB]
2026-09-08T00:08:23.0923914Z #32 6.588 Get:54 http://deb.debian.org/debian bookworm/main amd64 libmpc3 amd64 1.3.1-1 [51.5 kB]
2026-09-08T00:08:23.0944470Z #32 6.588 Get:55 http://deb.debian.org/debian bookworm/main amd64 cpp-12 amd64 12.2.0-14+deb12u1 [9768 kB]
2026-09-08T00:08:23.0945892Z #32 6.643 Get:56 http://deb.debian.org/debian bookworm/main amd64 cpp amd64 4:12.2.0-3 [6836 B]
2026-09-08T00:08:23.0947254Z #32 6.643 Get:57 http://deb.debian.org/debian bookworm/main amd64 libcc1-0 amd64 12.2.0-14+deb12u1 [41.7 kB]
2026-09-08T00:08:23.0948736Z #32 6.643 Get:58 http://deb.debian.org/debian bookworm/main amd64 libgomp1 amd64 12.2.0-14+deb12u1 [116 kB]
2026-09-08T00:08:23.0950178Z #32 6.643 Get:59 http://deb.debian.org/debian bookworm/main amd64 libitm1 amd64 12.2.0-14+deb12u1 [26.1 kB]
2026-09-08T00:08:23.0951614Z #32 6.643 Get:60 http://deb.debian.org/debian bookworm/main amd64 libatomic1 amd64 12.2.0-14+deb12u1 [9376 B]
2026-09-08T00:08:23.1045836Z #32 6.644 Get:61 http://deb.debian.org/debian bookworm/main amd64 libasan8 amd64 12.2.0-14+deb12u1 [2193 kB]
2026-09-08T00:08:23.1065993Z #32 6.665 Get:62 http://deb.debian.org/debian bookworm/main amd64 liblsan0 amd64 12.2.0-14+deb12u1 [969 kB]
2026-09-08T00:08:23.1070735Z #32 6.667 Get:63 http://deb.debian.org/debian bookworm/main amd64 libtsan2 amd64 12.2.0-14+deb12u1 [2197 kB]
2026-09-08T00:08:23.1075372Z #32 6.701 Get:64 http://deb.debian.org/debian bookworm/main amd64 libubsan1 amd64 12.2.0-14+deb12u1 [883 kB]
2026-09-08T00:08:23.1090202Z #32 6.703 Get:65 http://deb.debian.org/debian bookworm/main amd64 libquadmath0 amd64 12.2.0-14+deb12u1 [145 kB]
2026-09-08T00:08:23.1092066Z #32 6.705 Get:66 http://deb.debian.org/debian bookworm/main amd64 libgcc-12-dev amd64 12.2.0-14+deb12u1 [2437 kB]
2026-09-08T00:08:23.1093553Z #32 6.716 Get:67 http://deb.debian.org/debian bookworm/main amd64 gcc-12 amd64 12.2.0-14+deb12u1 [19.3 MB]
2026-09-08T00:08:23.1094854Z #32 6.817 Get:68 http://deb.debian.org/debian bookworm/main amd64 gcc amd64 4:12.2.0-3 [5216 B]
2026-09-08T00:08:23.1096260Z #32 6.820 Get:69 http://deb.debian.org/debian bookworm/main amd64 libstdc++-12-dev amd64 12.2.0-14+deb12u1 [2047 kB]
2026-09-08T00:08:23.1105324Z #32 6.831 Get:70 http://deb.debian.org/debian bookworm/main amd64 g++-12 amd64 12.2.0-14+deb12u1 [10.7 MB]
2026-09-08T00:08:23.1106649Z #32 6.893 Get:71 http://deb.debian.org/debian bookworm/main amd64 g++ amd64 4:12.2.0-3 [1356 B]
2026-09-08T00:08:23.1107850Z #32 6.896 Get:72 http://deb.debian.org/debian bookworm/main amd64 make amd64 4.3-4.1 [396 kB]
2026-09-08T00:08:23.1109079Z #32 6.898 Get:73 http://deb.debian.org/debian bookworm/main amd64 libdpkg-perl all 1.21.23 [604 kB]
2026-09-08T00:08:23.1110357Z #32 6.903 Get:74 http://deb.debian.org/debian bookworm/main amd64 patch amd64 2.7.6-7 [128 kB]
2026-09-08T00:08:23.1131147Z #32 6.905 Get:75 http://deb.debian.org/debian bookworm/main amd64 dpkg-dev all 1.21.23 [1354 kB]
2026-09-08T00:08:23.1132908Z #32 6.925 Get:76 http://deb.debian.org/debian bookworm/main amd64 build-essential amd64 12.9 [7704 B]
2026-09-08T00:08:23.1135012Z #32 6.925 Get:77 http://deb.debian.org/debian bookworm/main amd64 ca-certificates-java all 20230710~deb12u1 [11.9 kB]
2026-09-08T00:08:23.1136857Z #32 6.925 Get:78 http://deb.debian.org/debian bookworm/main amd64 libbsd0 amd64 0.11.7-2 [117 kB]
2026-09-08T00:08:23.1139441Z #32 6.925 Get:79 http://deb.debian.org/debian bookworm/main amd64 libedit2 amd64 3.1-20221030-2 [93.0 kB]
2026-09-08T00:08:23.1140877Z #32 6.925 Get:80 http://deb.debian.org/debian bookworm/main amd64 libicu72 amd64 72.1-3+deb12u1 [9376 kB]
2026-09-08T00:08:23.1142665Z #32 6.989 Get:81 http://deb.debian.org/debian bookworm/main amd64 libxml2 amd64 2.9.14+dfsg-1.3~deb12u6 [689 kB]
2026-09-08T00:08:23.1144373Z #32 6.997 Get:82 http://deb.debian.org/debian bookworm/main amd64 libz3-4 amd64 4.8.12-3.1 [7216 kB]
2026-09-08T00:08:23.1145913Z #32 7.077 Get:83 http://deb.debian.org/debian bookworm/main amd64 libllvm14 amd64 1:14.0.6-12 [21.8 MB]
2026-09-08T00:08:23.1147322Z #32 7.490 Get:84 http://deb.debian.org/debian bookworm/main amd64 libclang-cpp14 amd64 1:14.0.6-12 [11.1 MB]
2026-09-08T00:08:23.1155216Z #32 7.549 Get:85 http://deb.debian.org/debian bookworm/main amd64 libgc1 amd64 1:8.2.2-3 [245 kB]
2026-09-08T00:08:23.1156622Z #32 7.560 Get:86 http://deb.debian.org/debian bookworm/main amd64 libobjc4 amd64 12.2.0-14+deb12u1 [43.2 kB]
2026-09-08T00:08:23.1163756Z #32 7.560 Get:87 http://deb.debian.org/debian bookworm/main amd64 libobjc-12-dev amd64 12.2.0-14+deb12u1 [170 kB]
2026-09-08T00:08:23.1192823Z #32 7.560 Get:88 http://deb.debian.org/debian bookworm/main amd64 libclang-common-14-dev all 1:14.0.6-12 [890 kB]
2026-09-08T00:08:23.1196976Z #32 7.560 Get:89 http://deb.debian.org/debian bookworm/main amd64 llvm-14-linker-tools amd64 1:14.0.6-12 [1288 kB]
2026-09-08T00:08:23.1200815Z #32 7.573 Get:90 http://deb.debian.org/debian bookworm/main amd64 libclang1-14 amd64 1:14.0.6-12 [6157 kB]
2026-09-08T00:08:23.1202350Z #32 7.606 Get:91 http://deb.debian.org/debian bookworm/main amd64 clang-14 amd64 1:14.0.6-12 [102 kB]
2026-09-08T00:08:23.1203809Z #32 7.606 Get:92 http://deb.debian.org/debian bookworm/main amd64 clang amd64 1:14.0-55.7~deb12u1 [5144 B]
2026-09-08T00:08:23.1205477Z #32 7.617 Get:93 http://deb.debian.org/debian-security bookworm-security/main amd64 libarchive13 amd64 3.6.2-1+deb12u5 [345 kB]
2026-09-08T00:08:23.1230272Z #32 7.617 Get:94 http://deb.debian.org/debian bookworm/main amd64 libbrotli1 amd64 1.0.9-2+b6 [275 kB]
2026-09-08T00:08:23.1234448Z #32 7.617 Get:95 http://deb.debian.org/debian bookworm/main amd64 libsasl2-modules-db amd64 2.1.28+dfsg-10 [20.3 kB]
2026-09-08T00:08:23.1236073Z #32 7.617 Get:96 http://deb.debian.org/debian bookworm/main amd64 libsasl2-2 amd64 2.1.28+dfsg-10 [59.7 kB]
2026-09-08T00:08:23.1237535Z #32 7.617 Get:97 http://deb.debian.org/debian bookworm/main amd64 libldap-2.5-0 amd64 2.5.13+dfsg-5 [183 kB]
2026-09-08T00:08:23.1239007Z #32 7.625 Get:98 http://deb.debian.org/debian bookworm/main amd64 libnghttp2-14 amd64 1.52.0-1+deb12u3 [72.4 kB]
2026-09-08T00:08:23.1240371Z #32 7.625 Get:99 http://deb.debian.org/debian bookworm/main amd64 libpsl5 amd64 0.21.2-1 [58.7 kB]
2026-09-08T00:08:23.1262643Z #32 7.629 Get:100 http://deb.debian.org/debian bookworm/main amd64 librtmp1 amd64 2.4+20151223.gitfa8646d.1-2+b2 [60.8 kB]
2026-09-08T00:08:23.1264455Z #32 7.629 Get:101 http://deb.debian.org/debian-security bookworm-security/main amd64 libssh2-1 amd64 1.10.0-3+deb12u1 [176 kB]
2026-09-08T00:08:23.1266094Z #32 7.629 Get:102 http://deb.debian.org/debian bookworm/main amd64 libcurl4 amd64 7.88.1-10+deb12u15 [392 kB]
2026-09-08T00:08:23.1267532Z #32 7.637 Get:103 http://deb.debian.org/debian bookworm/main amd64 libjsoncpp25 amd64 1.9.5-4 [78.6 kB]
2026-09-08T00:08:23.1268895Z #32 7.638 Get:104 http://deb.debian.org/debian bookworm/main amd64 librhash0 amd64 1.4.3-3 [134 kB]
2026-09-08T00:08:23.1270269Z #32 7.738 Get:105 http://deb.debian.org/debian bookworm/main amd64 libuv1 amd64 1.44.2-1+deb12u1 [136 kB]
2026-09-08T00:08:23.1271642Z #32 7.738 Get:106 http://deb.debian.org/debian bookworm/main amd64 cmake-data all 3.25.1-1 [2026 kB]
2026-09-08T00:08:23.1273184Z #32 7.779 Get:107 http://deb.debian.org/debian bookworm/main amd64 cmake amd64 3.25.1-1 [8692 kB]
2026-09-08T00:08:23.1274515Z #32 7.925 Get:108 http://deb.debian.org/debian bookworm/main amd64 libmagic-mgc amd64 1:5.44-3 [305 kB]
2026-09-08T00:08:23.1342511Z #32 7.949 Get:109 http://deb.debian.org/debian bookworm/main amd64 libmagic1 amd64 1:5.44-3 [104 kB]
2026-09-08T00:08:23.1343894Z #32 7.949 Get:110 http://deb.debian.org/debian bookworm/main amd64 psmisc amd64 23.6-1 [259 kB]
2026-09-08T00:08:23.1345171Z #32 7.949 Get:111 http://deb.debian.org/debian bookworm/main amd64 php-common all 2:93 [13.1 kB]
2026-09-08T00:08:23.1347014Z #32 7.953 Get:112 http://deb.debian.org/debian-security bookworm-security/main amd64 php8.2-common amd64 8.2.33-1~deb12u1 [691 kB]
2026-09-08T00:08:23.1349041Z #32 7.953 Get:113 http://deb.debian.org/debian-security bookworm-security/main amd64 php8.2-opcache amd64 8.2.33-1~deb12u1 [346 kB]
2026-09-08T00:08:23.1350865Z #32 7.953 Get:114 http://deb.debian.org/debian-security bookworm-security/main amd64 php8.2-readline amd64 8.2.33-1~deb12u1 [12.4 kB]
2026-09-08T00:08:23.1364189Z #32 7.953 Get:115 http://deb.debian.org/debian bookworm/main amd64 libargon2-1 amd64 0~20171227-0.3+deb12u1 [19.4 kB]
2026-09-08T00:08:23.1400233Z #32 7.953 Get:116 http://deb.debian.org/debian bookworm/main amd64 libsodium23 amd64 1.0.18-1+deb12u1 [162 kB]
2026-09-08T00:08:23.1402109Z #32 7.973 Get:117 http://deb.debian.org/debian-security bookworm-security/main amd64 php8.2-cli amd64 8.2.33-1~deb12u1 [1740 kB]
2026-09-08T00:08:23.1403656Z #32 7.990 Get:118 http://deb.debian.org/debian bookworm/main amd64 php-cli all 2:8.2+93 [4108 B]
2026-09-08T00:08:23.1405202Z #32 7.990 Get:119 http://deb.debian.org/debian bookworm/main amd64 php-composer-ca-bundle all 1.3.5-1 [11.5 kB]
2026-09-08T00:08:23.1421509Z #32 7.991 Get:120 http://deb.debian.org/debian bookworm/main amd64 php-symfony-deprecation-contracts all 2.5.5-0+deb12u1 [6032 B]
2026-09-08T00:08:23.1423562Z #32 7.991 Get:121 http://deb.debian.org/debian bookworm/main amd64 php-symfony-finder all 5.4.53+dfsg-0+deb12u1 [30.3 kB]
2026-09-08T00:08:23.1472227Z #32 7.992 Get:122 http://deb.debian.org/debian bookworm/main amd64 php-composer-pcre all 3.1.0-1+deb12u1 [10.1 kB]
2026-09-08T00:08:23.1474048Z #32 7.995 Get:123 http://deb.debian.org/debian bookworm/main amd64 php-composer-class-map-generator all 1.0.0-2+deb12u1 [10.2 kB]
2026-09-08T00:08:23.1475733Z #32 7.996 Get:124 http://deb.debian.org/debian bookworm/main amd64 php-composer-metadata-minifier all 1.0.0-2 [3632 B]
2026-09-08T00:08:23.1477590Z #32 8.050 Get:125 http://deb.debian.org/debian bookworm/main amd64 php-composer-semver all 3.3.2-1 [21.9 kB]
2026-09-08T00:08:23.1479197Z #32 8.050 Get:126 http://deb.debian.org/debian bookworm/main amd64 php-composer-spdx-licenses all 1.5.7-1 [14.5 kB]
2026-09-08T00:08:23.1481006Z #32 8.050 Get:127 http://deb.debian.org/debian bookworm/main amd64 php-psr-log all 1.1.4-2 [9560 B]
2026-09-08T00:08:23.1502950Z #32 8.050 Get:128 http://deb.debian.org/debian bookworm/main amd64 php-composer-xdebug-handler all 3.0.3-2+deb12u1 [18.6 kB]
2026-09-08T00:08:23.1504844Z #32 8.050 Get:129 http://deb.debian.org/debian bookworm/main amd64 php-json-schema all 5.2.12-2 [38.3 kB]
2026-09-08T00:08:23.1506247Z #32 8.050 Get:130 http://deb.debian.org/debian bookworm/main amd64 jsonlint all 1.9.0-1 [14.2 kB]
2026-09-08T00:08:23.1507552Z #32 8.050 Get:131 http://deb.debian.org/debian bookworm/main amd64 libonig5 amd64 6.9.8-1 [188 kB]
2026-09-08T00:08:23.1509197Z #32 8.050 Get:132 http://deb.debian.org/debian-security bookworm-security/main amd64 php8.2-mbstring amd64 8.2.33-1~deb12u1 [442 kB]
2026-09-08T00:08:23.1510818Z #32 8.158 Get:133 http://deb.debian.org/debian bookworm/main amd64 php-mbstring all 2:8.2+93 [3664 B]
2026-09-08T00:08:23.1573623Z #32 8.164 Get:134 http://deb.debian.org/debian bookworm/main amd64 php-psr-container all 1.1.2-1 [4324 B]
2026-09-08T00:08:23.1575345Z #32 8.164 Get:135 http://deb.debian.org/debian bookworm/main amd64 php-symfony-service-contracts all 2.5.5-0+deb12u1 [10.1 kB]
2026-09-08T00:08:23.1577147Z #32 8.185 Get:136 http://deb.debian.org/debian-security bookworm-security/main amd64 php8.2-intl amd64 8.2.33-1~deb12u1 [138 kB]
2026-09-08T00:08:23.1578677Z #32 8.190 Get:137 http://deb.debian.org/debian bookworm/main amd64 php-intl all 2:8.2+93 [3664 B]
2026-09-08T00:08:23.1580177Z #32 8.190 Get:138 http://deb.debian.org/debian bookworm/main amd64 php-symfony-string all 5.4.53+dfsg-0+deb12u1 [40.1 kB]
2026-09-08T00:08:23.2328442Z #32 8.194 Get:139 http://deb.debian.org/debian bookworm/main amd64 php-symfony-console all 5.4.53+dfsg-0+deb12u1 [94.4 kB]
2026-09-08T00:08:23.2331354Z #32 8.194 Get:140 http://deb.debian.org/debian bookworm/main amd64 php-symfony-filesystem all 5.4.53+dfsg-0+deb12u1 [29.3 kB]
2026-09-08T00:08:23.2416993Z #32 8.194 Get:141 http://deb.debian.org/debian bookworm/main amd64 php-symfony-process all 5.4.53+dfsg-0+deb12u1 [35.0 kB]
2026-09-08T00:08:23.2418633Z #32 8.199 Get:142 http://deb.debian.org/debian bookworm/main amd64 php-react-promise all 2.9.0-3 [22.4 kB]
2026-09-08T00:08:23.2420136Z #32 8.199 Get:143 http://deb.debian.org/debian bookworm/main amd64 php-seld-signal-handler all 2.0.1-2 [9604 B]
2026-09-08T00:08:23.2423912Z #32 8.199 Get:144 http://deb.debian.org/debian bookworm/main amd64 composer all 2.5.5-1+deb12u5 [493 kB]
2026-09-08T00:08:23.2425705Z #32 8.201 Get:145 http://deb.debian.org/debian bookworm/main amd64 java-common all 0.74 [6388 B]
2026-09-08T00:08:23.2453788Z #32 8.204 Get:146 http://deb.debian.org/debian bookworm/main amd64 libavahi-common-data amd64 0.8-10+deb12u1 [107 kB]
2026-09-08T00:08:23.2469687Z #32 8.204 Get:147 http://deb.debian.org/debian bookworm/main amd64 libavahi-common3 amd64 0.8-10+deb12u1 [42.1 kB]
2026-09-08T00:08:23.2471289Z #32 8.204 Get:148 http://deb.debian.org/debian bookworm/main amd64 libdbus-1-3 amd64 1.14.10-1~deb12u1 [201 kB]
2026-09-08T00:08:23.2476035Z #32 8.207 Get:149 http://deb.debian.org/debian bookworm/main amd64 libavahi-client3 amd64 0.8-10+deb12u1 [45.8 kB]
2026-09-08T00:08:23.2481063Z #32 8.208 Get:150 http://deb.debian.org/debian bookworm/main amd64 libcups2 amd64 2.4.2-3+deb12u9 [245 kB]
2026-09-08T00:08:23.2484551Z #32 8.213 Get:151 http://deb.debian.org/debian bookworm/main amd64 libpng16-16 amd64 1.6.39-2+deb12u5 [277 kB]
2026-09-08T00:08:23.2492830Z #32 8.219 Get:152 http://deb.debian.org/debian bookworm/main amd64 libfreetype6 amd64 2.12.1+dfsg-5+deb12u4 [398 kB]
2026-09-08T00:08:23.2497060Z #32 8.225 Get:153 http://deb.debian.org/debian bookworm/main amd64 fonts-dejavu-core all 2.37-6 [1068 kB]
2026-09-08T00:08:23.2827699Z #32 8.250 Get:154 http://deb.debian.org/debian bookworm/main amd64 fontconfig-config amd64 2.14.1-4 [315 kB]
2026-09-08T00:08:23.2829218Z #32 8.250 Get:155 http://deb.debian.org/debian bookworm/main amd64 libfontconfig1 amd64 2.14.1-4 [386 kB]
2026-09-08T00:08:23.2830655Z #32 8.250 Get:156 http://deb.debian.org/debian bookworm/main amd64 liblcms2-2 amd64 2.14-2+deb12u1 [154 kB]
2026-09-08T00:08:23.2832457Z #32 8.250 Get:157 http://deb.debian.org/debian bookworm/main amd64 libjpeg62-turbo amd64 1:2.1.5-2 [166 kB]
2026-09-08T00:08:23.2833838Z #32 8.254 Get:158 http://deb.debian.org/debian bookworm/main amd64 libnspr4 amd64 2:4.35-1 [113 kB]
2026-09-08T00:08:23.2835382Z #32 8.262 Get:159 http://deb.debian.org/debian-security bookworm-security/main amd64 libnss3 amd64 2:3.87.1-1+deb12u4 [1331 kB]
2026-09-08T00:08:23.2836910Z #32 8.319 Get:160 http://deb.debian.org/debian bookworm/main amd64 libasound2-data all 1.2.8-1 [20.5 kB]
2026-09-08T00:08:23.2838260Z #32 8.324 Get:161 http://deb.debian.org/debian bookworm/main amd64 libasound2 amd64 1.2.8-1+b1 [362 kB]
2026-09-08T00:08:23.2839693Z #32 8.383 Get:162 http://deb.debian.org/debian bookworm/main amd64 libglib2.0-0 amd64 2.74.6-2+deb12u9 [1403 kB]
2026-09-08T00:08:23.2841174Z #32 8.414 Get:163 http://deb.debian.org/debian bookworm/main amd64 libgraphite2-3 amd64 1.3.14-1+deb12u1 [74.6 kB]
2026-09-08T00:08:23.2842983Z #32 8.414 Get:164 http://deb.debian.org/debian bookworm/main amd64 libharfbuzz0b amd64 6.0.0+dfsg-3 [1945 kB]
2026-09-08T00:08:23.2844424Z #32 8.563 Get:165 http://deb.debian.org/debian bookworm/main amd64 libpcsclite1 amd64 1.9.9-2 [49.7 kB]
2026-09-08T00:08:23.2846163Z #32 8.563 Get:166 http://deb.debian.org/debian-security bookworm-security/main amd64 openjdk-17-jre-headless amd64 17.0.20.1+1-1~deb12u1 [43.9 MB]
2026-09-08T00:08:23.2847922Z #32 9.132 Get:167 http://deb.debian.org/debian bookworm/main amd64 default-jre-headless amd64 2:1.17-74 [2936 B]
2026-09-08T00:08:23.2849459Z #32 9.134 Get:168 http://deb.debian.org/debian bookworm/main amd64 libcurl3-gnutls amd64 7.88.1-10+deb12u15 [386 kB]
2026-09-08T00:08:23.2851194Z #32 9.142 Get:169 http://deb.debian.org/debian bookworm/main amd64 liberror-perl all 0.17029-2 [29.0 kB]
2026-09-08T00:08:23.2853856Z #32 9.143 Get:170 http://deb.debian.org/debian bookworm/main amd64 git-man all 1:2.39.5-0+deb12u3 [2053 kB]
2026-09-08T00:08:23.2855290Z #32 9.233 Get:171 http://deb.debian.org/debian bookworm/main amd64 git amd64 1:2.39.5-0+deb12u3 [7264 kB]
2026-09-08T00:08:23.2856736Z #32 9.304 Get:172 http://deb.debian.org/debian bookworm/main amd64 libaopalliance-java all 20070526-7 [8572 B]
2026-09-08T00:08:23.2858183Z #32 9.308 Get:173 http://deb.debian.org/debian bookworm/main amd64 libapache-pom-java all 29-2 [5276 B]
2026-09-08T00:08:23.2859703Z #32 9.309 Get:174 http://deb.debian.org/debian bookworm/main amd64 libatinject-jsr330-api-java all 1.0+ds1-5 [5312 B]
2026-09-08T00:08:23.2861393Z #32 9.311 Get:175 http://deb.debian.org/debian bookworm/main amd64 libgeronimo-interceptor-3.0-spec-java all 1.0.1-4 [8484 B]
2026-09-08T00:08:23.2863180Z #32 9.312 Get:176 http://deb.debian.org/debian bookworm/main amd64 libcdi-api-java all 1.2-3 [54.3 kB]
2026-09-08T00:08:23.3692735Z #32 9.314 Get:177 http://deb.debian.org/debian bookworm/main amd64 libcommons-cli-java all 1.5.0-1 [60.0 kB]
2026-09-08T00:08:23.3694358Z #32 9.315 Get:178 http://deb.debian.org/debian bookworm/main amd64 libcommons-parent-java all 56-1 [10.8 kB]
2026-09-08T00:08:23.3695815Z #32 9.323 Get:179 http://deb.debian.org/debian bookworm/main amd64 libcommons-io-java all 2.11.0-2 [319 kB]
2026-09-08T00:08:23.3697330Z #32 9.326 Get:180 http://deb.debian.org/debian bookworm/main amd64 libcommons-lang3-java all 3.12.0-2+deb12u1 [566 kB]
2026-09-08T00:08:23.3698836Z #32 9.330 Get:181 http://deb.debian.org/debian bookworm/main amd64 nss-plugin-pem amd64 1.0.8+1-1 [54.6 kB]
2026-09-08T00:08:23.3700302Z #32 9.334 Get:182 http://deb.debian.org/debian bookworm/main amd64 libcurl3-nss amd64 7.88.1-10+deb12u15 [396 kB]
2026-09-08T00:08:23.3702319Z #32 9.334 Get:183 http://deb.debian.org/debian bookworm/main amd64 libjsr305-java all 0.1~+svn49-11 [26.9 kB]
2026-09-08T00:08:23.3703776Z #32 9.342 Get:184 http://deb.debian.org/debian bookworm/main amd64 libguava-java all 31.1-1 [2613 kB]
2026-09-08T00:08:23.3705206Z #32 9.359 Get:185 http://deb.debian.org/debian bookworm/main amd64 liberror-prone-java all 2.18.0-1 [22.5 kB]
2026-09-08T00:08:23.3706853Z #32 9.360 Get:186 http://deb.debian.org/debian-security bookworm-security/main amd64 libexpat1-dev amd64 2.5.0-1+deb12u3 [155 kB]
2026-09-08T00:08:23.3708594Z #32 9.361 Get:187 http://deb.debian.org/debian bookworm/main amd64 libgeronimo-annotation-1.3-spec-java all 1.3-1 [11.1 kB]
2026-09-08T00:08:23.3710204Z #32 9.361 Get:188 http://deb.debian.org/debian bookworm/main amd64 libgmpxx4ldbl amd64 2:6.2.1+dfsg1-1.1 [338 kB]
2026-09-08T00:08:23.3711683Z #32 9.370 Get:189 http://deb.debian.org/debian bookworm/main amd64 libgmp-dev amd64 2:6.2.1+dfsg1-1.1 [641 kB]
2026-09-08T00:08:23.3851121Z #32 9.374 Get:190 http://deb.debian.org/debian bookworm/main amd64 libguice-java all 4.2.3-2 [1435 kB]
2026-09-08T00:08:23.3853047Z #32 9.384 Get:191 http://deb.debian.org/debian bookworm/main amd64 libjansi-java all 2.4.0-2 [105 kB]
2026-09-08T00:08:23.3854521Z #32 9.384 Get:192 http://deb.debian.org/debian bookworm/main amd64 libjs-jquery all 3.6.1+dfsg+~3.5.14-1 [326 kB]
2026-09-08T00:08:23.3856068Z #32 9.384 Get:193 http://deb.debian.org/debian bookworm/main amd64 libjs-underscore all 1.13.4~dfsg+~1.11.4-3 [116 kB]
2026-09-08T00:08:23.3857535Z #32 9.384 Get:194 http://deb.debian.org/debian bookworm/main amd64 libjs-sphinxdoc all 5.3.0-4 [130 kB]
2026-09-08T00:08:23.3858916Z #32 9.385 Get:195 http://deb.debian.org/debian bookworm/main amd64 libmaven-parent-java all 35-1 [6140 B]
2026-09-08T00:08:23.3860353Z #32 9.395 Get:196 http://deb.debian.org/debian bookworm/main amd64 libplexus-utils2-java all 3.4.2-1 [258 kB]
2026-09-08T00:08:23.3862440Z #32 9.395 Get:197 http://deb.debian.org/debian bookworm/main amd64 libwagon-provider-api-java all 3.5.3-1 [48.2 kB]
2026-09-08T00:08:23.3864343Z #32 9.395 Get:198 http://deb.debian.org/debian bookworm/main amd64 libmaven-resolver-java all 1.6.3-1 [548 kB]
2026-09-08T00:08:23.3866145Z #32 9.395 Get:199 http://deb.debian.org/debian bookworm/main amd64 libmaven-shared-utils-java all 3.3.4-1 [138 kB]
2026-09-08T00:08:23.3867694Z #32 9.395 Get:200 http://deb.debian.org/debian bookworm/main amd64 libplexus-cipher-java all 2.0-1 [14.9 kB]
2026-09-08T00:08:23.3869262Z #32 9.395 Get:201 http://deb.debian.org/debian bookworm/main amd64 libplexus-classworlds-java all 2.7.0-1 [50.6 kB]
2026-09-08T00:08:23.3870967Z #32 9.395 Get:202 http://deb.debian.org/debian bookworm/main amd64 libplexus-component-annotations-java all 2.1.1-1 [7660 B]
2026-09-08T00:08:23.3873177Z #32 9.400 Get:203 http://deb.debian.org/debian bookworm/main amd64 libplexus-interpolation-java all 1.26-1 [76.8 kB]
2026-09-08T00:08:23.3874817Z #32 9.400 Get:204 http://deb.debian.org/debian bookworm/main amd64 libplexus-sec-dispatcher-java all 2.0-3 [28.3 kB]
2026-09-08T00:08:23.3876310Z #32 9.400 Get:205 http://deb.debian.org/debian bookworm/main amd64 libslf4j-java all 1.7.32-1 [144 kB]
2026-09-08T00:08:23.3877775Z #32 9.400 Get:206 http://deb.debian.org/debian bookworm/main amd64 libsisu-inject-java all 0.3.4-2 [347 kB]
2026-09-08T00:08:23.3879238Z #32 9.404 Get:207 http://deb.debian.org/debian bookworm/main amd64 libsisu-plexus-java all 0.3.4-3 [181 kB]
2026-09-08T00:08:23.3880688Z #32 9.406 Get:208 http://deb.debian.org/debian bookworm/main amd64 libmaven3-core-java all 3.8.7-1 [1572 kB]
2026-09-08T00:08:23.3882287Z #32 9.418 Get:209 http://deb.debian.org/debian bookworm/main amd64 libncurses6 amd64 6.4-4 [103 kB]
2026-09-08T00:08:23.3883652Z #32 9.420 Get:210 http://deb.debian.org/debian bookworm/main amd64 libpfm4 amd64 4.13.0-1 [294 kB]
2026-09-08T00:08:23.3885057Z #32 9.422 Get:211 http://deb.debian.org/debian bookworm/main amd64 libpython3.11 amd64 3.11.2-6+deb12u8 [1988 kB]
2026-09-08T00:08:23.3886510Z #32 9.447 Get:212 http://deb.debian.org/debian bookworm/main amd64 zlib1g-dev amd64 1:1.2.13.dfsg-1 [916 kB]
2026-09-08T00:08:23.3888004Z #32 9.455 Get:213 http://deb.debian.org/debian bookworm/main amd64 libpython3.11-dev amd64 3.11.2-6+deb12u8 [4738 kB]
2026-09-08T00:08:23.3889462Z #32 9.487 Get:214 http://deb.debian.org/debian bookworm/main amd64 libpython3-dev amd64 3.11.2-1+b1 [9572 B]
2026-09-08T00:08:23.3890862Z #32 9.489 Get:215 http://deb.debian.org/debian bookworm/main amd64 rubygems-integration all 1.18 [6704 B]
2026-09-08T00:08:23.3892594Z #32 9.489 Get:216 http://deb.debian.org/debian bookworm/main amd64 ruby3.1 amd64 3.1.2-7+deb12u1 [663 kB]
2026-09-08T00:08:23.3894013Z #32 9.498 Get:217 http://deb.debian.org/debian bookworm/main amd64 ruby-rubygems all 3.3.15-2+deb12u1 [293 kB]
2026-09-08T00:08:23.3895324Z #32 9.500 Get:218 http://deb.debian.org/debian bookworm/main amd64 ruby amd64 1:3.1 [5868 B]
2026-09-08T00:08:23.5446225Z #32 9.500 Get:219 http://deb.debian.org/debian bookworm/main amd64 rake all 13.0.6-3 [83.9 kB]
2026-09-08T00:08:23.5447752Z #32 9.505 Get:220 http://deb.debian.org/debian bookworm/main amd64 ruby-net-telnet all 0.2.0-1 [13.1 kB]
2026-09-08T00:08:23.5449213Z #32 9.505 Get:221 http://deb.debian.org/debian bookworm/main amd64 ruby-webrick all 1.8.1-1 [51.4 kB]
2026-09-08T00:08:23.5456368Z #32 9.505 Get:222 http://deb.debian.org/debian bookworm/main amd64 ruby-xmlrpc all 0.3.2-2 [24.4 kB]
2026-09-08T00:08:23.5457841Z #32 9.505 Get:223 http://deb.debian.org/debian bookworm/main amd64 ruby-sdbm amd64 1.0.0-5+b1 [15.4 kB]
2026-09-08T00:08:23.5459272Z #32 9.507 Get:224 http://deb.debian.org/debian bookworm/main amd64 libyaml-0-2 amd64 0.2.5-1 [53.6 kB]
2026-09-08T00:08:23.5460732Z #32 9.507 Get:225 http://deb.debian.org/debian bookworm/main amd64 libruby3.1 amd64 3.1.2-7+deb12u1 [5400 kB]
2026-09-08T00:08:23.5462334Z #32 9.531 Get:226 http://deb.debian.org/debian bookworm/main amd64 libruby amd64 1:3.1 [4972 B]
2026-09-08T00:08:23.5463731Z #32 9.534 Get:227 http://deb.debian.org/debian bookworm/main amd64 libwagon-file-java all 3.5.3-1 [8388 B]
2026-09-08T00:08:23.5465565Z #32 9.534 Get:228 http://deb.debian.org/debian bookworm/main amd64 libwagon-http-shaded-java all 3.5.3-1 [1341 kB]
2026-09-08T00:08:23.5467338Z #32 9.543 Get:229 http://deb.debian.org/debian bookworm/main amd64 llvm-14-runtime amd64 1:14.0.6-12 [477 kB]
2026-09-08T00:08:23.5468875Z #32 9.548 Get:230 http://deb.debian.org/debian bookworm/main amd64 llvm-runtime amd64 1:14.0-55.7~deb12u1 [4812 B]
2026-09-08T00:08:23.5470316Z #32 9.549 Get:231 http://deb.debian.org/debian bookworm/main amd64 llvm-14 amd64 1:14.0.6-12 [11.7 MB]
2026-09-08T00:08:23.5471686Z #32 9.641 Get:232 http://deb.debian.org/debian bookworm/main amd64 llvm amd64 1:14.0-55.7~deb12u1 [7212 B]
2026-09-08T00:08:23.5507871Z #32 9.641 Get:233 http://deb.debian.org/debian bookworm/main amd64 maven all 3.8.7-1 [18.9 kB]
2026-09-08T00:08:23.5509294Z #32 9.641 Get:234 http://deb.debian.org/debian bookworm/main amd64 ninja-build amd64 1.11.1-2~deb12u1 [135 kB]
2026-09-08T00:08:23.5511083Z #32 9.642 Get:235 http://deb.debian.org/debian-security bookworm-security/main amd64 openjdk-17-jdk-headless amd64 17.0.20.1+1-1~deb12u1 [71.7 MB]
2026-09-08T00:08:23.5513041Z #32 9.931 Get:236 http://deb.debian.org/debian bookworm/main amd64 python3.11-dev amd64 3.11.2-6+deb12u8 [619 kB]
2026-09-08T00:08:23.5514460Z #32 9.933 Get:237 http://deb.debian.org/debian bookworm/main amd64 python3-lib2to3 all 3.11.2-3 [76.3 kB]
2026-09-08T00:08:23.5515836Z #32 9.934 Get:238 http://deb.debian.org/debian bookworm/main amd64 python3-distutils all 3.11.2-3 [131 kB]
2026-09-08T00:08:23.5517209Z #32 9.936 Get:239 http://deb.debian.org/debian bookworm/main amd64 python3-dev amd64 3.11.2-1+b1 [26.2 kB]
2026-09-08T00:08:23.5518702Z #32 9.938 Get:240 http://deb.debian.org/debian bookworm/main amd64 python3-pkg-resources all 66.1.1-1+deb12u2 [297 kB]
2026-09-08T00:08:23.5520276Z #32 9.941 Get:241 http://deb.debian.org/debian bookworm/main amd64 python3-setuptools all 66.1.1-1+deb12u2 [522 kB]
2026-09-08T00:08:23.5548688Z #32 9.943 Get:242 http://deb.debian.org/debian bookworm/main amd64 python3-wheel all 0.38.4-2 [30.8 kB]
2026-09-08T00:08:23.5550281Z #32 9.950 Get:243 http://deb.debian.org/debian bookworm/main amd64 python3-pip all 23.0.1+dfsg-1 [1325 kB]
2026-09-08T00:08:23.5564597Z #32 9.961 Get:244 http://deb.debian.org/debian bookworm/main amd64 python3-pip-whl all 23.0.1+dfsg-1 [1717 kB]
2026-09-08T00:08:23.5566335Z #32 9.969 Get:245 http://deb.debian.org/debian bookworm/main amd64 python3-setuptools-whl all 66.1.1-1+deb12u2 [1112 kB]
2026-09-08T00:08:23.5567994Z #32 9.980 Get:246 http://deb.debian.org/debian bookworm/main amd64 python3.11-venv amd64 3.11.2-6+deb12u8 [5888 B]
2026-09-08T00:08:23.5569501Z #32 9.980 Get:247 http://deb.debian.org/debian bookworm/main amd64 python3-venv amd64 3.11.2-1+b1 [1200 B]
2026-09-08T00:08:23.5570974Z #32 9.980 Get:248 http://deb.debian.org/debian bookworm/main amd64 ruby-bundler all 2.3.15-2+deb12u1 [389 kB]
2026-09-08T00:08:23.5589635Z #32 9.980 Get:249 http://deb.debian.org/debian bookworm/main amd64 ruby3.1-dev amd64 3.1.2-7+deb12u1 [1001 kB]
2026-09-08T00:08:23.5591101Z #32 9.987 Get:250 http://deb.debian.org/debian bookworm/main amd64 ruby-dev amd64 1:3.1 [5116 B]
2026-09-08T00:08:23.5594902Z #32 9.987 Get:251 http://deb.debian.org/debian bookworm/main amd64 universal-ctags amd64 5.9.20210829.0-1 [739 kB]
2026-09-08T00:08:23.5595787Z #32 ...
2026-09-08T00:08:23.5595966Z 
2026-09-08T00:08:23.5596955Z #19 [go-tools 1/2] FROM docker.io/library/golang:1.24-bookworm@sha256:1a6d4452c65dea36aac2e2d606b01b4a029ec90cc1ae53890540ce6173ea77ac
2026-09-08T00:08:23.5598538Z #19 extracting sha256:bbceb003542957cee7df7b79249eaf0a71d21c5203d086969b565fb6dec85d86 9.9s done
2026-09-08T00:08:23.5599960Z #19 extracting sha256:d1ae0a59862a60fde488eccaa7f764b5f5cb60746b7adf2335f9cc05ce1ed745 1.7s
2026-09-08T00:08:23.5600856Z #19 ...
2026-09-08T00:08:23.5601050Z 
2026-09-08T00:08:23.5604375Z #32 [runtime  3/27] RUN apt-get update && apt-get install -y --no-install-recommends     build-essential     ca-certificates     clang     cmake     composer     git     llvm     maven     ninja-build     openjdk-17-jdk-headless     php-cli     python3     python3-dev     python3-pip     python3-venv     ruby     ruby-dev     ruby-bundler     universal-ctags   && rm -rf /var/lib/apt/lists/*
2026-09-08T00:08:23.5607806Z #32 10.28 debconf: delaying package configuration, since apt-utils is not installed
2026-09-08T00:08:23.5608645Z #32 10.32 Fetched 344 MB in 4s (91.3 MB/s)
2026-09-08T00:08:23.5609435Z #32 10.35 Selecting previously unselected package perl-modules-5.36.
2026-09-08T00:08:23.5610191Z #32 10.35 (Reading database ... 
2026-09-08T00:08:23.5610690Z (Reading database ... 5%
2026-09-08T00:08:23.5611126Z (Reading database ... 10%
2026-09-08T00:08:23.5611573Z (Reading database ... 15%
2026-09-08T00:08:23.5616565Z (Reading database ... 20%
2026-09-08T00:08:23.5617034Z (Reading database ... 25%
2026-09-08T00:08:23.5617481Z (Reading database ... 30%
2026-09-08T00:08:23.5617916Z (Reading database ... 35%
2026-09-08T00:08:23.5618353Z (Reading database ... 40%
2026-09-08T00:08:23.5618781Z (Reading database ... 45%
2026-09-08T00:08:23.5619222Z (Reading database ... 50%
2026-09-08T00:08:23.5619661Z (Reading database ... 55%
2026-09-08T00:08:23.5620096Z (Reading database ... 60%
2026-09-08T00:08:23.5620527Z (Reading database ... 65%
2026-09-08T00:08:23.5620960Z (Reading database ... 70%
2026-09-08T00:08:23.5621410Z (Reading database ... 75%
2026-09-08T00:08:23.5622060Z (Reading database ... 80%
2026-09-08T00:08:23.5622501Z (Reading database ... 85%
2026-09-08T00:08:23.5622939Z (Reading database ... 90%
2026-09-08T00:08:23.5623367Z (Reading database ... 95%
2026-09-08T00:08:23.5623793Z (Reading database ... 100%
2026-09-08T00:08:23.5624541Z (Reading database ... 6096 files and directories currently installed.)
2026-09-08T00:08:23.5625608Z #32 10.37 Preparing to unpack .../0-perl-modules-5.36_5.36.0-7+deb12u3_all.deb ...
2026-09-08T00:08:23.5626553Z #32 10.37 Unpacking perl-modules-5.36 (5.36.0-7+deb12u3) ...
2026-09-08T00:08:23.5627102Z #32 ...
2026-09-08T00:08:23.5627287Z 
2026-09-08T00:08:23.5628268Z #25 [dart-tools 1/2] FROM docker.io/library/dart:stable@sha256:7e57e61d97813dc57dd0801656ff4d5c5efafa47bae563a681571543ad30f199
2026-09-08T00:08:23.5629841Z #25 extracting sha256:4a397c61dbce3928f5c63712e290ff60a3af1f5e8595da889598a2ae21d72f78 4.9s done
2026-09-08T00:08:23.5631183Z #25 extracting sha256:bc121b89c734799435428154af26a448a63016ad243d3ed2716eb19fe3b4e973 0.5s done
2026-09-08T00:08:23.5634332Z #25 extracting sha256:4f4fb700ef54461cfa02571ae0db9a0dc1e0cdb5577484a6d75e68dc38e8acc1 done
2026-09-08T00:08:23.5635654Z #25 extracting sha256:431513af58c917f1541acbba3a95ac36c571e50a4397936232c156a2157acf5b 7.8s
2026-09-08T00:08:23.5636411Z #25 ...
2026-09-08T00:08:23.5636583Z 
2026-09-08T00:08:23.5637584Z #19 [go-tools 1/2] FROM docker.io/library/golang:1.24-bookworm@sha256:1a6d4452c65dea36aac2e2d606b01b4a029ec90cc1ae53890540ce6173ea77ac
2026-09-08T00:08:24.3748730Z #19 ...
2026-09-08T00:08:24.3790364Z 
2026-09-08T00:08:24.3823761Z #33 [node-tools 2/2] RUN npm install --global     @ast-grep/cli@0.45.0     @sourcegraph/scip-python@0.6.6     @sourcegraph/scip-typescript@0.4.0   && npm cache clean --force
2026-09-08T00:08:24.3854228Z #33 6.136 npm warn deprecated inflight@1.0.6: This module is not supported, and leaks memory. Do not use it. Check out lru-cache if you want a good and tested way to coalesce async requests by a key value, which is much more comprehensive and powerful.
2026-09-08T00:08:24.3884602Z #33 6.377 npm warn deprecated glob@7.2.3: Old versions of glob are not supported, and contain widely publicized security vulnerabilities, which have been fixed in the current version. Please update. Support for old versions may be purchased (at exorbitant rates) by contacting i@izs.me
2026-09-08T00:08:24.4786532Z #33 ...
2026-09-08T00:08:24.4790714Z 
2026-09-08T00:08:24.4792331Z #19 [go-tools 1/2] FROM docker.io/library/golang:1.24-bookworm@sha256:1a6d4452c65dea36aac2e2d606b01b4a029ec90cc1ae53890540ce6173ea77ac
2026-09-08T00:08:25.7508025Z #19 ...
2026-09-08T00:08:25.7508540Z 
2026-09-08T00:08:25.7563067Z #26 [release-tools 3/3] RUN apt-get update && apt-get install -y --no-install-recommends     ca-certificates     curl   && rm -rf /var/lib/apt/lists/*   && mkdir -p /out /tmp/releases   && cd /tmp/releases   && download() { curl -fsSL --retry 3 --retry-delay 2 --retry-all-errors --connect-timeout 15 --max-time 600 "$@"; }   && download -O "https://github.com/sourcegraph/scip-go/releases/download/v0.2.7/scip-go-linux-amd64.tar.gz"   && download -O "https://github.com/sourcegraph/scip-go/releases/download/v0.2.7/scip-go-linux-amd64.tar.gz.sha256"   && sha256sum -c scip-go-linux-amd64.tar.gz.sha256   && tar -xzf scip-go-linux-amd64.tar.gz -C /out scip-go   && download -O "https://github.com/scip-code/scip/releases/download/v0.9.0/scip-linux-amd64.tar.gz"   && download -O "https://github.com/scip-code/scip/releases/download/v0.9.0/scip-linux-amd64.tar.gz.sha256"   && sha256sum -c scip-linux-amd64.tar.gz.sha256   && tar -xzf scip-linux-amd64.tar.gz -C /out scip   && download -O     "https://github.com/scip-code/scip-java/releases/download/v0.13.1/scip-java-v0.13.1"   && download -O     "https://github.com/scip-code/scip-java/releases/download/v0.13.1/scip-java-v0.13.1.sha256"   && sha256sum -c "scip-java-v0.13.1.sha256"   && mv "scip-java-v0.13.1" /out/scip-java   && download     "https://github.com/sourcegraph/scip-clang/releases/download/v0.4.0/scip-clang-x86_64-linux"     -o scip-clang   && echo "06fd18c576f979a726c651594644ec4a35db4f471f2160b3f72eb89fa6001784  scip-clang" | sha256sum -c -   && mv scip-clang /out/scip-clang   && download     "https://github.com/sourcegraph/scip-ruby/releases/download/scip-ruby-v0.4.7/scip-ruby-x86_64-linux"     -o scip-ruby   && echo "a068c7c3b2042b9eac563ce77ce35dcaca666b418530b1db9f932a3dbc7175dd  scip-ruby" | sha256sum -c -   && mv scip-ruby /out/scip-ruby   && download     "https://github.com/rust-lang/rust-analyzer/releases/download/2026-07-27/rust-analyzer-x86_64-unknown-linux-gnu.gz"     -o rust-analyzer.gz   && echo "ac4f42ddbbd040d75d847e991894776485783e28beb744b9719a660a99abe115  rust-analyzer.gz" | sha256sum -c -   && gzip -dc rust-analyzer.gz > /out/rust-analyzer   && chmod +x /out/*
2026-09-08T00:08:25.7621098Z #26 7.019 150 added, 0 removed; done.
2026-09-08T00:08:25.7634343Z #26 7.050 Setting up libgssapi-krb5-2:amd64 (1.20.1-2+deb12u5) ...
2026-09-08T00:08:25.7645336Z #26 7.055 Setting up libcurl4:amd64 (7.88.1-10+deb12u15) ...
2026-09-08T00:08:25.7646444Z #26 7.058 Setting up curl (7.88.1-10+deb12u15) ...
2026-09-08T00:08:25.7647513Z #26 7.066 Processing triggers for libc-bin (2.36-9+deb12u14) ...
2026-09-08T00:08:25.7648504Z #26 7.106 Processing triggers for ca-certificates (20250419~deb12u1) ...
2026-09-08T00:08:25.7649377Z #26 7.116 Updating certificates in /etc/ssl/certs...
2026-09-08T00:08:25.7650021Z #26 8.748 0 added, 0 removed; done.
2026-09-08T00:08:25.7650705Z #26 8.748 Running hooks in /etc/ca-certificates/update.d...
2026-09-08T00:08:25.7651266Z #26 8.748 done.
2026-09-08T00:08:25.7651898Z #26 10.17 scip-go-linux-amd64.tar.gz: OK
2026-09-08T00:08:25.7652543Z #26 11.84 scip-linux-amd64.tar.gz: OK
2026-09-08T00:08:25.7653164Z #26 15.93 scip-java-v0.13.1: OK
2026-09-08T00:08:25.8628839Z #26 ...
2026-09-08T00:08:25.8629672Z 
2026-09-08T00:08:25.8631055Z #25 [dart-tools 1/2] FROM docker.io/library/dart:stable@sha256:7e57e61d97813dc57dd0801656ff4d5c5efafa47bae563a681571543ad30f199
2026-09-08T00:08:27.4704166Z #25 ...
2026-09-08T00:08:27.4704913Z 
2026-09-08T00:08:27.4707931Z #17 [rust-tools 1/2] FROM docker.io/library/rust:1-bookworm@sha256:82150a52ec202c1b14d7817e14516c392bb7f5cfebd88f1ed531cb37ebd39922
2026-09-08T00:08:27.4709803Z #17 extracting sha256:8cab6ce149c24516f80b26a762b6b9aaebcaf4fbe51d4c6844af7d7dbc372f2d 11.2s done
2026-09-08T00:08:27.4711351Z #17 extracting sha256:01a6a9ffe665b63ea18491fedb646423413ae3fdefcf7776ee25a2eaff8a673e 1.2s
2026-09-08T00:08:27.5746593Z #17 ...
2026-09-08T00:08:27.5747050Z 
2026-09-08T00:08:27.5748327Z #25 [dart-tools 1/2] FROM docker.io/library/dart:stable@sha256:7e57e61d97813dc57dd0801656ff4d5c5efafa47bae563a681571543ad30f199
2026-09-08T00:08:28.2218980Z #25 extracting sha256:431513af58c917f1541acbba3a95ac36c571e50a4397936232c156a2157acf5b 12.9s
2026-09-08T00:08:29.2122999Z #25 ...
2026-09-08T00:08:29.2124287Z 
2026-09-08T00:08:29.2125696Z #34 [deps 7/7] RUN pnpm install --frozen-lockfile --prod --config.confirmModulesPurge=false
2026-09-08T00:08:29.2126941Z #34 2.144 Scope: all 2 workspace projects
2026-09-08T00:08:29.2127916Z #34 2.996 Lockfile is up to date, resolution step is skipped
2026-09-08T00:08:29.2129051Z #34 3.947 Progress: resolved 1, reused 0, downloaded 0, added 0
2026-09-08T00:08:29.2130030Z #34 4.445 Packages: +231
2026-09-08T00:08:29.2130996Z #34 4.445 ++++++++++++++++++++++++++++++++++++++++++++++++++++++++++++++++++++++++++++++++
2026-09-08T00:08:29.2132314Z #34 4.996 Progress: resolved 231, reused 0, downloaded 0, added 0
2026-09-08T00:08:29.2133463Z #34 6.005 Progress: resolved 231, reused 0, downloaded 7, added 0
2026-09-08T00:08:29.2134607Z #34 7.007 Progress: resolved 231, reused 0, downloaded 9, added 0
2026-09-08T00:08:29.2135752Z #34 8.009 Progress: resolved 231, reused 0, downloaded 14, added 0
2026-09-08T00:08:29.2137000Z #34 9.177 Progress: resolved 231, reused 0, downloaded 25, added 4
2026-09-08T00:08:29.3683189Z #34 10.17 Progress: resolved 231, reused 0, downloaded 32, added 8
2026-09-08T00:08:29.3684332Z #34 ...
2026-09-08T00:08:29.3684814Z 
2026-09-08T00:08:29.3686044Z #19 [go-tools 1/2] FROM docker.io/library/golang:1.24-bookworm@sha256:1a6d4452c65dea36aac2e2d606b01b4a029ec90cc1ae53890540ce6173ea77ac
2026-09-08T00:08:29.3687800Z #19 extracting sha256:d1ae0a59862a60fde488eccaa7f764b5f5cb60746b7adf2335f9cc05ce1ed745 8.0s
2026-09-08T00:08:30.2284711Z #19 extracting sha256:d1ae0a59862a60fde488eccaa7f764b5f5cb60746b7adf2335f9cc05ce1ed745 9.0s done
2026-09-08T00:08:31.7507931Z #19 ...
2026-09-08T00:08:31.7523136Z 
2026-09-08T00:08:31.7524425Z #25 [dart-tools 1/2] FROM docker.io/library/dart:stable@sha256:7e57e61d97813dc57dd0801656ff4d5c5efafa47bae563a681571543ad30f199
2026-09-08T00:08:31.7526422Z #25 extracting sha256:431513af58c917f1541acbba3a95ac36c571e50a4397936232c156a2157acf5b 14.8s done
2026-09-08T00:08:31.7527571Z #25 DONE 28.9s
2026-09-08T00:08:31.7528013Z 
2026-09-08T00:08:31.7528708Z #35 [dart-tools 2/2] RUN dart pub global activate scip_dart "1.6.2"
2026-09-08T00:08:32.4942524Z #35 0.694 Resolving dependencies...
2026-09-08T00:08:32.6353698Z #35 0.950 Downloading packages...
2026-09-08T00:08:32.9130804Z #35 ...
2026-09-08T00:08:32.9131005Z 
2026-09-08T00:08:32.9132002Z #21 [dotnet-tools 1/2] FROM mcr.microsoft.com/dotnet/sdk:8.0-bookworm-slim@sha256:bb32ba3ba3ea36e38572d9d8db76fa15f7cbf722f3f886e06bca6d528bd4fba8
2026-09-08T00:08:32.9133951Z #21 extracting sha256:40790fa57b9b922de75261a1a7b47a37525a2e606d06ea5487672b113906a295 17.5s done
2026-09-08T00:08:32.9135052Z #21 extracting sha256:28ad44209b7dbe064a7b0b9a37d2714f941d93e1aeeea24d3fa6eea98d34442e done
2026-09-08T00:08:33.0252739Z #21 ...
2026-09-08T00:08:33.0282481Z 
2026-09-08T00:08:33.0353514Z #33 [node-tools 2/2] RUN npm install --global     @ast-grep/cli@0.45.0     @sourcegraph/scip-python@0.6.6     @sourcegraph/scip-typescript@0.4.0   && npm cache clean --force
2026-09-08T00:08:33.0355156Z #33 18.73 
2026-09-08T00:08:33.0355860Z #33 18.73 added 50 packages in 18s
2026-09-08T00:08:33.0356518Z #33 18.74 
2026-09-08T00:08:33.0357155Z #33 18.74 1 package is looking for funding
2026-09-08T00:08:33.0358030Z #33 18.74   run `npm fund` for details
2026-09-08T00:08:33.0358739Z #33 18.74 npm notice
2026-09-08T00:08:33.0359664Z #33 18.74 npm notice New major version of npm available! 10.9.8 -> 12.0.2
2026-09-08T00:08:33.0360936Z #33 18.74 npm notice Changelog: https://github.com/npm/cli/releases/tag/v12.0.2
2026-09-08T00:08:33.0362364Z #33 18.74 npm notice To update run: npm install -g npm@12.0.2
2026-09-08T00:08:33.0363302Z #33 18.74 npm notice
2026-09-08T00:08:33.2571015Z #33 ...
2026-09-08T00:08:33.2572576Z 
2026-09-08T00:08:33.2590830Z #26 [release-tools 3/3] RUN apt-get update && apt-get install -y --no-install-recommends     ca-certificates     curl   && rm -rf /var/lib/apt/lists/*   && mkdir -p /out /tmp/releases   && cd /tmp/releases   && download() { curl -fsSL --retry 3 --retry-delay 2 --retry-all-errors --connect-timeout 15 --max-time 600 "$@"; }   && download -O "https://github.com/sourcegraph/scip-go/releases/download/v0.2.7/scip-go-linux-amd64.tar.gz"   && download -O "https://github.com/sourcegraph/scip-go/releases/download/v0.2.7/scip-go-linux-amd64.tar.gz.sha256"   && sha256sum -c scip-go-linux-amd64.tar.gz.sha256   && tar -xzf scip-go-linux-amd64.tar.gz -C /out scip-go   && download -O "https://github.com/scip-code/scip/releases/download/v0.9.0/scip-linux-amd64.tar.gz"   && download -O "https://github.com/scip-code/scip/releases/download/v0.9.0/scip-linux-amd64.tar.gz.sha256"   && sha256sum -c scip-linux-amd64.tar.gz.sha256   && tar -xzf scip-linux-amd64.tar.gz -C /out scip   && download -O     "https://github.com/scip-code/scip-java/releases/download/v0.13.1/scip-java-v0.13.1"   && download -O     "https://github.com/scip-code/scip-java/releases/download/v0.13.1/scip-java-v0.13.1.sha256"   && sha256sum -c "scip-java-v0.13.1.sha256"   && mv "scip-java-v0.13.1" /out/scip-java   && download     "https://github.com/sourcegraph/scip-clang/releases/download/v0.4.0/scip-clang-x86_64-linux"     -o scip-clang   && echo "06fd18c576f979a726c651594644ec4a35db4f471f2160b3f72eb89fa6001784  scip-clang" | sha256sum -c -   && mv scip-clang /out/scip-clang   && download     "https://github.com/sourcegraph/scip-ruby/releases/download/scip-ruby-v0.4.7/scip-ruby-x86_64-linux"     -o scip-ruby   && echo "a068c7c3b2042b9eac563ce77ce35dcaca666b418530b1db9f932a3dbc7175dd  scip-ruby" | sha256sum -c -   && mv scip-ruby /out/scip-ruby   && download     "https://github.com/rust-lang/rust-analyzer/releases/download/2026-07-27/rust-analyzer-x86_64-unknown-linux-gnu.gz"     -o rust-analyzer.gz   && echo "ac4f42ddbbd040d75d847e991894776485783e28beb744b9719a660a99abe115  rust-analyzer.gz" | sha256sum -c -   && gzip -dc rust-analyzer.gz > /out/rust-analyzer   && chmod +x /out/*
2026-09-08T00:08:33.2605763Z #26 19.96 scip-clang: OK
2026-09-08T00:08:33.2606240Z #26 21.07 scip-ruby: OK
2026-09-08T00:08:33.2606727Z #26 22.11 rust-analyzer.gz: OK
2026-09-08T00:08:33.2607144Z #26 DONE 24.5s
2026-09-08T00:08:33.4521505Z 
2026-09-08T00:08:33.4523473Z #33 [node-tools 2/2] RUN npm install --global     @ast-grep/cli@0.45.0     @sourcegraph/scip-python@0.6.6     @sourcegraph/scip-typescript@0.4.0   && npm cache clean --force
2026-09-08T00:08:33.4525258Z #33 19.08 npm warn using --force Recommended protections disabled.
2026-09-08T00:08:34.0847591Z #33 DONE 19.8s
2026-09-08T00:08:34.0849687Z 
2026-09-08T00:08:34.0868087Z #21 [dotnet-tools 1/2] FROM mcr.microsoft.com/dotnet/sdk:8.0-bookworm-slim@sha256:bb32ba3ba3ea36e38572d9d8db76fa15f7cbf722f3f886e06bca6d528bd4fba8
2026-09-08T00:08:34.0870620Z #21 extracting sha256:a5731be9f2ef507f77c1ee99f904922c863db51aff682e67e94eef2c58af6a78 0.9s
2026-09-08T00:08:34.1751155Z #21 ...
2026-09-08T00:08:34.1753453Z 
2026-09-08T00:08:34.1756638Z #32 [runtime  3/27] RUN apt-get update && apt-get install -y --no-install-recommends     build-essential     ca-certificates     clang     cmake     composer     git     llvm     maven     ninja-build     openjdk-17-jdk-headless     php-cli     python3     python3-dev     python3-pip     python3-venv     ruby     ruby-dev     ruby-bundler     universal-ctags   && rm -rf /var/lib/apt/lists/*
2026-09-08T00:08:34.1759614Z #32 11.33 Selecting previously unselected package libgdbm6:amd64.
2026-09-08T00:08:34.1760715Z #32 11.33 Preparing to unpack .../1-libgdbm6_1.23-3_amd64.deb ...
2026-09-08T00:08:34.1762130Z #32 11.33 Unpacking libgdbm6:amd64 (1.23-3) ...
2026-09-08T00:08:34.1763223Z #32 11.89 Selecting previously unselected package libgdbm-compat4:amd64.
2026-09-08T00:08:34.1764375Z #32 11.89 Preparing to unpack .../2-libgdbm-compat4_1.23-3_amd64.deb ...
2026-09-08T00:08:34.1765412Z #32 11.90 Unpacking libgdbm-compat4:amd64 (1.23-3) ...
2026-09-08T00:08:34.1766434Z #32 12.24 Selecting previously unselected package libperl5.36:amd64.
2026-09-08T00:08:34.1767941Z #32 12.24 Preparing to unpack .../3-libperl5.36_5.36.0-7+deb12u3_amd64.deb ...
2026-09-08T00:08:34.1769317Z #32 12.25 Unpacking libperl5.36:amd64 (5.36.0-7+deb12u3) ...
2026-09-08T00:08:34.1770340Z #32 13.30 Selecting previously unselected package perl.
2026-09-08T00:08:34.1772181Z #32 13.30 Preparing to unpack .../4-perl_5.36.0-7+deb12u3_amd64.deb ...
2026-09-08T00:08:34.1773210Z #32 13.35 Unpacking perl (5.36.0-7+deb12u3) ...
2026-09-08T00:08:34.1774211Z #32 13.53 Selecting previously unselected package libssl3:amd64.
2026-09-08T00:08:34.1775337Z #32 13.53 Preparing to unpack .../5-libssl3_3.0.20-1~deb12u2_amd64.deb ...
2026-09-08T00:08:34.1776388Z #32 13.53 Unpacking libssl3:amd64 (3.0.20-1~deb12u2) ...
2026-09-08T00:08:34.1777827Z #32 14.17 Selecting previously unselected package libpython3.11-minimal:amd64.
2026-09-08T00:08:34.1779171Z #32 14.17 Preparing to unpack .../6-libpython3.11-minimal_3.11.2-6+deb12u8_amd64.deb ...
2026-09-08T00:08:34.1780849Z #32 14.18 Unpacking libpython3.11-minimal:amd64 (3.11.2-6+deb12u8) ...
2026-09-08T00:08:34.1782185Z #32 14.94 Selecting previously unselected package libexpat1:amd64.
2026-09-08T00:08:34.1783364Z #32 14.94 Preparing to unpack .../7-libexpat1_2.5.0-1+deb12u3_amd64.deb ...
2026-09-08T00:08:34.1784434Z #32 14.94 Unpacking libexpat1:amd64 (2.5.0-1+deb12u3) ...
2026-09-08T00:08:34.1785474Z #32 15.18 Selecting previously unselected package python3.11-minimal.
2026-09-08T00:08:34.1787054Z #32 15.18 Preparing to unpack .../8-python3.11-minimal_3.11.2-6+deb12u8_amd64.deb ...
2026-09-08T00:08:34.1788206Z #32 15.64 Unpacking python3.11-minimal (3.11.2-6+deb12u8) ...
2026-09-08T00:08:34.1789112Z #32 16.22 Setting up libssl3:amd64 (3.0.20-1~deb12u2) ...
2026-09-08T00:08:34.1790138Z #32 16.22 Setting up libpython3.11-minimal:amd64 (3.11.2-6+deb12u8) ...
2026-09-08T00:08:34.1791157Z #32 16.23 Setting up libexpat1:amd64 (2.5.0-1+deb12u3) ...
2026-09-08T00:08:34.1792718Z #32 16.23 Setting up python3.11-minimal (3.11.2-6+deb12u8) ...
2026-09-08T00:08:34.1793823Z #32 18.34 Selecting previously unselected package python3-minimal.
2026-09-08T00:08:34.1794743Z #32 18.34 (Reading database ... 
2026-09-08T00:08:34.1795384Z (Reading database ... 5%
2026-09-08T00:08:34.1795968Z (Reading database ... 10%
2026-09-08T00:08:34.1796563Z (Reading database ... 15%
2026-09-08T00:08:34.1797189Z (Reading database ... 20%
2026-09-08T00:08:34.1797853Z (Reading database ... 25%
2026-09-08T00:08:34.1798586Z (Reading database ... 30%
2026-09-08T00:08:34.1799219Z (Reading database ... 35%
2026-09-08T00:08:34.1799808Z (Reading database ... 40%
2026-09-08T00:08:34.1800428Z (Reading database ... 45%
2026-09-08T00:08:34.1801050Z (Reading database ... 50%
2026-09-08T00:08:34.1801913Z (Reading database ... 55%
2026-09-08T00:08:34.1802835Z (Reading database ... 60%
2026-09-08T00:08:34.1803654Z (Reading database ... 65%
2026-09-08T00:08:34.1804677Z (Reading database ... 70%
2026-09-08T00:08:34.1805587Z (Reading database ... 75%
2026-09-08T00:08:34.1806335Z (Reading database ... 80%
2026-09-08T00:08:34.1807350Z (Reading database ... 85%
2026-09-08T00:08:34.1818524Z (Reading database ... 90%
2026-09-08T00:08:34.1819773Z (Reading database ... 95%
2026-09-08T00:08:34.1820481Z (Reading database ... 100%
2026-09-08T00:08:34.1821478Z (Reading database ... 8428 files and directories currently installed.)
2026-09-08T00:08:34.1822978Z #32 18.37 Preparing to unpack .../00-python3-minimal_3.11.2-1+b1_amd64.deb ...
2026-09-08T00:08:34.1824033Z #32 18.64 Unpacking python3-minimal (3.11.2-1+b1) ...
2026-09-08T00:08:34.1825032Z #32 18.94 Selecting previously unselected package media-types.
2026-09-08T00:08:34.1826118Z #32 18.94 Preparing to unpack .../01-media-types_10.0.0_all.deb ...
2026-09-08T00:08:34.1827087Z #32 18.99 Unpacking media-types (10.0.0) ...
2026-09-08T00:08:34.1828074Z #32 19.35 Selecting previously unselected package libncursesw6:amd64.
2026-09-08T00:08:34.1829226Z #32 19.36 Preparing to unpack .../02-libncursesw6_6.4-4_amd64.deb ...
2026-09-08T00:08:34.1830210Z #32 19.39 Unpacking libncursesw6:amd64 (6.4-4) ...
2026-09-08T00:08:34.1832016Z #32 19.77 Selecting previously unselected package libkrb5support0:amd64.
2026-09-08T00:08:34.1833395Z #32 19.77 Preparing to unpack .../03-libkrb5support0_1.20.1-2+deb12u5_amd64.deb ...
2026-09-08T00:08:34.1835126Z #32 19.90 Unpacking libkrb5support0:amd64 (1.20.1-2+deb12u5) ...
2026-09-08T00:08:34.1836280Z #32 20.00 Selecting previously unselected package libk5crypto3:amd64.
2026-09-08T00:08:34.1837551Z #32 20.00 Preparing to unpack .../04-libk5crypto3_1.20.1-2+deb12u5_amd64.deb ...
2026-09-08T00:08:34.1838726Z #32 20.03 Unpacking libk5crypto3:amd64 (1.20.1-2+deb12u5) ...
2026-09-08T00:08:34.1839849Z #32 20.47 Selecting previously unselected package libkeyutils1:amd64.
2026-09-08T00:08:34.1841001Z #32 20.47 Preparing to unpack .../05-libkeyutils1_1.6.3-2_amd64.deb ...
2026-09-08T00:08:34.1842657Z #32 20.48 Unpacking libkeyutils1:amd64 (1.6.3-2) ...
2026-09-08T00:08:34.1843711Z #32 20.55 Selecting previously unselected package libkrb5-3:amd64.
2026-09-08T00:08:34.1844908Z #32 20.56 Preparing to unpack .../06-libkrb5-3_1.20.1-2+deb12u5_amd64.deb ...
2026-09-08T00:08:34.1846011Z #32 20.57 Unpacking libkrb5-3:amd64 (1.20.1-2+deb12u5) ...
2026-09-08T00:08:34.1847118Z #32 21.09 Selecting previously unselected package libgssapi-krb5-2:amd64.
2026-09-08T00:08:34.1848397Z #32 21.09 Preparing to unpack .../07-libgssapi-krb5-2_1.20.1-2+deb12u5_amd64.deb ...
2026-09-08T00:08:34.1849584Z #32 21.09 Unpacking libgssapi-krb5-2:amd64 (1.20.1-2+deb12u5) ...
2026-09-08T00:08:34.1850663Z #32 21.16 Selecting previously unselected package libtirpc-common.
2026-09-08T00:08:34.1851993Z #32 21.19 Preparing to unpack .../08-libtirpc-common_1.3.3+ds-1_all.deb ...
2026-09-08T00:08:34.1853030Z #32 21.20 Unpacking libtirpc-common (1.3.3+ds-1) ...
2026-09-08T00:08:34.1854029Z #32 21.43 Selecting previously unselected package libtirpc3:amd64.
2026-09-08T00:08:34.1855123Z #32 21.43 Preparing to unpack .../09-libtirpc3_1.3.3+ds-1_amd64.deb ...
2026-09-08T00:08:34.1856120Z #32 21.43 Unpacking libtirpc3:amd64 (1.3.3+ds-1) ...
2026-09-08T00:08:34.1858232Z #32 21.43 Selecting previously unselected package libnsl2:amd64.
2026-09-08T00:08:34.2920313Z #32 21.45 Preparing to unpack .../10-libnsl2_1.3.0-2_amd64.deb ...
2026-09-08T00:08:34.2921176Z #32 21.45 Unpacking libnsl2:amd64 (1.3.0-2) ...
2026-09-08T00:08:34.2921707Z #32 ...
2026-09-08T00:08:34.2922131Z 
2026-09-08T00:08:34.2923293Z #21 [dotnet-tools 1/2] FROM mcr.microsoft.com/dotnet/sdk:8.0-bookworm-slim@sha256:bb32ba3ba3ea36e38572d9d8db76fa15f7cbf722f3f886e06bca6d528bd4fba8
2026-09-08T00:08:35.0836393Z #21 extracting sha256:a5731be9f2ef507f77c1ee99f904922c863db51aff682e67e94eef2c58af6a78 1.8s done
2026-09-08T00:08:35.2804564Z #21 DONE 32.4s
2026-09-08T00:08:35.2812131Z 
2026-09-08T00:08:35.2815283Z #32 [runtime  3/27] RUN apt-get update && apt-get install -y --no-install-recommends     build-essential     ca-certificates     clang     cmake     composer     git     llvm     maven     ninja-build     openjdk-17-jdk-headless     php-cli     python3     python3-dev     python3-pip     python3-venv     ruby     ruby-dev     ruby-bundler     universal-ctags   && rm -rf /var/lib/apt/lists/*
2026-09-08T00:08:35.2818398Z #32 21.59 Selecting previously unselected package readline-common.
2026-09-08T00:08:35.2819582Z #32 21.63 Preparing to unpack .../11-readline-common_8.2-1.3_all.deb ...
2026-09-08T00:08:35.2820595Z #32 21.63 Unpacking readline-common (8.2-1.3) ...
2026-09-08T00:08:35.2821676Z #32 21.69 Selecting previously unselected package libreadline8:amd64.
2026-09-08T00:08:35.2823039Z #32 21.70 Preparing to unpack .../12-libreadline8_8.2-1.3_amd64.deb ...
2026-09-08T00:08:35.2824031Z #32 21.70 Unpacking libreadline8:amd64 (8.2-1.3) ...
2026-09-08T00:08:35.2825048Z #32 21.77 Selecting previously unselected package libsqlite3-0:amd64.
2026-09-08T00:08:35.2826231Z #32 21.77 Preparing to unpack .../13-libsqlite3-0_3.40.1-2+deb12u2_amd64.deb ...
2026-09-08T00:08:35.2827401Z #32 21.77 Unpacking libsqlite3-0:amd64 (3.40.1-2+deb12u2) ...
2026-09-08T00:08:35.2828831Z #32 22.03 Selecting previously unselected package libpython3.11-stdlib:amd64.
2026-09-08T00:08:35.2830335Z #32 22.03 Preparing to unpack .../14-libpython3.11-stdlib_3.11.2-6+deb12u8_amd64.deb ...
2026-09-08T00:08:35.2831537Z #32 22.03 Unpacking libpython3.11-stdlib:amd64 (3.11.2-6+deb12u8) ...
2026-09-08T00:08:35.2832929Z #32 22.42 Selecting previously unselected package python3.11.
2026-09-08T00:08:35.2834162Z #32 22.42 Preparing to unpack .../15-python3.11_3.11.2-6+deb12u8_amd64.deb ...
2026-09-08T00:08:35.2835193Z #32 22.43 Unpacking python3.11 (3.11.2-6+deb12u8) ...
2026-09-08T00:08:35.4048808Z #32 22.56 Selecting previously unselected package libpython3-stdlib:amd64.
2026-09-08T00:08:35.4050729Z #32 22.56 Preparing to unpack .../16-libpython3-stdlib_3.11.2-1+b1_amd64.deb ...
2026-09-08T00:08:35.4052671Z #32 22.56 Unpacking libpython3-stdlib:amd64 (3.11.2-1+b1) ...
2026-09-08T00:08:35.4053729Z #32 22.61 Setting up python3-minimal (3.11.2-1+b1) ...
2026-09-08T00:08:36.1381527Z #32 23.38 Selecting previously unselected package python3.
2026-09-08T00:08:36.1402625Z #32 23.38 (Reading database ... 
2026-09-08T00:08:36.1403483Z (Reading database ... 5%
2026-09-08T00:08:36.1403978Z (Reading database ... 10%
2026-09-08T00:08:36.1404428Z (Reading database ... 15%
2026-09-08T00:08:36.1404861Z (Reading database ... 20%
2026-09-08T00:08:36.1405286Z (Reading database ... 25%
2026-09-08T00:08:36.1405712Z (Reading database ... 30%
2026-09-08T00:08:36.1406158Z (Reading database ... 35%
2026-09-08T00:08:36.1406606Z (Reading database ... 40%
2026-09-08T00:08:36.1407051Z (Reading database ... 45%
2026-09-08T00:08:36.1407540Z (Reading database ... 50%
2026-09-08T00:08:36.1407984Z (Reading database ... 55%
2026-09-08T00:08:36.1408414Z (Reading database ... 60%
2026-09-08T00:08:36.1408840Z (Reading database ... 65%
2026-09-08T00:08:36.1409278Z (Reading database ... 70%
2026-09-08T00:08:36.1409700Z (Reading database ... 75%
2026-09-08T00:08:36.1410169Z (Reading database ... 80%
2026-09-08T00:08:36.1410643Z (Reading database ... 85%
2026-09-08T00:08:36.1411088Z (Reading database ... 90%
2026-09-08T00:08:36.1411559Z (Reading database ... 95%
2026-09-08T00:08:36.1412447Z (Reading database ... 100%
2026-09-08T00:08:36.1413582Z (Reading database ... 8936 files and directories currently installed.)
2026-09-08T00:08:36.1414598Z #32 23.38 Preparing to unpack .../000-python3_3.11.2-1+b1_amd64.deb ...
2026-09-08T00:08:36.1437953Z #32 23.39 Unpacking python3 (3.11.2-1+b1) ...
2026-09-08T00:08:36.4753811Z #32 23.53 Selecting previously unselected package sgml-base.
2026-09-08T00:08:36.4767700Z #32 23.53 Preparing to unpack .../001-sgml-base_1.31_all.deb ...
2026-09-08T00:08:36.4880305Z #32 23.65 Unpacking sgml-base (1.31) ...
2026-09-08T00:08:36.4886640Z #32 23.68 Selecting previously unselected package libproc2-0:amd64.
2026-09-08T00:08:36.4888044Z #32 23.68 Preparing to unpack .../002-libproc2-0_2%3a4.0.2-3_amd64.deb ...
2026-09-08T00:08:36.4888920Z #32 23.69 Unpacking libproc2-0:amd64 (2:4.0.2-3) ...
2026-09-08T00:08:36.4889772Z #32 23.72 Selecting previously unselected package procps.
2026-09-08T00:08:36.4890702Z #32 23.72 Preparing to unpack .../003-procps_2%3a4.0.2-3_amd64.deb ...
2026-09-08T00:08:36.4891501Z #32 23.75 Unpacking procps (2:4.0.2-3) ...
2026-09-08T00:08:36.7466575Z #32 23.93 Selecting previously unselected package sensible-utils.
2026-09-08T00:08:36.7469431Z #32 23.93 Preparing to unpack .../004-sensible-utils_0.0.17+nmu1_all.deb ...
2026-09-08T00:08:36.7470720Z #32 23.93 Unpacking sensible-utils (0.0.17+nmu1) ...
2026-09-08T00:08:36.8709527Z #32 24.02 Selecting previously unselected package bzip2.
2026-09-08T00:08:36.8711993Z #32 24.03 Preparing to unpack .../005-bzip2_1.0.8-5+b1_amd64.deb ...
2026-09-08T00:08:36.8713203Z #32 24.03 Unpacking bzip2 (1.0.8-5+b1) ...
2026-09-08T00:08:36.8714193Z #32 24.10 Selecting previously unselected package openssl.
2026-09-08T00:08:36.8715387Z #32 24.10 Preparing to unpack .../006-openssl_3.0.20-1~deb12u2_amd64.deb ...
2026-09-08T00:08:36.8716471Z #32 24.10 Unpacking openssl (3.0.20-1~deb12u2) ...
2026-09-08T00:08:37.1459451Z #32 24.39 Selecting previously unselected package ca-certificates.
2026-09-08T00:08:37.1462005Z #32 24.40 Preparing to unpack .../007-ca-certificates_20250419~deb12u1_all.deb ...
2026-09-08T00:08:37.1463691Z #32 24.40 Unpacking ca-certificates (20250419~deb12u1) ...
2026-09-08T00:08:37.2740332Z #32 24.49 Selecting previously unselected package ucf.
2026-09-08T00:08:37.2742584Z #32 24.49 Preparing to unpack .../008-ucf_3.0043+nmu1+deb12u1_all.deb ...
2026-09-08T00:08:37.2743738Z #32 24.50 Moving old data out of the way
2026-09-08T00:08:37.2744587Z #32 24.50 Unpacking ucf (3.0043+nmu1+deb12u1) ...
2026-09-08T00:08:37.3768205Z #32 24.56 Selecting previously unselected package xz-utils.
2026-09-08T00:08:37.3769411Z #32 24.56 Preparing to unpack .../009-xz-utils_5.4.1-1+deb12u1_amd64.deb ...
2026-09-08T00:08:37.3770458Z #32 24.57 Unpacking xz-utils (5.4.1-1+deb12u1) ...
2026-09-08T00:08:37.4907822Z #32 24.66 Selecting previously unselected package binutils-common:amd64.
2026-09-08T00:08:37.4909055Z #32 24.66 Preparing to unpack .../010-binutils-common_2.40-2_amd64.deb ...
2026-09-08T00:08:37.4910570Z #32 24.66 Unpacking binutils-common:amd64 (2.40-2) ...
2026-09-08T00:08:37.9383453Z #32 25.19 Selecting previously unselected package libbinutils:amd64.
2026-09-08T00:08:38.0958057Z #32 25.20 Preparing to unpack .../011-libbinutils_2.40-2_amd64.deb ...#32 ...
2026-09-08T00:08:38.0958837Z 
2026-09-08T00:08:38.0959653Z #34 [deps 7/7] RUN pnpm install --frozen-lockfile --prod --config.confirmModulesPurge=false
2026-09-08T00:08:38.0960696Z #34 11.17 Progress: resolved 231, reused 0, downloaded 41, added 9
2026-09-08T00:08:38.0961588Z #34 12.17 Progress: resolved 231, reused 0, downloaded 42, added 11
2026-09-08T00:08:38.0963495Z #34 13.17 Progress: resolved 231, reused 0, downloaded 71, added 18
2026-09-08T00:08:38.0964430Z #34 14.18 Progress: resolved 231, reused 0, downloaded 111, added 30
2026-09-08T00:08:38.0965339Z #34 15.21 Progress: resolved 231, reused 0, downloaded 125, added 34
2026-09-08T00:08:38.0966277Z #34 16.21 Progress: resolved 231, reused 0, downloaded 198, added 57
2026-09-08T00:08:38.0967194Z #34 17.25 Progress: resolved 231, reused 0, downloaded 231, added 132
2026-09-08T00:08:38.0968178Z #34 17.47 Progress: resolved 231, reused 0, downloaded 231, added 231, done
2026-09-08T00:08:38.0968821Z #34 17.95 
2026-09-08T00:08:38.0969256Z #34 17.95 devDependencies: skipped
2026-09-08T00:08:38.0969697Z #34 17.95 
2026-09-08T00:08:38.0971192Z #34 17.95 ╭ Warning ─────────────────────────────────────────────────────────────────────╮
2026-09-08T00:08:38.0972560Z #34 17.95 │                                                                              │
2026-09-08T00:08:38.0973762Z #34 17.95 │   Ignored build scripts: esbuild.                                            │
2026-09-08T00:08:38.0975085Z #34 17.95 │   Run "pnpm approve-builds" to pick which dependencies should be allowed     │
2026-09-08T00:08:38.0976349Z #34 17.95 │   to run scripts.                                                            │
2026-09-08T00:08:38.0977474Z #34 17.95 │                                                                              │
2026-09-08T00:08:38.0978670Z #34 17.95 ╰──────────────────────────────────────────────────────────────────────────────╯
2026-09-08T00:08:38.0979340Z #34 17.95 
2026-09-08T00:08:38.0979803Z #34 18.03 Done in 17.6s using pnpm v10.12.1
2026-09-08T00:08:38.0980285Z #34 DONE 18.8s
2026-09-08T00:08:38.0980489Z 
2026-09-08T00:08:38.0988849Z #32 [runtime  3/27] RUN apt-get update && apt-get install -y --no-install-recommends     build-essential     ca-certificates     clang     cmake     composer     git     llvm     maven     ninja-build     openjdk-17-jdk-headless     php-cli     python3     python3-dev     python3-pip     python3-venv     ruby     ruby-dev     ruby-bundler     universal-ctags   && rm -rf /var/lib/apt/lists/*
2026-09-08T00:08:38.0991581Z #32 25.20 Preparing to unpack .../011-libbinutils_2.40-2_amd64.deb ...
2026-09-08T00:08:38.0992905Z #32 25.29 Unpacking libbinutils:amd64 (2.40-2) ...
2026-09-08T00:08:38.3398680Z #32 25.60 Selecting previously unselected package libctf-nobfd0:amd64.
2026-09-08T00:08:38.3400169Z #32 25.60 Preparing to unpack .../012-libctf-nobfd0_2.40-2_amd64.deb ...
2026-09-08T00:08:38.3402577Z #32 25.60 Unpacking libctf-nobfd0:amd64 (2.40-2) ...
2026-09-08T00:08:38.3403676Z #32 ...
2026-09-08T00:08:38.3404246Z 
2026-09-08T00:08:38.3405662Z #17 [rust-tools 1/2] FROM docker.io/library/rust:1-bookworm@sha256:82150a52ec202c1b14d7817e14516c392bb7f5cfebd88f1ed531cb37ebd39922
2026-09-08T00:08:38.3407338Z #17 extracting sha256:01a6a9ffe665b63ea18491fedb646423413ae3fdefcf7776ee25a2eaff8a673e 12.3s
2026-09-08T00:08:38.4667352Z #17 ...
2026-09-08T00:08:38.4668753Z 
2026-09-08T00:08:38.4675712Z #19 [go-tools 1/2] FROM docker.io/library/golang:1.24-bookworm@sha256:1a6d4452c65dea36aac2e2d606b01b4a029ec90cc1ae53890540ce6173ea77ac
2026-09-08T00:08:38.4677682Z #19 extracting sha256:f7bdfd728ac2ad72d43b82689890dc698260d3a1049845f48fb3fb942df6c581 5.1s
2026-09-08T00:08:39.6951292Z #19 ...
2026-09-08T00:08:39.6954671Z 
2026-09-08T00:08:39.6958152Z #32 [runtime  3/27] RUN apt-get update && apt-get install -y --no-install-recommends     build-essential     ca-certificates     clang     cmake     composer     git     llvm     maven     ninja-build     openjdk-17-jdk-headless     php-cli     python3     python3-dev     python3-pip     python3-venv     ruby     ruby-dev     ruby-bundler     universal-ctags   && rm -rf /var/lib/apt/lists/*
2026-09-08T00:08:39.6961646Z #32 25.73 Selecting previously unselected package libctf0:amd64.
2026-09-08T00:08:39.6963085Z #32 25.73 Preparing to unpack .../013-libctf0_2.40-2_amd64.deb ...
2026-09-08T00:08:39.6964080Z #32 25.74 Unpacking libctf0:amd64 (2.40-2) ...
2026-09-08T00:08:39.6965128Z #32 25.82 Selecting previously unselected package libgprofng0:amd64.
2026-09-08T00:08:39.6966349Z #32 25.82 Preparing to unpack .../014-libgprofng0_2.40-2_amd64.deb ...
2026-09-08T00:08:39.6967374Z #32 25.83 Unpacking libgprofng0:amd64 (2.40-2) ...
2026-09-08T00:08:39.6968430Z #32 26.01 Selecting previously unselected package libjansson4:amd64.
2026-09-08T00:08:39.6969583Z #32 26.01 Preparing to unpack .../015-libjansson4_2.14-2_amd64.deb ...
2026-09-08T00:08:39.6970923Z #32 26.02 Unpacking libjansson4:amd64 (2.14-2) ...
2026-09-08T00:08:39.6972269Z #32 26.23 Selecting previously unselected package binutils-x86-64-linux-gnu.
2026-09-08T00:08:39.6973613Z #32 26.24 Preparing to unpack .../016-binutils-x86-64-linux-gnu_2.40-2_amd64.deb ...
2026-09-08T00:08:39.6974796Z #32 26.24 Unpacking binutils-x86-64-linux-gnu (2.40-2) ...
2026-09-08T00:08:39.6975839Z #32 26.80 Selecting previously unselected package binutils.
2026-09-08T00:08:39.6976918Z #32 26.80 Preparing to unpack .../017-binutils_2.40-2_amd64.deb ...
2026-09-08T00:08:39.6977866Z #32 26.80 Unpacking binutils (2.40-2) ...
2026-09-08T00:08:39.6978842Z #32 26.89 Selecting previously unselected package libc-dev-bin.
2026-09-08T00:08:39.6980043Z #32 26.89 Preparing to unpack .../018-libc-dev-bin_2.36-9+deb12u14_amd64.deb ...
2026-09-08T00:08:39.6981177Z #32 26.90 Unpacking libc-dev-bin (2.36-9+deb12u14) ...
2026-09-08T00:08:39.8230125Z #32 27.02 Selecting previously unselected package linux-libc-dev:amd64.
2026-09-08T00:08:39.8231771Z #32 27.03 Preparing to unpack .../019-linux-libc-dev_6.1.180-1_amd64.deb ...
2026-09-08T00:08:39.8233810Z #32 27.03 Unpacking linux-libc-dev:amd64 (6.1.180-1) ...
2026-09-08T00:08:40.3139997Z #32 27.56 Selecting previously unselected package libcrypt-dev:amd64.
2026-09-08T00:08:40.4167448Z #32 27.58 Preparing to unpack .../020-libcrypt-dev_1%3a4.4.33-2_amd64.deb ...
2026-09-08T00:08:40.4169087Z #32 27.61 Unpacking libcrypt-dev:amd64 (1:4.4.33-2) ...
2026-09-08T00:08:40.5569729Z #32 27.71 Selecting previously unselected package libtirpc-dev:amd64.
2026-09-08T00:08:40.5571033Z #32 27.72 Preparing to unpack .../021-libtirpc-dev_1.3.3+ds-1_amd64.deb ...
2026-09-08T00:08:40.5572685Z #32 27.72 Unpacking libtirpc-dev:amd64 (1.3.3+ds-1) ...
2026-09-08T00:08:40.5573938Z #32 27.82 Selecting previously unselected package libnsl-dev:amd64.
2026-09-08T00:08:40.6584781Z #32 27.86 Preparing to unpack .../022-libnsl-dev_1.3.0-2_amd64.deb ...
2026-09-08T00:08:40.6586533Z #32 27.86 Unpacking libnsl-dev:amd64 (1.3.0-2) ...
2026-09-08T00:08:40.7642032Z #32 28.02 Selecting previously unselected package rpcsvc-proto.
2026-09-08T00:08:40.8655781Z #32 28.03 Preparing to unpack .../023-rpcsvc-proto_1.4.3-1_amd64.deb ...
2026-09-08T00:08:40.8657092Z #32 28.03 Unpacking rpcsvc-proto (1.4.3-1) ...
2026-09-08T00:08:40.8658150Z #32 28.10 Selecting previously unselected package libc6-dev:amd64.
2026-09-08T00:08:40.8659315Z #32 28.12 Preparing to unpack .../024-libc6-dev_2.36-9+deb12u14_amd64.deb ...
2026-09-08T00:08:40.8660290Z #32 28.13 Unpacking libc6-dev:amd64 (2.36-9+deb12u14) ...
2026-09-08T00:08:41.5643493Z #32 28.75 Selecting previously unselected package libisl23:amd64.
2026-09-08T00:08:41.5644701Z #32 28.75 Preparing to unpack .../025-libisl23_0.25-1.1_amd64.deb ...
2026-09-08T00:08:41.5645870Z #32 28.76 Unpacking libisl23:amd64 (0.25-1.1) ...
2026-09-08T00:08:41.6439381Z #32 28.90 Selecting previously unselected package libmpfr6:amd64.
2026-09-08T00:08:41.6440354Z #32 28.90 Preparing to unpack .../026-libmpfr6_4.2.0-1_amd64.deb ...
2026-09-08T00:08:41.6441106Z #32 28.90 Unpacking libmpfr6:amd64 (4.2.0-1) ...
2026-09-08T00:08:41.7490613Z #32 28.97 Selecting previously unselected package libmpc3:amd64.
2026-09-08T00:08:41.7491750Z #32 28.98 Preparing to unpack .../027-libmpc3_1.3.1-1_amd64.deb ...
2026-09-08T00:08:41.7492919Z #32 28.98 Unpacking libmpc3:amd64 (1.3.1-1) ...
2026-09-08T00:08:41.8847778Z #32 29.01 Selecting previously unselected package cpp-12.
2026-09-08T00:08:41.8848803Z #32 29.01 Preparing to unpack .../028-cpp-12_12.2.0-14+deb12u1_amd64.deb ...
2026-09-08T00:08:41.8849675Z #32 29.02 Unpacking cpp-12 (12.2.0-14+deb12u1) ...
2026-09-08T00:08:43.0824493Z #32 30.34 Selecting previously unselected package cpp.
2026-09-08T00:08:43.2233265Z #32 30.35 Preparing to unpack .../029-cpp_4%3a12.2.0-3_amd64.deb ...
2026-09-08T00:08:43.2233917Z #32 30.35 Unpacking cpp (4:12.2.0-3) ...
2026-09-08T00:08:43.2234357Z #32 30.43 Selecting previously unselected package libcc1-0:amd64.
2026-09-08T00:08:43.2235091Z #32 30.44 Preparing to unpack .../030-libcc1-0_12.2.0-14+deb12u1_amd64.deb ...
2026-09-08T00:08:43.2235628Z #32 30.48 Unpacking libcc1-0:amd64 (12.2.0-14+deb12u1) ...
2026-09-08T00:08:43.5121328Z #32 ...
2026-09-08T00:08:43.5124362Z 
2026-09-08T00:08:43.5125336Z #36 [dotnet-tools 2/2] RUN dotnet tool install     --tool-path /opt/dotnet-tools     --version "0.2.14"     scip-dotnet
2026-09-08T00:08:43.5126640Z #36 6.674 You can invoke the tool using the following command: scip-dotnet
2026-09-08T00:08:43.5127565Z #36 6.674 Tool 'scip-dotnet' (version '0.2.14') was successfully installed.
2026-09-08T00:08:43.5128170Z #36 DONE 8.1s
2026-09-08T00:08:43.5128360Z 
2026-09-08T00:08:43.5131007Z #32 [runtime  3/27] RUN apt-get update && apt-get install -y --no-install-recommends     build-essential     ca-certificates     clang     cmake     composer     git     llvm     maven     ninja-build     openjdk-17-jdk-headless     php-cli     python3     python3-dev     python3-pip     python3-venv     ruby     ruby-dev     ruby-bundler     universal-ctags   && rm -rf /var/lib/apt/lists/*
2026-09-08T00:08:43.5134129Z #32 30.63 Selecting previously unselected package libgomp1:amd64.
2026-09-08T00:08:43.5134972Z #32 30.64 Preparing to unpack .../031-libgomp1_12.2.0-14+deb12u1_amd64.deb ...
2026-09-08T00:08:43.5135752Z #32 30.66 Unpacking libgomp1:amd64 (12.2.0-14+deb12u1) ...
2026-09-08T00:08:43.5136237Z #32 ...
2026-09-08T00:08:43.5136399Z 
2026-09-08T00:08:43.5137264Z #17 [rust-tools 1/2] FROM docker.io/library/rust:1-bookworm@sha256:82150a52ec202c1b14d7817e14516c392bb7f5cfebd88f1ed531cb37ebd39922
2026-09-08T00:08:43.5138639Z #17 extracting sha256:01a6a9ffe665b63ea18491fedb646423413ae3fdefcf7776ee25a2eaff8a673e 17.5s
2026-09-08T00:08:44.5090116Z #17 ...
2026-09-08T00:08:44.5090382Z 
2026-09-08T00:08:44.5091244Z #35 [dart-tools 2/2] RUN dart pub global activate scip_dart "1.6.2"
2026-09-08T00:08:44.5092764Z #35 4.579 + _fe_analyzer_shared 61.0.0 (107.0.0 available)
2026-09-08T00:08:44.5093476Z #35 4.579 + analyzer 5.13.0 (14.3.0 available)
2026-09-08T00:08:44.5094007Z #35 4.579 + args 2.7.0
2026-09-08T00:08:44.5094854Z #35 4.579 + async 2.13.1
2026-09-08T00:08:44.5095357Z #35 4.579 + checked_yaml 2.0.4
2026-09-08T00:08:44.5095828Z #35 4.579 + collection 1.19.1
2026-09-08T00:08:44.5096286Z #35 4.579 + convert 3.1.2
2026-09-08T00:08:44.5096711Z #35 4.579 + crypto 3.0.7
2026-09-08T00:08:44.5097124Z #35 4.579 + file 7.0.1
2026-09-08T00:08:44.5097519Z #35 4.579 + fixnum 1.1.1
2026-09-08T00:08:44.5098476Z #35 4.579 + glob 2.2.0
2026-09-08T00:08:44.5098960Z #35 4.579 + json_annotation 4.12.0
2026-09-08T00:08:44.5099569Z #35 4.579 + meta 1.19.0
2026-09-08T00:08:44.5100224Z #35 4.579 + package_config 2.2.0 (3.0.0 available)
2026-09-08T00:08:44.5100873Z #35 4.579 + path 1.9.1
2026-09-08T00:08:44.5101489Z #35 4.579 + protobuf 3.1.0 (6.0.0 available)
2026-09-08T00:08:44.5102476Z #35 4.579 + pub_semver 2.2.1
2026-09-08T00:08:44.5103116Z #35 4.579 + pubspec_lock_parse 2.2.0
2026-09-08T00:08:44.5103738Z #35 4.579 + pubspec_parse 1.6.0
2026-09-08T00:08:44.5104219Z #35 4.579 + scip_dart 1.6.2
2026-09-08T00:08:44.5105254Z #35 4.579 + source_span 1.10.2
2026-09-08T00:08:44.5105840Z #35 4.579 + string_scanner 1.4.1
2026-09-08T00:08:44.5106387Z #35 4.579 + term_glyph 1.2.2
2026-09-08T00:08:44.5173331Z #35 4.579 + typed_data 1.4.0
2026-09-08T00:08:44.5174089Z #35 4.579 + watcher 1.2.1
2026-09-08T00:08:44.5174738Z #35 4.579 + yaml 3.1.4
2026-09-08T00:08:44.5175459Z #35 4.579 Building package executables...
2026-09-08T00:08:44.5176261Z #35 12.67 Built scip_dart:scip_dart.
2026-09-08T00:08:44.5177052Z #35 12.68 Installed executable scip_dart.
2026-09-08T00:08:44.5178265Z #35 12.69 Warning: Pub installs executables into /opt/pub-cache/bin, which is not on your path.
2026-09-08T00:08:44.5179907Z #35 12.69 You can fix that by adding this to your shell's config file (.bashrc, .bash_profile, .zshrc etc.):
2026-09-08T00:08:44.5180985Z #35 12.69 
2026-09-08T00:08:44.5182460Z #35 12.69   export PATH="$PATH":"/opt/pub-cache/bin"
2026-09-08T00:08:44.5183236Z #35 12.69 
2026-09-08T00:08:44.5183911Z #35 12.69 Activated scip_dart 1.6.2.
2026-09-08T00:08:44.5184587Z #35 DONE 12.8s
2026-09-08T00:08:44.5185000Z 
2026-09-08T00:08:44.5186267Z #17 [rust-tools 1/2] FROM docker.io/library/rust:1-bookworm@sha256:82150a52ec202c1b14d7817e14516c392bb7f5cfebd88f1ed531cb37ebd39922
2026-09-08T00:08:44.5187586Z #17 ...
2026-09-08T00:08:44.5187981Z 
2026-09-08T00:08:44.5191079Z #32 [runtime  3/27] RUN apt-get update && apt-get install -y --no-install-recommends     build-essential     ca-certificates     clang     cmake     composer     git     llvm     maven     ninja-build     openjdk-17-jdk-headless     php-cli     python3     python3-dev     python3-pip     python3-venv     ruby     ruby-dev     ruby-bundler     universal-ctags   && rm -rf /var/lib/apt/lists/*
2026-09-08T00:08:44.5194638Z #32 30.79 Selecting previously unselected package libitm1:amd64.
2026-09-08T00:08:44.5195874Z #32 30.79 Preparing to unpack .../032-libitm1_12.2.0-14+deb12u1_amd64.deb ...
2026-09-08T00:08:44.5196980Z #32 30.79 Unpacking libitm1:amd64 (12.2.0-14+deb12u1) ...
2026-09-08T00:08:44.5198041Z #32 30.82 Selecting previously unselected package libatomic1:amd64.
2026-09-08T00:08:44.5199228Z #32 30.83 Preparing to unpack .../033-libatomic1_12.2.0-14+deb12u1_amd64.deb ...
2026-09-08T00:08:44.5200333Z #32 30.83 Unpacking libatomic1:amd64 (12.2.0-14+deb12u1) ...
2026-09-08T00:08:44.5201377Z #32 30.87 Selecting previously unselected package libasan8:amd64.
2026-09-08T00:08:44.5203400Z #32 30.87 Preparing to unpack .../034-libasan8_12.2.0-14+deb12u1_amd64.deb ...
2026-09-08T00:08:44.5204565Z #32 30.88 Unpacking libasan8:amd64 (12.2.0-14+deb12u1) ...
2026-09-08T00:08:44.5205628Z #32 31.11 Selecting previously unselected package liblsan0:amd64.
2026-09-08T00:08:44.5207018Z #32 31.11 Preparing to unpack .../035-liblsan0_12.2.0-14+deb12u1_amd64.deb ...
2026-09-08T00:08:44.5208289Z #32 31.11 Unpacking liblsan0:amd64 (12.2.0-14+deb12u1) ...
2026-09-08T00:08:44.5209335Z #32 31.21 Selecting previously unselected package libtsan2:amd64.
2026-09-08T00:08:44.5210502Z #32 31.21 Preparing to unpack .../036-libtsan2_12.2.0-14+deb12u1_amd64.deb ...
2026-09-08T00:08:44.5211593Z #32 31.21 Unpacking libtsan2:amd64 (12.2.0-14+deb12u1) ...
2026-09-08T00:08:44.5213288Z #32 31.44 Selecting previously unselected package libubsan1:amd64.
2026-09-08T00:08:44.5214503Z #32 31.45 Preparing to unpack .../037-libubsan1_12.2.0-14+deb12u1_amd64.deb ...
2026-09-08T00:08:44.5215606Z #32 31.45 Unpacking libubsan1:amd64 (12.2.0-14+deb12u1) ...
2026-09-08T00:08:44.5216691Z #32 31.62 Selecting previously unselected package libquadmath0:amd64.
2026-09-08T00:08:44.5217919Z #32 31.62 Preparing to unpack .../038-libquadmath0_12.2.0-14+deb12u1_amd64.deb ...
2026-09-08T00:08:44.5219082Z #32 31.63 Unpacking libquadmath0:amd64 (12.2.0-14+deb12u1) ...
2026-09-08T00:08:44.5220208Z #32 31.66 Selecting previously unselected package libgcc-12-dev:amd64.
2026-09-08T00:08:44.5221456Z #32 31.67 Preparing to unpack .../039-libgcc-12-dev_12.2.0-14+deb12u1_amd64.deb ...
2026-09-08T00:08:44.5222808Z #32 31.67 Unpacking libgcc-12-dev:amd64 (12.2.0-14+deb12u1) ...
2026-09-08T00:08:44.8720177Z #32 31.94 Selecting previously unselected package gcc-12.
2026-09-08T00:08:44.8721354Z #32 31.94 Preparing to unpack .../040-gcc-12_12.2.0-14+deb12u1_amd64.deb ...
2026-09-08T00:08:44.8722818Z #32 31.94 Unpacking gcc-12 (12.2.0-14+deb12u1) ...
2026-09-08T00:08:45.9232876Z #32 33.12 Selecting previously unselected package gcc.
2026-09-08T00:08:45.9234066Z #32 33.12 Preparing to unpack .../041-gcc_4%3a12.2.0-3_amd64.deb ...
2026-09-08T00:08:45.9235992Z #32 33.12 Unpacking gcc (4:12.2.0-3) ...
2026-09-08T00:08:45.9237272Z #32 33.18 Selecting previously unselected package libstdc++-12-dev:amd64.
2026-09-08T00:08:46.0335536Z #32 33.19 Preparing to unpack .../042-libstdc++-12-dev_12.2.0-14+deb12u1_amd64.deb ...
2026-09-08T00:08:46.0336929Z #32 33.19 Unpacking libstdc++-12-dev:amd64 (12.2.0-14+deb12u1) ...
2026-09-08T00:08:46.3181640Z #32 33.44 Selecting previously unselected package g++-12.
2026-09-08T00:08:46.3183329Z #32 33.45 Preparing to unpack .../043-g++-12_12.2.0-14+deb12u1_amd64.deb ...
2026-09-08T00:08:46.3184949Z #32 33.45 Unpacking g++-12 (12.2.0-14+deb12u1) ...
2026-09-08T00:08:46.8951810Z #32 34.13 Selecting previously unselected package g++.
2026-09-08T00:08:46.8955548Z #32 34.13 Preparing to unpack .../044-g++_4%3a12.2.0-3_amd64.deb ...
2026-09-08T00:08:46.8957538Z #32 34.13 Unpacking g++ (4:12.2.0-3) ...
2026-09-08T00:08:46.8958818Z #32 34.15 Selecting previously unselected package make.
2026-09-08T00:08:46.8959989Z #32 34.15 Preparing to unpack .../045-make_4.3-4.1_amd64.deb ...
2026-09-08T00:08:46.8961283Z #32 34.15 Unpacking make (4.3-4.1) ...
2026-09-08T00:08:47.0231527Z #32 34.20 Selecting previously unselected package libdpkg-perl.
2026-09-08T00:08:47.0234115Z #32 34.20 Preparing to unpack .../046-libdpkg-perl_1.21.23_all.deb ...
2026-09-08T00:08:47.0235579Z #32 34.20 Unpacking libdpkg-perl (1.21.23) ...
2026-09-08T00:08:47.0236316Z #32 34.28 Selecting previously unselected package patch.
2026-09-08T00:08:47.1412743Z #32 34.29 Preparing to unpack .../047-patch_2.7.6-7_amd64.deb ...
2026-09-08T00:08:47.1413559Z #32 34.29 Unpacking patch (2.7.6-7) ...
2026-09-08T00:08:47.1414277Z #32 34.31 Selecting previously unselected package dpkg-dev.
2026-09-08T00:08:47.1415140Z #32 34.31 Preparing to unpack .../048-dpkg-dev_1.21.23_all.deb ...
2026-09-08T00:08:47.1415844Z #32 34.31 Unpacking dpkg-dev (1.21.23) ...
2026-09-08T00:08:47.2416128Z #32 34.42 Selecting previously unselected package build-essential.
2026-09-08T00:08:47.2429673Z #32 34.42 Preparing to unpack .../049-build-essential_12.9_amd64.deb ...
2026-09-08T00:08:47.2430877Z #32 34.42 Unpacking build-essential (12.9) ...
2026-09-08T00:08:47.2432333Z #32 34.44 Selecting previously unselected package ca-certificates-java.
2026-09-08T00:08:47.2433924Z #32 34.45 Preparing to unpack .../050-ca-certificates-java_20230710~deb12u1_all.deb ...
2026-09-08T00:08:47.2435306Z #32 34.45 Unpacking ca-certificates-java (20230710~deb12u1) ...
2026-09-08T00:08:47.2436328Z #32 34.47 Selecting previously unselected package libbsd0:amd64.
2026-09-08T00:08:47.2437413Z #32 34.47 Preparing to unpack .../051-libbsd0_0.11.7-2_amd64.deb ...
2026-09-08T00:08:47.2438345Z #32 34.47 Unpacking libbsd0:amd64 (0.11.7-2) ...
2026-09-08T00:08:47.2439274Z #32 34.50 Selecting previously unselected package libedit2:amd64.
2026-09-08T00:08:47.2440372Z #32 34.50 Preparing to unpack .../052-libedit2_3.1-20221030-2_amd64.deb ...
2026-09-08T00:08:47.3455212Z #32 34.50 Unpacking libedit2:amd64 (3.1-20221030-2) ...
2026-09-08T00:08:47.3456827Z #32 34.53 Selecting previously unselected package libicu72:amd64.
2026-09-08T00:08:47.3457982Z #32 34.53 Preparing to unpack .../053-libicu72_72.1-3+deb12u1_amd64.deb ...
2026-09-08T00:08:47.3459019Z #32 34.53 Unpacking libicu72:amd64 (72.1-3+deb12u1) ...
2026-09-08T00:08:48.2849204Z #32 35.51 Selecting previously unselected package libxml2:amd64.
2026-09-08T00:08:48.2850284Z #32 35.51 Preparing to unpack .../054-libxml2_2.9.14+dfsg-1.3~deb12u6_amd64.deb ...
2026-09-08T00:08:48.2851256Z #32 35.51 Unpacking libxml2:amd64 (2.9.14+dfsg-1.3~deb12u6) ...
2026-09-08T00:08:48.4863860Z #32 35.71 Selecting previously unselected package libz3-4:amd64.
2026-09-08T00:08:48.4864879Z #32 35.71 Preparing to unpack .../055-libz3-4_4.8.12-3.1_amd64.deb ...
2026-09-08T00:08:48.5900993Z #32 35.79 Unpacking libz3-4:amd64 (4.8.12-3.1) ...
2026-09-08T00:08:48.6992253Z #32 ...
2026-09-08T00:08:48.6992485Z 
2026-09-08T00:08:48.6993576Z #19 [go-tools 1/2] FROM docker.io/library/golang:1.24-bookworm@sha256:1a6d4452c65dea36aac2e2d606b01b4a029ec90cc1ae53890540ce6173ea77ac
2026-09-08T00:08:48.6995235Z #19 extracting sha256:f7bdfd728ac2ad72d43b82689890dc698260d3a1049845f48fb3fb942df6c581 14.2s done
2026-09-08T00:08:48.6998014Z #19 extracting sha256:ee9e6246b78f3a784fefa655e89ccdf2271e396000b7624d6a785cb2c2580001 done
2026-09-08T00:08:48.6999423Z #19 extracting sha256:4f4fb700ef54461cfa02571ae0db9a0dc1e0cdb5577484a6d75e68dc38e8acc1 done
2026-09-08T00:08:48.7000272Z #19 DONE 45.8s
2026-09-08T00:08:48.7000482Z 
2026-09-08T00:08:48.7002493Z #37 [go-tools 2/2] RUN GOTOOLCHAIN=auto GOBIN=/zoekt-bin     go install github.com/sourcegraph/zoekt/cmd/zoekt-index@latest &&     GOTOOLCHAIN=auto GOBIN=/zoekt-bin     go install github.com/sourcegraph/zoekt/cmd/zoekt-webserver@latest
2026-09-08T00:08:49.2283858Z #37 0.593 go: downloading github.com/sourcegraph/zoekt v0.0.0-20260907153830-596c362fcf13
2026-09-08T00:08:49.8002369Z #37 1.099 go: github.com/sourcegraph/zoekt@v0.0.0-20260907153830-596c362fcf13 requires go >= 1.25.9; switching to go1.26.8
2026-09-08T00:08:49.8003599Z #37 1.099 go: downloading go1.26.8 (linux/amd64)
2026-09-08T00:08:51.9998731Z #37 ...
2026-09-08T00:08:51.9998900Z 
2026-09-08T00:08:51.9999677Z #17 [rust-tools 1/2] FROM docker.io/library/rust:1-bookworm@sha256:82150a52ec202c1b14d7817e14516c392bb7f5cfebd88f1ed531cb37ebd39922
2026-09-08T00:08:52.0000683Z #17 extracting sha256:01a6a9ffe665b63ea18491fedb646423413ae3fdefcf7776ee25a2eaff8a673e 20.3s done
2026-09-08T00:08:52.0001545Z #17 extracting sha256:c2248155a6ec096914b7fe17a070ba983f14c36b6daf03981645b219ad639321 4.3s done
2026-09-08T00:08:52.0002668Z #17 DONE 49.1s
2026-09-08T00:08:52.1226563Z 
2026-09-08T00:08:52.1229180Z #38 [rust-tools 2/2] RUN cargo install     --git https://github.com/jelmer/debian-lsp     --rev "daee711aba7282a6e79344c71dcaf85593c54040"     --locked     --no-default-features     --features scip     --root /opt/debian-lsp     debian-lsp   && rm -rf /usr/local/cargo/git /usr/local/cargo/registry
2026-09-08T00:08:52.1231577Z #38 0.224     Updating git repository `https://github.com/jelmer/debian-lsp`
2026-09-08T00:08:52.7687540Z #38 0.819   Installing debian-lsp v0.1.10 (https://github.com/jelmer/debian-lsp?rev=daee711aba7282a6e79344c71dcaf85593c54040#daee711a)
2026-09-08T00:08:52.7692796Z #38 0.834     Updating crates.io index
2026-09-08T00:08:54.0517512Z #38 2.153 warning: package `chacha20 v0.10.0` in Cargo.lock is yanked in registry `crates-io`
2026-09-08T00:08:54.0518543Z #38 2.153   |
2026-09-08T00:08:54.1986668Z #38 2.153   = help: consider running without --locked
2026-09-08T00:08:54.1987739Z #38 2.183 warning: package `spin v0.9.8` in Cargo.lock is yanked in registry `crates-io`
2026-09-08T00:08:54.1988481Z #38 2.184   |
2026-09-08T00:08:54.1989025Z #38 2.185   = help: consider running without --locked
2026-09-08T00:08:54.1989661Z #38 2.300  Downloading crates ...
2026-09-08T00:08:54.4635156Z #38 2.464   Downloaded memoffset v0.9.1
2026-09-08T00:08:54.4636291Z #38 2.478   Downloaded block-buffer v0.10.4
2026-09-08T00:08:54.4637318Z #38 2.481   Downloaded parking v2.2.1
2026-09-08T00:08:54.4638226Z #38 2.485   Downloaded phf_generator v0.11.3
2026-09-08T00:08:54.4639102Z #38 2.488   Downloaded quoted_printable v0.5.2
2026-09-08T00:08:54.4639925Z #38 2.491   Downloaded rustc-hash v1.1.0
2026-09-08T00:08:54.4643792Z #38 2.494   Downloaded maplit v1.0.2
2026-09-08T00:08:54.4644653Z #38 2.497   Downloaded sharded-slab v0.1.7
2026-09-08T00:08:54.4645453Z #38 2.506   Downloaded boxcar v0.2.14
2026-09-08T00:08:54.4646638Z #38 2.509   Downloaded base64 v0.22.1
2026-09-08T00:08:54.4649926Z #38 2.517   Downloaded bit-vec v0.6.3
2026-09-08T00:08:54.4654049Z #38 2.520   Downloaded zerotrie v0.2.4
2026-09-08T00:08:54.4654910Z #38 2.533   Downloaded foldhash v0.1.5
2026-09-08T00:08:54.4656991Z #38 2.536   Downloaded phf v0.10.1
2026-09-08T00:08:54.4658183Z #38 2.539   Downloaded phf_codegen v0.10.0
2026-09-08T00:08:54.4659210Z #38 2.541   Downloaded rustls-native-certs v0.8.4
2026-09-08T00:08:54.4672685Z #38 2.547   Downloaded sha1 v0.11.0
2026-09-08T00:08:54.4673544Z #38 2.552   Downloaded charset v0.1.5
2026-09-08T00:08:54.4674434Z #38 2.553   Downloaded markup5ever v0.39.0
2026-09-08T00:08:54.4675306Z #38 2.556   Downloaded md-5 v0.11.0
2026-09-08T00:08:54.4676236Z #38 2.560   Downloaded new_debug_unreachable v1.0.6
2026-09-08T00:08:54.4677189Z #38 2.563   Downloaded clap_lex v1.1.0
2026-09-08T00:08:54.4678067Z #38 2.565   Downloaded phf_shared v0.11.3
2026-09-08T00:08:54.5640458Z #38 2.571   Downloaded ref-cast v1.0.25
2026-09-08T00:08:54.5641594Z #38 2.578   Downloaded percent-encoding v2.3.2
2026-09-08T00:08:54.5642878Z #38 2.580   Downloaded block-buffer v0.12.1
2026-09-08T00:08:54.5643624Z #38 2.583   Downloaded cmov v0.5.4
2026-09-08T00:08:54.5644150Z #38 2.587   Downloaded crossbeam-utils v0.8.21
2026-09-08T00:08:54.5644669Z #38 2.599   Downloaded openssl-probe v0.2.1
2026-09-08T00:08:54.5645158Z #38 2.605   Downloaded pkg-config v0.3.33
2026-09-08T00:08:54.5645635Z #38 2.605   Downloaded async-trait v0.1.89
2026-09-08T00:08:54.5646108Z #38 2.614   Downloaded clap_derive v4.6.1
2026-09-08T00:08:54.5646575Z #38 2.620   Downloaded clap_builder v4.6.0
2026-09-08T00:08:54.5647059Z #38 2.638   Downloaded crypto-common v0.2.2
2026-09-08T00:08:54.5647541Z #38 2.641   Downloaded ppv-lite86 v0.2.21
2026-09-08T00:08:54.5648034Z #38 2.644   Downloaded clap v4.6.1
2026-09-08T00:08:54.5648537Z #38 2.666   Downloaded concurrent-queue v2.5.0
2026-09-08T00:08:54.6644646Z #38 2.671   Downloaded crossbeam-deque v0.8.6
2026-09-08T00:08:54.6646113Z #38 2.676   Downloaded phf_codegen v0.13.1
2026-09-08T00:08:54.6648771Z #38 2.676   Downloaded pulldown-cmark-escape v0.11.0
2026-09-08T00:08:54.6649702Z #38 2.677   Downloaded cpufeatures v0.3.0
2026-09-08T00:08:54.6650625Z #38 2.681   Downloaded byteorder v1.5.0
2026-09-08T00:08:54.6651371Z #38 2.684   Downloaded chacha20 v0.10.0
2026-09-08T00:08:54.6652429Z #38 2.689   Downloaded rst_renderer v0.4.2
2026-09-08T00:08:54.6653274Z #38 2.692   Downloaded zerovec-derive v0.11.3
2026-09-08T00:08:54.6654066Z #38 2.695   Downloaded adler2 v2.0.1
2026-09-08T00:08:54.6654886Z #38 2.698   Downloaded anstream v1.0.0
2026-09-08T00:08:54.6655687Z #38 2.702   Downloaded bit-set v0.5.3
2026-09-08T00:08:54.6656447Z #38 2.704   Downloaded data-encoding v2.11.0
2026-09-08T00:08:54.6657296Z #38 2.706   Downloaded rustc-hash v2.1.2
2026-09-08T00:08:54.6658734Z #38 2.709   Downloaded crossbeam-epoch v0.9.18
2026-09-08T00:08:54.6659697Z #38 2.714   Downloaded crypto-common v0.1.7
2026-09-08T00:08:54.6660553Z #38 2.716   Downloaded mime v0.3.17
2026-09-08T00:08:54.6663875Z #38 2.719   Downloaded rand_chacha v0.3.1
2026-09-08T00:08:54.6664731Z #38 2.721   Downloaded crc-catalog v2.5.0
2026-09-08T00:08:54.6665556Z #38 2.724   Downloaded cmake v0.1.58
2026-09-08T00:08:54.6666415Z #38 2.727   Downloaded debian-watch v0.4.12
2026-09-08T00:08:54.6667320Z #38 2.734   Downloaded protobuf-support v3.7.2
2026-09-08T00:08:54.6668264Z #38 2.739   Downloaded select v0.6.1
2026-09-08T00:08:54.6669053Z #38 2.743   Downloaded configparser v3.2.0
2026-09-08T00:08:54.6669925Z #38 2.747   Downloaded debian-control v0.3.13
2026-09-08T00:08:54.6670809Z #38 2.755   Downloaded digest v0.10.7
2026-09-08T00:08:54.6671644Z #38 2.758   Downloaded pest_derive v2.8.6
2026-09-08T00:08:54.6672797Z #38 2.764   Downloaded phf_generator v0.10.0
2026-09-08T00:08:54.6673711Z #38 2.765   Downloaded precomputed-hash v0.1.1
2026-09-08T00:08:54.6674594Z #38 2.766   Downloaded rand_core v0.6.4
2026-09-08T00:08:54.7665708Z #38 2.771   Downloaded rst_parser v0.4.2
2026-09-08T00:08:54.7666686Z #38 2.777   Downloaded addr2line v0.25.1
2026-09-08T00:08:54.7667443Z #38 2.782   Downloaded cpufeatures v0.2.17
2026-09-08T00:08:54.7668074Z #38 2.784   Downloaded zerovec v0.11.6
2026-09-08T00:08:54.7668460Z #38 2.796   Downloaded aws-lc-rs v1.17.0
2026-09-08T00:08:54.7668837Z #38 2.822   Downloaded anstyle-parse v1.0.0
2026-09-08T00:08:54.7669209Z #38 2.822   Downloaded backtrace v0.3.76
2026-09-08T00:08:54.7669525Z #38 2.830   Downloaded cc v1.2.65
2026-09-08T00:08:54.7669867Z #38 2.835   Downloaded deb822-lossless v0.5.18
2026-09-08T00:08:54.7670212Z #38 2.851   Downloaded debversion v0.5.4
2026-09-08T00:08:54.7670535Z #38 2.853   Downloaded anstyle v1.0.14
2026-09-08T00:08:54.7670852Z #38 2.857   Downloaded colorchoice v1.0.5
2026-09-08T00:08:54.7671222Z #38 2.858   Downloaded once_cell v1.21.4
2026-09-08T00:08:54.7672069Z #38 2.863   Downloaded heck v0.5.0
2026-09-08T00:08:54.7672415Z #38 2.866   Downloaded phf_generator v0.13.1
2026-09-08T00:08:54.8689868Z #38 2.868   Downloaded phf_shared v0.10.0
2026-09-08T00:08:54.8690923Z #38 2.870   Downloaded potential_utf v0.1.5
2026-09-08T00:08:54.8692386Z #38 2.872   Downloaded ref-cast-impl v1.0.25
2026-09-08T00:08:54.8693472Z #38 2.874   Downloaded serde_spanned v1.1.1
2026-09-08T00:08:54.8712581Z #38 2.876   Downloaded phf_shared v0.13.1
2026-09-08T00:08:54.8713509Z #38 2.878   Downloaded zerofrom-derive v0.1.7
2026-09-08T00:08:54.8714415Z #38 2.880   Downloaded rand_chacha v0.9.0
2026-09-08T00:08:54.8715292Z #38 2.882   Downloaded serde-xml-rs v0.5.1
2026-09-08T00:08:54.8716174Z #38 2.886   Downloaded document_tree v0.4.2
2026-09-08T00:08:54.8717055Z #38 2.890   Downloaded num-integer v0.1.46
2026-09-08T00:08:54.8717900Z #38 2.892   Downloaded tracing-log v0.2.0
2026-09-08T00:08:54.8718743Z #38 2.894   Downloaded ucd-trie v0.1.7
2026-09-08T00:08:54.8719613Z #38 2.897   Downloaded anyhow v1.0.102
2026-09-08T00:08:54.8720467Z #38 2.906   Downloaded fastrand v2.4.1
2026-09-08T00:08:54.8721311Z #38 2.910   Downloaded markup5ever v0.11.0
2026-09-08T00:08:54.8722606Z #38 2.912   Downloaded chrono v0.4.45
2026-09-08T00:08:54.8723448Z #38 2.925   Downloaded fs_extra v1.3.0
2026-09-08T00:08:54.8724347Z #38 2.928   Downloaded rand_core v0.9.5
2026-09-08T00:08:54.8725186Z #38 2.931   Downloaded scopeguard v1.2.0
2026-09-08T00:08:54.8726049Z #38 2.934   Downloaded thiserror v1.0.69
2026-09-08T00:08:54.8726880Z #38 2.947   Downloaded errno v0.3.14
2026-09-08T00:08:54.8727700Z #38 2.951   Downloaded rand_core v0.10.1
2026-09-08T00:08:54.8728557Z #38 2.954   Downloaded rustc-demangle v0.1.27
2026-09-08T00:08:54.8729498Z #38 2.958   Downloaded salsa-macro-rules v0.26.2
2026-09-08T00:08:54.8730447Z #38 2.961   Downloaded sha2 v0.10.9
2026-09-08T00:08:54.8731333Z #38 2.966   Downloaded nu-ansi-term v0.50.3
2026-09-08T00:08:54.8732573Z #38 2.971   Downloaded tower-lsp-server v0.23.0
2026-09-08T00:08:55.0270262Z #38 2.978   Downloaded unicode-normalization v0.1.25
2026-09-08T00:08:55.0274051Z #38 2.985   Downloaded unicode-xid v0.2.6
2026-09-08T00:08:55.0275149Z #38 2.988   Downloaded borrow-or-share v0.2.4
2026-09-08T00:08:55.0277049Z #38 2.990   Downloaded dunce v1.0.5
2026-09-08T00:08:55.0277985Z #38 2.992   Downloaded parking_lot_core v0.9.12
2026-09-08T00:08:55.0279044Z #38 2.997   Downloaded phf v0.13.1
2026-09-08T00:08:55.0280811Z #38 2.999   Downloaded thread_local v1.1.9
2026-09-08T00:08:55.0281644Z #38 3.003   Downloaded whoami v1.6.1
2026-09-08T00:08:55.0283821Z #38 3.006   Downloaded zerofrom v0.1.8
2026-09-08T00:08:55.0285724Z #38 3.008   Downloaded debian-changelog v0.2.24
2026-09-08T00:08:55.0286518Z #38 3.013   Downloaded fnv v1.0.7
2026-09-08T00:08:55.0287603Z #38 3.014   Downloaded atoi v2.0.0
2026-09-08T00:08:55.0290357Z #38 3.017   Downloaded rustls-pki-types v1.14.1
2026-09-08T00:08:55.0291258Z #38 3.022   Downloaded salsa-macros v0.26.2
2026-09-08T00:08:55.0292321Z #38 3.025   Downloaded url v2.5.8
2026-09-08T00:08:55.0298080Z #38 3.030   Downloaded tinyvec_macros v0.1.1
2026-09-08T00:08:55.0299028Z #38 3.031   Downloaded pin-project-lite v0.2.17
2026-09-08T00:08:55.0299836Z #38 3.040   Downloaded semver v1.0.28
2026-09-08T00:08:55.0300629Z #38 3.044   Downloaded sha2 v0.11.0
2026-09-08T00:08:55.0301404Z #38 3.049   Downloaded bit-set v0.10.0
2026-09-08T00:08:55.0306311Z #38 3.052   Downloaded quote v1.0.45
2026-09-08T00:08:55.0307978Z #38 3.056   Downloaded tinystr v0.8.3
2026-09-08T00:08:55.0308803Z #38 3.059   Downloaded tokio v1.52.3
2026-09-08T00:08:55.0309601Z #38 3.129   Downloaded zmij v1.0.21
2026-09-08T00:08:55.1273646Z #38 3.133   Downloaded ctutils v0.4.2
2026-09-08T00:08:55.1274254Z #38 3.136   Downloaded encoding_rs v0.8.35
2026-09-08T00:08:55.1274610Z #38 3.177   Downloaded spin v0.9.8
2026-09-08T00:08:55.1274934Z #38 3.182   Downloaded cfg_aliases v0.2.1
2026-09-08T00:08:55.1275258Z #38 3.184   Downloaded countme v3.0.1
2026-09-08T00:08:55.1276626Z #38 3.187   Downloaded dashmap v6.2.1
2026-09-08T00:08:55.1277236Z #38 3.193   Downloaded num-traits v0.2.19
2026-09-08T00:08:55.1277621Z #38 3.200   Downloaded pest_generator v2.8.6
2026-09-08T00:08:55.1277990Z #38 3.202   Downloaded serde_core v1.0.228
2026-09-08T00:08:55.1278330Z #38 3.209   Downloaded hashlink v0.11.1
2026-09-08T00:08:55.1278720Z #38 3.212   Downloaded lazy-regex-proc_macros v3.6.0
2026-09-08T00:08:55.1279528Z #38 3.215   Downloaded pest_meta v2.8.6
2026-09-08T00:08:55.1280125Z #38 3.220   Downloaded rowan v0.16.1
2026-09-08T00:08:55.1280972Z #38 3.225   Downloaded rustls-platform-verifier v0.7.0
2026-09-08T00:08:55.2276417Z #38 3.233   Downloaded miniz_oxide v0.8.9
2026-09-08T00:08:55.2277370Z #38 3.238   Downloaded mio v1.2.1
2026-09-08T00:08:55.2278245Z #38 3.254   Downloaded proc-macro2 v1.0.106
2026-09-08T00:08:55.2279208Z #38 3.260   Downloaded rustls-webpki v0.103.13
2026-09-08T00:08:55.2279843Z #38 3.267   Downloaded ryu v1.0.23
2026-09-08T00:08:55.2280744Z #38 3.274   Downloaded serde_yaml v0.9.34+deprecated
2026-09-08T00:08:55.2281457Z #38 3.281   Downloaded sqlx-postgres v0.9.0
2026-09-08T00:08:55.2282308Z #38 3.300   Downloaded strsim v0.11.1
2026-09-08T00:08:55.2282861Z #38 3.304   Downloaded whoami v2.1.2
2026-09-08T00:08:55.2283439Z #38 3.308   Downloaded atomic-waker v1.1.2
2026-09-08T00:08:55.2284011Z #38 3.311   Downloaded autocfg v1.5.1
2026-09-08T00:08:55.2284547Z #38 3.315   Downloaded bit-vec v0.9.1
2026-09-08T00:08:55.2285084Z #38 3.318   Downloaded crc v3.4.0
2026-09-08T00:08:55.2285661Z #38 3.321   Downloaded deb822-derive v0.3.1
2026-09-08T00:08:55.2286267Z #38 3.323   Downloaded deb822-fast v0.2.3
2026-09-08T00:08:55.2286874Z #38 3.327   Downloaded event-listener v5.4.1
2026-09-08T00:08:55.2287457Z #38 3.330   Downloaded failure v0.1.8
2026-09-08T00:08:55.3282914Z #38 3.337   Downloaded failure_derive v0.1.8
2026-09-08T00:08:55.3284000Z #38 3.339   Downloaded fluent-uri v0.4.1
2026-09-08T00:08:55.3303180Z #38 3.345   Downloaded foldhash v0.2.0
2026-09-08T00:08:55.3304226Z #38 3.346   Downloaded form_urlencoded v1.2.2
2026-09-08T00:08:55.3305158Z #38 3.348   Downloaded futures-executor v0.3.32
2026-09-08T00:08:55.3305802Z #38 3.351   Downloaded getopts v0.2.24
2026-09-08T00:08:55.3306407Z #38 3.355   Downloaded getrandom v0.2.17
2026-09-08T00:08:55.3306999Z #38 3.361   Downloaded getrandom v0.4.3
2026-09-08T00:08:55.3307611Z #38 3.369   Downloaded num-bigint v0.4.6
2026-09-08T00:08:55.3308217Z #38 3.379   Downloaded parking_lot v0.12.5
2026-09-08T00:08:55.3308793Z #38 3.383   Downloaded quinn v0.11.9
2026-09-08T00:08:55.3309352Z #38 3.389   Downloaded quinn-udp v0.5.14
2026-09-08T00:08:55.3309900Z #38 3.392   Downloaded rand v0.8.6
2026-09-08T00:08:55.3310461Z #38 3.400   Downloaded rayon-core v1.13.0
2026-09-08T00:08:55.3311051Z #38 3.408   Downloaded scip v0.9.0
2026-09-08T00:08:55.3311608Z #38 3.413   Downloaded serde v1.0.228
2026-09-08T00:08:55.3312449Z #38 3.421   Downloaded serde_derive v1.0.228
2026-09-08T00:08:55.3313162Z #38 3.429   Downloaded signal-hook-registry v1.4.8
2026-09-08T00:08:55.3313813Z #38 3.430   Downloaded tinyvec v1.11.0
2026-09-08T00:08:55.4293612Z #38 3.435   Downloaded tokio-util v0.7.18
2026-09-08T00:08:55.4294354Z #38 3.455   Downloaded toml v0.9.12+spec-1.1.0
2026-09-08T00:08:55.4295084Z #38 3.474   Downloaded upstream-ontologist v0.3.21
2026-09-08T00:08:55.4295825Z #38 3.518   Downloaded aho-corasick v1.1.4
2026-09-08T00:08:55.4296408Z #38 3.529   Downloaded cargo_toml v0.22.3
2026-09-08T00:08:55.4296965Z #38 3.531   Downloaded debbugs v0.1.9
2026-09-08T00:08:55.5320938Z #38 3.536   Downloaded displaydoc v0.2.6
2026-09-08T00:08:55.5321619Z #38 3.540   Downloaded distro-info v0.4.0
2026-09-08T00:08:55.5322449Z #38 3.552   Downloaded generic-array v0.14.7
2026-09-08T00:08:55.5322808Z #38 3.555   Downloaded h2 v0.4.15
2026-09-08T00:08:55.5323160Z #38 3.573   Downloaded hybrid-array v0.4.12
2026-09-08T00:08:55.5323523Z #38 3.578   Downloaded icu_normalizer v2.2.0
2026-09-08T00:08:55.5323850Z #38 3.585   Downloaded memchr v2.8.2
2026-09-08T00:08:55.5324184Z #38 3.597   Downloaded pest v2.8.6
2026-09-08T00:08:55.5324500Z #38 3.605   Downloaded rand v0.9.4
2026-09-08T00:08:55.5324800Z #38 3.614   Downloaded slab v0.4.12
2026-09-08T00:08:55.5325147Z #38 3.617   Downloaded string_cache_codegen v0.6.1
2026-09-08T00:08:55.5325505Z #38 3.618   Downloaded tendril v0.4.3
2026-09-08T00:08:55.5325831Z #38 3.622   Downloaded tokio-stream v0.1.18
2026-09-08T00:08:55.5326166Z #38 3.633   Downloaded xml5ever v0.17.0
2026-09-08T00:08:55.6315790Z #38 3.638   Downloaded allocator-api2 v0.2.21
2026-09-08T00:08:55.6316567Z #38 3.644   Downloaded sqlx-macros-core v0.9.0
2026-09-08T00:08:55.6317227Z #38 3.649   Downloaded synstructure v0.13.2
2026-09-08T00:08:55.6317876Z #38 3.651   Downloaded text-size v1.1.1
2026-09-08T00:08:55.6318733Z #38 3.655   Downloaded unicase v2.9.0
2026-09-08T00:08:55.6319330Z #38 3.659   Downloaded csv v1.4.0
2026-09-08T00:08:55.6319865Z #38 3.698   Downloaded dep3 v0.2.4
2026-09-08T00:08:55.6320490Z #38 3.701   Downloaded find-msvc-tools v0.1.9
2026-09-08T00:08:55.6321172Z #38 3.704   Downloaded flume v0.12.0
2026-09-08T00:08:55.6321702Z #38 3.715   Downloaded futures-core v0.3.32
2026-09-08T00:08:55.6322409Z #38 3.725   Downloaded html5ever v0.39.0
2026-09-08T00:08:55.6322731Z #38 3.733   Downloaded http v1.4.2
2026-09-08T00:08:55.7643852Z #38 3.741   Downloaded http-body v1.0.1
2026-09-08T00:08:55.7645007Z #38 3.744   Downloaded http-body-util v0.1.3
2026-09-08T00:08:55.7645982Z #38 3.749   Downloaded hyper-util v0.1.20
2026-09-08T00:08:55.7646826Z #38 3.766   Downloaded indexmap v2.14.0
2026-09-08T00:08:55.7647743Z #38 3.776   Downloaded itoa v1.0.18
2026-09-08T00:08:55.7648517Z #38 3.780   Downloaded lazy_static v1.5.0
2026-09-08T00:08:55.7649457Z #38 3.784   Downloaded ls-types v0.0.6
2026-09-08T00:08:55.7650305Z #38 3.795   Downloaded pulldown-cmark v0.13.4
2026-09-08T00:08:55.7651112Z #38 3.811   Downloaded rand v0.10.1
2026-09-08T00:08:55.7652084Z #38 3.824   Downloaded rayon v1.12.0
2026-09-08T00:08:55.7653470Z #38 3.866   Downloaded regex v1.12.4
2026-09-08T00:08:55.8718240Z #38 3.879   Downloaded reqwest v0.13.4
2026-09-08T00:08:55.8719384Z #38 3.895   Downloaded serde_json v1.0.150
2026-09-08T00:08:55.8720332Z #38 3.926   Downloaded synstructure v0.12.6
2026-09-08T00:08:55.8721042Z #38 3.927   Downloaded tower-http v0.6.11
2026-09-08T00:08:55.9756164Z #38 3.976   Downloaded tower-service v0.3.3
2026-09-08T00:08:55.9756880Z #38 3.979   Downloaded typenum v1.20.1
2026-09-08T00:08:55.9757459Z #38 3.987   Downloaded utf8_iter v1.0.4
2026-09-08T00:08:55.9757990Z #38 3.990   Downloaded xml v1.3.0
2026-09-08T00:08:55.9758562Z #38 3.998   Downloaded futures-task v0.3.32
2026-09-08T00:08:55.9759153Z #38 4.001   Downloaded getrandom v0.3.4
2026-09-08T00:08:55.9759706Z #38 4.010   Downloaded m_lexer v0.0.4
2026-09-08T00:08:55.9760220Z #38 4.014   Downloaded httparse v1.10.1
2026-09-08T00:08:55.9760764Z #38 4.020   Downloaded idna v1.1.0
2026-09-08T00:08:55.9761385Z #38 4.030   Downloaded unicode-properties v0.1.4
2026-09-08T00:08:55.9762371Z #38 4.038   Downloaded thiserror v2.0.18
2026-09-08T00:08:55.9762980Z #38 4.059   Downloaded typeid v1.0.3
2026-09-08T00:08:55.9763574Z #38 4.062   Downloaded unicode-ident v1.0.24
2026-09-08T00:08:55.9764177Z #38 4.070   Downloaded unsafe-libyaml v0.2.11
2026-09-08T00:08:55.9764749Z #38 4.077   Downloaded hex v0.4.3
2026-09-08T00:08:56.0961196Z #38 4.082   Downloaded hyper-rustls v0.27.9
2026-09-08T00:08:56.0962974Z #38 4.085   Downloaded portable-atomic v1.13.1
2026-09-08T00:08:56.0963628Z #38 4.100   Downloaded winnow v0.7.15
2026-09-08T00:08:56.0964218Z #38 4.122   Downloaded winnow v1.0.3
2026-09-08T00:08:56.0964789Z #38 4.142   Downloaded xml-rs v0.8.28
2026-09-08T00:08:56.0965361Z #38 4.150   Downloaded yoke-derive v0.8.2
2026-09-08T00:08:56.0965952Z #38 4.154   Downloaded hashbrown v0.16.1
2026-09-08T00:08:56.0966585Z #38 4.169   Downloaded makefile-lossless v0.3.40
2026-09-08T00:08:56.0967275Z #38 4.175   Downloaded markup5ever_rcdom v0.2.0
2026-09-08T00:08:56.0967897Z #38 4.198   Downloaded protobuf v3.7.2
2026-09-08T00:08:56.2016947Z #38 4.250   Downloaded quinn-proto v0.11.14
2026-09-08T00:08:56.2017631Z #38 4.269   Downloaded smawk v0.3.3
2026-09-08T00:08:56.2018125Z #38 4.274   Downloaded sqlx-macros v0.9.0
2026-09-08T00:08:56.2018858Z #38 4.277   Downloaded sqlx-sqlite v0.9.0
2026-09-08T00:08:56.2019256Z #38 4.288   Downloaded tokio-macros v2.7.0
2026-09-08T00:08:56.2019853Z #38 4.294   Downloaded futures v0.3.32
2026-09-08T00:08:56.2020457Z #38 4.304   Downloaded iana-time-zone v0.1.65
2026-09-08T00:08:56.3159638Z #38 4.312   Downloaded salsa v0.26.2
2026-09-08T00:08:56.3160522Z #38 4.363   Downloaded sqlx-mysql v0.9.0
2026-09-08T00:08:56.3161378Z #38 4.384   Downloaded tracing-attributes v0.1.31
2026-09-08T00:08:56.3162843Z #38 4.391   Downloaded tracing-subscriber v0.3.23
2026-09-08T00:08:56.3163776Z #38 4.418   Downloaded vcpkg v0.2.15
2026-09-08T00:08:56.5393663Z #38 4.557   Downloaded writeable v0.6.3
2026-09-08T00:08:56.5394478Z #38 4.561   Downloaded zerocopy v0.8.52
2026-09-08T00:08:56.5395262Z #38 4.609   Downloaded bytes v1.12.0
2026-09-08T00:08:56.5396065Z #38 4.617   Downloaded either v1.16.0
2026-09-08T00:08:56.5396742Z #38 4.620   Downloaded futures-util v0.3.32
2026-09-08T00:08:56.6425397Z #38 4.652   Downloaded icu_locale_core v2.2.0
2026-09-08T00:08:56.6426075Z #38 4.666   Downloaded object v0.37.3
2026-09-08T00:08:56.6426941Z #38 4.686   Downloaded socket2 v0.6.4
2026-09-08T00:08:56.6427711Z #38 4.690   Downloaded syn v1.0.109
2026-09-08T00:08:56.6428456Z #38 4.708   Downloaded unicode-width v0.2.2
2026-09-08T00:08:56.6429225Z #38 4.717   Downloaded debian-copyright v0.1.53
2026-09-08T00:08:56.6430098Z #38 4.720   Downloaded icu_properties_data v2.2.0
2026-09-08T00:08:56.6430840Z #38 4.745   Downloaded patchkit v0.3.3
2026-09-08T00:08:56.7607395Z #38 4.758   Downloaded regex-syntax v0.8.11
2026-09-08T00:08:56.7608399Z #38 4.773   Downloaded rustls v0.23.40
2026-09-08T00:08:56.7609381Z #38 4.797   Downloaded yoke v0.8.3
2026-09-08T00:08:56.7610334Z #38 4.800   Downloaded anstyle-query v1.1.5
2026-09-08T00:08:56.7612034Z #38 4.802   Downloaded tower v0.5.3
2026-09-08T00:08:56.7612992Z #38 4.823   Downloaded utf8parse v0.2.2
2026-09-08T00:08:56.7613835Z #38 4.825   Downloaded hashbrown v0.15.5
2026-09-08T00:08:56.7614739Z #38 4.834   Downloaded regex-automata v0.4.14
2026-09-08T00:08:56.7615643Z #38 4.863   Downloaded siphasher v1.0.3
2026-09-08T00:08:56.8759495Z #38 4.864   Downloaded thin-vec v0.2.18
2026-09-08T00:08:56.8760652Z #38 4.866   Downloaded tower-layer v0.3.3
2026-09-08T00:08:56.8761532Z #38 4.868   Downloaded try-lock v0.2.5
2026-09-08T00:08:56.8762592Z #38 4.870   Downloaded shlex v2.0.1
2026-09-08T00:08:56.8763370Z #38 4.873   Downloaded siphasher v0.3.11
2026-09-08T00:08:56.8764182Z #38 4.875   Downloaded thiserror-impl v2.0.18
2026-09-08T00:08:56.8764963Z #38 4.878   Downloaded smallvec v1.15.2
2026-09-08T00:08:56.8765740Z #38 4.881   Downloaded string_cache v0.8.9
2026-09-08T00:08:56.8766483Z #38 4.884   Downloaded tracing v0.1.44
2026-09-08T00:08:56.8767245Z #38 4.914   Downloaded sqlx-core v0.9.0
2026-09-08T00:08:56.8767983Z #38 4.941   Downloaded sqlx v0.9.0
2026-09-08T00:08:56.8768722Z #38 4.977   Downloaded idna_adapter v1.2.2
2026-09-08T00:08:56.9796613Z #38 4.978   Downloaded syn v2.0.118
2026-09-08T00:08:56.9798104Z #38 4.999   Downloaded textwrap v0.16.2
2026-09-08T00:08:56.9799041Z #38 5.004   Downloaded ipnet v2.12.0
2026-09-08T00:08:56.9799869Z #38 5.007   Downloaded tracing-core v0.1.36
2026-09-08T00:08:56.9800667Z #38 5.020   Downloaded hashbrown v0.14.5
2026-09-08T00:08:56.9801501Z #38 5.029   Downloaded icu_normalizer_data v2.2.0
2026-09-08T00:08:56.9802686Z #38 5.033   Downloaded mailparse v0.16.1
2026-09-08T00:08:56.9803455Z #38 5.037   Downloaded futf v0.1.5
2026-09-08T00:08:56.9804611Z #38 5.039   Downloaded version_check v0.9.5
2026-09-08T00:08:56.9805378Z #38 5.042   Downloaded ring v0.17.14
2026-09-08T00:08:57.0816178Z #38 5.131   Downloaded utf-8 v0.7.6
2026-09-08T00:08:57.0817027Z #38 5.133   Downloaded hashlink v0.10.0
2026-09-08T00:08:57.0817918Z #38 5.137   Downloaded digest v0.11.3
2026-09-08T00:08:57.0818823Z #38 5.142   Downloaded dotenvy v0.15.7
2026-09-08T00:08:57.0819462Z #38 5.147   Downloaded equivalent v1.0.2
2026-09-08T00:08:57.0820085Z #38 5.149   Downloaded hmac v0.13.0
2026-09-08T00:08:57.0820775Z #38 5.153   Downloaded inventory v0.3.24
2026-09-08T00:08:57.0821396Z #38 5.157   Downloaded unicode-bidi v0.3.18
2026-09-08T00:08:57.0822269Z #38 5.162   Downloaded csv-core v0.1.13
2026-09-08T00:08:57.0822972Z #38 5.164   Downloaded toml_parser v1.1.2+spec-1.1.0
2026-09-08T00:08:57.0823672Z #38 5.169   Downloaded tendril v0.5.0
2026-09-08T00:08:57.0824278Z #38 5.173   Downloaded lock_api v0.4.14
2026-09-08T00:08:57.0824865Z #38 5.175   Downloaded lazy-regex v3.6.0
2026-09-08T00:08:57.0825477Z #38 5.177   Downloaded unicode-linebreak v0.1.5
2026-09-08T00:08:57.0826074Z #38 5.179   Downloaded zeroize v1.9.0
2026-09-08T00:08:57.0826662Z #38 5.181   Downloaded crossbeam-queue v0.3.12
2026-09-08T00:08:57.0827301Z #38 5.184   Downloaded lintian-overrides v0.1.7
2026-09-08T00:08:57.1832882Z #38 5.186   Downloaded toml_datetime v0.7.5+spec-1.1.0
2026-09-08T00:08:57.1833697Z #38 5.188   Downloaded web_atoms v0.2.5
2026-09-08T00:08:57.1834270Z #38 5.190   Downloaded hyper v1.10.1
2026-09-08T00:08:57.1834821Z #38 5.203   Downloaded want v0.3.1
2026-09-08T00:08:57.1835365Z #38 5.204   Downloaded bitflags v2.13.0
2026-09-08T00:08:57.1835938Z #38 5.213   Downloaded stringprep v0.1.5
2026-09-08T00:08:57.1836524Z #38 5.216   Downloaded jobserver v0.1.34
2026-09-08T00:08:57.1837078Z #38 5.220   Downloaded hashbrown v0.17.1
2026-09-08T00:08:57.1837644Z #38 5.229   Downloaded futures-io v0.3.32
2026-09-08T00:08:57.1838196Z #38 5.231   Downloaded hkdf v0.13.0
2026-09-08T00:08:57.1838765Z #38 5.236   Downloaded icu_properties v2.2.0
2026-09-08T00:08:57.1839356Z #38 5.244   Downloaded log v0.4.33
2026-09-08T00:08:57.1839950Z #38 5.249   Downloaded icu_provider v2.2.0
2026-09-08T00:08:57.1840606Z #38 5.255   Downloaded toml_datetime v1.1.1+spec-1.1.0
2026-09-08T00:08:57.1841538Z #38 5.257   Downloaded litemap v0.8.2
2026-09-08T00:08:57.1842757Z #38 5.263   Downloaded cfg-if v1.0.4
2026-09-08T00:08:57.1843371Z #38 5.266   Downloaded futures-channel v0.3.32
2026-09-08T00:08:57.1843975Z #38 5.272   Downloaded untrusted v0.9.0
2026-09-08T00:08:57.1844618Z #38 5.275   Downloaded toml_edit v0.25.12+spec-1.1.0
2026-09-08T00:08:57.1845247Z #38 5.283   Downloaded subtle v2.6.1
2026-09-08T00:08:57.1845917Z #38 5.285   Downloaded intrusive-collections v0.9.7
2026-09-08T00:08:57.3533466Z #38 5.294   Downloaded sync_wrapper v1.0.2
2026-09-08T00:08:57.3534483Z #38 5.297   Downloaded futures-intrusive v0.5.0
2026-09-08T00:08:57.3535342Z #38 5.307   Downloaded icu_collections v2.2.0
2026-09-08T00:08:57.3536172Z #38 5.340   Downloaded is_terminal_polyfill v1.70.2
2026-09-08T00:08:57.3537016Z #38 5.340   Downloaded xmltree v0.12.0
2026-09-08T00:08:57.3537718Z #38 5.340   Downloaded lru v0.18.0
2026-09-08T00:08:57.3538465Z #38 5.340   Downloaded stable_deref_trait v1.2.1
2026-09-08T00:08:57.3539269Z #38 5.340   Downloaded gimli v0.32.3
2026-09-08T00:08:57.3540012Z #38 5.342   Downloaded html5ever v0.26.0
2026-09-08T00:08:57.3540840Z #38 5.349   Downloaded toml_writer v1.1.1+spec-1.1.0
2026-09-08T00:08:57.3542040Z #38 5.353   Downloaded string_cache_codegen v0.5.4
2026-09-08T00:08:57.3542950Z #38 5.354   Downloaded thiserror-impl v1.0.69
2026-09-08T00:08:57.3543775Z #38 5.358   Downloaded tokio-rustls v0.26.4
2026-09-08T00:08:57.3544521Z #38 5.362   Downloaded mac v0.1.1
2026-09-08T00:08:57.3545272Z #38 5.365   Downloaded futures-macro v0.3.32
2026-09-08T00:08:57.3546053Z #38 5.368   Downloaded lru-slab v0.1.2
2026-09-08T00:08:57.3546852Z #38 5.369   Downloaded futures-sink v0.3.32
2026-09-08T00:08:57.3547649Z #38 5.373   Downloaded yaml-edit v0.2.2
2026-09-08T00:08:58.9806639Z #38 6.848   Downloaded string_cache v0.9.0
2026-09-08T00:08:58.9807342Z #38 6.852   Downloaded libc v0.2.186
2026-09-08T00:08:58.9807917Z #38 6.932   Downloaded aws-lc-sys v0.41.0
2026-09-08T00:08:59.1319772Z #38 ...
2026-09-08T00:08:59.1320128Z 
2026-09-08T00:08:59.1323923Z #32 [runtime  3/27] RUN apt-get update && apt-get install -y --no-install-recommends     build-essential     ca-certificates     clang     cmake     composer     git     llvm     maven     ninja-build     openjdk-17-jdk-headless     php-cli     python3     python3-dev     python3-pip     python3-venv     ruby     ruby-dev     ruby-bundler     universal-ctags   && rm -rf /var/lib/apt/lists/*
2026-09-08T00:08:59.1326739Z #32 36.34 Selecting previously unselected package libllvm14:amd64.
2026-09-08T00:08:59.1327704Z #32 36.35 Preparing to unpack .../056-libllvm14_1%3a14.0.6-12_amd64.deb ...
2026-09-08T00:08:59.1328560Z #32 36.35 Unpacking libllvm14:amd64 (1:14.0.6-12) ...
2026-09-08T00:08:59.1329386Z #32 37.51 Selecting previously unselected package libclang-cpp14.
2026-09-08T00:08:59.1330384Z #32 37.51 Preparing to unpack .../057-libclang-cpp14_1%3a14.0.6-12_amd64.deb ...
2026-09-08T00:08:59.1331350Z #32 37.51 Unpacking libclang-cpp14 (1:14.0.6-12) ...
2026-09-08T00:08:59.1333016Z #32 39.14 Selecting previously unselected package libgc1:amd64.
2026-09-08T00:08:59.1333945Z #32 39.14 Preparing to unpack .../058-libgc1_1%3a8.2.2-3_amd64.deb ...
2026-09-08T00:08:59.1334755Z #32 39.15 Unpacking libgc1:amd64 (1:8.2.2-3) ...
2026-09-08T00:08:59.1335581Z #32 39.19 Selecting previously unselected package libobjc4:amd64.
2026-09-08T00:08:59.1336547Z #32 39.19 Preparing to unpack .../059-libobjc4_12.2.0-14+deb12u1_amd64.deb ...
2026-09-08T00:08:59.1337426Z #32 39.19 Unpacking libobjc4:amd64 (12.2.0-14+deb12u1) ...
2026-09-08T00:08:59.1338308Z #32 39.23 Selecting previously unselected package libobjc-12-dev:amd64.
2026-09-08T00:08:59.1339454Z #32 39.23 Preparing to unpack .../060-libobjc-12-dev_12.2.0-14+deb12u1_amd64.deb ...
2026-09-08T00:08:59.1340425Z #32 39.23 Unpacking libobjc-12-dev:amd64 (12.2.0-14+deb12u1) ...
2026-09-08T00:08:59.1341338Z #32 39.26 Selecting previously unselected package libclang-common-14-dev.
2026-09-08T00:08:59.1342959Z #32 39.26 Preparing to unpack .../061-libclang-common-14-dev_1%3a14.0.6-12_all.deb ...
2026-09-08T00:08:59.1344165Z #32 39.26 Unpacking libclang-common-14-dev (1:14.0.6-12) ...
2026-09-08T00:08:59.1345081Z #32 39.39 Selecting previously unselected package llvm-14-linker-tools.
2026-09-08T00:08:59.1346140Z #32 39.40 Preparing to unpack .../062-llvm-14-linker-tools_1%3a14.0.6-12_amd64.deb ...
2026-09-08T00:08:59.1347077Z #32 39.40 Unpacking llvm-14-linker-tools (1:14.0.6-12) ...
2026-09-08T00:08:59.1347891Z #32 39.49 Selecting previously unselected package libclang1-14.
2026-09-08T00:08:59.1348819Z #32 39.49 Preparing to unpack .../063-libclang1-14_1%3a14.0.6-12_amd64.deb ...
2026-09-08T00:08:59.1349638Z #32 39.49 Unpacking libclang1-14 (1:14.0.6-12) ...
2026-09-08T00:08:59.1350417Z #32 39.90 Selecting previously unselected package clang-14.
2026-09-08T00:08:59.1351326Z #32 39.90 Preparing to unpack .../064-clang-14_1%3a14.0.6-12_amd64.deb ...
2026-09-08T00:08:59.1352445Z #32 39.90 Unpacking clang-14 (1:14.0.6-12) ...
2026-09-08T00:08:59.1353195Z #32 39.92 Selecting previously unselected package clang.
2026-09-08T00:08:59.1354133Z #32 39.92 Preparing to unpack .../065-clang_1%3a14.0-55.7~deb12u1_amd64.deb ...
2026-09-08T00:08:59.1355013Z #32 39.93 Unpacking clang (1:14.0-55.7~deb12u1) ...
2026-09-08T00:08:59.1355840Z #32 39.94 Selecting previously unselected package libarchive13:amd64.
2026-09-08T00:08:59.1356834Z #32 39.95 Preparing to unpack .../066-libarchive13_3.6.2-1+deb12u5_amd64.deb ...
2026-09-08T00:08:59.1357750Z #32 39.95 Unpacking libarchive13:amd64 (3.6.2-1+deb12u5) ...
2026-09-08T00:08:59.1358616Z #32 39.99 Selecting previously unselected package libbrotli1:amd64.
2026-09-08T00:08:59.1359544Z #32 39.99 Preparing to unpack .../067-libbrotli1_1.0.9-2+b6_amd64.deb ...
2026-09-08T00:08:59.1360362Z #32 39.99 Unpacking libbrotli1:amd64 (1.0.9-2+b6) ...
2026-09-08T00:08:59.1361207Z #32 40.03 Selecting previously unselected package libsasl2-modules-db:amd64.
2026-09-08T00:08:59.1362584Z #32 40.03 Preparing to unpack .../068-libsasl2-modules-db_2.1.28+dfsg-10_amd64.deb ...
2026-09-08T00:08:59.1363477Z #32 40.03 Unpacking libsasl2-modules-db:amd64 (2.1.28+dfsg-10) ...
2026-09-08T00:08:59.1364277Z #32 40.06 Selecting previously unselected package libsasl2-2:amd64.
2026-09-08T00:08:59.1365129Z #32 40.06 Preparing to unpack .../069-libsasl2-2_2.1.28+dfsg-10_amd64.deb ...
2026-09-08T00:08:59.1365888Z #32 40.06 Unpacking libsasl2-2:amd64 (2.1.28+dfsg-10) ...
2026-09-08T00:08:59.1366643Z #32 40.09 Selecting previously unselected package libldap-2.5-0:amd64.
2026-09-08T00:08:59.1367514Z #32 40.09 Preparing to unpack .../070-libldap-2.5-0_2.5.13+dfsg-5_amd64.deb ...
2026-09-08T00:08:59.1368312Z #32 40.09 Unpacking libldap-2.5-0:amd64 (2.5.13+dfsg-5) ...
2026-09-08T00:08:59.1369086Z #32 40.13 Selecting previously unselected package libnghttp2-14:amd64.
2026-09-08T00:08:59.1369986Z #32 40.13 Preparing to unpack .../071-libnghttp2-14_1.52.0-1+deb12u3_amd64.deb ...
2026-09-08T00:08:59.1370794Z #32 40.13 Unpacking libnghttp2-14:amd64 (1.52.0-1+deb12u3) ...
2026-09-08T00:08:59.1371541Z #32 40.17 Selecting previously unselected package libpsl5:amd64.
2026-09-08T00:08:59.1373377Z #32 40.17 Preparing to unpack .../072-libpsl5_0.21.2-1_amd64.deb ...
2026-09-08T00:08:59.1374283Z #32 40.17 Unpacking libpsl5:amd64 (0.21.2-1) ...
2026-09-08T00:08:59.1375042Z #32 40.19 Selecting previously unselected package librtmp1:amd64.
2026-09-08T00:08:59.1376049Z #32 40.20 Preparing to unpack .../073-librtmp1_2.4+20151223.gitfa8646d.1-2+b2_amd64.deb ...
2026-09-08T00:08:59.1377048Z #32 40.20 Unpacking librtmp1:amd64 (2.4+20151223.gitfa8646d.1-2+b2) ...
2026-09-08T00:08:59.1377907Z #32 40.24 Selecting previously unselected package libssh2-1:amd64.
2026-09-08T00:08:59.1378825Z #32 40.24 Preparing to unpack .../074-libssh2-1_1.10.0-3+deb12u1_amd64.deb ...
2026-09-08T00:08:59.1379661Z #32 40.24 Unpacking libssh2-1:amd64 (1.10.0-3+deb12u1) ...
2026-09-08T00:08:59.1380451Z #32 40.28 Selecting previously unselected package libcurl4:amd64.
2026-09-08T00:08:59.1381576Z #32 40.28 Preparing to unpack .../075-libcurl4_7.88.1-10+deb12u15_amd64.deb ...
2026-09-08T00:08:59.1382948Z #32 40.28 Unpacking libcurl4:amd64 (7.88.1-10+deb12u15) ...
2026-09-08T00:08:59.1383829Z #32 40.32 Selecting previously unselected package libjsoncpp25:amd64.
2026-09-08T00:08:59.1384768Z #32 40.33 Preparing to unpack .../076-libjsoncpp25_1.9.5-4_amd64.deb ...
2026-09-08T00:08:59.1385606Z #32 40.33 Unpacking libjsoncpp25:amd64 (1.9.5-4) ...
2026-09-08T00:08:59.1386428Z #32 40.35 Selecting previously unselected package librhash0:amd64.
2026-09-08T00:08:59.1387337Z #32 40.36 Preparing to unpack .../077-librhash0_1.4.3-3_amd64.deb ...
2026-09-08T00:08:59.1388124Z #32 40.36 Unpacking librhash0:amd64 (1.4.3-3) ...
2026-09-08T00:08:59.1388907Z #32 40.39 Selecting previously unselected package libuv1:amd64.
2026-09-08T00:08:59.1389836Z #32 40.39 Preparing to unpack .../078-libuv1_1.44.2-1+deb12u1_amd64.deb ...
2026-09-08T00:08:59.1390660Z #32 40.39 Unpacking libuv1:amd64 (1.44.2-1+deb12u1) ...
2026-09-08T00:08:59.1391438Z #32 40.43 Selecting previously unselected package cmake-data.
2026-09-08T00:08:59.1392514Z #32 40.44 Preparing to unpack .../079-cmake-data_3.25.1-1_all.deb ...
2026-09-08T00:08:59.1393227Z #32 40.44 Unpacking cmake-data (3.25.1-1) ...
2026-09-08T00:08:59.1393896Z #32 41.15 Selecting previously unselected package cmake.
2026-09-08T00:08:59.1394688Z #32 41.16 Preparing to unpack .../080-cmake_3.25.1-1_amd64.deb ...
2026-09-08T00:08:59.1395352Z #32 41.16 Unpacking cmake (3.25.1-1) ...
2026-09-08T00:08:59.1396043Z #32 41.72 Selecting previously unselected package libmagic-mgc.
2026-09-08T00:08:59.1396919Z #32 41.73 Preparing to unpack .../081-libmagic-mgc_1%3a5.44-3_amd64.deb ...
2026-09-08T00:08:59.1397663Z #32 41.73 Unpacking libmagic-mgc (1:5.44-3) ...
2026-09-08T00:08:59.1398402Z #32 41.79 Selecting previously unselected package libmagic1:amd64.
2026-09-08T00:08:59.1399257Z #32 41.80 Preparing to unpack .../082-libmagic1_1%3a5.44-3_amd64.deb ...
2026-09-08T00:08:59.1399997Z #32 41.80 Unpacking libmagic1:amd64 (1:5.44-3) ...
2026-09-08T00:08:59.1400690Z #32 41.83 Selecting previously unselected package psmisc.
2026-09-08T00:08:59.1401440Z #32 41.83 Preparing to unpack .../083-psmisc_23.6-1_amd64.deb ...
2026-09-08T00:08:59.1442915Z #32 41.84 Unpacking psmisc (23.6-1) ...
2026-09-08T00:08:59.1443663Z #32 41.90 Selecting previously unselected package php-common.
2026-09-08T00:08:59.1444524Z #32 41.91 Preparing to unpack .../084-php-common_2%3a93_all.deb ...
2026-09-08T00:08:59.1445247Z #32 41.91 Unpacking php-common (2:93) ...
2026-09-08T00:08:59.1445986Z #32 41.93 Selecting previously unselected package php8.2-common.
2026-09-08T00:08:59.1446946Z #32 41.94 Preparing to unpack .../085-php8.2-common_8.2.33-1~deb12u1_amd64.deb ...
2026-09-08T00:08:59.1447783Z #32 41.94 Unpacking php8.2-common (8.2.33-1~deb12u1) ...
2026-09-08T00:08:59.1448579Z #32 42.02 Selecting previously unselected package php8.2-opcache.
2026-09-08T00:08:59.1449537Z #32 42.03 Preparing to unpack .../086-php8.2-opcache_8.2.33-1~deb12u1_amd64.deb ...
2026-09-08T00:08:59.1450420Z #32 42.03 Unpacking php8.2-opcache (8.2.33-1~deb12u1) ...
2026-09-08T00:08:59.1451226Z #32 42.07 Selecting previously unselected package php8.2-readline.
2026-09-08T00:08:59.1452386Z #32 42.08 Preparing to unpack .../087-php8.2-readline_8.2.33-1~deb12u1_amd64.deb ...
2026-09-08T00:08:59.1453263Z #32 42.08 Unpacking php8.2-readline (8.2.33-1~deb12u1) ...
2026-09-08T00:08:59.1454049Z #32 42.10 Selecting previously unselected package libargon2-1:amd64.
2026-09-08T00:08:59.1454999Z #32 42.10 Preparing to unpack .../088-libargon2-1_0~20171227-0.3+deb12u1_amd64.deb ...
2026-09-08T00:08:59.1455938Z #32 42.10 Unpacking libargon2-1:amd64 (0~20171227-0.3+deb12u1) ...
2026-09-08T00:08:59.1456796Z #32 42.12 Selecting previously unselected package libsodium23:amd64.
2026-09-08T00:08:59.1457728Z #32 42.12 Preparing to unpack .../089-libsodium23_1.0.18-1+deb12u1_amd64.deb ...
2026-09-08T00:08:59.1458589Z #32 42.12 Unpacking libsodium23:amd64 (1.0.18-1+deb12u1) ...
2026-09-08T00:08:59.1459582Z #32 42.15 Selecting previously unselected package php8.2-cli.
2026-09-08T00:08:59.1460646Z #32 42.15 Preparing to unpack .../090-php8.2-cli_8.2.33-1~deb12u1_amd64.deb ...
2026-09-08T00:08:59.1461482Z #32 42.16 Unpacking php8.2-cli (8.2.33-1~deb12u1) ...
2026-09-08T00:08:59.1462510Z #32 42.32 Selecting previously unselected package php-cli.
2026-09-08T00:08:59.1463369Z #32 42.32 Preparing to unpack .../091-php-cli_2%3a8.2+93_all.deb ...
2026-09-08T00:08:59.1489349Z #32 42.32 Unpacking php-cli (2:8.2+93) ...
2026-09-08T00:08:59.1490197Z #32 42.34 Selecting previously unselected package php-composer-ca-bundle.
2026-09-08T00:08:59.1491286Z #32 42.34 Preparing to unpack .../092-php-composer-ca-bundle_1.3.5-1_all.deb ...
2026-09-08T00:08:59.1492406Z #32 42.34 Unpacking php-composer-ca-bundle (1.3.5-1) ...
2026-09-08T00:08:59.1493414Z #32 42.36 Selecting previously unselected package php-symfony-deprecation-contracts.
2026-09-08T00:08:59.1494771Z #32 42.37 Preparing to unpack .../093-php-symfony-deprecation-contracts_2.5.5-0+deb12u1_all.deb ...
2026-09-08T00:08:59.1496005Z #32 42.37 Unpacking php-symfony-deprecation-contracts (2.5.5-0+deb12u1) ...
2026-09-08T00:08:59.1497009Z #32 42.38 Selecting previously unselected package php-symfony-finder.
2026-09-08T00:08:59.1498109Z #32 42.39 Preparing to unpack .../094-php-symfony-finder_5.4.53+dfsg-0+deb12u1_all.deb ...
2026-09-08T00:08:59.1499126Z #32 42.39 Unpacking php-symfony-finder (5.4.53+dfsg-0+deb12u1) ...
2026-09-08T00:08:59.1500093Z #32 42.41 Selecting previously unselected package php-composer-pcre.
2026-09-08T00:08:59.1501157Z #32 42.42 Preparing to unpack .../095-php-composer-pcre_3.1.0-1+deb12u1_all.deb ...
2026-09-08T00:08:59.1502260Z #32 42.42 Unpacking php-composer-pcre (3.1.0-1+deb12u1) ...
2026-09-08T00:08:59.1503251Z #32 42.43 Selecting previously unselected package php-composer-class-map-generator.
2026-09-08T00:08:59.1504567Z #32 42.44 Preparing to unpack .../096-php-composer-class-map-generator_1.0.0-2+deb12u1_all.deb ...
2026-09-08T00:08:59.1505776Z #32 42.44 Unpacking php-composer-class-map-generator (1.0.0-2+deb12u1) ...
2026-09-08T00:08:59.1506874Z #32 42.46 Selecting previously unselected package php-composer-metadata-minifier.
2026-09-08T00:08:59.1508063Z #32 42.46 Preparing to unpack .../097-php-composer-metadata-minifier_1.0.0-2_all.deb ...
2026-09-08T00:08:59.1509120Z #32 42.46 Unpacking php-composer-metadata-minifier (1.0.0-2) ...
2026-09-08T00:08:59.1510065Z #32 42.48 Selecting previously unselected package php-composer-semver.
2026-09-08T00:08:59.1511064Z #32 42.48 Preparing to unpack .../098-php-composer-semver_3.3.2-1_all.deb ...
2026-09-08T00:08:59.1539064Z #32 42.48 Unpacking php-composer-semver (3.3.2-1) ...
2026-09-08T00:08:59.1540277Z #32 42.51 Selecting previously unselected package php-composer-spdx-licenses.
2026-09-08T00:08:59.1541419Z #32 42.51 Preparing to unpack .../099-php-composer-spdx-licenses_1.5.7-1_all.deb ...
2026-09-08T00:08:59.1542570Z #32 42.51 Unpacking php-composer-spdx-licenses (1.5.7-1) ...
2026-09-08T00:08:59.1543453Z #32 42.53 Selecting previously unselected package php-psr-log.
2026-09-08T00:08:59.1544340Z #32 42.53 Preparing to unpack .../100-php-psr-log_1.1.4-2_all.deb ...
2026-09-08T00:08:59.1545117Z #32 42.53 Unpacking php-psr-log (1.1.4-2) ...
2026-09-08T00:08:59.1546014Z #32 42.55 Selecting previously unselected package php-composer-xdebug-handler.
2026-09-08T00:08:59.1547234Z #32 42.55 Preparing to unpack .../101-php-composer-xdebug-handler_3.0.3-2+deb12u1_all.deb ...
2026-09-08T00:08:59.1548340Z #32 42.56 Unpacking php-composer-xdebug-handler (3.0.3-2+deb12u1) ...
2026-09-08T00:08:59.1549286Z #32 42.58 Selecting previously unselected package php-json-schema.
2026-09-08T00:08:59.1550262Z #32 42.58 Preparing to unpack .../102-php-json-schema_5.2.12-2_all.deb ...
2026-09-08T00:08:59.1551051Z #32 42.58 Unpacking php-json-schema (5.2.12-2) ...
2026-09-08T00:08:59.1552045Z #32 42.62 Selecting previously unselected package jsonlint.
2026-09-08T00:08:59.1552915Z #32 42.63 Preparing to unpack .../103-jsonlint_1.9.0-1_all.deb ...
2026-09-08T00:08:59.1554038Z #32 42.63 Unpacking jsonlint (1.9.0-1) ...
2026-09-08T00:08:59.1554829Z #32 42.66 Selecting previously unselected package libonig5:amd64.
2026-09-08T00:08:59.1555715Z #32 42.66 Preparing to unpack .../104-libonig5_6.9.8-1_amd64.deb ...
2026-09-08T00:08:59.1556460Z #32 42.67 Unpacking libonig5:amd64 (6.9.8-1) ...
2026-09-08T00:08:59.1557245Z #32 42.70 Selecting previously unselected package php8.2-mbstring.
2026-09-08T00:08:59.1558257Z #32 42.70 Preparing to unpack .../105-php8.2-mbstring_8.2.33-1~deb12u1_amd64.deb ...
2026-09-08T00:08:59.1559170Z #32 42.71 Unpacking php8.2-mbstring (8.2.33-1~deb12u1) ...
2026-09-08T00:08:59.1559957Z #32 42.76 Selecting previously unselected package php-mbstring.
2026-09-08T00:08:59.1560868Z #32 42.77 Preparing to unpack .../106-php-mbstring_2%3a8.2+93_all.deb ...
2026-09-08T00:08:59.1561652Z #32 42.77 Unpacking php-mbstring (2:8.2+93) ...
2026-09-08T00:08:59.1562721Z #32 42.78 Selecting previously unselected package php-psr-container.
2026-09-08T00:08:59.1563675Z #32 42.79 Preparing to unpack .../107-php-psr-container_1.1.2-1_all.deb ...
2026-09-08T00:08:59.1564499Z #32 42.79 Unpacking php-psr-container (1.1.2-1) ...
2026-09-08T00:08:59.1565434Z #32 42.81 Selecting previously unselected package php-symfony-service-contracts.
2026-09-08T00:08:59.1566630Z #32 42.81 Preparing to unpack .../108-php-symfony-service-contracts_2.5.5-0+deb12u1_all.deb ...
2026-09-08T00:08:59.1567715Z #32 42.81 Unpacking php-symfony-service-contracts (2.5.5-0+deb12u1) ...
2026-09-08T00:08:59.1568600Z #32 42.84 Selecting previously unselected package php8.2-intl.
2026-09-08T00:08:59.1569501Z #32 42.85 Preparing to unpack .../109-php8.2-intl_8.2.33-1~deb12u1_amd64.deb ...
2026-09-08T00:08:59.1570330Z #32 42.85 Unpacking php8.2-intl (8.2.33-1~deb12u1) ...
2026-09-08T00:08:59.1571056Z #32 42.90 Selecting previously unselected package php-intl.
2026-09-08T00:08:59.1572070Z #32 42.91 Preparing to unpack .../110-php-intl_2%3a8.2+93_all.deb ...
2026-09-08T00:08:59.1572807Z #32 42.91 Unpacking php-intl (2:8.2+93) ...
2026-09-08T00:08:59.1573590Z #32 42.93 Selecting previously unselected package php-symfony-string.
2026-09-08T00:08:59.1574639Z #32 42.93 Preparing to unpack .../111-php-symfony-string_5.4.53+dfsg-0+deb12u1_all.deb ...
2026-09-08T00:08:59.1575600Z #32 42.94 Unpacking php-symfony-string (5.4.53+dfsg-0+deb12u1) ...
2026-09-08T00:08:59.1576489Z #32 42.97 Selecting previously unselected package php-symfony-console.
2026-09-08T00:08:59.1577545Z #32 42.97 Preparing to unpack .../112-php-symfony-console_5.4.53+dfsg-0+deb12u1_all.deb ...
2026-09-08T00:08:59.1578545Z #32 42.97 Unpacking php-symfony-console (5.4.53+dfsg-0+deb12u1) ...
2026-09-08T00:08:59.1579462Z #32 43.03 Selecting previously unselected package php-symfony-filesystem.
2026-09-08T00:08:59.1580560Z #32 43.04 Preparing to unpack .../113-php-symfony-filesystem_5.4.53+dfsg-0+deb12u1_all.deb ...
2026-09-08T00:08:59.1581606Z #32 43.04 Unpacking php-symfony-filesystem (5.4.53+dfsg-0+deb12u1) ...
2026-09-08T00:08:59.1582805Z #32 43.07 Selecting previously unselected package php-symfony-process.
2026-09-08T00:08:59.1583912Z #32 43.08 Preparing to unpack .../114-php-symfony-process_5.4.53+dfsg-0+deb12u1_all.deb ...
2026-09-08T00:08:59.1584924Z #32 43.08 Unpacking php-symfony-process (5.4.53+dfsg-0+deb12u1) ...
2026-09-08T00:08:59.1585800Z #32 43.13 Selecting previously unselected package php-react-promise.
2026-09-08T00:08:59.1586741Z #32 43.14 Preparing to unpack .../115-php-react-promise_2.9.0-3_all.deb ...
2026-09-08T00:08:59.1587573Z #32 43.14 Unpacking php-react-promise (2.9.0-3) ...
2026-09-08T00:08:59.1588446Z #32 43.18 Selecting previously unselected package php-seld-signal-handler.
2026-09-08T00:08:59.1589482Z #32 43.19 Preparing to unpack .../116-php-seld-signal-handler_2.0.1-2_all.deb ...
2026-09-08T00:08:59.1590362Z #32 43.19 Unpacking php-seld-signal-handler (2.0.1-2) ...
2026-09-08T00:08:59.1591138Z #32 43.21 Selecting previously unselected package composer.
2026-09-08T00:08:59.1617321Z #32 43.22 Preparing to unpack .../117-composer_2.5.5-1+deb12u5_all.deb ...
2026-09-08T00:08:59.1618301Z #32 43.22 Unpacking composer (2.5.5-1+deb12u5) ...
2026-09-08T00:08:59.1619085Z #32 43.39 Selecting previously unselected package java-common.
2026-09-08T00:08:59.1619929Z #32 43.39 Preparing to unpack .../118-java-common_0.74_all.deb ...
2026-09-08T00:08:59.1620636Z #32 43.40 Unpacking java-common (0.74) ...
2026-09-08T00:08:59.1621482Z #32 43.42 Selecting previously unselected package libavahi-common-data:amd64.
2026-09-08T00:08:59.1622777Z #32 43.43 Preparing to unpack .../119-libavahi-common-data_0.8-10+deb12u1_amd64.deb ...
2026-09-08T00:08:59.1623779Z #32 43.43 Unpacking libavahi-common-data:amd64 (0.8-10+deb12u1) ...
2026-09-08T00:08:59.1624691Z #32 43.48 Selecting previously unselected package libavahi-common3:amd64.
2026-09-08T00:08:59.1625706Z #32 43.49 Preparing to unpack .../120-libavahi-common3_0.8-10+deb12u1_amd64.deb ...
2026-09-08T00:08:59.1626609Z #32 43.49 Unpacking libavahi-common3:amd64 (0.8-10+deb12u1) ...
2026-09-08T00:08:59.1627442Z #32 43.54 Selecting previously unselected package libdbus-1-3:amd64.
2026-09-08T00:08:59.1628431Z #32 43.54 Preparing to unpack .../121-libdbus-1-3_1.14.10-1~deb12u1_amd64.deb ...
2026-09-08T00:08:59.1629307Z #32 43.55 Unpacking libdbus-1-3:amd64 (1.14.10-1~deb12u1) ...
2026-09-08T00:08:59.1630187Z #32 43.59 Selecting previously unselected package libavahi-client3:amd64.
2026-09-08T00:08:59.1631179Z #32 43.59 Preparing to unpack .../122-libavahi-client3_0.8-10+deb12u1_amd64.deb ...
2026-09-08T00:08:59.1632471Z #32 43.60 Unpacking libavahi-client3:amd64 (0.8-10+deb12u1) ...
2026-09-08T00:08:59.1633334Z #32 43.63 Selecting previously unselected package libcups2:amd64.
2026-09-08T00:08:59.1634296Z #32 43.64 Preparing to unpack .../123-libcups2_2.4.2-3+deb12u9_amd64.deb ...
2026-09-08T00:08:59.1635160Z #32 43.64 Unpacking libcups2:amd64 (2.4.2-3+deb12u9) ...
2026-09-08T00:08:59.1636015Z #32 43.69 Selecting previously unselected package libpng16-16:amd64.
2026-09-08T00:08:59.1637008Z #32 43.69 Preparing to unpack .../124-libpng16-16_1.6.39-2+deb12u5_amd64.deb ...
2026-09-08T00:08:59.1637914Z #32 43.69 Unpacking libpng16-16:amd64 (1.6.39-2+deb12u5) ...
2026-09-08T00:08:59.1638795Z #32 43.73 Selecting previously unselected package libfreetype6:amd64.
2026-09-08T00:08:59.1639912Z #32 43.74 Preparing to unpack .../125-libfreetype6_2.12.1+dfsg-5+deb12u4_amd64.deb ...
2026-09-08T00:08:59.1640904Z #32 43.74 Unpacking libfreetype6:amd64 (2.12.1+dfsg-5+deb12u4) ...
2026-09-08T00:08:59.1642140Z #32 43.80 Selecting previously unselected package fonts-dejavu-core.
2026-09-08T00:08:59.1643116Z #32 43.80 Preparing to unpack .../126-fonts-dejavu-core_2.37-6_all.deb ...
2026-09-08T00:08:59.1643956Z #32 43.80 Unpacking fonts-dejavu-core (2.37-6) ...
2026-09-08T00:08:59.1644758Z #32 43.92 Selecting previously unselected package fontconfig-config.
2026-09-08T00:08:59.1645745Z #32 43.92 Preparing to unpack .../127-fontconfig-config_2.14.1-4_amd64.deb ...
2026-09-08T00:08:59.1646579Z #32 44.05 Unpacking fontconfig-config (2.14.1-4) ...
2026-09-08T00:08:59.1647497Z #32 44.10 Selecting previously unselected package libfontconfig1:amd64.
2026-09-08T00:08:59.1648493Z #32 44.10 Preparing to unpack .../128-libfontconfig1_2.14.1-4_amd64.deb ...
2026-09-08T00:08:59.1649374Z #32 44.10 Unpacking libfontconfig1:amd64 (2.14.1-4) ...
2026-09-08T00:08:59.1650185Z #32 44.14 Selecting previously unselected package liblcms2-2:amd64.
2026-09-08T00:08:59.1651137Z #32 44.15 Preparing to unpack .../129-liblcms2-2_2.14-2+deb12u1_amd64.deb ...
2026-09-08T00:08:59.1652125Z #32 44.15 Unpacking liblcms2-2:amd64 (2.14-2+deb12u1) ...
2026-09-08T00:08:59.1652977Z #32 44.19 Selecting previously unselected package libjpeg62-turbo:amd64.
2026-09-08T00:08:59.1654000Z #32 44.19 Preparing to unpack .../130-libjpeg62-turbo_1%3a2.1.5-2_amd64.deb ...
2026-09-08T00:08:59.1654885Z #32 44.20 Unpacking libjpeg62-turbo:amd64 (1:2.1.5-2) ...
2026-09-08T00:08:59.1655726Z #32 44.23 Selecting previously unselected package libnspr4:amd64.
2026-09-08T00:08:59.1656809Z #32 44.24 Preparing to unpack .../131-libnspr4_2%3a4.35-1_amd64.deb ...
2026-09-08T00:08:59.1657836Z #32 44.24 Unpacking libnspr4:amd64 (2:4.35-1) ...
2026-09-08T00:08:59.1658661Z #32 44.27 Selecting previously unselected package libnss3:amd64.
2026-09-08T00:08:59.1659678Z #32 44.27 Preparing to unpack .../132-libnss3_2%3a3.87.1-1+deb12u4_amd64.deb ...
2026-09-08T00:08:59.1660532Z #32 44.28 Unpacking libnss3:amd64 (2:3.87.1-1+deb12u4) ...
2026-09-08T00:08:59.1661385Z #32 44.42 Selecting previously unselected package libasound2-data.
2026-09-08T00:08:59.1662638Z #32 44.42 Preparing to unpack .../133-libasound2-data_1.2.8-1_all.deb ...
2026-09-08T00:08:59.1663462Z #32 44.43 Unpacking libasound2-data (1.2.8-1) ...
2026-09-08T00:08:59.1664317Z #32 44.47 Selecting previously unselected package libasound2:amd64.
2026-09-08T00:08:59.1665272Z #32 44.47 Preparing to unpack .../134-libasound2_1.2.8-1+b1_amd64.deb ...
2026-09-08T00:08:59.1666109Z #32 44.47 Unpacking libasound2:amd64 (1.2.8-1+b1) ...
2026-09-08T00:08:59.1666917Z #32 44.54 Selecting previously unselected package libglib2.0-0:amd64.
2026-09-08T00:08:59.1667960Z #32 44.54 Preparing to unpack .../135-libglib2.0-0_2.74.6-2+deb12u9_amd64.deb ...
2026-09-08T00:08:59.1668901Z #32 44.54 Unpacking libglib2.0-0:amd64 (2.74.6-2+deb12u9) ...
2026-09-08T00:08:59.1669834Z #32 44.75 Selecting previously unselected package libgraphite2-3:amd64.
2026-09-08T00:08:59.1670908Z #32 44.76 Preparing to unpack .../136-libgraphite2-3_1.3.14-1+deb12u1_amd64.deb ...
2026-09-08T00:08:59.1672506Z #32 44.76 Unpacking libgraphite2-3:amd64 (1.3.14-1+deb12u1) ...
2026-09-08T00:08:59.1673383Z #32 44.85 Selecting previously unselected package libharfbuzz0b:amd64.
2026-09-08T00:08:59.1674350Z #32 44.85 Preparing to unpack .../137-libharfbuzz0b_6.0.0+dfsg-3_amd64.deb ...
2026-09-08T00:08:59.1675180Z #32 44.86 Unpacking libharfbuzz0b:amd64 (6.0.0+dfsg-3) ...
2026-09-08T00:08:59.1675980Z #32 44.94 Selecting previously unselected package libpcsclite1:amd64.
2026-09-08T00:08:59.1676877Z #32 44.95 Preparing to unpack .../138-libpcsclite1_1.9.9-2_amd64.deb ...
2026-09-08T00:08:59.1677635Z #32 44.95 Unpacking libpcsclite1:amd64 (1.9.9-2) ...
2026-09-08T00:08:59.1678499Z #32 44.99 Selecting previously unselected package openjdk-17-jre-headless:amd64.
2026-09-08T00:08:59.1679632Z #32 44.99 Preparing to unpack .../139-openjdk-17-jre-headless_17.0.20.1+1-1~deb12u1_amd64.deb ...
2026-09-08T00:08:59.1680693Z #32 45.00 Unpacking openjdk-17-jre-headless:amd64 (17.0.20.1+1-1~deb12u1) ...
2026-09-08T00:08:59.2873473Z #32 ...
2026-09-08T00:08:59.2873718Z 
2026-09-08T00:08:59.2876122Z #38 [rust-tools 2/2] RUN cargo install     --git https://github.com/jelmer/debian-lsp     --rev "daee711aba7282a6e79344c71dcaf85593c54040"     --locked     --no-default-features     --features scip     --root /opt/debian-lsp     debian-lsp   && rm -rf /usr/local/cargo/git /usr/local/cargo/registry
2026-09-08T00:08:59.2878268Z #38 7.389   Downloaded libsqlite3-sys v0.30.1
2026-09-08T00:08:59.5973697Z #38 7.697    Compiling proc-macro2 v1.0.106
2026-09-08T00:08:59.7343174Z #38 7.697    Compiling unicode-ident v1.0.24
2026-09-08T00:08:59.7343973Z #38 7.701    Compiling quote v1.0.45
2026-09-08T00:08:59.7372358Z #38 7.709    Compiling libc v0.2.186
2026-09-08T00:08:59.7373031Z #38 7.835    Compiling serde v1.0.228
2026-09-08T00:09:00.5083017Z #38 8.591    Compiling serde_core v1.0.228
2026-09-08T00:09:00.8433032Z #38 8.768    Compiling cfg-if v1.0.4
2026-09-08T00:09:03.1014052Z #38 11.05    Compiling parking_lot_core v0.9.12
2026-09-08T00:09:03.3096962Z #38 11.21    Compiling memchr v2.8.2
2026-09-08T00:09:03.5313991Z #38 11.41    Compiling syn v2.0.118
2026-09-08T00:09:03.5315306Z #38 11.47    Compiling scopeguard v1.2.0
2026-09-08T00:09:03.7235711Z #38 11.70    Compiling lock_api v0.4.14
2026-09-08T00:09:04.2106998Z #38 12.23    Compiling autocfg v1.5.1
2026-09-08T00:09:04.9378066Z #38 ...
2026-09-08T00:09:04.9382615Z 
2026-09-08T00:09:04.9386321Z #32 [runtime  3/27] RUN apt-get update && apt-get install -y --no-install-recommends     build-essential     ca-certificates     clang     cmake     composer     git     llvm     maven     ninja-build     openjdk-17-jdk-headless     php-cli     python3     python3-dev     python3-pip     python3-venv     ruby     ruby-dev     ruby-bundler     universal-ctags   && rm -rf /var/lib/apt/lists/*
2026-09-08T00:09:04.9389839Z #32 47.92 Selecting previously unselected package default-jre-headless.
2026-09-08T00:09:04.9391436Z #32 47.93 Preparing to unpack .../140-default-jre-headless_2%3a1.17-74_amd64.deb ...
2026-09-08T00:09:04.9393070Z #32 47.94 Unpacking default-jre-headless (2:1.17-74) ...
2026-09-08T00:09:04.9394489Z #32 47.97 Selecting previously unselected package libcurl3-gnutls:amd64.
2026-09-08T00:09:04.9396438Z #32 47.98 Preparing to unpack .../141-libcurl3-gnutls_7.88.1-10+deb12u15_amd64.deb ...
2026-09-08T00:09:04.9397919Z #32 47.98 Unpacking libcurl3-gnutls:amd64 (7.88.1-10+deb12u15) ...
2026-09-08T00:09:04.9399312Z #32 48.10 Selecting previously unselected package liberror-perl.
2026-09-08T00:09:04.9401027Z #32 48.10 Preparing to unpack .../142-liberror-perl_0.17029-2_all.deb ...
2026-09-08T00:09:04.9402387Z #32 48.10 Unpacking liberror-perl (0.17029-2) ...
2026-09-08T00:09:04.9403573Z #32 48.14 Selecting previously unselected package git-man.
2026-09-08T00:09:04.9404881Z #32 48.14 Preparing to unpack .../143-git-man_1%3a2.39.5-0+deb12u3_all.deb ...
2026-09-08T00:09:04.9406115Z #32 48.14 Unpacking git-man (1:2.39.5-0+deb12u3) ...
2026-09-08T00:09:04.9407329Z #32 48.27 Selecting previously unselected package git.
2026-09-08T00:09:04.9408757Z #32 48.27 Preparing to unpack .../144-git_1%3a2.39.5-0+deb12u3_amd64.deb ...
2026-09-08T00:09:04.9410157Z #32 48.28 Unpacking git (1:2.39.5-0+deb12u3) ...
2026-09-08T00:09:04.9411843Z #32 48.98 Selecting previously unselected package libaopalliance-java.
2026-09-08T00:09:04.9413613Z #32 48.99 Preparing to unpack .../145-libaopalliance-java_20070526-7_all.deb ...
2026-09-08T00:09:04.9415113Z #32 48.99 Unpacking libaopalliance-java (20070526-7) ...
2026-09-08T00:09:04.9416814Z #32 49.08 Selecting previously unselected package libapache-pom-java.
2026-09-08T00:09:04.9418355Z #32 49.08 Preparing to unpack .../146-libapache-pom-java_29-2_all.deb ...
2026-09-08T00:09:04.9419764Z #32 49.08 Unpacking libapache-pom-java (29-2) ...
2026-09-08T00:09:04.9421257Z #32 49.13 Selecting previously unselected package libatinject-jsr330-api-java.
2026-09-08T00:09:04.9423316Z #32 49.13 Preparing to unpack .../147-libatinject-jsr330-api-java_1.0+ds1-5_all.deb ...
2026-09-08T00:09:04.9424827Z #32 49.13 Unpacking libatinject-jsr330-api-java (1.0+ds1-5) ...
2026-09-08T00:09:04.9426423Z #32 49.15 Selecting previously unselected package libgeronimo-interceptor-3.0-spec-java.
2026-09-08T00:09:04.9428332Z #32 49.15 Preparing to unpack .../148-libgeronimo-interceptor-3.0-spec-java_1.0.1-4_all.deb ...
2026-09-08T00:09:04.9429766Z #32 49.17 Unpacking libgeronimo-interceptor-3.0-spec-java (1.0.1-4) ...
2026-09-08T00:09:04.9430989Z #32 49.25 Selecting previously unselected package libcdi-api-java.
2026-09-08T00:09:04.9432565Z #32 49.25 Preparing to unpack .../149-libcdi-api-java_1.2-3_all.deb ...
2026-09-08T00:09:04.9433594Z #32 49.26 Unpacking libcdi-api-java (1.2-3) ...
2026-09-08T00:09:04.9434625Z #32 49.38 Selecting previously unselected package libcommons-cli-java.
2026-09-08T00:09:04.9435864Z #32 49.38 Preparing to unpack .../150-libcommons-cli-java_1.5.0-1_all.deb ...
2026-09-08T00:09:04.9436981Z #32 49.38 Unpacking libcommons-cli-java (1.5.0-1) ...
2026-09-08T00:09:04.9438245Z #32 49.45 Selecting previously unselected package libcommons-parent-java.
2026-09-08T00:09:04.9439704Z #32 49.46 Preparing to unpack .../151-libcommons-parent-java_56-1_all.deb ...
2026-09-08T00:09:04.9440731Z #32 49.46 Unpacking libcommons-parent-java (56-1) ...
2026-09-08T00:09:04.9441947Z #32 49.49 Selecting previously unselected package libcommons-io-java.
2026-09-08T00:09:04.9443205Z #32 49.49 Preparing to unpack .../152-libcommons-io-java_2.11.0-2_all.deb ...
2026-09-08T00:09:04.9444549Z #32 49.49 Unpacking libcommons-io-java (2.11.0-2) ...
2026-09-08T00:09:04.9445857Z #32 49.79 Selecting previously unselected package libcommons-lang3-java.
2026-09-08T00:09:04.9447318Z #32 49.79 Preparing to unpack .../153-libcommons-lang3-java_3.12.0-2+deb12u1_all.deb ...
2026-09-08T00:09:04.9448601Z #32 49.80 Unpacking libcommons-lang3-java (3.12.0-2+deb12u1) ...
2026-09-08T00:09:04.9449813Z #32 49.92 Selecting previously unselected package nss-plugin-pem:amd64.
2026-09-08T00:09:04.9451091Z #32 49.92 Preparing to unpack .../154-nss-plugin-pem_1.0.8+1-1_amd64.deb ...
2026-09-08T00:09:04.9452454Z #32 49.93 Unpacking nss-plugin-pem:amd64 (1.0.8+1-1) ...
2026-09-08T00:09:04.9453849Z #32 50.09 Selecting previously unselected package libcurl3-nss:amd64.
2026-09-08T00:09:04.9455154Z #32 50.10 Preparing to unpack .../155-libcurl3-nss_7.88.1-10+deb12u15_amd64.deb ...
2026-09-08T00:09:04.9456377Z #32 50.20 Unpacking libcurl3-nss:amd64 (7.88.1-10+deb12u15) ...
2026-09-08T00:09:04.9457531Z #32 50.38 Selecting previously unselected package libjsr305-java.
2026-09-08T00:09:04.9458827Z #32 50.38 Preparing to unpack .../156-libjsr305-java_0.1~+svn49-11_all.deb ...
2026-09-08T00:09:04.9460004Z #32 50.38 Unpacking libjsr305-java (0.1~+svn49-11) ...
2026-09-08T00:09:04.9461097Z #32 50.42 Selecting previously unselected package libguava-java.
2026-09-08T00:09:04.9462854Z #32 50.46 Preparing to unpack .../157-libguava-java_31.1-1_all.deb ...
2026-09-08T00:09:04.9463927Z #32 50.47 Unpacking libguava-java (31.1-1) ...
2026-09-08T00:09:04.9465071Z #32 50.86 Selecting previously unselected package liberror-prone-java.
2026-09-08T00:09:04.9466419Z #32 50.86 Preparing to unpack .../158-liberror-prone-java_2.18.0-1_all.deb ...
2026-09-08T00:09:04.9467585Z #32 50.87 Unpacking liberror-prone-java (2.18.0-1) ...
2026-09-08T00:09:04.9468704Z #32 50.90 Selecting previously unselected package libexpat1-dev:amd64.
2026-09-08T00:09:04.9470056Z #32 50.91 Preparing to unpack .../159-libexpat1-dev_2.5.0-1+deb12u3_amd64.deb ...
2026-09-08T00:09:04.9471293Z #32 50.91 Unpacking libexpat1-dev:amd64 (2.5.0-1+deb12u3) ...
2026-09-08T00:09:04.9473013Z #32 50.98 Selecting previously unselected package libgeronimo-annotation-1.3-spec-java.
2026-09-08T00:09:04.9474620Z #32 50.98 Preparing to unpack .../160-libgeronimo-annotation-1.3-spec-java_1.3-1_all.deb ...
2026-09-08T00:09:04.9476053Z #32 50.98 Unpacking libgeronimo-annotation-1.3-spec-java (1.3-1) ...
2026-09-08T00:09:04.9477363Z #32 50.99 Selecting previously unselected package libgmpxx4ldbl:amd64.
2026-09-08T00:09:04.9478737Z #32 51.03 Preparing to unpack .../161-libgmpxx4ldbl_2%3a6.2.1+dfsg1-1.1_amd64.deb ...
2026-09-08T00:09:04.9480365Z #32 51.03 Unpacking libgmpxx4ldbl:amd64 (2:6.2.1+dfsg1-1.1) ...
2026-09-08T00:09:04.9481575Z #32 51.03 Selecting previously unselected package libgmp-dev:amd64.
2026-09-08T00:09:04.9483147Z #32 51.04 Preparing to unpack .../162-libgmp-dev_2%3a6.2.1+dfsg1-1.1_amd64.deb ...
2026-09-08T00:09:04.9484412Z #32 51.04 Unpacking libgmp-dev:amd64 (2:6.2.1+dfsg1-1.1) ...
2026-09-08T00:09:04.9485566Z #32 51.11 Selecting previously unselected package libguice-java.
2026-09-08T00:09:04.9486773Z #32 51.11 Preparing to unpack .../163-libguice-java_4.2.3-2_all.deb ...
2026-09-08T00:09:04.9487761Z #32 51.11 Unpacking libguice-java (4.2.3-2) ...
2026-09-08T00:09:04.9488545Z #32 51.27 Selecting previously unselected package libjansi-java.
2026-09-08T00:09:04.9489441Z #32 51.27 Preparing to unpack .../164-libjansi-java_2.4.0-2_all.deb ...
2026-09-08T00:09:04.9490200Z #32 51.27 Unpacking libjansi-java (2.4.0-2) ...
2026-09-08T00:09:04.9490940Z #32 51.31 Selecting previously unselected package libjs-jquery.
2026-09-08T00:09:04.9492174Z #32 51.31 Preparing to unpack .../165-libjs-jquery_3.6.1+dfsg+~3.5.14-1_all.deb ...
2026-09-08T00:09:04.9493078Z #32 51.32 Unpacking libjs-jquery (3.6.1+dfsg+~3.5.14-1) ...
2026-09-08T00:09:04.9493900Z #32 51.37 Selecting previously unselected package libjs-underscore.
2026-09-08T00:09:04.9494932Z #32 51.37 Preparing to unpack .../166-libjs-underscore_1.13.4~dfsg+~1.11.4-3_all.deb ...
2026-09-08T00:09:04.9496159Z #32 51.38 Unpacking libjs-underscore (1.13.4~dfsg+~1.11.4-3) ...
2026-09-08T00:09:04.9497297Z #32 51.41 Selecting previously unselected package libjs-sphinxdoc.
2026-09-08T00:09:04.9498300Z #32 51.41 Preparing to unpack .../167-libjs-sphinxdoc_5.3.0-4_all.deb ...
2026-09-08T00:09:04.9499109Z #32 51.43 Unpacking libjs-sphinxdoc (5.3.0-4) ...
2026-09-08T00:09:04.9500021Z #32 51.47 Selecting previously unselected package libmaven-parent-java.
2026-09-08T00:09:04.9501026Z #32 51.47 Preparing to unpack .../168-libmaven-parent-java_35-1_all.deb ...
2026-09-08T00:09:04.9502178Z #32 51.47 Unpacking libmaven-parent-java (35-1) ...
2026-09-08T00:09:04.9503073Z #32 51.50 Selecting previously unselected package libplexus-utils2-java.
2026-09-08T00:09:04.9504021Z #32 51.50 Preparing to unpack .../169-libplexus-utils2-java_3.4.2-1_all.deb ...
2026-09-08T00:09:04.9504864Z #32 51.51 Unpacking libplexus-utils2-java (3.4.2-1) ...
2026-09-08T00:09:04.9505735Z #32 51.57 Selecting previously unselected package libwagon-provider-api-java.
2026-09-08T00:09:04.9506800Z #32 51.57 Preparing to unpack .../170-libwagon-provider-api-java_3.5.3-1_all.deb ...
2026-09-08T00:09:04.9507704Z #32 51.57 Unpacking libwagon-provider-api-java (3.5.3-1) ...
2026-09-08T00:09:04.9508597Z #32 51.60 Selecting previously unselected package libmaven-resolver-java.
2026-09-08T00:09:04.9509571Z #32 51.61 Preparing to unpack .../171-libmaven-resolver-java_1.6.3-1_all.deb ...
2026-09-08T00:09:04.9510393Z #32 51.61 Unpacking libmaven-resolver-java (1.6.3-1) ...
2026-09-08T00:09:04.9511237Z #32 51.70 Selecting previously unselected package libmaven-shared-utils-java.
2026-09-08T00:09:04.9512686Z #32 51.70 Preparing to unpack .../172-libmaven-shared-utils-java_3.3.4-1_all.deb ...
2026-09-08T00:09:04.9513673Z #32 51.70 Unpacking libmaven-shared-utils-java (3.3.4-1) ...
2026-09-08T00:09:04.9514577Z #32 51.74 Selecting previously unselected package libplexus-cipher-java.
2026-09-08T00:09:04.9515559Z #32 51.75 Preparing to unpack .../173-libplexus-cipher-java_2.0-1_all.deb ...
2026-09-08T00:09:04.9516427Z #32 51.75 Unpacking libplexus-cipher-java (2.0-1) ...
2026-09-08T00:09:04.9517619Z #32 51.78 Selecting previously unselected package libplexus-classworlds-java.
2026-09-08T00:09:04.9518800Z #32 51.79 Preparing to unpack .../174-libplexus-classworlds-java_2.7.0-1_all.deb ...
2026-09-08T00:09:04.9519702Z #32 51.79 Unpacking libplexus-classworlds-java (2.7.0-1) ...
2026-09-08T00:09:04.9520769Z #32 51.83 Selecting previously unselected package libplexus-component-annotations-java.
2026-09-08T00:09:04.9522327Z #32 51.84 Preparing to unpack .../175-libplexus-component-annotations-java_2.1.1-1_all.deb ...
2026-09-08T00:09:04.9523516Z #32 51.84 Unpacking libplexus-component-annotations-java (2.1.1-1) ...
2026-09-08T00:09:04.9524662Z #32 51.87 Selecting previously unselected package libplexus-interpolation-java.
2026-09-08T00:09:04.9525854Z #32 51.89 Preparing to unpack .../176-libplexus-interpolation-java_1.26-1_all.deb ...
2026-09-08T00:09:04.9526886Z #32 51.89 Unpacking libplexus-interpolation-java (1.26-1) ...
2026-09-08T00:09:04.9527939Z #32 51.92 Selecting previously unselected package libplexus-sec-dispatcher-java.
2026-09-08T00:09:04.9529137Z #32 51.93 Preparing to unpack .../177-libplexus-sec-dispatcher-java_2.0-3_all.deb ...
2026-09-08T00:09:04.9530180Z #32 51.93 Unpacking libplexus-sec-dispatcher-java (2.0-3) ...
2026-09-08T00:09:04.9531088Z #32 51.96 Selecting previously unselected package libslf4j-java.
2026-09-08T00:09:04.9762774Z #32 51.97 Preparing to unpack .../178-libslf4j-java_1.7.32-1_all.deb ...
2026-09-08T00:09:04.9763768Z #32 51.97 Unpacking libslf4j-java (1.7.32-1) ...
2026-09-08T00:09:04.9764640Z #32 52.05 Selecting previously unselected package libsisu-inject-java.
2026-09-08T00:09:04.9765744Z #32 52.05 Preparing to unpack .../179-libsisu-inject-java_0.3.4-2_all.deb ...
2026-09-08T00:09:04.9766694Z #32 52.05 Unpacking libsisu-inject-java (0.3.4-2) ...
2026-09-08T00:09:04.9767638Z #32 52.23 Selecting previously unselected package libsisu-plexus-java.
2026-09-08T00:09:05.1276639Z #32 52.23 Preparing to unpack .../180-libsisu-plexus-java_0.3.4-3_all.deb ...
2026-09-08T00:09:05.1278352Z #32 52.24 Unpacking libsisu-plexus-java (0.3.4-3) ...
2026-09-08T00:09:05.1969330Z #32 52.46 Selecting previously unselected package libmaven3-core-java.
2026-09-08T00:09:05.3544135Z #32 52.46 Preparing to unpack .../181-libmaven3-core-java_3.8.7-1_all.deb ...
2026-09-08T00:09:05.3545467Z #32 52.46 Unpacking libmaven3-core-java (3.8.7-1) ...
2026-09-08T00:09:05.5274227Z #32 ...
2026-09-08T00:09:05.5276337Z 
2026-09-08T00:09:05.5278959Z #37 [go-tools 2/2] RUN GOTOOLCHAIN=auto GOBIN=/zoekt-bin     go install github.com/sourcegraph/zoekt/cmd/zoekt-index@latest &&     GOTOOLCHAIN=auto GOBIN=/zoekt-bin     go install github.com/sourcegraph/zoekt/cmd/zoekt-webserver@latest
2026-09-08T00:09:05.5281674Z #37 6.783 go: downloading go.uber.org/automaxprocs v1.6.0
2026-09-08T00:09:05.5283097Z #37 6.787 go: downloading github.com/gobwas/glob v0.2.3
2026-09-08T00:09:05.5284499Z #37 6.790 go: downloading github.com/RoaringBitmap/roaring/v2 v2.19.0
2026-09-08T00:09:05.5285934Z #37 6.793 go: downloading github.com/bmatcuk/doublestar/v4 v4.10.0
2026-09-08T00:09:05.5287210Z #37 6.853 go: downloading github.com/cespare/xxhash/v2 v2.3.0
2026-09-08T00:09:05.5288606Z #37 6.873 go: downloading github.com/dustin/go-humanize v1.0.1
2026-09-08T00:09:05.5290166Z #37 6.876 go: downloading github.com/go-enry/go-enry/v2 v2.9.6
2026-09-08T00:09:05.5291623Z #37 6.894 go: downloading github.com/grafana/regexp v0.0.0-20240607082908-2cb410fa05da
2026-09-08T00:09:05.5293517Z #37 6.904 go: downloading github.com/prometheus/client_golang v1.20.5
2026-09-08T00:09:05.5294784Z #37 7.010 go: downloading github.com/rs/xid v1.6.0
2026-09-08T00:09:05.5296025Z #37 7.051 go: downloading golang.org/x/sys v0.47.0
2026-09-08T00:09:05.5297467Z #37 7.243 go: downloading github.com/grpc-ecosystem/go-grpc-middleware/v2 v2.3.3
2026-09-08T00:09:05.5299102Z #37 7.367 go: downloading go.uber.org/atomic v1.11.0
2026-09-08T00:09:05.5300354Z #37 7.428 go: downloading google.golang.org/grpc v1.82.1
2026-09-08T00:09:05.5301692Z #37 8.175 go: downloading github.com/beorn7/perks v1.0.1
2026-09-08T00:09:05.5303321Z #37 8.179 go: downloading github.com/prometheus/client_model v0.6.1
2026-09-08T00:09:05.5304642Z #37 8.181 go: downloading github.com/prometheus/common v0.62.0
2026-09-08T00:09:05.5306103Z #37 8.208 go: downloading github.com/prometheus/procfs v0.15.1
2026-09-08T00:09:05.5307547Z #37 8.346 go: downloading google.golang.org/protobuf v1.36.11
2026-09-08T00:09:05.5309251Z #37 8.752 go: downloading github.com/sourcegraph/go-ctags v0.0.0-20250729094530-349a251d78d8
2026-09-08T00:09:05.5310642Z #37 8.755 go: downloading github.com/wasilibs/go-re2 v1.10.0
2026-09-08T00:09:05.5312020Z #37 8.776 go: downloading github.com/opentracing/opentracing-go v1.2.0
2026-09-08T00:09:05.5313587Z #37 8.862 go: downloading golang.org/x/net v0.57.0
2026-09-08T00:09:05.5315455Z #37 8.969 go: downloading google.golang.org/genproto/googleapis/rpc v0.0.0-20260414002931-afd174a4e478
2026-09-08T00:09:05.5317208Z #37 9.001 go: downloading google.golang.org/genproto v0.0.0-20250115164207-1a7da9e5054f
2026-09-08T00:09:05.5319149Z #37 9.007 go: downloading github.com/munnerz/goautoneg v0.0.0-20191010083416-a7dc8b61c822
2026-09-08T00:09:05.5320613Z #37 9.833 go: downloading github.com/tetratelabs/wazero v1.9.0
2026-09-08T00:09:05.5322467Z #37 13.47 go: downloading github.com/wasilibs/wazero-helpers v0.0.0-20240620070341-3dff1577cd52
2026-09-08T00:09:05.5323924Z #37 13.53 go: downloading golang.org/x/text v0.40.0
2026-09-08T00:09:05.5325104Z #37 15.95 go: downloading github.com/mschoch/smat v0.2.0
2026-09-08T00:09:05.5326388Z #37 15.95 go: downloading github.com/bits-and-blooms/bitset v1.24.4
2026-09-08T00:09:05.6193434Z #37 ...
2026-09-08T00:09:05.6194122Z 
2026-09-08T00:09:05.6196843Z #38 [rust-tools 2/2] RUN cargo install     --git https://github.com/jelmer/debian-lsp     --rev "daee711aba7282a6e79344c71dcaf85593c54040"     --locked     --no-default-features     --features scip     --root /opt/debian-lsp     debian-lsp   && rm -rf /usr/local/cargo/git /usr/local/cargo/registry
2026-09-08T00:09:05.6199269Z #38 13.67    Compiling icu_properties_data v2.2.0
2026-09-08T00:09:05.7188936Z #38 13.82    Compiling icu_normalizer_data v2.2.0
2026-09-08T00:09:06.1695471Z #38 14.07    Compiling once_cell v1.21.4
2026-09-08T00:09:06.1696907Z #38 14.12    Compiling log v0.4.33
2026-09-08T00:09:06.3617649Z #38 14.46    Compiling stable_deref_trait v1.2.1
2026-09-08T00:09:06.5856761Z #38 14.52    Compiling pin-project-lite v0.2.17
2026-09-08T00:09:06.7736205Z #38 14.64    Compiling futures-core v0.3.32
2026-09-08T00:09:06.7737224Z #38 14.72    Compiling itoa v1.0.18
2026-09-08T00:09:06.8123988Z #38 14.91    Compiling bytes v1.12.0
2026-09-08T00:09:07.2140608Z #38 15.26    Compiling writeable v0.6.3
2026-09-08T00:09:07.6545338Z #38 15.55    Compiling litemap v0.8.2
2026-09-08T00:09:07.6546810Z #38 15.61    Compiling siphasher v1.0.3
2026-09-08T00:09:07.9135381Z #38 15.86    Compiling version_check v0.9.5
2026-09-08T00:09:08.1905882Z #38 16.15    Compiling percent-encoding v2.3.2
2026-09-08T00:09:08.1907043Z #38 16.29    Compiling generic-array v0.14.7
2026-09-08T00:09:08.5045133Z #38 16.54    Compiling zmij v1.0.21
2026-09-08T00:09:08.5046169Z #38 16.61    Compiling utf8_iter v1.0.4
2026-09-08T00:09:08.6149242Z #38 16.69    Compiling num-traits v0.2.19
2026-09-08T00:09:08.7324273Z #38 16.78    Compiling aho-corasick v1.1.4
2026-09-08T00:09:08.7325639Z #38 16.83    Compiling errno v0.3.14
2026-09-08T00:09:09.1599053Z #38 17.26    Compiling equivalent v1.0.2
2026-09-08T00:09:09.3561184Z #38 17.46    Compiling allocator-api2 v0.2.21
2026-09-08T00:09:09.6583464Z #38 17.76    Compiling regex-syntax v0.8.11
2026-09-08T00:09:10.4123294Z #38 18.36    Compiling typenum v1.20.1
2026-09-08T00:09:12.5777268Z #38 ...
2026-09-08T00:09:12.5777644Z 
2026-09-08T00:09:12.5887559Z #32 [runtime  3/27] RUN apt-get update && apt-get install -y --no-install-recommends     build-essential     ca-certificates     clang     cmake     composer     git     llvm     maven     ninja-build     openjdk-17-jdk-headless     php-cli     python3     python3-dev     python3-pip     python3-venv     ruby     ruby-dev     ruby-bundler     universal-ctags   && rm -rf /var/lib/apt/lists/*
2026-09-08T00:09:12.5909539Z #32 52.92 Selecting previously unselected package libncurses6:amd64.
2026-09-08T00:09:12.5924743Z #32 52.93 Preparing to unpack .../182-libncurses6_6.4-4_amd64.deb ...
2026-09-08T00:09:12.5952575Z #32 52.93 Unpacking libncurses6:amd64 (6.4-4) ...
2026-09-08T00:09:12.5985118Z #32 53.01 Selecting previously unselected package libpfm4:amd64.
2026-09-08T00:09:12.6012890Z #32 53.01 Preparing to unpack .../183-libpfm4_4.13.0-1_amd64.deb ...
2026-09-08T00:09:12.6042507Z #32 53.01 Unpacking libpfm4:amd64 (4.13.0-1) ...
2026-09-08T00:09:12.6043837Z #32 53.25 Selecting previously unselected package libpython3.11:amd64.
2026-09-08T00:09:12.6079499Z #32 53.26 Preparing to unpack .../184-libpython3.11_3.11.2-6+deb12u8_amd64.deb ...
2026-09-08T00:09:12.6103060Z #32 53.26 Unpacking libpython3.11:amd64 (3.11.2-6+deb12u8) ...
2026-09-08T00:09:12.6122932Z #32 53.47 Selecting previously unselected package zlib1g-dev:amd64.
2026-09-08T00:09:12.6162680Z #32 53.48 Preparing to unpack .../185-zlib1g-dev_1%3a1.2.13.dfsg-1_amd64.deb ...
2026-09-08T00:09:12.6192578Z #32 53.48 Unpacking zlib1g-dev:amd64 (1:1.2.13.dfsg-1) ...
2026-09-08T00:09:12.6212748Z #32 53.53 Selecting previously unselected package libpython3.11-dev:amd64.
2026-09-08T00:09:12.6222909Z #32 53.53 Preparing to unpack .../186-libpython3.11-dev_3.11.2-6+deb12u8_amd64.deb ...
2026-09-08T00:09:12.6251598Z #32 53.53 Unpacking libpython3.11-dev:amd64 (3.11.2-6+deb12u8) ...
2026-09-08T00:09:12.6265610Z #32 54.12 Selecting previously unselected package libpython3-dev:amd64.
2026-09-08T00:09:12.6266894Z #32 54.12 Preparing to unpack .../187-libpython3-dev_3.11.2-1+b1_amd64.deb ...
2026-09-08T00:09:12.6268160Z #32 54.12 Unpacking libpython3-dev:amd64 (3.11.2-1+b1) ...
2026-09-08T00:09:12.6269521Z #32 54.14 Selecting previously unselected package rubygems-integration.
2026-09-08T00:09:12.6270667Z #32 54.15 Preparing to unpack .../188-rubygems-integration_1.18_all.deb ...
2026-09-08T00:09:12.6271512Z #32 54.15 Unpacking rubygems-integration (1.18) ...
2026-09-08T00:09:12.6272526Z #32 54.18 Selecting previously unselected package ruby3.1.
2026-09-08T00:09:12.6273387Z #32 54.18 Preparing to unpack .../189-ruby3.1_3.1.2-7+deb12u1_amd64.deb ...
2026-09-08T00:09:12.6274179Z #32 54.18 Unpacking ruby3.1 (3.1.2-7+deb12u1) ...
2026-09-08T00:09:12.6274920Z #32 54.23 Selecting previously unselected package ruby-rubygems.
2026-09-08T00:09:12.6275887Z #32 54.24 Preparing to unpack .../190-ruby-rubygems_3.3.15-2+deb12u1_all.deb ...
2026-09-08T00:09:12.6276806Z #32 54.24 Unpacking ruby-rubygems (3.3.15-2+deb12u1) ...
2026-09-08T00:09:12.6277575Z #32 54.35 Selecting previously unselected package ruby.
2026-09-08T00:09:12.6278386Z #32 54.35 Preparing to unpack .../191-ruby_1%3a3.1_amd64.deb ...
2026-09-08T00:09:12.6279118Z #32 54.36 Unpacking ruby (1:3.1) ...
2026-09-08T00:09:12.6279830Z #32 54.39 Selecting previously unselected package rake.
2026-09-08T00:09:12.6280695Z #32 54.39 Preparing to unpack .../192-rake_13.0.6-3_all.deb ...
2026-09-08T00:09:12.6281379Z #32 54.39 Unpacking rake (13.0.6-3) ...
2026-09-08T00:09:12.6282384Z #32 54.47 Selecting previously unselected package ruby-net-telnet.
2026-09-08T00:09:12.6283340Z #32 54.48 Preparing to unpack .../193-ruby-net-telnet_0.2.0-1_all.deb ...
2026-09-08T00:09:12.6284168Z #32 54.48 Unpacking ruby-net-telnet (0.2.0-1) ...
2026-09-08T00:09:12.6285075Z #32 54.51 Selecting previously unselected package ruby-webrick.
2026-09-08T00:09:12.6286003Z #32 54.52 Preparing to unpack .../194-ruby-webrick_1.8.1-1_all.deb ...
2026-09-08T00:09:12.6286781Z #32 54.52 Unpacking ruby-webrick (1.8.1-1) ...
2026-09-08T00:09:12.6287577Z #32 54.55 Selecting previously unselected package ruby-xmlrpc.
2026-09-08T00:09:12.6288514Z #32 54.56 Preparing to unpack .../195-ruby-xmlrpc_0.3.2-2_all.deb ...
2026-09-08T00:09:12.6289294Z #32 54.56 Unpacking ruby-xmlrpc (0.3.2-2) ...
2026-09-08T00:09:12.6290078Z #32 54.59 Selecting previously unselected package ruby-sdbm:amd64.
2026-09-08T00:09:12.6290966Z #32 54.59 Preparing to unpack .../196-ruby-sdbm_1.0.0-5+b1_amd64.deb ...
2026-09-08T00:09:12.6292017Z #32 54.61 Unpacking ruby-sdbm:amd64 (1.0.0-5+b1) ...
2026-09-08T00:09:12.6305761Z #32 54.65 Selecting previously unselected package libyaml-0-2:amd64.
2026-09-08T00:09:12.6308210Z #32 54.66 Preparing to unpack .../197-libyaml-0-2_0.2.5-1_amd64.deb ...
2026-09-08T00:09:12.6309080Z #32 54.66 Unpacking libyaml-0-2:amd64 (0.2.5-1) ...
2026-09-08T00:09:12.6309928Z #32 54.71 Selecting previously unselected package libruby3.1:amd64.
2026-09-08T00:09:12.6310932Z #32 54.71 Preparing to unpack .../198-libruby3.1_3.1.2-7+deb12u1_amd64.deb ...
2026-09-08T00:09:12.6312067Z #32 54.71 Unpacking libruby3.1:amd64 (3.1.2-7+deb12u1) ...
2026-09-08T00:09:12.6312899Z #32 55.46 Selecting previously unselected package libruby:amd64.
2026-09-08T00:09:12.6313796Z #32 55.46 Preparing to unpack .../199-libruby_1%3a3.1_amd64.deb ...
2026-09-08T00:09:12.6314514Z #32 55.48 Unpacking libruby:amd64 (1:3.1) ...
2026-09-08T00:09:12.6315319Z #32 55.50 Selecting previously unselected package libwagon-file-java.
2026-09-08T00:09:12.6316348Z #32 55.50 Preparing to unpack .../200-libwagon-file-java_3.5.3-1_all.deb ...
2026-09-08T00:09:12.6317196Z #32 55.52 Unpacking libwagon-file-java (3.5.3-1) ...
2026-09-08T00:09:12.6318096Z #32 55.62 Selecting previously unselected package libwagon-http-shaded-java.
2026-09-08T00:09:12.6319202Z #32 55.63 Preparing to unpack .../201-libwagon-http-shaded-java_3.5.3-1_all.deb ...
2026-09-08T00:09:12.6320116Z #32 55.63 Unpacking libwagon-http-shaded-java (3.5.3-1) ...
2026-09-08T00:09:12.6599856Z #32 55.80 Selecting previously unselected package llvm-14-runtime.
2026-09-08T00:09:12.6601716Z #32 55.80 Preparing to unpack .../202-llvm-14-runtime_1%3a14.0.6-12_amd64.deb ...
2026-09-08T00:09:12.6603938Z #32 55.80 Unpacking llvm-14-runtime (1:14.0.6-12) ...
2026-09-08T00:09:12.6605525Z #32 55.87 Selecting previously unselected package llvm-runtime:amd64.
2026-09-08T00:09:12.6607383Z #32 55.88 Preparing to unpack .../203-llvm-runtime_1%3a14.0-55.7~deb12u1_amd64.deb ...
2026-09-08T00:09:12.6608803Z #32 55.88 Unpacking llvm-runtime:amd64 (1:14.0-55.7~deb12u1) ...
2026-09-08T00:09:12.6610021Z #32 55.95 Selecting previously unselected package llvm-14.
2026-09-08T00:09:12.6611289Z #32 55.96 Preparing to unpack .../204-llvm-14_1%3a14.0.6-12_amd64.deb ...
2026-09-08T00:09:12.6612527Z #32 55.96 Unpacking llvm-14 (1:14.0.6-12) ...
2026-09-08T00:09:12.6613671Z #32 56.93 Selecting previously unselected package llvm.
2026-09-08T00:09:12.6614996Z #32 56.94 Preparing to unpack .../205-llvm_1%3a14.0-55.7~deb12u1_amd64.deb ...
2026-09-08T00:09:12.6616260Z #32 56.95 Unpacking llvm (1:14.0-55.7~deb12u1) ...
2026-09-08T00:09:12.6617474Z #32 57.01 Selecting previously unselected package maven.
2026-09-08T00:09:12.6618745Z #32 57.02 Preparing to unpack .../206-maven_3.8.7-1_all.deb ...
2026-09-08T00:09:12.6619937Z #32 57.02 Unpacking maven (3.8.7-1) ...
2026-09-08T00:09:12.6620732Z #32 57.07 Selecting previously unselected package ninja-build.
2026-09-08T00:09:12.6622808Z #32 57.08 Preparing to unpack .../207-ninja-build_1.11.1-2~deb12u1_amd64.deb ...
2026-09-08T00:09:12.6624067Z #32 57.08 Unpacking ninja-build (1.11.1-2~deb12u1) ...
2026-09-08T00:09:12.6626650Z #32 57.12 Selecting previously unselected package openjdk-17-jdk-headless:amd64.
2026-09-08T00:09:12.6629643Z #32 57.13 Preparing to unpack .../208-openjdk-17-jdk-headless_17.0.20.1+1-1~deb12u1_amd64.deb ...
2026-09-08T00:09:12.6634057Z #32 57.13 Unpacking openjdk-17-jdk-headless:amd64 (17.0.20.1+1-1~deb12u1) ...
2026-09-08T00:09:12.6637099Z #32 59.92 Selecting previously unselected package python3.11-dev.
2026-09-08T00:09:12.8573579Z #32 59.93 Preparing to unpack .../209-python3.11-dev_3.11.2-6+deb12u8_amd64.deb ...
2026-09-08T00:09:12.8574843Z #32 59.93 Unpacking python3.11-dev (3.11.2-6+deb12u8) ...
2026-09-08T00:09:12.8575983Z #32 60.00 Selecting previously unselected package python3-lib2to3.
2026-09-08T00:09:12.8577186Z #32 60.00 Preparing to unpack .../210-python3-lib2to3_3.11.2-3_all.deb ...
2026-09-08T00:09:12.8578235Z #32 60.00 Unpacking python3-lib2to3 (3.11.2-3) ...
2026-09-08T00:09:12.8579281Z #32 60.12 Selecting previously unselected package python3-distutils.
2026-09-08T00:09:13.0547418Z #32 60.12 Preparing to unpack .../211-python3-distutils_3.11.2-3_all.deb ...
2026-09-08T00:09:13.0548262Z #32 60.12 Unpacking python3-distutils (3.11.2-3) ...
2026-09-08T00:09:13.0548996Z #32 60.20 Selecting previously unselected package python3-dev.
2026-09-08T00:09:13.0549858Z #32 60.21 Preparing to unpack .../212-python3-dev_3.11.2-1+b1_amd64.deb ...
2026-09-08T00:09:13.0550621Z #32 60.21 Unpacking python3-dev (3.11.2-1+b1) ...
2026-09-08T00:09:13.0551419Z #32 60.31 Selecting previously unselected package python3-pkg-resources.
2026-09-08T00:09:13.2336610Z #32 60.33 Preparing to unpack .../213-python3-pkg-resources_66.1.1-1+deb12u2_all.deb ...
2026-09-08T00:09:13.2337916Z #32 60.34 Unpacking python3-pkg-resources (66.1.1-1+deb12u2) ...
2026-09-08T00:09:13.2853364Z #32 60.54 Selecting previously unselected package python3-setuptools.
2026-09-08T00:09:13.2854895Z #32 60.54 Preparing to unpack .../214-python3-setuptools_66.1.1-1+deb12u2_all.deb ...
2026-09-08T00:09:13.4360132Z #32 60.55 Unpacking python3-setuptools (66.1.1-1+deb12u2) ...
2026-09-08T00:09:13.4555418Z #32 60.72 Selecting previously unselected package python3-wheel.
2026-09-08T00:09:13.6124494Z #32 60.72 Preparing to unpack .../215-python3-wheel_0.38.4-2_all.deb ...
2026-09-08T00:09:13.6126332Z #32 60.72 Unpacking python3-wheel (0.38.4-2) ...
2026-09-08T00:09:14.0042642Z #32 61.26 Selecting previously unselected package python3-pip.
2026-09-08T00:09:14.1596084Z #32 61.26 Preparing to unpack .../216-python3-pip_23.0.1+dfsg-1_all.deb ...
2026-09-08T00:09:14.1602949Z #32 61.26 Unpacking python3-pip (23.0.1+dfsg-1) ...
2026-09-08T00:09:14.4569320Z #32 61.54 Selecting previously unselected package python3-pip-whl.
2026-09-08T00:09:14.4571008Z #32 61.54 Preparing to unpack .../217-python3-pip-whl_23.0.1+dfsg-1_all.deb ...
2026-09-08T00:09:14.4572198Z #32 61.54 Unpacking python3-pip-whl (23.0.1+dfsg-1) ...
2026-09-08T00:09:14.6137022Z #32 61.72 Selecting previously unselected package python3-setuptools-whl.
2026-09-08T00:09:14.6138525Z #32 61.72 Preparing to unpack .../218-python3-setuptools-whl_66.1.1-1+deb12u2_all.deb ...
2026-09-08T00:09:14.6139881Z #32 61.72 Unpacking python3-setuptools-whl (66.1.1-1+deb12u2) ...
2026-09-08T00:09:14.6236831Z #32 61.88 Selecting previously unselected package python3.11-venv.
2026-09-08T00:09:14.8444098Z #32 61.89 Preparing to unpack .../219-python3.11-venv_3.11.2-6+deb12u8_amd64.deb ...
2026-09-08T00:09:14.8445139Z #32 61.89 Unpacking python3.11-venv (3.11.2-6+deb12u8) ...
2026-09-08T00:09:14.8446014Z #32 61.91 Selecting previously unselected package python3-venv.
2026-09-08T00:09:14.8447029Z #32 61.91 Preparing to unpack .../220-python3-venv_3.11.2-1+b1_amd64.deb ...
2026-09-08T00:09:14.8447853Z #32 61.91 Unpacking python3-venv (3.11.2-1+b1) ...
2026-09-08T00:09:14.8448600Z #32 61.94 Selecting previously unselected package ruby-bundler.
2026-09-08T00:09:14.8449499Z #32 61.95 Preparing to unpack .../221-ruby-bundler_2.3.15-2+deb12u1_all.deb ...
2026-09-08T00:09:14.8450339Z #32 61.95 Unpacking ruby-bundler (2.3.15-2+deb12u1) ...
2026-09-08T00:09:14.9293417Z #32 62.19 Selecting previously unselected package ruby3.1-dev:amd64.
2026-09-08T00:09:14.9294452Z #32 62.19 Preparing to unpack .../222-ruby3.1-dev_3.1.2-7+deb12u1_amd64.deb ...
2026-09-08T00:09:14.9295316Z #32 62.19 Unpacking ruby3.1-dev:amd64 (3.1.2-7+deb12u1) ...
2026-09-08T00:09:15.3468220Z #32 62.37 Selecting previously unselected package ruby-dev:amd64.
2026-09-08T00:09:15.3469536Z #32 62.38 Preparing to unpack .../223-ruby-dev_1%3a3.1_amd64.deb ...
2026-09-08T00:09:15.3470685Z #32 62.38 Unpacking ruby-dev:amd64 (1:3.1) ...
2026-09-08T00:09:15.3472176Z #32 62.45 Selecting previously unselected package universal-ctags.
2026-09-08T00:09:15.3482894Z #32 62.45 Preparing to unpack .../224-universal-ctags_5.9.20210829.0-1_amd64.deb ...
2026-09-08T00:09:15.3484184Z #32 62.46 Unpacking universal-ctags (5.9.20210829.0-1) ...
2026-09-08T00:09:15.3623948Z #32 62.62 Setting up media-types (10.0.0) ...
2026-09-08T00:09:15.4702040Z #32 62.63 Setting up libgraphite2-3:amd64 (1.3.14-1+deb12u1) ...
2026-09-08T00:09:15.4703193Z #32 62.63 Setting up liblcms2-2:amd64 (2.14-2+deb12u1) ...
2026-09-08T00:09:15.4704267Z #32 62.63 Setting up libslf4j-java (1.7.32-1) ...
2026-09-08T00:09:15.4705303Z #32 62.64 Setting up python3-setuptools-whl (66.1.1-1+deb12u2) ...
2026-09-08T00:09:15.4706326Z #32 62.64 Setting up libplexus-utils2-java (3.4.2-1) ...
2026-09-08T00:09:15.4707265Z #32 62.64 Setting up libkeyutils1:amd64 (1.6.3-2) ...
2026-09-08T00:09:15.4708152Z #32 62.65 Setting up libpsl5:amd64 (0.21.2-1) ...
2026-09-08T00:09:15.4709840Z #32 62.65 Setting up libplexus-classworlds-java (2.7.0-1) ...
2026-09-08T00:09:15.4710932Z #32 62.65 Setting up libsodium23:amd64 (1.0.18-1+deb12u1) ...
2026-09-08T00:09:15.4712255Z #32 62.66 Setting up libicu72:amd64 (72.1-3+deb12u1) ...
2026-09-08T00:09:15.4713254Z #32 62.66 Setting up libjsr305-java (0.1~+svn49-11) ...
2026-09-08T00:09:15.4714108Z #32 62.66 Setting up java-common (0.74) ...
2026-09-08T00:09:15.4714975Z #32 62.68 Setting up libaopalliance-java (20070526-7) ...
2026-09-08T00:09:15.4715889Z #32 62.68 Setting up libcommons-cli-java (1.5.0-1) ...
2026-09-08T00:09:15.4716846Z #32 62.68 Setting up libmagic-mgc (1:5.44-3) ...
2026-09-08T00:09:15.4717687Z #32 62.69 Setting up psmisc (23.6-1) ...
2026-09-08T00:09:15.4718797Z #32 62.71 Setting up libyaml-0-2:amd64 (0.2.5-1) ...
2026-09-08T00:09:15.4721082Z #32 62.72 Setting up libglib2.0-0:amd64 (2.74.6-2+deb12u9) ...
2026-09-08T00:09:15.4722225Z #32 62.73 No schema files found: doing nothing.
2026-09-08T00:09:15.5795099Z #32 62.73 Setting up libtirpc-common (1.3.3+ds-1) ...
2026-09-08T00:09:15.5797414Z #32 62.74 Setting up libargon2-1:amd64 (0~20171227-0.3+deb12u1) ...
2026-09-08T00:09:15.5799262Z #32 62.74 Setting up libbrotli1:amd64 (1.0.9-2+b6) ...
2026-09-08T00:09:15.5800580Z #32 62.74 Setting up libsqlite3-0:amd64 (3.40.1-2+deb12u2) ...
2026-09-08T00:09:15.5801981Z #32 62.75 Setting up binutils-common:amd64 (2.40-2) ...
2026-09-08T00:09:15.5803120Z #32 62.75 Setting up libnghttp2-14:amd64 (1.52.0-1+deb12u3) ...
2026-09-08T00:09:15.5804158Z #32 62.75 Setting up libmagic1:amd64 (1:5.44-3) ...
2026-09-08T00:09:15.5805190Z #32 62.76 Setting up linux-libc-dev:amd64 (6.1.180-1) ...
2026-09-08T00:09:15.5806222Z #32 62.76 Setting up libctf-nobfd0:amd64 (2.40-2) ...
2026-09-08T00:09:15.5807443Z #32 62.77 Setting up libplexus-component-annotations-java (2.1.1-1) ...
2026-09-08T00:09:15.5808591Z #32 62.77 Setting up libgomp1:amd64 (12.2.0-14+deb12u1) ...
2026-09-08T00:09:15.5809529Z #32 62.77 Setting up bzip2 (1.0.8-5+b1) ...
2026-09-08T00:09:15.5810469Z #32 62.77 Setting up ninja-build (1.11.1-2~deb12u1) ...
2026-09-08T00:09:15.5811488Z #32 62.78 Setting up libjansson4:amd64 (2.14-2) ...
2026-09-08T00:09:15.5812823Z #32 62.78 Setting up libkrb5support0:amd64 (1.20.1-2+deb12u5) ...
2026-09-08T00:09:15.5813939Z #32 62.78 Setting up libsasl2-modules-db:amd64 (2.1.28+dfsg-10) ...
2026-09-08T00:09:15.5815140Z #32 62.78 Setting up libgeronimo-annotation-1.3-spec-java (1.3-1) ...
2026-09-08T00:09:15.5816364Z #32 62.79 Setting up libgeronimo-interceptor-3.0-spec-java (1.0.1-4) ...
2026-09-08T00:09:15.5817431Z #32 62.79 Setting up libasound2-data (1.2.8-1) ...
2026-09-08T00:09:15.5818491Z #32 62.79 Setting up perl-modules-5.36 (5.36.0-7+deb12u3) ...
2026-09-08T00:09:15.5819647Z #32 62.79 Setting up libz3-4:amd64 (4.8.12-3.1) ...
2026-09-08T00:09:15.5820659Z #32 62.80 Setting up libgmpxx4ldbl:amd64 (2:6.2.1+dfsg1-1.1) ...
2026-09-08T00:09:15.5821970Z #32 62.80 Setting up libuv1:amd64 (1.44.2-1+deb12u1) ...
2026-09-08T00:09:15.5822948Z #32 62.80 Setting up libpfm4:amd64 (4.13.0-1) ...
2026-09-08T00:09:15.5823885Z #32 62.80 Setting up rpcsvc-proto (1.4.3-1) ...
2026-09-08T00:09:15.5824892Z #32 62.81 Setting up libjpeg62-turbo:amd64 (1:2.1.5-2) ...
2026-09-08T00:09:15.5825816Z #32 62.81 Setting up make (4.3-4.1) ...
2026-09-08T00:09:15.5826736Z #32 62.81 Setting up libmpfr6:amd64 (4.2.0-1) ...
2026-09-08T00:09:15.5827681Z #32 62.82 Setting up libnspr4:amd64 (2:4.35-1) ...
2026-09-08T00:09:15.5828866Z #32 62.82 Setting up librtmp1:amd64 (2.4+20151223.gitfa8646d.1-2+b2) ...
2026-09-08T00:09:15.5829931Z #32 62.82 Setting up libjansi-java (2.4.0-2) ...
2026-09-08T00:09:15.5830961Z #32 62.82 Setting up libapache-pom-java (29-2) ...
2026-09-08T00:09:15.5832312Z #32 62.84 Setting up libavahi-common-data:amd64 (0.8-10+deb12u1) ...
2026-09-08T00:09:15.5833393Z #32 62.84 Setting up libncurses6:amd64 (6.4-4) ...
2026-09-08T00:09:15.5834407Z #32 62.84 Setting up libatinject-jsr330-api-java (1.0+ds1-5) ...
2026-09-08T00:09:15.5835533Z #32 62.84 Setting up libdbus-1-3:amd64 (1.14.10-1~deb12u1) ...
2026-09-08T00:09:15.7863958Z #32 62.84 Setting up ruby-net-telnet (0.2.0-1) ...
2026-09-08T00:09:15.7865070Z #32 62.85 Setting up xz-utils (5.4.1-1+deb12u1) ...
2026-09-08T00:09:15.7866455Z #32 62.86 update-alternatives: using /usr/bin/xz to provide /usr/bin/lzma (lzma) in auto mode
2026-09-08T00:09:15.7868660Z #32 62.86 update-alternatives: warning: skip creation of /usr/share/man/man1/lzma.1.gz because associated file /usr/share/man/man1/xz.1.gz (of link group lzma) doesn't exist
2026-09-08T00:09:15.7871376Z #32 62.86 update-alternatives: warning: skip creation of /usr/share/man/man1/unlzma.1.gz because associated file /usr/share/man/man1/unxz.1.gz (of link group lzma) doesn't exist
2026-09-08T00:09:15.7874393Z #32 62.86 update-alternatives: warning: skip creation of /usr/share/man/man1/lzcat.1.gz because associated file /usr/share/man/man1/xzcat.1.gz (of link group lzma) doesn't exist
2026-09-08T00:09:15.7877428Z #32 62.86 update-alternatives: warning: skip creation of /usr/share/man/man1/lzmore.1.gz because associated file /usr/share/man/man1/xzmore.1.gz (of link group lzma) doesn't exist
2026-09-08T00:09:15.7880337Z #32 62.86 update-alternatives: warning: skip creation of /usr/share/man/man1/lzless.1.gz because associated file /usr/share/man/man1/xzless.1.gz (of link group lzma) doesn't exist
2026-09-08T00:09:15.7883444Z #32 62.86 update-alternatives: warning: skip creation of /usr/share/man/man1/lzdiff.1.gz because associated file /usr/share/man/man1/xzdiff.1.gz (of link group lzma) doesn't exist
2026-09-08T00:09:15.7886173Z #32 62.86 update-alternatives: warning: skip creation of /usr/share/man/man1/lzcmp.1.gz because associated file /usr/share/man/man1/xzcmp.1.gz (of link group lzma) doesn't exist
2026-09-08T00:09:15.7888919Z #32 62.86 update-alternatives: warning: skip creation of /usr/share/man/man1/lzgrep.1.gz because associated file /usr/share/man/man1/xzgrep.1.gz (of link group lzma) doesn't exist
2026-09-08T00:09:15.7891691Z #32 62.86 update-alternatives: warning: skip creation of /usr/share/man/man1/lzegrep.1.gz because associated file /usr/share/man/man1/xzegrep.1.gz (of link group lzma) doesn't exist
2026-09-08T00:09:15.7894916Z #32 62.86 update-alternatives: warning: skip creation of /usr/share/man/man1/lzfgrep.1.gz because associated file /usr/share/man/man1/xzfgrep.1.gz (of link group lzma) doesn't exist
2026-09-08T00:09:15.7896454Z #32 62.86 Setting up libquadmath0:amd64 (12.2.0-14+deb12u1) ...
2026-09-08T00:09:15.7897210Z #32 62.87 Setting up libproc2-0:amd64 (2:4.0.2-3) ...
2026-09-08T00:09:15.7898059Z #32 62.89 Setting up libplexus-interpolation-java (1.26-1) ...
2026-09-08T00:09:15.7898942Z #32 62.89 Setting up libpng16-16:amd64 (1.6.39-2+deb12u5) ...
2026-09-08T00:09:15.7899707Z #32 62.89 Setting up libmpc3:amd64 (1.3.1-1) ...
2026-09-08T00:09:15.7900465Z #32 62.89 Setting up libatomic1:amd64 (12.2.0-14+deb12u1) ...
2026-09-08T00:09:15.7901194Z #32 62.89 Setting up patch (2.7.6-7) ...
2026-09-08T00:09:15.7902076Z #32 62.89 Setting up libjsoncpp25:amd64 (1.9.5-4) ...
2026-09-08T00:09:15.7902832Z #32 62.89 Setting up fonts-dejavu-core (2.37-6) ...
2026-09-08T00:09:15.7903609Z #32 62.91 Setting up libpcsclite1:amd64 (1.9.9-2) ...
2026-09-08T00:09:15.7904360Z #32 62.91 Setting up libncursesw6:amd64 (6.4-4) ...
2026-09-08T00:09:15.7905147Z #32 62.91 Setting up libk5crypto3:amd64 (1.20.1-2+deb12u5) ...
2026-09-08T00:09:15.7905937Z #32 62.92 Setting up libgc1:amd64 (1:8.2.2-3) ...
2026-09-08T00:09:15.7906692Z #32 62.92 Setting up libsasl2-2:amd64 (2.1.28+dfsg-10) ...
2026-09-08T00:09:15.7907444Z #32 62.92 Setting up ruby-webrick (1.8.1-1) ...
2026-09-08T00:09:15.7908201Z #32 62.92 Setting up libubsan1:amd64 (12.2.0-14+deb12u1) ...
2026-09-08T00:09:15.7908985Z #32 62.92 Setting up sensible-utils (0.0.17+nmu1) ...
2026-09-08T00:09:15.7909754Z #32 62.93 Setting up librhash0:amd64 (1.4.3-3) ...
2026-09-08T00:09:15.7910559Z #32 62.93 Setting up libcrypt-dev:amd64 (1:4.4.33-2) ...
2026-09-08T00:09:15.7911357Z #32 63.04 Setting up libasan8:amd64 (12.2.0-14+deb12u1) ...
2026-09-08T00:09:15.7912298Z #32 63.04 Setting up procps (2:4.0.2-3) ...
2026-09-08T00:09:15.8869956Z #32 63.15 Setting up libasound2:amd64 (1.2.8-1+b1) ...
2026-09-08T00:09:15.8871152Z #32 63.15 Setting up git-man (1:2.39.5-0+deb12u3) ...
2026-09-08T00:09:15.8872772Z #32 63.15 Setting up libssh2-1:amd64 (1.10.0-3+deb12u1) ...
2026-09-08T00:09:15.9972951Z #32 63.15 Setting up sgml-base (1.31) ...
2026-09-08T00:09:15.9974179Z #32 63.19 Setting up cmake-data (3.25.1-1) ...
2026-09-08T00:09:15.9975322Z #32 63.20 Setting up libkrb5-3:amd64 (1.20.1-2+deb12u5) ...
2026-09-08T00:09:15.9976444Z #32 63.21 Setting up libwagon-http-shaded-java (3.5.3-1) ...
2026-09-08T00:09:15.9977878Z #32 63.22 Setting up libtsan2:amd64 (12.2.0-14+deb12u1) ...
2026-09-08T00:09:15.9978989Z #32 63.23 Setting up libjs-jquery (3.6.1+dfsg+~3.5.14-1) ...
2026-09-08T00:09:15.9980042Z #32 63.24 Setting up libbinutils:amd64 (2.40-2) ...
2026-09-08T00:09:15.9981049Z #32 63.26 Setting up libisl23:amd64 (0.25-1.1) ...
2026-09-08T00:09:16.1303798Z #32 63.27 Setting up libc-dev-bin (2.36-9+deb12u14) ...
2026-09-08T00:09:16.1305573Z #32 63.28 Setting up openssl (3.0.20-1~deb12u2) ...
2026-09-08T00:09:16.1315463Z #32 63.30 Setting up libbsd0:amd64 (0.11.7-2) ...
2026-09-08T00:09:16.1316578Z #32 63.31 Setting up libcdi-api-java (1.2-3) ...
2026-09-08T00:09:16.1317542Z #32 63.31 Setting up readline-common (8.2-1.3) ...
2026-09-08T00:09:16.1318485Z #32 63.33 Setting up ruby-xmlrpc (0.3.2-2) ...
2026-09-08T00:09:16.1319538Z #32 63.34 Setting up libxml2:amd64 (2.9.14+dfsg-1.3~deb12u6) ...
2026-09-08T00:09:16.1320659Z #32 63.35 Setting up libcc1-0:amd64 (12.2.0-14+deb12u1) ...
2026-09-08T00:09:16.1321690Z #32 63.36 Setting up libonig5:amd64 (6.9.8-1) ...
2026-09-08T00:09:16.1322976Z #32 63.37 Setting up liblsan0:amd64 (12.2.0-14+deb12u1) ...
2026-09-08T00:09:16.3015490Z #32 63.39 Setting up libitm1:amd64 (12.2.0-14+deb12u1) ...
2026-09-08T00:09:16.3016562Z #32 63.39 Setting up libgdbm6:amd64 (1.23-3) ...
2026-09-08T00:09:16.3017610Z #32 63.40 Setting up libjs-underscore (1.13.4~dfsg+~1.11.4-3) ...
2026-09-08T00:09:16.3018666Z #32 63.40 Setting up libctf0:amd64 (2.40-2) ...
2026-09-08T00:09:16.3019658Z #32 63.41 Setting up libwagon-provider-api-java (3.5.3-1) ...
2026-09-08T00:09:16.3020589Z #32 63.41 Setting up php-common (2:93) ...
2026-09-08T00:09:16.4743613Z #32 63.73 Setting up cpp-12 (12.2.0-14+deb12u1) ...
2026-09-08T00:09:16.5942989Z #32 63.74 Setting up libgmp-dev:amd64 (2:6.2.1+dfsg1-1.1) ...
2026-09-08T00:09:16.5944255Z #32 63.74 Setting up libarchive13:amd64 (3.6.2-1+deb12u5) ...
2026-09-08T00:09:16.5945381Z #32 63.74 Setting up fontconfig-config (2.14.1-4) ...
2026-09-08T00:09:16.5946492Z #32 63.85 debconf: unable to initialize frontend: Dialog
2026-09-08T00:09:16.5947717Z #32 63.85 debconf: (TERM is not set, so the dialog frontend is not usable.)
2026-09-08T00:09:16.5948866Z #32 63.85 debconf: falling back to frontend: Readline
2026-09-08T00:09:16.8465042Z #32 63.87 debconf: unable to initialize frontend: Readline
2026-09-08T00:09:16.8466258Z #32 63.87 debconf: (This frontend requires a controlling tty.)
2026-09-08T00:09:16.8467524Z #32 63.87 debconf: falling back to frontend: Teletype
2026-09-08T00:09:16.8607496Z #32 64.12 Setting up libmaven-parent-java (35-1) ...
2026-09-08T00:09:17.0728595Z #32 64.12 Setting up libedit2:amd64 (3.1-20221030-2) ...
2026-09-08T00:09:17.0729762Z #32 64.15 Setting up libreadline8:amd64 (8.2-1.3) ...
2026-09-08T00:09:17.0730900Z #32 64.15 Setting up php-psr-container (1.1.2-1) ...
2026-09-08T00:09:17.0732229Z #32 64.15 Setting up libcommons-parent-java (56-1) ...
2026-09-08T00:09:17.0733297Z #32 64.15 Setting up php-composer-pcre (3.1.0-1+deb12u1) ...
2026-09-08T00:09:17.0734368Z #32 64.15 Setting up libavahi-common3:amd64 (0.8-10+deb12u1) ...
2026-09-08T00:09:17.0735377Z #32 64.15 Setting up libsisu-inject-java (0.3.4-2) ...
2026-09-08T00:09:17.0736363Z #32 64.15 Setting up libobjc4:amd64 (12.2.0-14+deb12u1) ...
2026-09-08T00:09:17.0737362Z #32 64.17 Setting up libnss3:amd64 (2:3.87.1-1+deb12u4) ...
2026-09-08T00:09:17.0738361Z #32 64.17 Setting up libldap-2.5-0:amd64 (2.5.13+dfsg-5) ...
2026-09-08T00:09:17.0739380Z #32 64.18 Setting up libplexus-cipher-java (2.0-1) ...
2026-09-08T00:09:17.0740394Z #32 64.19 Setting up php-seld-signal-handler (2.0.1-2) ...
2026-09-08T00:09:17.0741383Z #32 64.20 Setting up ca-certificates (20250419~deb12u1) ...
2026-09-08T00:09:17.0742607Z #32 64.33 debconf: unable to initialize frontend: Dialog
2026-09-08T00:09:17.0743723Z #32 64.33 debconf: (TERM is not set, so the dialog frontend is not usable.)
2026-09-08T00:09:17.0744817Z #32 64.33 debconf: falling back to frontend: Readline
2026-09-08T00:09:17.0745821Z #32 64.33 debconf: unable to initialize frontend: Readline
2026-09-08T00:09:17.0746854Z #32 64.33 debconf: (This frontend requires a controlling tty.)
2026-09-08T00:09:17.0747823Z #32 64.33 debconf: falling back to frontend: Teletype
2026-09-08T00:09:19.5998323Z #32 66.86 Updating certificates in /etc/ssl/certs...
2026-09-08T00:09:21.3149299Z #32 68.57 150 added, 0 removed; done.
2026-09-08T00:09:21.5394130Z #32 68.64 Setting up php-composer-ca-bundle (1.3.5-1) ...
2026-09-08T00:09:21.5395673Z #32 68.64 Setting up libsisu-plexus-java (0.3.4-3) ...
2026-09-08T00:09:21.5396966Z #32 68.64 Setting up libgprofng0:amd64 (2.40-2) ...
2026-09-08T00:09:21.5398068Z #32 68.65 Setting up libfreetype6:amd64 (2.12.1+dfsg-5+deb12u4) ...
2026-09-08T00:09:21.5399168Z #32 68.65 Setting up php-symfony-process (5.4.53+dfsg-0+deb12u1) ...
2026-09-08T00:09:21.5400256Z #32 68.66 Setting up libgcc-12-dev:amd64 (12.2.0-14+deb12u1) ...
2026-09-08T00:09:21.5401344Z #32 68.66 Setting up libgssapi-krb5-2:amd64 (1.20.1-2+deb12u5) ...
2026-09-08T00:09:21.5402687Z #32 68.66 Setting up libgdbm-compat4:amd64 (1.23-3) ...
2026-09-08T00:09:21.5403646Z #32 68.67 Setting up ucf (3.0043+nmu1+deb12u1) ...
2026-09-08T00:09:21.5404600Z #32 68.77 debconf: unable to initialize frontend: Dialog
2026-09-08T00:09:21.5405740Z #32 68.77 debconf: (TERM is not set, so the dialog frontend is not usable.)
2026-09-08T00:09:21.5406796Z #32 68.77 debconf: falling back to frontend: Readline
2026-09-08T00:09:21.6635117Z #32 68.78 debconf: unable to initialize frontend: Readline
2026-09-08T00:09:21.6636778Z #32 68.78 debconf: (This frontend requires a controlling tty.)
2026-09-08T00:09:21.6638047Z #32 68.78 debconf: falling back to frontend: Teletype
2026-09-08T00:09:21.6638971Z #32 68.92 Setting up libjs-sphinxdoc (5.3.0-4) ...
2026-09-08T00:09:21.8844409Z #32 68.93 Setting up libcommons-lang3-java (3.12.0-2+deb12u1) ...
2026-09-08T00:09:21.8846263Z #32 68.93 Setting up php-react-promise (2.9.0-3) ...
2026-09-08T00:09:21.8847217Z #32 68.93 Setting up php-psr-log (1.1.4-2) ...
2026-09-08T00:09:21.8848150Z #32 68.94 Setting up libllvm14:amd64 (1:14.0.6-12) ...
2026-09-08T00:09:21.8849222Z #32 68.94 Setting up libobjc-12-dev:amd64 (12.2.0-14+deb12u1) ...
2026-09-08T00:09:21.8850071Z #32 68.94 Setting up cpp (4:12.2.0-3) ...
2026-09-08T00:09:21.8948108Z #32 69.15 Setting up php-composer-metadata-minifier (1.0.0-2) ...
2026-09-08T00:09:21.8949798Z #32 69.15 Setting up libcurl4:amd64 (7.88.1-10+deb12u15) ...
2026-09-08T00:09:21.8950781Z #32 69.15 Setting up php-composer-semver (3.3.2-1) ...
2026-09-08T00:09:21.8951932Z #32 69.15 Setting up libplexus-sec-dispatcher-java (2.0-3) ...
2026-09-08T00:09:21.8953023Z #32 69.15 Setting up libharfbuzz0b:amd64 (6.0.0+dfsg-3) ...
2026-09-08T00:09:21.8953932Z #32 69.15 Setting up libfontconfig1:amd64 (2.14.1-4) ...
2026-09-08T00:09:21.8954816Z #32 69.15 Setting up universal-ctags (5.9.20210829.0-1) ...
2026-09-08T00:09:21.8956127Z #32 69.15 update-alternatives: using /usr/bin/ctags-universal to provide /usr/bin/ctags (ctags) in auto mode
2026-09-08T00:09:21.8958424Z #32 69.15 update-alternatives: warning: skip creation of /usr/share/man/man1/ctags.1.gz because associated file /usr/share/man/man1/ctags-universal.1.gz (of link group ctags) doesn't exist
2026-09-08T00:09:21.8960589Z #32 69.15 update-alternatives: using /usr/bin/ctags-universal to provide /usr/bin/etags (etags) in auto mode
2026-09-08T00:09:21.8963272Z #32 69.15 update-alternatives: warning: skip creation of /usr/share/man/man1/etags.1.gz because associated file /usr/share/man/man1/ctags-universal.1.gz (of link group etags) doesn't exist
2026-09-08T00:09:21.8965076Z #32 69.15 Setting up ca-certificates-java (20230710~deb12u1) ...
2026-09-08T00:09:21.9991352Z #32 69.23 No JRE found. Skipping Java certificates setup.
2026-09-08T00:09:21.9993289Z #32 69.23 Setting up libwagon-file-java (3.5.3-1) ...
2026-09-08T00:09:21.9994459Z #32 69.23 Setting up php-composer-spdx-licenses (1.5.7-1) ...
2026-09-08T00:09:21.9995561Z #32 69.24 Setting up llvm-14-linker-tools (1:14.0.6-12) ...
2026-09-08T00:09:21.9996613Z #32 69.24 Setting up libavahi-client3:amd64 (0.8-10+deb12u1) ...
2026-09-08T00:09:21.9997651Z #32 69.25 Setting up libperl5.36:amd64 (5.36.0-7+deb12u3) ...
2026-09-08T00:09:21.9998637Z #32 69.25 Setting up binutils-x86-64-linux-gnu (2.40-2) ...
2026-09-08T00:09:21.9999763Z #32 69.25 Setting up php-symfony-deprecation-contracts (2.5.5-0+deb12u1) ...
2026-09-08T00:09:22.0000930Z #32 69.25 Setting up php-symfony-finder (5.4.53+dfsg-0+deb12u1) ...
2026-09-08T00:09:22.0002514Z #32 69.25 Setting up libtirpc3:amd64 (1.3.3+ds-1) ...
2026-09-08T00:09:22.0003689Z #32 69.26 Setting up php8.2-common (8.2.33-1~deb12u1) ...
2026-09-08T00:09:22.2187962Z #32 69.48 debconf: unable to initialize frontend: Dialog
2026-09-08T00:09:22.2189732Z #32 69.48 debconf: (TERM is not set, so the dialog frontend is not usable.)
2026-09-08T00:09:22.2191028Z #32 69.48 debconf: falling back to frontend: Readline
2026-09-08T00:09:22.4507762Z #32 69.49 debconf: unable to initialize frontend: Readline
2026-09-08T00:09:22.4509759Z #32 69.49 debconf: (This frontend requires a controlling tty.)
2026-09-08T00:09:22.4510887Z #32 69.49 debconf: falling back to frontend: Teletype
2026-09-08T00:09:22.4511812Z #32 69.56 
2026-09-08T00:09:22.4513020Z #32 69.56 Creating config file /etc/php/8.2/mods-available/calendar.ini with new version
2026-09-08T00:09:22.8104160Z #32 70.07 debconf: unable to initialize frontend: Dialog
2026-09-08T00:09:22.8105915Z #32 70.07 debconf: (TERM is not set, so the dialog frontend is not usable.)
2026-09-08T00:09:22.8107144Z #32 70.07 debconf: falling back to frontend: Readline
2026-09-08T00:09:23.0407155Z #32 70.08 debconf: unable to initialize frontend: Readline
2026-09-08T00:09:23.0408737Z #32 70.08 debconf: (This frontend requires a controlling tty.)
2026-09-08T00:09:23.0409715Z #32 70.08 debconf: falling back to frontend: Teletype
2026-09-08T00:09:23.0410391Z #32 70.15 
2026-09-08T00:09:23.0411295Z #32 70.15 Creating config file /etc/php/8.2/mods-available/ctype.ini with new version
2026-09-08T00:09:23.1912689Z #32 ...
2026-09-08T00:09:23.1913626Z 
2026-09-08T00:09:23.1916214Z #38 [rust-tools 2/2] RUN cargo install     --git https://github.com/jelmer/debian-lsp     --rev "daee711aba7282a6e79344c71dcaf85593c54040"     --locked     --no-default-features     --features scip     --root /opt/debian-lsp     debian-lsp   && rm -rf /usr/local/cargo/git /usr/local/cargo/registry
2026-09-08T00:09:23.1918539Z #38 21.17    Compiling synstructure v0.13.2
2026-09-08T00:09:23.1919361Z #38 22.27    Compiling futures-sink v0.3.32
2026-09-08T00:09:23.1920138Z #38 22.44    Compiling foldhash v0.2.0
2026-09-08T00:09:23.1920934Z #38 23.30    Compiling signal-hook-registry v1.4.8
2026-09-08T00:09:23.1921958Z #38 24.79    Compiling regex-automata v0.4.14
2026-09-08T00:09:23.1922783Z #38 27.28    Compiling serde_derive v1.0.228
2026-09-08T00:09:23.2206004Z #38 ...
2026-09-08T00:09:23.2206852Z 
2026-09-08T00:09:23.2209900Z #32 [runtime  3/27] RUN apt-get update && apt-get install -y --no-install-recommends     build-essential     ca-certificates     clang     cmake     composer     git     llvm     maven     ninja-build     openjdk-17-jdk-headless     php-cli     python3     python3-dev     python3-pip     python3-venv     ruby     ruby-dev     ruby-bundler     universal-ctags   && rm -rf /var/lib/apt/lists/*
2026-09-08T00:09:23.2212856Z #32 70.48 debconf: unable to initialize frontend: Dialog
2026-09-08T00:09:23.2213829Z #32 70.48 debconf: (TERM is not set, so the dialog frontend is not usable.)
2026-09-08T00:09:23.2214798Z #32 70.48 debconf: falling back to frontend: Readline
2026-09-08T00:09:23.4311259Z #32 70.48 debconf: unable to initialize frontend: Readline
2026-09-08T00:09:23.4313078Z #32 70.48 debconf: (This frontend requires a controlling tty.)
2026-09-08T00:09:23.4314257Z #32 70.48 debconf: falling back to frontend: Teletype
2026-09-08T00:09:23.4315043Z #32 70.54 
2026-09-08T00:09:23.4315928Z #32 70.54 Creating config file /etc/php/8.2/mods-available/exif.ini with new version
2026-09-08T00:09:23.6077731Z #32 70.87 debconf: unable to initialize frontend: Dialog
2026-09-08T00:09:23.6079347Z #32 70.87 debconf: (TERM is not set, so the dialog frontend is not usable.)
2026-09-08T00:09:23.6080514Z #32 70.87 debconf: falling back to frontend: Readline
2026-09-08T00:09:23.7669291Z #32 70.88 debconf: unable to initialize frontend: Readline
2026-09-08T00:09:23.7671057Z #32 70.88 debconf: (This frontend requires a controlling tty.)
2026-09-08T00:09:23.7672555Z #32 70.88 debconf: falling back to frontend: Teletype
2026-09-08T00:09:23.8174136Z #32 71.08 
2026-09-08T00:09:23.9688424Z #32 71.08 Creating config file /etc/php/8.2/mods-available/fileinfo.ini with new version
2026-09-08T00:09:24.1185451Z #32 71.38 debconf: unable to initialize frontend: Dialog
2026-09-08T00:09:24.1187581Z #32 71.38 debconf: (TERM is not set, so the dialog frontend is not usable.)
2026-09-08T00:09:24.1188896Z #32 71.38 debconf: falling back to frontend: Readline
2026-09-08T00:09:24.3456212Z #32 71.38 debconf: unable to initialize frontend: Readline
2026-09-08T00:09:24.3457309Z #32 71.38 debconf: (This frontend requires a controlling tty.)
2026-09-08T00:09:24.3458251Z #32 71.38 debconf: falling back to frontend: Teletype
2026-09-08T00:09:24.3458982Z #32 71.45 
2026-09-08T00:09:24.3459817Z #32 71.45 Creating config file /etc/php/8.2/mods-available/ffi.ini with new version
2026-09-08T00:09:24.5493056Z #32 71.81 debconf: unable to initialize frontend: Dialog
2026-09-08T00:09:24.5494822Z #32 71.81 debconf: (TERM is not set, so the dialog frontend is not usable.)
2026-09-08T00:09:24.6798059Z #32 71.81 debconf: falling back to frontend: Readline
2026-09-08T00:09:24.6799931Z #32 71.82 debconf: unable to initialize frontend: Readline
2026-09-08T00:09:24.6801129Z #32 71.82 debconf: (This frontend requires a controlling tty.)
2026-09-08T00:09:24.6802413Z #32 71.83 debconf: falling back to frontend: Teletype
2026-09-08T00:09:24.6803187Z #32 71.94 
2026-09-08T00:09:24.8308112Z #32 71.94 Creating config file /etc/php/8.2/mods-available/ftp.ini with new version
2026-09-08T00:09:25.2730999Z #32 72.53 debconf: unable to initialize frontend: Dialog
2026-09-08T00:09:25.2733059Z #32 72.53 debconf: (TERM is not set, so the dialog frontend is not usable.)
2026-09-08T00:09:25.2734365Z #32 72.53 debconf: falling back to frontend: Readline
2026-09-08T00:09:25.4974649Z #32 72.54 debconf: unable to initialize frontend: Readline
2026-09-08T00:09:25.4976471Z #32 72.54 debconf: (This frontend requires a controlling tty.)
2026-09-08T00:09:25.4977839Z #32 72.54 debconf: falling back to frontend: Teletype
2026-09-08T00:09:25.4978580Z #32 72.60 
2026-09-08T00:09:25.4979561Z #32 72.60 Creating config file /etc/php/8.2/mods-available/gettext.ini with new version
2026-09-08T00:09:26.2527803Z #32 73.48 debconf: unable to initialize frontend: Dialog
2026-09-08T00:09:26.3607504Z #32 73.48 debconf: (TERM is not set, so the dialog frontend is not usable.)
2026-09-08T00:09:26.3608571Z #32 73.49 debconf: falling back to frontend: Readline
2026-09-08T00:09:26.3609615Z #32 73.50 debconf: unable to initialize frontend: Readline
2026-09-08T00:09:26.3610567Z #32 73.50 debconf: (This frontend requires a controlling tty.)
2026-09-08T00:09:26.3611410Z #32 73.50 debconf: falling back to frontend: Teletype
2026-09-08T00:09:26.3612280Z #32 73.62 
2026-09-08T00:09:26.3613105Z #32 73.62 Creating config file /etc/php/8.2/mods-available/iconv.ini with new version
2026-09-08T00:09:27.1555474Z #32 74.24 debconf: unable to initialize frontend: Dialog
2026-09-08T00:09:27.1556815Z #32 74.24 debconf: (TERM is not set, so the dialog frontend is not usable.)
2026-09-08T00:09:27.1558073Z #32 74.24 debconf: falling back to frontend: Readline
2026-09-08T00:09:27.1559211Z #32 74.26 debconf: unable to initialize frontend: Readline
2026-09-08T00:09:27.1560292Z #32 74.26 debconf: (This frontend requires a controlling tty.)
2026-09-08T00:09:27.1561323Z #32 74.26 debconf: falling back to frontend: Teletype
2026-09-08T00:09:27.2134322Z #32 74.47 
2026-09-08T00:09:27.3651056Z #32 74.47 Creating config file /etc/php/8.2/mods-available/pdo.ini with new version
2026-09-08T00:09:27.6705269Z #32 74.93 debconf: unable to initialize frontend: Dialog
2026-09-08T00:09:27.6706477Z #32 74.93 debconf: (TERM is not set, so the dialog frontend is not usable.)
2026-09-08T00:09:27.6707535Z #32 74.93 debconf: falling back to frontend: Readline
2026-09-08T00:09:27.8378672Z #32 74.95 debconf: unable to initialize frontend: Readline
2026-09-08T00:09:27.8381582Z #32 74.95 debconf: (This frontend requires a controlling tty.)
2026-09-08T00:09:27.8383499Z #32 74.95 debconf: falling back to frontend: Teletype
2026-09-08T00:09:27.8611384Z #32 75.12 
2026-09-08T00:09:27.8612614Z #32 75.12 Creating config file /etc/php/8.2/mods-available/phar.ini with new version
2026-09-08T00:09:28.2957147Z #32 75.56 debconf: unable to initialize frontend: Dialog
2026-09-08T00:09:28.2958994Z #32 75.56 debconf: (TERM is not set, so the dialog frontend is not usable.)
2026-09-08T00:09:28.2960532Z #32 75.56 debconf: falling back to frontend: Readline
2026-09-08T00:09:28.5175124Z #32 75.56 debconf: unable to initialize frontend: Readline
2026-09-08T00:09:28.5177186Z #32 75.56 debconf: (This frontend requires a controlling tty.)
2026-09-08T00:09:28.5178540Z #32 75.56 debconf: falling back to frontend: Teletype
2026-09-08T00:09:28.5179444Z #32 75.63 
2026-09-08T00:09:28.5180916Z #32 75.63 Creating config file /etc/php/8.2/mods-available/posix.ini with new version
2026-09-08T00:09:28.8714077Z #32 76.13 debconf: unable to initialize frontend: Dialog
2026-09-08T00:09:28.8716254Z #32 76.13 debconf: (TERM is not set, so the dialog frontend is not usable.)
2026-09-08T00:09:28.8717770Z #32 76.13 debconf: falling back to frontend: Readline
2026-09-08T00:09:29.1152189Z #32 76.16 debconf: unable to initialize frontend: Readline
2026-09-08T00:09:29.1153401Z #32 76.16 debconf: (This frontend requires a controlling tty.)
2026-09-08T00:09:29.1154594Z #32 76.16 debconf: falling back to frontend: Teletype
2026-09-08T00:09:29.1155407Z #32 76.22 
2026-09-08T00:09:29.1156427Z #32 76.22 Creating config file /etc/php/8.2/mods-available/shmop.ini with new version
2026-09-08T00:09:29.3622757Z #32 76.62 debconf: unable to initialize frontend: Dialog
2026-09-08T00:09:29.3624387Z #32 76.62 debconf: (TERM is not set, so the dialog frontend is not usable.)
2026-09-08T00:09:29.3625793Z #32 76.62 debconf: falling back to frontend: Readline
2026-09-08T00:09:29.5237940Z #32 76.63 debconf: unable to initialize frontend: Readline
2026-09-08T00:09:29.5239157Z #32 76.63 debconf: (This frontend requires a controlling tty.)
2026-09-08T00:09:29.5240350Z #32 76.63 debconf: falling back to frontend: Teletype
2026-09-08T00:09:29.5488532Z #32 76.81 
2026-09-08T00:09:29.5489658Z #32 76.81 Creating config file /etc/php/8.2/mods-available/sockets.ini with new version
2026-09-08T00:09:30.2059407Z #32 77.47 debconf: unable to initialize frontend: Dialog
2026-09-08T00:09:30.2060688Z #32 77.47 debconf: (TERM is not set, so the dialog frontend is not usable.)
2026-09-08T00:09:30.2062247Z #32 77.47 debconf: falling back to frontend: Readline
2026-09-08T00:09:30.3123357Z #32 77.48 debconf: unable to initialize frontend: Readline
2026-09-08T00:09:30.3125069Z #32 77.48 debconf: (This frontend requires a controlling tty.)
2026-09-08T00:09:30.3126462Z #32 77.48 debconf: falling back to frontend: Teletype
2026-09-08T00:09:30.3127561Z #32 77.57 
2026-09-08T00:09:30.4646867Z #32 77.57 Creating config file /etc/php/8.2/mods-available/sysvmsg.ini with new version
2026-09-08T00:09:30.7883739Z #32 78.05 debconf: unable to initialize frontend: Dialog
2026-09-08T00:09:31.0254457Z #32 78.05 debconf: (TERM is not set, so the dialog frontend is not usable.)
2026-09-08T00:09:31.0256131Z #32 78.05 debconf: falling back to frontend: Readline
2026-09-08T00:09:31.0257207Z #32 78.06 debconf: unable to initialize frontend: Readline
2026-09-08T00:09:31.0258305Z #32 78.06 debconf: (This frontend requires a controlling tty.)
2026-09-08T00:09:31.0259389Z #32 78.06 debconf: falling back to frontend: Teletype
2026-09-08T00:09:31.0260200Z #32 78.13 
2026-09-08T00:09:31.0261256Z #32 78.13 Creating config file /etc/php/8.2/mods-available/sysvsem.ini with new version
2026-09-08T00:09:31.1895539Z #32 78.45 debconf: unable to initialize frontend: Dialog
2026-09-08T00:09:31.1897531Z #32 78.45 debconf: (TERM is not set, so the dialog frontend is not usable.)
2026-09-08T00:09:31.1898875Z #32 78.45 debconf: falling back to frontend: Readline
2026-09-08T00:09:31.4139746Z #32 78.46 debconf: unable to initialize frontend: Readline
2026-09-08T00:09:31.4142379Z #32 78.46 debconf: (This frontend requires a controlling tty.)
2026-09-08T00:09:31.4144023Z #32 78.46 debconf: falling back to frontend: Teletype
2026-09-08T00:09:31.4144773Z #32 78.52 
2026-09-08T00:09:31.4145783Z #32 78.52 Creating config file /etc/php/8.2/mods-available/sysvshm.ini with new version
2026-09-08T00:09:31.9699845Z #32 79.23 debconf: unable to initialize frontend: Dialog
2026-09-08T00:09:31.9702286Z #32 79.23 debconf: (TERM is not set, so the dialog frontend is not usable.)
2026-09-08T00:09:31.9703856Z #32 79.23 debconf: falling back to frontend: Readline
2026-09-08T00:09:32.1014082Z #32 79.23 debconf: unable to initialize frontend: Readline
2026-09-08T00:09:32.1015305Z #32 79.23 debconf: (This frontend requires a controlling tty.)
2026-09-08T00:09:32.1016246Z #32 79.23 debconf: falling back to frontend: Teletype
2026-09-08T00:09:32.1016905Z #32 79.36 
2026-09-08T00:09:32.1017804Z #32 79.36 Creating config file /etc/php/8.2/mods-available/tokenizer.ini with new version
2026-09-08T00:09:32.5268626Z #32 79.60 Setting up php-composer-xdebug-handler (3.0.3-2+deb12u1) ...
2026-09-08T00:09:32.5269789Z #32 79.63 Setting up python3-pip-whl (23.0.1+dfsg-1) ...
2026-09-08T00:09:32.5270663Z #32 79.63 Setting up libcommons-io-java (2.11.0-2) ...
2026-09-08T00:09:32.5271517Z #32 79.63 Setting up php8.2-opcache (8.2.33-1~deb12u1) ...
2026-09-08T00:09:32.7573295Z #32 79.80 debconf: unable to initialize frontend: Dialog
2026-09-08T00:09:32.7574505Z #32 79.80 debconf: (TERM is not set, so the dialog frontend is not usable.)
2026-09-08T00:09:32.7575514Z #32 79.80 debconf: falling back to frontend: Readline
2026-09-08T00:09:32.7582883Z #32 79.82 debconf: unable to initialize frontend: Readline
2026-09-08T00:09:32.7583916Z #32 79.82 debconf: (This frontend requires a controlling tty.)
2026-09-08T00:09:32.7584848Z #32 79.82 debconf: falling back to frontend: Teletype
2026-09-08T00:09:32.7585507Z #32 79.87 
2026-09-08T00:09:32.7586406Z #32 79.87 Creating config file /etc/php/8.2/mods-available/opcache.ini with new version
2026-09-08T00:09:32.7983110Z #32 80.06 Setting up php8.2-readline (8.2.33-1~deb12u1) ...
2026-09-08T00:09:33.0632954Z #32 80.31 debconf: unable to initialize frontend: Dialog
2026-09-08T00:09:33.0642888Z #32 80.31 debconf: (TERM is not set, so the dialog frontend is not usable.)
2026-09-08T00:09:33.0663478Z #32 80.31 debconf: falling back to frontend: Readline
2026-09-08T00:09:33.0692554Z #32 80.31 debconf: unable to initialize frontend: Readline
2026-09-08T00:09:33.0702627Z #32 80.31 debconf: (This frontend requires a controlling tty.)
2026-09-08T00:09:33.0732763Z #32 80.31 debconf: falling back to frontend: Teletype
2026-09-08T00:09:33.8023025Z #32 81.06 
2026-09-08T00:09:33.8042803Z #32 81.06 Creating config file /etc/php/8.2/mods-available/readline.ini with new version
2026-09-08T00:09:34.1858814Z #32 81.45 Setting up php8.2-mbstring (8.2.33-1~deb12u1) ...
2026-09-08T00:09:34.5389492Z #32 81.80 debconf: unable to initialize frontend: Dialog
2026-09-08T00:09:34.5391564Z #32 81.80 debconf: (TERM is not set, so the dialog frontend is not usable.)
2026-09-08T00:09:34.5393239Z #32 81.80 debconf: falling back to frontend: Readline
2026-09-08T00:09:34.7425511Z #32 81.82 debconf: unable to initialize frontend: Readline
2026-09-08T00:09:34.7426435Z #32 81.82 debconf: (This frontend requires a controlling tty.)
2026-09-08T00:09:34.7427221Z #32 81.82 debconf: falling back to frontend: Teletype
2026-09-08T00:09:34.7427739Z #32 81.88 
2026-09-08T00:09:34.7428533Z #32 81.88 Creating config file /etc/php/8.2/mods-available/mbstring.ini with new version
2026-09-08T00:09:34.7429489Z #32 82.00 Setting up nss-plugin-pem:amd64 (1.0.8+1-1) ...
2026-09-08T00:09:34.9314091Z #32 82.01 Setting up php-symfony-service-contracts (2.5.5-0+deb12u1) ...
2026-09-08T00:09:34.9315318Z #32 82.01 Setting up libclang1-14 (1:14.0.6-12) ...
2026-09-08T00:09:34.9316374Z #32 82.01 Setting up libcurl3-gnutls:amd64 (7.88.1-10+deb12u15) ...
2026-09-08T00:09:34.9317375Z #32 82.02 Setting up rubygems-integration (1.18) ...
2026-09-08T00:09:34.9318247Z #32 82.02 Setting up binutils (2.40-2) ...
2026-09-08T00:09:34.9319857Z #32 82.03 Setting up php-mbstring (2:8.2+93) ...
2026-09-08T00:09:34.9320842Z #32 82.04 Setting up php8.2-intl (8.2.33-1~deb12u1) ...
2026-09-08T00:09:34.9773595Z #32 82.24 debconf: unable to initialize frontend: Dialog
2026-09-08T00:09:34.9774784Z #32 82.24 debconf: (TERM is not set, so the dialog frontend is not usable.)
2026-09-08T00:09:34.9775831Z #32 82.24 debconf: falling back to frontend: Readline
2026-09-08T00:09:35.0807878Z #32 82.28 debconf: unable to initialize frontend: Readline
2026-09-08T00:09:35.0808993Z #32 82.28 debconf: (This frontend requires a controlling tty.)
2026-09-08T00:09:35.0809794Z #32 82.28 debconf: falling back to frontend: Teletype
2026-09-08T00:09:35.0810372Z #32 82.34 
2026-09-08T00:09:35.0811086Z #32 82.34 Creating config file /etc/php/8.2/mods-available/intl.ini with new version
2026-09-08T00:09:35.2241530Z #32 82.48 Setting up php-composer-class-map-generator (1.0.0-2+deb12u1) ...
2026-09-08T00:09:35.4089204Z #32 82.52 Setting up php-intl (2:8.2+93) ...
2026-09-08T00:09:35.4090305Z #32 82.52 Setting up libmaven-resolver-java (1.6.3-1) ...
2026-09-08T00:09:35.4091471Z #32 82.52 Setting up perl (5.36.0-7+deb12u3) ...
2026-09-08T00:09:35.4092830Z #32 82.55 Setting up libtirpc-dev:amd64 (1.3.3+ds-1) ...
2026-09-08T00:09:35.4093862Z #32 82.55 Setting up llvm-14-runtime (1:14.0.6-12) ...
2026-09-08T00:09:35.4094856Z #32 82.67 Setting up gcc-12 (12.2.0-14+deb12u1) ...
2026-09-08T00:09:35.6065086Z #32 82.67 Setting up llvm-runtime:amd64 (1:14.0-55.7~deb12u1) ...
2026-09-08T00:09:35.6067175Z #32 82.67 Setting up php-symfony-filesystem (5.4.53+dfsg-0+deb12u1) ...
2026-09-08T00:09:35.6068216Z #32 82.68 Setting up libclang-common-14-dev (1:14.0.6-12) ...
2026-09-08T00:09:35.6069065Z #32 82.68 Setting up libclang-cpp14 (1:14.0.6-12) ...
2026-09-08T00:09:35.6069872Z #32 82.68 Setting up libdpkg-perl (1.21.23) ...
2026-09-08T00:09:35.6070682Z #32 82.68 Setting up libcups2:amd64 (2.4.2-3+deb12u9) ...
2026-09-08T00:09:35.6071619Z #32 82.69 Setting up php-symfony-string (5.4.53+dfsg-0+deb12u1) ...
2026-09-08T00:09:35.6072996Z #32 82.69 Setting up libcurl3-nss:amd64 (7.88.1-10+deb12u15) ...
2026-09-08T00:09:35.6073985Z #32 82.69 Setting up libnsl2:amd64 (1.3.0-2) ...
2026-09-08T00:09:35.6074834Z #32 82.70 Setting up cmake (3.25.1-1) ...
2026-09-08T00:09:35.6075758Z #32 82.70 Setting up libmaven-shared-utils-java (3.3.4-1) ...
2026-09-08T00:09:35.6076763Z #32 82.70 Setting up php8.2-cli (8.2.33-1~deb12u1) ...
2026-09-08T00:09:35.6078053Z #32 82.71 update-alternatives: using /usr/bin/php8.2 to provide /usr/bin/php (php) in auto mode
2026-09-08T00:09:35.6080250Z #32 82.71 update-alternatives: warning: skip creation of /usr/share/man/man1/php.1.gz because associated file /usr/share/man/man1/php8.2.1.gz (of link group php) doesn't exist
2026-09-08T00:09:35.6082516Z #32 82.71 update-alternatives: using /usr/bin/phar8.2 to provide /usr/bin/phar (phar) in auto mode
2026-09-08T00:09:35.6084727Z #32 82.71 update-alternatives: warning: skip creation of /usr/share/man/man1/phar.1.gz because associated file /usr/share/man/man1/phar8.2.1.gz (of link group phar) doesn't exist
2026-09-08T00:09:35.6086970Z #32 82.71 update-alternatives: using /usr/bin/phar.phar8.2 to provide /usr/bin/phar.phar (phar.phar) in auto mode
2026-09-08T00:09:35.6089458Z #32 82.71 update-alternatives: warning: skip creation of /usr/share/man/man1/phar.phar.1.gz because associated file /usr/share/man/man1/phar.phar8.2.1.gz (of link group phar.phar) doesn't exist
2026-09-08T00:09:35.7896343Z #32 83.05 debconf: unable to initialize frontend: Dialog
2026-09-08T00:09:35.7898188Z #32 83.05 debconf: (TERM is not set, so the dialog frontend is not usable.)
2026-09-08T00:09:35.7899536Z #32 83.05 debconf: falling back to frontend: Readline
2026-09-08T00:09:35.9462105Z #32 83.09 debconf: unable to initialize frontend: Readline
2026-09-08T00:09:35.9463408Z #32 83.09 debconf: (This frontend requires a controlling tty.)
2026-09-08T00:09:35.9464586Z #32 83.09 debconf: falling back to frontend: Teletype
2026-09-08T00:09:35.9465873Z #32 83.21 
2026-09-08T00:09:35.9467080Z #32 83.21 Creating config file /etc/php/8.2/cli/php.ini with new version
2026-09-08T00:09:38.1075404Z #32 85.37 Setting up llvm-14 (1:14.0.6-12) ...
2026-09-08T00:09:38.2698269Z #32 85.37 Setting up php-symfony-console (5.4.53+dfsg-0+deb12u1) ...
2026-09-08T00:09:38.2699406Z #32 85.38 Setting up jsonlint (1.9.0-1) ...
2026-09-08T00:09:38.2700460Z #32 85.38 Setting up libpython3.11-stdlib:amd64 (3.11.2-6+deb12u8) ...
2026-09-08T00:09:38.2701450Z #32 85.38 Setting up gcc (4:12.2.0-3) ...
2026-09-08T00:09:38.2702791Z #32 85.40 Setting up dpkg-dev (1.21.23) ...
2026-09-08T00:09:38.2703989Z #32 85.41 Setting up liberror-perl (0.17029-2) ...
2026-09-08T00:09:38.2704981Z #32 85.41 Setting up llvm (1:14.0-55.7~deb12u1) ...
2026-09-08T00:09:38.2705980Z #32 85.41 Setting up git (1:2.39.5-0+deb12u3) ...
2026-09-08T00:09:38.2707062Z #32 85.43 Setting up openjdk-17-jre-headless:amd64 (17.0.20.1+1-1~deb12u1) ...
2026-09-08T00:09:38.2708830Z #32 85.53 update-alternatives: using /usr/lib/jvm/java-17-openjdk-amd64/bin/java to provide /usr/bin/java (java) in auto mode
2026-09-08T00:09:38.3713787Z #32 85.58 update-alternatives: using /usr/lib/jvm/java-17-openjdk-amd64/bin/jpackage to provide /usr/bin/jpackage (jpackage) in auto mode
2026-09-08T00:09:38.3716244Z #32 85.59 update-alternatives: using /usr/lib/jvm/java-17-openjdk-amd64/bin/keytool to provide /usr/bin/keytool (keytool) in auto mode
2026-09-08T00:09:38.3718996Z #32 85.59 update-alternatives: using /usr/lib/jvm/java-17-openjdk-amd64/bin/rmiregistry to provide /usr/bin/rmiregistry (rmiregistry) in auto mode
2026-09-08T00:09:38.3721573Z #32 85.60 update-alternatives: using /usr/lib/jvm/java-17-openjdk-amd64/lib/jexec to provide /usr/bin/jexec (jexec) in auto mode
2026-09-08T00:09:38.3723377Z #32 85.61 Setting up php-cli (2:8.2+93) ...
2026-09-08T00:09:38.3724717Z #32 85.62 update-alternatives: using /usr/bin/php.default to provide /usr/bin/php (php) in auto mode
2026-09-08T00:09:38.3727897Z #32 85.62 update-alternatives: warning: skip creation of /usr/share/man/man1/php.1.gz because associated file /usr/share/man/man1/php.default.1.gz (of link group php) doesn't exist
2026-09-08T00:09:38.3730501Z #32 85.62 update-alternatives: using /usr/bin/phar.default to provide /usr/bin/phar (phar) in auto mode
2026-09-08T00:09:38.3733124Z #32 85.62 update-alternatives: warning: skip creation of /usr/share/man/man1/phar.1.gz because associated file /usr/share/man/man1/phar.default.1.gz (of link group phar) doesn't exist
2026-09-08T00:09:38.3736327Z #32 85.62 update-alternatives: using /usr/bin/phar.phar.default to provide /usr/bin/phar.phar (phar.phar) in auto mode
2026-09-08T00:09:38.3739311Z #32 85.62 update-alternatives: warning: skip creation of /usr/share/man/man1/phar.phar.1.gz because associated file /usr/share/man/man1/phar.phar.default.1.gz (of link group phar.phar) doesn't exist
2026-09-08T00:09:38.3741422Z #32 85.63 Setting up libnsl-dev:amd64 (1.3.0-2) ...
2026-09-08T00:09:38.3742720Z #32 85.63 Setting up libc6-dev:amd64 (2.36-9+deb12u14) ...
2026-09-08T00:09:38.5422471Z #32 85.63 Setting up php-json-schema (5.2.12-2) ...
2026-09-08T00:09:38.5427698Z #32 85.64 Setting up libpython3-stdlib:amd64 (3.11.2-1+b1) ...
2026-09-08T00:09:38.5429115Z #32 85.65 Setting up python3.11 (3.11.2-6+deb12u8) ...
2026-09-08T00:09:39.3035176Z #32 86.56 Setting up libpython3.11:amd64 (3.11.2-6+deb12u8) ...
2026-09-08T00:09:39.4915189Z #32 86.58 Setting up libstdc++-12-dev:amd64 (12.2.0-14+deb12u1) ...
2026-09-08T00:09:39.4917644Z #32 86.58 Setting up python3 (3.11.2-1+b1) ...
2026-09-08T00:09:39.4918998Z #32 86.75 running python rtupdate hooks for python3.11...
2026-09-08T00:09:39.4920349Z #32 86.75 running python post-rtupdate hooks for python3.11...
2026-09-08T00:09:39.6747576Z #32 86.78 Setting up libexpat1-dev:amd64 (2.5.0-1+deb12u3) ...
2026-09-08T00:09:39.6815486Z #32 86.78 Setting up zlib1g-dev:amd64 (1:1.2.13.dfsg-1) ...
2026-09-08T00:09:39.6816487Z #32 86.78 Setting up composer (2.5.5-1+deb12u5) ...
2026-09-08T00:09:39.6817758Z #32 86.78 Setting up python3-lib2to3 (3.11.2-3) ...
2026-09-08T00:09:39.7957111Z #32 87.03 Setting up g++-12 (12.2.0-14+deb12u1) ...
2026-09-08T00:09:39.9275656Z #32 87.04 Setting up python3-pkg-resources (66.1.1-1+deb12u2) ...
2026-09-08T00:09:40.1608298Z #32 87.42 Setting up python3-distutils (3.11.2-3) ...
2026-09-08T00:09:40.3222712Z #32 87.58 Setting up clang-14 (1:14.0.6-12) ...
2026-09-08T00:09:40.4771294Z #32 87.59 Setting up python3-setuptools (66.1.1-1+deb12u2) ...
2026-09-08T00:09:41.0736792Z #32 88.33 Setting up python3-wheel (0.38.4-2) ...
2026-09-08T00:09:41.2895761Z #32 ...
2026-09-08T00:09:41.2896215Z 
2026-09-08T00:09:41.2898897Z #38 [rust-tools 2/2] RUN cargo install     --git https://github.com/jelmer/debian-lsp     --rev "daee711aba7282a6e79344c71dcaf85593c54040"     --locked     --no-default-features     --features scip     --root /opt/debian-lsp     debian-lsp   && rm -rf /usr/local/cargo/git /usr/local/cargo/registry
2026-09-08T00:09:41.2901234Z #38 39.34    Compiling zerofrom-derive v0.1.7
2026-09-08T00:09:41.2902663Z #38 40.95    Compiling smallvec v1.15.2
2026-09-08T00:09:41.2903455Z #38 41.47    Compiling yoke-derive v0.8.2
2026-09-08T00:09:41.2904231Z #38 43.76    Compiling zerovec-derive v0.11.3
2026-09-08T00:09:41.2904979Z #38 43.77    Compiling displaydoc v0.2.6
2026-09-08T00:09:41.2905718Z #38 45.07    Compiling parking_lot v0.12.5
2026-09-08T00:09:41.2906430Z #38 45.73    Compiling zerofrom v0.1.8
2026-09-08T00:09:41.2907098Z #38 45.95    Compiling yoke v0.8.3
2026-09-08T00:09:41.2907769Z #38 46.98    Compiling zerovec v0.11.6
2026-09-08T00:09:41.2908424Z #38 47.23    Compiling zerotrie v0.2.4
2026-09-08T00:09:41.2909162Z #38 48.10    Compiling tracing-attributes v0.1.31
2026-09-08T00:09:41.2909962Z #38 49.06    Compiling tokio-macros v2.7.0
2026-09-08T00:09:41.4282346Z #38 49.34    Compiling tinystr v0.8.3
2026-09-08T00:09:41.4283513Z #38 ...
2026-09-08T00:09:41.4283968Z 
2026-09-08T00:09:41.4288087Z #32 [runtime  3/27] RUN apt-get update && apt-get install -y --no-install-recommends     build-essential     ca-certificates     clang     cmake     composer     git     llvm     maven     ninja-build     openjdk-17-jdk-headless     php-cli     python3     python3-dev     python3-pip     python3-venv     ruby     ruby-dev     ruby-bundler     universal-ctags   && rm -rf /var/lib/apt/lists/*
2026-09-08T00:09:41.4292204Z #32 88.58 Setting up python3.11-venv (3.11.2-6+deb12u8) ...
2026-09-08T00:09:41.4293156Z #32 88.69 Setting up libpython3.11-dev:amd64 (3.11.2-6+deb12u8) ...
2026-09-08T00:09:41.6055659Z #32 88.69 Setting up clang (1:14.0-55.7~deb12u1) ...
2026-09-08T00:09:41.6056847Z #32 88.71 Setting up python3-pip (23.0.1+dfsg-1) ...
2026-09-08T00:09:42.9543777Z #32 90.21 Setting up g++ (4:12.2.0-3) ...
2026-09-08T00:09:43.0566058Z #32 90.23 update-alternatives: using /usr/bin/g++ to provide /usr/bin/c++ (c++) in auto mode
2026-09-08T00:09:43.0567279Z #32 90.23 Setting up build-essential (12.9) ...
2026-09-08T00:09:43.0568151Z #32 90.23 Setting up libpython3-dev:amd64 (3.11.2-1+b1) ...
2026-09-08T00:09:43.0568987Z #32 90.24 Setting up python3.11-dev (3.11.2-6+deb12u8) ...
2026-09-08T00:09:43.0569868Z #32 90.24 Setting up python3-venv (3.11.2-1+b1) ...
2026-09-08T00:09:43.0570786Z #32 90.25 Setting up python3-dev (3.11.2-1+b1) ...
2026-09-08T00:09:43.0571615Z #32 90.25 Setting up libruby:amd64 (1:3.1) ...
2026-09-08T00:09:43.0572993Z #32 90.26 Setting up ruby-rubygems (3.3.15-2+deb12u1) ...
2026-09-08T00:09:43.0573835Z #32 90.27 Setting up ruby (1:3.1) ...
2026-09-08T00:09:43.0574705Z #32 90.29 Setting up libguava-java (31.1-1) ...
2026-09-08T00:09:43.0575620Z #32 90.30 Setting up rake (13.0.6-3) ...
2026-09-08T00:09:43.0576273Z #32 90.30 Setting up ruby-sdbm:amd64 (1.0.0-5+b1) ...
2026-09-08T00:09:43.0577148Z #32 90.31 Setting up liberror-prone-java (2.18.0-1) ...
2026-09-08T00:09:43.0578045Z #32 90.31 Setting up libruby3.1:amd64 (3.1.2-7+deb12u1) ...
2026-09-08T00:09:43.1760129Z #32 90.33 Setting up ruby-bundler (2.3.15-2+deb12u1) ...
2026-09-08T00:09:43.1761353Z #32 90.33 Setting up libguice-java (4.2.3-2) ...
2026-09-08T00:09:43.1763562Z #32 90.33 Setting up ruby3.1 (3.1.2-7+deb12u1) ...
2026-09-08T00:09:43.1764737Z #32 90.34 Setting up ruby3.1-dev:amd64 (3.1.2-7+deb12u1) ...
2026-09-08T00:09:43.1765809Z #32 90.34 Setting up libmaven3-core-java (3.8.7-1) ...
2026-09-08T00:09:43.1766837Z #32 90.34 Setting up ruby-dev:amd64 (1:3.1) ...
2026-09-08T00:09:43.1767921Z #32 90.35 Processing triggers for libc-bin (2.36-9+deb12u14) ...
2026-09-08T00:09:43.1769223Z #32 90.44 Processing triggers for ca-certificates-java (20230710~deb12u1) ...
2026-09-08T00:09:43.6668476Z #32 90.93 Adding debian:ACCVRAIZ1.pem
2026-09-08T00:09:43.8013751Z #32 90.93 Adding debian:AC_RAIZ_FNMT-RCM.pem
2026-09-08T00:09:43.8014807Z #32 90.98 Adding debian:AC_RAIZ_FNMT-RCM_SERVIDORES_SEGUROS.pem
2026-09-08T00:09:43.8032836Z #32 90.99 Adding debian:ANF_Secure_Server_Root_CA.pem
2026-09-08T00:09:43.8033868Z #32 91.00 Adding debian:Actalis_Authentication_Root_CA.pem
2026-09-08T00:09:43.8034652Z #32 91.00 Adding debian:AffirmTrust_Commercial.pem
2026-09-08T00:09:43.8035409Z #32 91.00 Adding debian:AffirmTrust_Networking.pem
2026-09-08T00:09:43.8036083Z #32 91.01 Adding debian:AffirmTrust_Premium.pem
2026-09-08T00:09:43.8036775Z #32 91.01 Adding debian:AffirmTrust_Premium_ECC.pem
2026-09-08T00:09:43.8037429Z #32 91.01 Adding debian:Amazon_Root_CA_1.pem
2026-09-08T00:09:43.8038063Z #32 91.02 Adding debian:Amazon_Root_CA_2.pem
2026-09-08T00:09:43.8038681Z #32 91.02 Adding debian:Amazon_Root_CA_3.pem
2026-09-08T00:09:43.8039293Z #32 91.02 Adding debian:Amazon_Root_CA_4.pem
2026-09-08T00:09:43.8039939Z #32 91.03 Adding debian:Atos_TrustedRoot_2011.pem
2026-09-08T00:09:43.8040734Z #32 91.03 Adding debian:Atos_TrustedRoot_Root_CA_ECC_TLS_2021.pem
2026-09-08T00:09:43.8723450Z #32 91.04 Adding debian:Atos_TrustedRoot_Root_CA_RSA_TLS_2021.pem
2026-09-08T00:09:43.8724701Z #32 91.04 Adding debian:Autoridad_de_Certificacion_Firmaprofesional_CIF_A62634068.pem
2026-09-08T00:09:43.8725629Z #32 91.05 Adding debian:BJCA_Global_Root_CA1.pem
2026-09-08T00:09:43.8726342Z #32 91.05 Adding debian:BJCA_Global_Root_CA2.pem
2026-09-08T00:09:43.8727055Z #32 91.05 Adding debian:Baltimore_CyberTrust_Root.pem
2026-09-08T00:09:43.8727775Z #32 91.06 Adding debian:Buypass_Class_2_Root_CA.pem
2026-09-08T00:09:43.8728516Z #32 91.07 Adding debian:Buypass_Class_3_Root_CA.pem
2026-09-08T00:09:43.8729216Z #32 91.07 Adding debian:CA_Disig_Root_R2.pem
2026-09-08T00:09:43.8729878Z #32 91.08 Adding debian:CFCA_EV_ROOT.pem
2026-09-08T00:09:43.8730608Z #32 91.08 Adding debian:COMODO_Certification_Authority.pem
2026-09-08T00:09:43.8731465Z #32 91.08 Adding debian:COMODO_ECC_Certification_Authority.pem
2026-09-08T00:09:43.8732715Z #32 91.09 Adding debian:COMODO_RSA_Certification_Authority.pem
2026-09-08T00:09:43.8733453Z #32 91.09 Adding debian:Certainly_Root_E1.pem
2026-09-08T00:09:43.8734085Z #32 91.10 Adding debian:Certainly_Root_R1.pem
2026-09-08T00:09:43.8734681Z #32 91.10 Adding debian:Certigna.pem
2026-09-08T00:09:43.8735264Z #32 91.10 Adding debian:Certigna_Root_CA.pem
2026-09-08T00:09:43.8735944Z #32 91.11 Adding debian:Certum_EC-384_CA.pem
2026-09-08T00:09:43.8736641Z #32 91.11 Adding debian:Certum_Trusted_Network_CA.pem
2026-09-08T00:09:43.8737398Z #32 91.12 Adding debian:Certum_Trusted_Network_CA_2.pem
2026-09-08T00:09:43.8738116Z #32 91.13 Adding debian:Certum_Trusted_Root_CA.pem
2026-09-08T00:09:43.8738895Z #32 91.13 Adding debian:CommScope_Public_Trust_ECC_Root-01.pem
2026-09-08T00:09:43.9749183Z #32 91.13 Adding debian:CommScope_Public_Trust_ECC_Root-02.pem
2026-09-08T00:09:43.9750243Z #32 91.14 Adding debian:CommScope_Public_Trust_RSA_Root-01.pem
2026-09-08T00:09:43.9751186Z #32 91.15 Adding debian:CommScope_Public_Trust_RSA_Root-02.pem
2026-09-08T00:09:43.9752224Z #32 91.15 Adding debian:Comodo_AAA_Services_root.pem
2026-09-08T00:09:43.9753335Z #32 91.16 Adding debian:D-TRUST_BR_Root_CA_1_2020.pem
2026-09-08T00:09:43.9754240Z #32 91.16 Adding debian:D-TRUST_BR_Root_CA_2_2023.pem
2026-09-08T00:09:43.9755132Z #32 91.17 Adding debian:D-TRUST_EV_Root_CA_1_2020.pem
2026-09-08T00:09:43.9756336Z #32 91.17 Adding debian:D-TRUST_EV_Root_CA_2_2023.pem
2026-09-08T00:09:43.9757542Z #32 91.17 Adding debian:D-TRUST_Root_Class_3_CA_2_2009.pem
2026-09-08T00:09:43.9758467Z #32 91.17 Adding debian:D-TRUST_Root_Class_3_CA_2_EV_2009.pem
2026-09-08T00:09:43.9759383Z #32 91.18 Adding debian:DigiCert_Assured_ID_Root_CA.pem
2026-09-08T00:09:43.9760257Z #32 91.18 Adding debian:DigiCert_Assured_ID_Root_G2.pem
2026-09-08T00:09:43.9761106Z #32 91.18 Adding debian:DigiCert_Assured_ID_Root_G3.pem
2026-09-08T00:09:43.9762667Z #32 91.18 Adding debian:DigiCert_Global_Root_CA.pem
2026-09-08T00:09:43.9763591Z #32 91.19 Adding debian:DigiCert_Global_Root_G2.pem
2026-09-08T00:09:43.9764381Z #32 91.19 Adding debian:DigiCert_Global_Root_G3.pem
2026-09-08T00:09:43.9765230Z #32 91.20 Adding debian:DigiCert_High_Assurance_EV_Root_CA.pem
2026-09-08T00:09:43.9766084Z #32 91.20 Adding debian:DigiCert_TLS_ECC_P384_Root_G5.pem
2026-09-08T00:09:43.9766908Z #32 91.21 Adding debian:DigiCert_TLS_RSA4096_Root_G5.pem
2026-09-08T00:09:43.9767721Z #32 91.21 Adding debian:DigiCert_Trusted_Root_G4.pem
2026-09-08T00:09:43.9768628Z #32 91.22 Adding debian:Entrust.net_Premium_2048_Secure_Server_CA.pem
2026-09-08T00:09:43.9769760Z #32 91.22 Adding debian:Entrust_Root_Certification_Authority.pem
2026-09-08T00:09:43.9770746Z #32 91.23 Adding debian:Entrust_Root_Certification_Authority_-_EC1.pem
2026-09-08T00:09:43.9771931Z #32 91.23 Adding debian:Entrust_Root_Certification_Authority_-_G2.pem
2026-09-08T00:09:43.9772963Z #32 91.23 Adding debian:FIRMAPROFESIONAL_CA_ROOT-A_WEB.pem
2026-09-08T00:09:43.9773824Z #32 91.23 Adding debian:GDCA_TrustAUTH_R5_ROOT.pem
2026-09-08T00:09:44.0797860Z #32 91.24 Adding debian:GLOBALTRUST_2020.pem
2026-09-08T00:09:44.0798630Z #32 91.25 Adding debian:GTS_Root_R1.pem
2026-09-08T00:09:44.0799371Z #32 91.26 Adding debian:GTS_Root_R2.pem
2026-09-08T00:09:44.0799929Z #32 91.26 Adding debian:GTS_Root_R3.pem
2026-09-08T00:09:44.0800482Z #32 91.26 Adding debian:GTS_Root_R4.pem
2026-09-08T00:09:44.0801270Z #32 91.26 Adding debian:GlobalSign_ECC_Root_CA_-_R4.pem
2026-09-08T00:09:44.0802353Z #32 91.27 Adding debian:GlobalSign_ECC_Root_CA_-_R5.pem
2026-09-08T00:09:44.0803194Z #32 91.27 Adding debian:GlobalSign_Root_CA.pem
2026-09-08T00:09:44.0803974Z #32 91.28 Adding debian:GlobalSign_Root_CA_-_R3.pem
2026-09-08T00:09:44.0804752Z #32 91.29 Adding debian:GlobalSign_Root_CA_-_R6.pem
2026-09-08T00:09:44.0805494Z #32 91.29 Adding debian:GlobalSign_Root_E46.pem
2026-09-08T00:09:44.0806233Z #32 91.30 Adding debian:GlobalSign_Root_R46.pem
2026-09-08T00:09:44.0806956Z #32 91.31 Adding debian:Go_Daddy_Class_2_CA.pem
2026-09-08T00:09:44.0807819Z #32 91.31 Adding debian:Go_Daddy_Root_Certificate_Authority_-_G2.pem
2026-09-08T00:09:44.0808717Z #32 91.32 Adding debian:HARICA_TLS_ECC_Root_CA_2021.pem
2026-09-08T00:09:44.0809522Z #32 91.33 Adding debian:HARICA_TLS_RSA_Root_CA_2021.pem
2026-09-08T00:09:44.0810566Z #32 91.33 Adding debian:Hellenic_Academic_and_Research_Institutions_ECC_RootCA_2015.pem
2026-09-08T00:09:44.0811990Z #32 91.34 Adding debian:Hellenic_Academic_and_Research_Institutions_RootCA_2015.pem
2026-09-08T00:09:44.2059388Z #32 91.35 Adding debian:HiPKI_Root_CA_-_G1.pem
2026-09-08T00:09:44.2060435Z #32 91.35 Adding debian:Hongkong_Post_Root_CA_3.pem
2026-09-08T00:09:44.2061627Z #32 91.36 Adding debian:ISRG_Root_X1.pem
2026-09-08T00:09:44.2062663Z #32 91.36 Adding debian:ISRG_Root_X2.pem
2026-09-08T00:09:44.2077784Z #32 91.36 Adding debian:IdenTrust_Commercial_Root_CA_1.pem
2026-09-08T00:09:44.2079233Z #32 91.37 Adding debian:IdenTrust_Public_Sector_Root_CA_1.pem
2026-09-08T00:09:44.2079918Z #32 91.38 Adding debian:Izenpe.com.pem
2026-09-08T00:09:44.2080791Z #32 91.38 Adding debian:Microsec_e-Szigno_Root_CA_2009.pem
2026-09-08T00:09:44.2081671Z #32 91.39 Adding debian:Microsoft_ECC_Root_Certificate_Authority_2017.pem
2026-09-08T00:09:44.2093262Z #32 91.39 Adding debian:Microsoft_RSA_Root_Certificate_Authority_2017.pem
2026-09-08T00:09:44.2343984Z #32 91.47 Adding debian:NAVER_Global_Root_Certification_Authority.pem
2026-09-08T00:09:44.2346527Z #32 91.47 Adding debian:NetLock_Arany_=Class_Gold=_Főtanúsítvány.pem
2026-09-08T00:09:44.2348096Z #32 91.47 Adding debian:OISTE_WISeKey_Global_Root_GB_CA.pem
2026-09-08T00:09:44.2349191Z #32 91.47 Adding debian:OISTE_WISeKey_Global_Root_GC_CA.pem
2026-09-08T00:09:44.2350180Z #32 91.47 Adding debian:QuoVadis_Root_CA_1_G3.pem
2026-09-08T00:09:44.2351130Z #32 91.47 Adding debian:QuoVadis_Root_CA_2.pem
2026-09-08T00:09:44.2352474Z #32 91.47 Adding debian:QuoVadis_Root_CA_2_G3.pem
2026-09-08T00:09:44.2353424Z #32 91.47 Adding debian:QuoVadis_Root_CA_3.pem
2026-09-08T00:09:44.2354304Z #32 91.47 Adding debian:QuoVadis_Root_CA_3_G3.pem
2026-09-08T00:09:44.2355345Z #32 91.47 Adding debian:SSL.com_EV_Root_Certification_Authority_ECC.pem
2026-09-08T00:09:44.2356544Z #32 91.47 Adding debian:SSL.com_EV_Root_Certification_Authority_RSA_R2.pem
2026-09-08T00:09:44.2357703Z #32 91.47 Adding debian:SSL.com_Root_Certification_Authority_ECC.pem
2026-09-08T00:09:44.2358834Z #32 91.47 Adding debian:SSL.com_Root_Certification_Authority_RSA.pem
2026-09-08T00:09:44.2359897Z #32 91.47 Adding debian:SSL.com_TLS_ECC_Root_CA_2022.pem
2026-09-08T00:09:44.2360856Z #32 91.47 Adding debian:SSL.com_TLS_RSA_Root_CA_2022.pem
2026-09-08T00:09:44.2361717Z #32 91.47 Adding debian:SZAFIR_ROOT_CA2.pem
2026-09-08T00:09:44.2363077Z #32 91.47 Adding debian:Sectigo_Public_Server_Authentication_Root_E46.pem
2026-09-08T00:09:44.2364346Z #32 91.47 Adding debian:Sectigo_Public_Server_Authentication_Root_R46.pem
2026-09-08T00:09:44.3077822Z #32 91.47 Adding debian:SecureSign_Root_CA12.pem
2026-09-08T00:09:44.3079637Z #32 91.52 Adding debian:SecureSign_Root_CA14.pem
2026-09-08T00:09:44.3080778Z #32 91.52 Adding debian:SecureSign_Root_CA15.pem
2026-09-08T00:09:44.3082006Z #32 91.52 Adding debian:SecureTrust_CA.pem
2026-09-08T00:09:44.3082966Z #32 91.56 Adding debian:Secure_Global_CA.pem
2026-09-08T00:09:44.3083995Z #32 91.56 Adding debian:Security_Communication_ECC_RootCA1.pem
2026-09-08T00:09:44.3085094Z #32 91.56 Adding debian:Security_Communication_RootCA2.pem
2026-09-08T00:09:44.3086170Z #32 91.56 Adding debian:Starfield_Class_2_CA.pem
2026-09-08T00:09:44.3087267Z #32 91.57 Adding debian:Starfield_Root_Certificate_Authority_-_G2.pem
2026-09-08T00:09:44.3088627Z #32 91.57 Adding debian:Starfield_Services_Root_Certificate_Authority_-_G2.pem
2026-09-08T00:09:44.4128763Z #32 91.57 Adding debian:SwissSign_Gold_CA_-_G2.pem
2026-09-08T00:09:44.4131221Z #32 91.62 Adding debian:T-TeleSec_GlobalRoot_Class_2.pem
2026-09-08T00:09:44.4132801Z #32 91.62 Adding debian:T-TeleSec_GlobalRoot_Class_3.pem
2026-09-08T00:09:44.4134301Z #32 91.62 Adding debian:TUBITAK_Kamu_SM_SSL_Kok_Sertifikasi_-_Surum_1.pem
2026-09-08T00:09:44.4135464Z #32 91.62 Adding debian:TWCA_CYBER_Root_CA.pem
2026-09-08T00:09:44.4136443Z #32 91.62 Adding debian:TWCA_Global_Root_CA.pem
2026-09-08T00:09:44.4137507Z #32 91.62 Adding debian:TWCA_Root_Certification_Authority.pem
2026-09-08T00:09:44.4138680Z #32 91.62 Adding debian:Telekom_Security_TLS_ECC_Root_2020.pem
2026-09-08T00:09:44.4139834Z #32 91.62 Adding debian:Telekom_Security_TLS_RSA_Root_2023.pem
2026-09-08T00:09:44.4140938Z #32 91.62 Adding debian:TeliaSonera_Root_CA_v1.pem
2026-09-08T00:09:44.4142176Z #32 91.62 Adding debian:Telia_Root_CA_v2.pem
2026-09-08T00:09:44.4143195Z #32 91.62 Adding debian:TrustAsia_Global_Root_CA_G3.pem
2026-09-08T00:09:44.4144284Z #32 91.62 Adding debian:TrustAsia_Global_Root_CA_G4.pem
2026-09-08T00:09:44.4145431Z #32 91.62 Adding debian:Trustwave_Global_Certification_Authority.pem
2026-09-08T00:09:44.4146653Z #32 91.62 Adding debian:Trustwave_Global_ECC_P256_Certification_Authority.pem
2026-09-08T00:09:44.4147986Z #32 91.62 Adding debian:Trustwave_Global_ECC_P384_Certification_Authority.pem
2026-09-08T00:09:44.4149041Z #32 91.64 Adding debian:TunTrust_Root_CA.pem
2026-09-08T00:09:44.4150010Z #32 91.64 Adding debian:UCA_Extended_Validation_Root.pem
2026-09-08T00:09:44.4150977Z #32 91.64 Adding debian:UCA_Global_G2_Root.pem
2026-09-08T00:09:44.4152267Z #32 91.64 Adding debian:USERTrust_ECC_Certification_Authority.pem
2026-09-08T00:09:44.4153729Z #32 91.64 Adding debian:USERTrust_RSA_Certification_Authority.pem
2026-09-08T00:09:44.4155043Z #32 91.65 Adding debian:XRamp_Global_CA_Root.pem
2026-09-08T00:09:44.4155996Z #32 91.65 Adding debian:certSIGN_ROOT_CA.pem
2026-09-08T00:09:44.4156868Z #32 91.65 Adding debian:certSIGN_Root_CA_G2.pem
2026-09-08T00:09:44.4157804Z #32 91.65 Adding debian:e-Szigno_Root_CA_2017.pem
2026-09-08T00:09:44.4158758Z #32 91.65 Adding debian:ePKI_Root_Certification_Authority.pem
2026-09-08T00:09:44.4159738Z #32 91.66 Adding debian:emSign_ECC_Root_CA_-_C3.pem
2026-09-08T00:09:44.4160680Z #32 91.66 Adding debian:emSign_ECC_Root_CA_-_G3.pem
2026-09-08T00:09:44.4161598Z #32 91.66 Adding debian:emSign_Root_CA_-_C1.pem
2026-09-08T00:09:44.4162767Z #32 91.66 Adding debian:emSign_Root_CA_-_G1.pem
2026-09-08T00:09:44.4163627Z #32 91.66 Adding debian:vTrus_ECC_Root_CA.pem
2026-09-08T00:09:44.4164463Z #32 91.67 Adding debian:vTrus_Root_CA.pem
2026-09-08T00:09:44.5619351Z #32 91.73 done.
2026-09-08T00:09:44.5621612Z #32 91.73 Setting up openjdk-17-jdk-headless:amd64 (17.0.20.1+1-1~deb12u1) ...
2026-09-08T00:09:44.5623961Z #32 91.74 update-alternatives: using /usr/lib/jvm/java-17-openjdk-amd64/bin/jar to provide /usr/bin/jar (jar) in auto mode
2026-09-08T00:09:44.5626410Z #32 91.75 update-alternatives: using /usr/lib/jvm/java-17-openjdk-amd64/bin/jarsigner to provide /usr/bin/jarsigner (jarsigner) in auto mode
2026-09-08T00:09:44.5628594Z #32 91.75 update-alternatives: using /usr/lib/jvm/java-17-openjdk-amd64/bin/javac to provide /usr/bin/javac (javac) in auto mode
2026-09-08T00:09:44.6727756Z #32 91.82 update-alternatives: using /usr/lib/jvm/java-17-openjdk-amd64/bin/javadoc to provide /usr/bin/javadoc (javadoc) in auto mode
2026-09-08T00:09:44.6730641Z #32 91.88 update-alternatives: using /usr/lib/jvm/java-17-openjdk-amd64/bin/javap to provide /usr/bin/javap (javap) in auto mode
2026-09-08T00:09:44.6733166Z #32 91.88 update-alternatives: using /usr/lib/jvm/java-17-openjdk-amd64/bin/jcmd to provide /usr/bin/jcmd (jcmd) in auto mode
2026-09-08T00:09:44.6735404Z #32 91.89 update-alternatives: using /usr/lib/jvm/java-17-openjdk-amd64/bin/jdb to provide /usr/bin/jdb (jdb) in auto mode
2026-09-08T00:09:44.6737608Z #32 91.92 update-alternatives: using /usr/lib/jvm/java-17-openjdk-amd64/bin/jdeprscan to provide /usr/bin/jdeprscan (jdeprscan) in auto mode
2026-09-08T00:09:44.6739821Z #32 91.92 update-alternatives: using /usr/lib/jvm/java-17-openjdk-amd64/bin/jdeps to provide /usr/bin/jdeps (jdeps) in auto mode
2026-09-08T00:09:44.6742157Z #32 91.92 update-alternatives: using /usr/lib/jvm/java-17-openjdk-amd64/bin/jfr to provide /usr/bin/jfr (jfr) in auto mode
2026-09-08T00:09:44.9084957Z #32 91.93 update-alternatives: using /usr/lib/jvm/java-17-openjdk-amd64/bin/jimage to provide /usr/bin/jimage (jimage) in auto mode
2026-09-08T00:09:44.9088154Z #32 91.93 update-alternatives: using /usr/lib/jvm/java-17-openjdk-amd64/bin/jinfo to provide /usr/bin/jinfo (jinfo) in auto mode
2026-09-08T00:09:44.9090495Z #32 91.94 update-alternatives: using /usr/lib/jvm/java-17-openjdk-amd64/bin/jlink to provide /usr/bin/jlink (jlink) in auto mode
2026-09-08T00:09:44.9092974Z #32 91.94 update-alternatives: using /usr/lib/jvm/java-17-openjdk-amd64/bin/jmap to provide /usr/bin/jmap (jmap) in auto mode
2026-09-08T00:09:44.9094976Z #32 91.95 update-alternatives: using /usr/lib/jvm/java-17-openjdk-amd64/bin/jmod to provide /usr/bin/jmod (jmod) in auto mode
2026-09-08T00:09:44.9096962Z #32 91.95 update-alternatives: using /usr/lib/jvm/java-17-openjdk-amd64/bin/jps to provide /usr/bin/jps (jps) in auto mode
2026-09-08T00:09:44.9099092Z #32 91.96 update-alternatives: using /usr/lib/jvm/java-17-openjdk-amd64/bin/jrunscript to provide /usr/bin/jrunscript (jrunscript) in auto mode
2026-09-08T00:09:44.9101201Z #32 91.96 update-alternatives: using /usr/lib/jvm/java-17-openjdk-amd64/bin/jshell to provide /usr/bin/jshell (jshell) in auto mode
2026-09-08T00:09:44.9104159Z #32 91.97 update-alternatives: using /usr/lib/jvm/java-17-openjdk-amd64/bin/jstack to provide /usr/bin/jstack (jstack) in auto mode
2026-09-08T00:09:44.9106626Z #32 91.97 update-alternatives: using /usr/lib/jvm/java-17-openjdk-amd64/bin/jstat to provide /usr/bin/jstat (jstat) in auto mode
2026-09-08T00:09:44.9108792Z #32 91.97 update-alternatives: using /usr/lib/jvm/java-17-openjdk-amd64/bin/jstatd to provide /usr/bin/jstatd (jstatd) in auto mode
2026-09-08T00:09:44.9111052Z #32 91.98 update-alternatives: using /usr/lib/jvm/java-17-openjdk-amd64/bin/serialver to provide /usr/bin/serialver (serialver) in auto mode
2026-09-08T00:09:44.9113505Z #32 91.98 update-alternatives: using /usr/lib/jvm/java-17-openjdk-amd64/bin/jhsdb to provide /usr/bin/jhsdb (jhsdb) in auto mode
2026-09-08T00:09:44.9115076Z #32 91.99 Setting up default-jre-headless (2:1.17-74) ...
2026-09-08T00:09:44.9116037Z #32 91.99 Setting up maven (3.8.7-1) ...
2026-09-08T00:09:44.9117455Z #32 92.00 update-alternatives: using /usr/share/maven/bin/mvn to provide /usr/bin/mvn (mvn) in auto mode
2026-09-08T00:09:44.9119046Z #32 92.01 Processing triggers for ca-certificates (20250419~deb12u1) ...
2026-09-08T00:09:44.9120210Z #32 92.02 Updating certificates in /etc/ssl/certs...
2026-09-08T00:09:46.2406571Z #32 93.50 0 added, 0 removed; done.
2026-09-08T00:09:46.2408017Z #32 93.50 Running hooks in /etc/ca-certificates/update.d...
2026-09-08T00:09:46.5033473Z #32 93.52 done.
2026-09-08T00:09:46.5034273Z #32 93.59 Processing triggers for php8.2-cli (8.2.33-1~deb12u1) ...
2026-09-08T00:09:46.5035324Z #32 93.59 Processing triggers for ca-certificates-java (20230710~deb12u1) ...
2026-09-08T00:09:46.5036026Z #32 93.59 done.
2026-09-08T00:09:47.4277588Z #32 DONE 94.5s
2026-09-08T00:09:47.4278122Z 
2026-09-08T00:09:47.4280563Z #38 [rust-tools 2/2] RUN cargo install     --git https://github.com/jelmer/debian-lsp     --rev "daee711aba7282a6e79344c71dcaf85593c54040"     --locked     --no-default-features     --features scip     --root /opt/debian-lsp     debian-lsp   && rm -rf /usr/local/cargo/git /usr/local/cargo/registry
2026-09-08T00:09:47.4283031Z #38 50.33    Compiling icu_locale_core v2.2.0
2026-09-08T00:09:47.4283720Z #38 51.16    Compiling potential_utf v0.1.5
2026-09-08T00:09:47.4284372Z #38 51.46    Compiling icu_collections v2.2.0
2026-09-08T00:09:47.4285055Z #38 53.77    Compiling icu_provider v2.2.0
2026-09-08T00:09:47.4285633Z #38 54.09    Compiling mio v1.2.1
2026-09-08T00:09:47.4286169Z #38 55.37    Compiling socket2 v0.6.4
2026-09-08T00:09:48.1467696Z #38 56.25    Compiling serde_json v1.0.150
2026-09-08T00:09:48.5921379Z #38 56.54    Compiling zerocopy v0.8.52
2026-09-08T00:09:49.5019694Z #38 57.60    Compiling tokio v1.52.3
2026-09-08T00:09:49.7683355Z #38 57.87    Compiling icu_normalizer v2.2.0
2026-09-08T00:09:51.0076732Z #38 58.96    Compiling icu_properties v2.2.0
2026-09-08T00:09:52.8214210Z #38 60.77    Compiling regex v1.12.4
2026-09-08T00:09:54.7555274Z #38 62.86    Compiling jobserver v0.1.34
2026-09-08T00:09:55.4033942Z #38 63.35    Compiling find-msvc-tools v0.1.9
2026-09-08T00:09:55.6419558Z #38 63.55    Compiling slab v0.4.12
2026-09-08T00:09:55.6420566Z #38 63.74    Compiling
2026-09-08T00:09:55.6421333Z #38 ...
2026-09-08T00:09:55.6422286Z 
2026-09-08T00:09:55.6424492Z #37 [go-tools 2/2] RUN GOTOOLCHAIN=auto GOBIN=/zoekt-bin     go install github.com/sourcegraph/zoekt/cmd/zoekt-index@latest &&     GOTOOLCHAIN=auto GOBIN=/zoekt-bin     go install github.com/sourcegraph/zoekt/cmd/zoekt-webserver@latest
2026-09-08T00:09:55.6427291Z #37 66.92 go: github.com/sourcegraph/zoekt@v0.0.0-20260907153830-596c362fcf13 requires go >= 1.25.9; switching to go1.26.8
2026-09-08T00:09:55.8125764Z #37 67.06 go: downloading github.com/shirou/gopsutil/v3 v3.24.5
2026-09-08T00:09:55.8127708Z #37 67.06 go: downloading github.com/sourcegraph/log v0.0.0-20241024013702-574f7079c888
2026-09-08T00:09:55.8129343Z #37 67.06 go: downloading github.com/sourcegraph/mountinfo v0.0.0-20251117172727-e9f6a87f579c
2026-09-08T00:09:55.8130804Z #37 67.06 go: downloading github.com/uber/jaeger-client-go v2.30.0+incompatible
2026-09-08T00:09:56.0116118Z #37 67.23 go: downloading go.opentelemetry.io/otel/trace v1.43.0
2026-09-08T00:09:56.0118052Z #37 67.26 go: downloading go.opentelemetry.io/otel v1.43.0
2026-09-08T00:09:56.1907674Z #37 67.59 go: downloading github.com/grpc-ecosystem/go-grpc-middleware/providers/prometheus v1.0.1
2026-09-08T00:09:56.4209778Z #37 67.62 go: downloading go.opentelemetry.io/contrib/instrumentation/google.golang.org/grpc/otelgrpc v0.63.0
2026-09-08T00:09:56.4212186Z #37 67.65 go: downloading cloud.google.com/go/profiler v0.4.2
2026-09-08T00:09:56.4213412Z #37 67.66 go: downloading github.com/pkg/errors v0.9.1
2026-09-08T00:09:56.4214588Z #37 67.68 go: downloading github.com/uber/jaeger-lib v2.4.1+incompatible
2026-09-08T00:09:56.4215882Z #37 67.82 go: downloading go.opentelemetry.io/contrib/propagators/jaeger v1.43.0
2026-09-08T00:09:56.5642473Z #37 67.82 go: downloading cloud.google.com/go v0.118.0
2026-09-08T00:09:56.5644075Z #37 67.82 go: downloading go.opentelemetry.io/contrib/propagators/ot v1.43.0
2026-09-08T00:09:56.5645853Z #37 67.91 go: downloading go.opentelemetry.io/otel/bridge/opentracing v1.43.0
2026-09-08T00:09:56.5647337Z #37 67.96 go: downloading go.opentelemetry.io/otel/exporters/otlp/otlptrace v1.43.0
2026-09-08T00:09:56.6943997Z #37 67.98 go: downloading go.opentelemetry.io/otel/exporters/otlp/otlptrace/otlptracegrpc v1.43.0
2026-09-08T00:09:56.6945463Z #37 67.98 go: downloading go.opentelemetry.io/otel/exporters/otlp/otlptrace/otlptracehttp v1.43.0
2026-09-08T00:09:56.6946588Z #37 67.99 go: downloading go.opentelemetry.io/otel/sdk v1.43.0
2026-09-08T00:09:56.6947418Z #37 68.04 go: downloading github.com/fsnotify/fsnotify v1.8.0
2026-09-08T00:09:56.6948163Z #37 68.09 go: downloading golang.org/x/sync v0.22.0
2026-09-08T00:09:56.6948901Z #37 68.09 go: downloading github.com/moby/sys/mountinfo v0.7.2
2026-09-08T00:09:56.8250667Z #37 68.11 go: downloading github.com/getsentry/sentry-go v0.31.1
2026-09-08T00:09:56.8251735Z #37 68.11 go: downloading github.com/google/go-cmp v0.7.0
2026-09-08T00:09:56.8253157Z #37 68.13 go: downloading go.uber.org/zap v1.27.0
2026-09-08T00:09:56.8254528Z #37 68.22 go: downloading github.com/klauspost/compress v1.17.11
2026-09-08T00:09:56.9365802Z #37 68.23 go: downloading go.opentelemetry.io/otel/metric v1.43.0
2026-09-08T00:09:56.9367715Z #37 68.23 go: downloading go.uber.org/multierr v1.11.0
2026-09-08T00:09:56.9368773Z #37 68.25 go: downloading github.com/go-logr/logr v1.4.3
2026-09-08T00:09:56.9369918Z #37 68.27 go: downloading go.opentelemetry.io/proto/otlp v1.10.0
2026-09-08T00:09:56.9371175Z #37 68.30 go: downloading cloud.google.com/go/compute/metadata v0.9.0
2026-09-08T00:09:56.9372625Z #37 68.31 go: downloading github.com/google/pprof v0.0.0-20241210010833-40e02aabc2ad
2026-09-08T00:09:56.9373781Z #37 68.34 go: downloading github.com/googleapis/gax-go/v2 v2.14.1
2026-09-08T00:09:57.1442331Z #37 68.39 go: downloading google.golang.org/api v0.217.0
2026-09-08T00:09:57.2888231Z #37 68.69 go: downloading github.com/google/uuid v1.6.0
2026-09-08T00:09:57.5191499Z #37 68.73 go: downloading github.com/fatih/color v1.18.0
2026-09-08T00:09:57.5192681Z #37 68.77 go: downloading github.com/cockroachdb/errors v1.11.3
2026-09-08T00:09:57.6422788Z #37 69.04 go: downloading github.com/go-logr/stdr v1.2.2
2026-09-08T00:09:57.8355805Z #37 69.08 go: downloading go.opentelemetry.io/auto/sdk v1.2.1
2026-09-08T00:09:58.5037977Z #37 69.90 go: downloading google.golang.org/genproto/googleapis/api v0.0.0-20260414002931-afd174a4e478
2026-09-08T00:09:58.6069199Z #37 69.97 go: downloading github.com/cenkalti/backoff/v5 v5.0.3
2026-09-08T00:09:58.6070604Z #37 70.01 go: downloading github.com/grpc-ecosystem/grpc-gateway/v2 v2.28.0
2026-09-08T00:09:58.9143939Z #37 70.31 go: downloading github.com/mattn/go-colorable v0.1.14
2026-09-08T00:09:59.0180647Z #37 70.35 go: downloading github.com/mattn/go-isatty v0.0.20
2026-09-08T00:09:59.0182271Z #37 70.42 go: downloading github.com/cockroachdb/logtags v0.0.0-20241215232642-bb51bb14a506
2026-09-08T00:09:59.1577776Z #37 70.56 go: downloading github.com/cockroachdb/redact v1.1.5
2026-09-08T00:09:59.3648164Z #37 70.62 go: downloading github.com/gogo/protobuf v1.3.2
2026-09-08T00:09:59.8436083Z #37 71.24 go: downloading github.com/kr/pretty v0.3.1
2026-09-08T00:10:00.1075231Z #37 71.27 go: downloading github.com/kr/text v0.2.0
2026-09-08T00:10:00.1076468Z #37 71.32 go: downloading github.com/rogpeppe/go-internal v1.14.1
2026-09-08T00:10:01.8053507Z #37 73.20 go: downloading cloud.google.com/go/auth v0.14.0
2026-09-08T00:10:01.9949379Z #37 73.20 go: downloading golang.org/x/oauth2 v0.36.0
2026-09-08T00:10:01.9950556Z #37 73.27 go: downloading cloud.google.com/go/auth/oauth2adapt v0.2.7
2026-09-08T00:10:01.9951929Z #37 73.39 go: downloading golang.org/x/time v0.14.0
2026-09-08T00:10:02.1103439Z #37 73.41 go: downloading github.com/google/s2a-go v0.1.9
2026-09-08T00:10:02.1113407Z #37 73.41 go: downloading github.com/googleapis/enterprise-certificate-proxy v0.3.4
2026-09-08T00:10:02.2645476Z #37 73.51 go: downloading golang.org/x/crypto v0.54.0
2026-09-08T00:10:05.6695517Z #37 ...
2026-09-08T00:10:05.6722683Z 
2026-09-08T00:10:05.6745006Z #38 [rust-tools 2/2] RUN cargo install     --git https://github.com/jelmer/debian-lsp     --rev "daee711aba7282a6e79344c71dcaf85593c54040"     --locked     --no-default-features     --features scip     --root /opt/debian-lsp     debian-lsp   && rm -rf /usr/local/cargo/git /usr/local/cargo/registry
2026-09-08T00:10:05.6752842Z #38 63.74    Compiling shlex v2.0.1
2026-09-08T00:10:05.6764068Z #38 63.93    Compiling cc v1.2.65
2026-09-08T00:10:05.6772942Z #38 64.59    Compiling idna_adapter v1.2.2
2026-09-08T00:10:05.6773879Z #38 66.07    Compiling hashbrown v0.17.1
2026-09-08T00:10:05.6780094Z #38 66.26    Compiling futures-channel v0.3.32
2026-09-08T00:10:05.6794778Z #38 66.62    Compiling tracing-core v0.1.36
2026-09-08T00:10:05.6803032Z #38 67.47    Compiling getrandom v0.2.17
2026-09-08T00:10:05.6823046Z #38 67.72    Compiling crossbeam-utils v0.8.21
2026-09-08T00:10:05.6823883Z #38 68.22    Compiling rand_core v0.6.4
2026-09-08T00:10:05.6824551Z #38 68.51    Compiling cmake v0.1.58
2026-09-08T00:10:05.6832962Z #38 68.65    Compiling idna v1.1.0
2026-09-08T00:10:05.6853018Z #38 68.93    Compiling futures-macro v0.3.32
2026-09-08T00:10:05.6853855Z #38 70.13    Compiling ppv-lite86 v0.2.21
2026-09-08T00:10:05.6854652Z #38 70.21    Compiling form_urlencoded v1.2.2
2026-09-08T00:10:05.6855432Z #38 70.50    Compiling hashbrown v0.14.5
2026-09-08T00:10:05.6856156Z #38 70.53    Compiling dunce v1.0.5
2026-09-08T00:10:05.6856875Z #38 71.66    Compiling fs_extra v1.3.0
2026-09-08T00:10:05.6857621Z #38 72.13    Compiling futures-task v0.3.32
2026-09-08T00:10:05.6858443Z #38 72.46    Compiling futures-io v0.3.32
2026-09-08T00:10:05.6859211Z #38 72.83    Compiling new_debug_unreachable v1.0.6
2026-09-08T00:10:05.6860008Z #38 72.95    Compiling futures-util v0.3.32
2026-09-08T00:10:05.6860773Z #38 73.17    Compiling aws-lc-sys v0.41.0
2026-09-08T00:10:06.2147995Z #38 74.32    Compiling rand_chacha v0.3.1
2026-09-08T00:10:07.3266837Z #38 75.43    Compiling url v2.5.8
2026-09-08T00:10:09.7365893Z #38 77.84    Compiling indexmap v2.14.0
2026-09-08T00:10:13.7618420Z #38 81.86    Compiling rand v0.8.6
2026-09-08T00:10:14.6111517Z #38 82.56    Compiling tracing v0.1.44
2026-09-08T00:10:15.4270435Z #38 83.53    Compiling countme v3.0.1
2026-09-08T00:10:16.0153309Z #38 84.12    Compiling rustc-hash v1.1.0
2026-09-08T00:10:16.2655365Z #38 84.22    Compiling text-size v1.1.1
2026-09-08T00:10:17.1568853Z #38 85.26    Compiling syn v1.0.109
2026-09-08T00:10:19.0075823Z #38 87.10    Compiling rowan v0.16.1
2026-09-08T00:10:22.1963750Z #38 90.15    Compiling hybrid-array v0.4.12
2026-09-08T00:10:23.2203498Z #38 91.17    Compiling precomputed-hash v0.1.1
2026-09-08T00:10:23.3708691Z #38 91.32    Compiling thiserror v2.0.18
2026-09-08T00:10:23.3904437Z #38 91.49    Compiling base64 v0.22.1
2026-09-08T00:10:23.6355340Z #38 91.59    Compiling siphasher v0.3.11
2026-09-08T00:10:23.8253245Z #38 91.77    Compiling aws-lc-rs v1.17.0
2026-09-08T00:10:23.9932214Z #38 91.95    Compiling getrandom v0.4.3
2026-09-08T00:10:23.9933578Z #38 92.01    Compiling iana-time-zone v0.1.65
2026-09-08T00:10:24.1444041Z #38 92.10    Compiling zeroize v1.9.0
2026-09-08T00:10:24.1485603Z #38 92.25    Compiling chrono v0.4.45
2026-09-08T00:10:24.3148169Z #38 92.27    Compiling phf_shared v0.10.0
2026-09-08T00:10:25.3470278Z #38 93.33    Compiling phf_shared v0.11.3
2026-09-08T00:10:25.4976630Z #38 93.45    Compiling http v1.4.2
2026-09-08T00:10:26.5252369Z #38 ...
2026-09-08T00:10:26.5252891Z 
2026-09-08T00:10:26.5255137Z #37 [go-tools 2/2] RUN GOTOOLCHAIN=auto GOBIN=/zoekt-bin     go install github.com/sourcegraph/zoekt/cmd/zoekt-index@latest &&     GOTOOLCHAIN=auto GOBIN=/zoekt-bin     go install github.com/sourcegraph/zoekt/cmd/zoekt-webserver@latest
2026-09-08T00:10:26.5257405Z #37 DONE 97.9s
2026-09-08T00:10:26.6760224Z 
2026-09-08T00:10:26.6764118Z #38 [rust-tools 2/2] RUN cargo install     --git https://github.com/jelmer/debian-lsp     --rev "daee711aba7282a6e79344c71dcaf85593c54040"     --locked     --no-default-features     --features scip     --root /opt/debian-lsp     debian-lsp   && rm -rf /usr/local/cargo/git /usr/local/cargo/registry
2026-09-08T00:10:27.8920736Z #38 95.99    Compiling cmov v0.5.4
2026-09-08T00:10:28.4175287Z #38 96.37    Compiling utf-8 v0.7.6
2026-09-08T00:10:28.4555429Z #38 96.56    Compiling ctutils v0.4.2
2026-09-08T00:10:28.8403035Z #38 96.94    Compiling phf_generator v0.11.3
2026-09-08T00:10:29.7006845Z #38 97.80    Compiling lazy-regex-proc_macros v3.6.0
2026-09-08T00:10:30.4537067Z #38 98.55    Compiling phf_generator v0.10.0
2026-09-08T00:10:30.6648364Z #38 98.62    Compiling rustls-pki-types v1.14.1
2026-09-08T00:10:31.3983641Z #38 99.35    Compiling crypto-common v0.2.2
2026-09-08T00:10:31.7290581Z #38 99.66    Compiling#38 ...
2026-09-08T00:10:31.7290948Z 
2026-09-08T00:10:31.7291455Z #39 [runtime  4/27] COPY --from=go-tools /usr/local/go /usr/local/go
2026-09-08T00:10:31.7292789Z #39 DONE 3.3s
2026-09-08T00:10:31.7293275Z 
2026-09-08T00:10:31.7293925Z #40 [runtime  5/27] COPY --from=go-tools /zoekt-bin/zoekt-index /usr/local/bin/zoekt-index
2026-09-08T00:10:31.7294698Z #40 DONE 0.0s
2026-09-08T00:10:31.7294917Z 
2026-09-08T00:10:31.7295652Z #41 [runtime  6/27] COPY --from=go-tools /zoekt-bin/zoekt-webserver /usr/local/bin/zoekt-webserver
2026-09-08T00:10:31.7296494Z #41 DONE 0.1s
2026-09-08T00:10:31.7296721Z 
2026-09-08T00:10:31.7299055Z #38 [rust-tools 2/2] RUN cargo install     --git https://github.com/jelmer/debian-lsp     --rev "daee711aba7282a6e79344c71dcaf85593c54040"     --locked     --no-default-features     --features scip     --root /opt/debian-lsp     debian-lsp   && rm -rf /usr/local/cargo/git /usr/local/cargo/registry
2026-09-08T00:10:31.7302197Z #38 99.66    Compiling block-buffer v0.12.1
2026-09-08T00:10:32.2784287Z #38 100.4    Compiling thiserror-impl v2.0.18
2026-09-08T00:10:32.5711587Z #38 100.5    Compiling phf_shared v0.13.1
2026-09-08T00:10:32.5713452Z #38 100.7    Compiling bitflags v2.13.0
2026-09-08T00:10:32.8345103Z #38 100.9    Compiling httparse v1.10.1
2026-09-08T00:10:33.0335054Z #38 101.0    Compiling fastrand v2.4.1
2026-09-08T00:10:33.0336308Z #38 101.1    Compiling phf_generator v0.13.1
2026-09-08T00:10:33.1743264Z #38 101.2    Compiling digest v0.11.3
2026-09-08T00:10:33.1744337Z #38 101.3    Compiling phf_codegen v0.10.0
2026-09-08T00:10:33.2778071Z #38 101.3    Compiling lazy-regex v3.6.0
2026-09-08T00:10:33.4284191Z #38 101.4    Compiling string_cache_codegen v0.5.4
2026-09-08T00:10:34.1053341Z #38 102.2    Compiling http-body v1.0.1
2026-09-08T00:10:34.2278992Z #38 ...
2026-09-08T00:10:34.2281531Z 
2026-09-08T00:10:34.2282884Z #42 [runtime  7/27] COPY --from=node-tools /usr/local/ /usr/local/
2026-09-08T00:10:34.2283902Z #42 DONE 2.5s
2026-09-08T00:10:34.2284362Z 
2026-09-08T00:10:34.2286896Z #38 [rust-tools 2/2] RUN cargo install     --git https://github.com/jelmer/debian-lsp     --rev "daee711aba7282a6e79344c71dcaf85593c54040"     --locked     --no-default-features     --features scip     --root /opt/debian-lsp     debian-lsp   && rm -rf /usr/local/cargo/git /usr/local/cargo/registry
2026-09-08T00:10:34.2289936Z #38 102.3    Compiling tokio-util v0.7.18
2026-09-08T00:10:34.2291093Z #38 102.3    Compiling num-integer v0.1.46
2026-09-08T00:10:35.1053585Z #38 103.1    Compiling mac v0.1.1
2026-09-08T00:10:35.1054546Z #38 103.1    Compiling untrusted v0.9.0
2026-09-08T00:10:35.1055507Z #38 103.1    Compiling thiserror v1.0.69
2026-09-08T00:10:35.1056480Z #38 103.2    Compiling tower-service v0.3.3
2026-09-08T00:10:35.1057363Z #38 103.2    Compiling rustls v0.23.40
2026-09-08T00:10:35.3264478Z #38 103.3    Compiling futf v0.1.5
2026-09-08T00:10:35.7369578Z #38 103.7    Compiling num-bigint v0.4.6
2026-09-08T00:10:35.7370527Z #38 103.7    Compiling markup5ever v0.11.0
2026-09-08T00:10:36.7546020Z #38 104.6    Compiling block-buffer v0.10.4
2026-09-08T00:10:36.7547066Z #38 104.7    Compiling crypto-common v0.1.7
2026-09-08T00:10:36.9916503Z #38 104.9    Compiling thiserror-impl v1.0.69
2026-09-08T00:10:37.7799167Z #38 105.9    Compiling try-lock v0.2.5
2026-09-08T00:10:37.9892866Z #38 106.1    Compiling cpufeatures v0.3.0
2026-09-08T00:10:38.0937734Z #38 106.1    Compiling fnv v1.0.7
2026-09-08T00:10:38.0938676Z #38 106.2    Compiling atomic-waker v1.1.2
2026-09-08T00:10:38.3093843Z #38 106.3    Compiling subtle v2.6.1
2026-09-08T00:10:38.3368703Z #38 106.4    Compiling heck v0.5.0
2026-09-08T00:10:38.6467476Z #38 106.6    Compiling rand_core v0.10.1
2026-09-08T00:10:38.9545808Z #38 106.8    Compiling tinyvec_macros v0.1.1
2026-09-08T00:10:38.9546901Z #38 106.9    Compiling tinyvec v1.11.0
2026-09-08T00:10:39.1260278Z #38 107.1    Compiling hashbrown v0.16.1
2026-09-08T00:10:39.4900363Z #38 107.6    Compiling h2 v0.4.15
2026-09-08T00:10:39.9696728Z #38 108.1    Compiling want v0.3.1
2026-09-08T00:10:40.4484941Z #38 108.6    Compiling debversion v0.5.4
2026-09-08T00:10:42.7149324Z #38 110.8    Compiling string_cache v0.8.9
2026-09-08T00:10:43.1959587Z #38 111.1    Compiling digest v0.10.7
2026-09-08T00:10:43.9101468Z #38 111.9    Compiling phf v0.10.1
2026-09-08T00:10:43.9102641Z #38 112.0    Compiling tendril v0.4.3
2026-09-08T00:10:44.3863654Z #38 112.2    Compiling concurrent-queue v2.5.0
2026-09-08T00:10:44.3864405Z #38 112.3    Compiling phf_codegen v0.13.1
2026-09-08T00:10:44.3865072Z #38 112.3    Compiling string_cache_codegen v0.6.1
2026-09-08T00:10:44.6137361Z #38 112.7    Compiling sync_wrapper v1.0.2
2026-09-08T00:10:44.7529722Z #38 112.7    Compiling anyhow v1.0.102
2026-09-08T00:10:44.7530322Z #38 112.9    Compiling crc-catalog v2.5.0
2026-09-08T00:10:44.9726823Z #38 112.9    Compiling utf8parse v0.2.2
2026-09-08T00:10:44.9727639Z #38 112.9    Compiling cpufeatures v0.2.17
2026-09-08T00:10:45.2165301Z #38 113.2    Compiling tower-layer v0.3.3
2026-09-08T00:10:45.2218115Z #38 113.3    Compiling ucd-trie v0.1.7
2026-09-08T00:10:45.4970650Z #38 113.4    Compiling parking v2.2.1
2026-09-08T00:10:46.4797899Z #38 114.6    Compiling event-listener v5.4.1
2026-09-08T00:10:47.3402477Z #38 115.3    Compiling pest v2.8.6
2026-09-08T00:10:48.1417127Z #38 116.1    Compiling tower v0.5.3
2026-09-08T00:10:48.7304386Z #38 116.6    Compiling sha2 v0.10.9
2026-09-08T00:10:48.7305345Z #38 116.7    Compiling anstyle-parse v1.0.0
2026-09-08T00:10:48.7332098Z #38 116.8    Compiling crc v3.4.0
2026-09-08T00:10:48.9762816Z #38 116.9    Compiling web_atoms v0.2.5
2026-09-08T00:10:49.1330605Z #38 117.2    Compiling futures-intrusive v0.5.0
2026-09-08T00:10:49.5316900Z #38 117.6    Compiling hyper v1.10.1
2026-09-08T00:10:49.8011274Z #38 117.8    Compiling tokio-stream v0.1.18
2026-09-08T00:10:50.1799007Z #38 118.1    Compiling hashlink v0.11.1
2026-09-08T00:10:50.5304188Z #38 118.4    Compiling unicode-normalization v0.1.25
2026-09-08T00:10:50.5304931Z #38 118.5    Compiling chacha20 v0.10.0
2026-09-08T00:10:50.7969734Z #38 118.7    Compiling crossbeam-queue v0.3.12
2026-09-08T00:10:50.7970749Z #38 118.8    Compiling hmac v0.13.0
2026-09-08T00:10:50.7972424Z #38 118.8    Compiling html5ever v0.26.0
2026-09-08T00:10:50.9490952Z #38 118.9    Compiling deb822-lossless v0.5.18
2026-09-08T00:10:51.9715481Z #38 120.1    Compiling either v1.16.0
2026-09-08T00:10:52.3638497Z #38 120.5    Compiling deb822-derive v0.3.1
2026-09-08T00:10:52.7795831Z #38 120.7    Compiling encoding_rs v0.8.35
2026-09-08T00:10:53.3622482Z #38 121.5    Compiling lazy_static v1.5.0
2026-09-08T00:10:53.5620486Z #38 121.5    Compiling ref-cast v1.0.25
2026-09-08T00:10:53.5704240Z #38 121.7    Compiling unicode-properties v0.1.4
2026-09-08T00:10:53.8180270Z #38 121.8    Compiling openssl-probe v0.2.1
2026-09-08T00:10:53.8467256Z #38 121.9    Compiling anstyle v1.0.14
2026-09-08T00:10:54.0741438Z #38 122.2    Compiling object v0.37.3
2026-09-08T00:10:54.5298094Z #38 122.4    Compiling is_terminal_polyfill v1.70.2
2026-09-08T00:10:54.5299682Z #38 122.5    Compiling ipnet v2.12.0
2026-09-08T00:10:54.9979252Z #38 122.9    Compiling winnow v1.0.3
2026-09-08T00:10:55.5980339Z #38 123.7    Compiling unicode-width v0.2.2
2026-09-08T00:10:55.9276060Z #38 123.9    Compiling anstyle-query v1.1.5
2026-09-08T00:10:55.9277247Z #38 124.0    Compiling colorchoice v1.0.5
2026-09-08T00:10:56.3959071Z #38 124.3    Compiling unicode-bidi v0.3.18
2026-09-08T00:10:56.5646788Z #38 124.7    Compiling stringprep v0.1.5
2026-09-08T00:10:56.8226240Z #38 124.8    Compiling sqlx-core v0.9.0
2026-09-08T00:10:57.0983964Z #38 125.0    Compiling toml_parser v1.1.2+spec-1.1.0
2026-09-08T00:10:58.1645285Z #38 126.1    Compiling anstream v1.0.0
2026-09-08T00:10:58.6385484Z #38 126.6    Compiling hyper-util v0.1.20
2026-09-08T00:10:58.9784326Z #38 126.9    Compiling rustls-native-certs v0.8.4
2026-09-08T00:10:59.6390060Z #38 127.7    Compiling deb822-fast v0.2.3
2026-09-08T00:10:59.7582898Z #38 127.9    Compiling hkdf v0.13.0
2026-09-08T00:11:00.1281410Z #38 128.1    Compiling rand v0.10.1
2026-09-08T00:11:00.7556240Z #38 128.7    Compiling atoi v2.0.0
2026-09-08T00:11:01.2480264Z #38 129.2    Compiling pest_meta v2.8.6
2026-09-08T00:11:01.4673010Z #38 129.4    Compiling phf v0.13.1
2026-09-08T00:11:01.6192201Z #38 129.6    Compiling string_cache v0.9.0
2026-09-08T00:11:01.8593947Z #38 129.8    Compiling sha2 v0.11.0
2026-09-08T00:11:02.0309282Z #38 130.0    Compiling md-5 v0.11.0
2026-09-08T00:11:02.5350349Z #38 130.5    Compiling crossbeam-epoch v0.9.18
2026-09-08T00:11:02.6866548Z #38 130.6    Compiling ref-cast-impl v1.0.25
2026-09-08T00:11:02.8133046Z #38 130.9    Compiling memoffset v0.9.1
2026-09-08T00:11:02.9236176Z #38 131.0    Compiling clap_lex v1.1.0
2026-09-08T00:11:03.0627397Z #38 131.0    Compiling failure_derive v0.1.8
2026-09-08T00:11:03.1941159Z #38 131.2    Compiling dotenvy v0.15.7
2026-09-08T00:11:03.4367214Z #38 131.3    Compiling rayon-core v1.13.0
2026-09-08T00:11:03.4368242Z #38 131.4    Compiling ryu v1.0.23
2026-09-08T00:11:03.6495449Z #38 131.6    Compiling whoami v2.1.2
2026-09-08T00:11:03.6496449Z #38 131.6    Compiling adler2 v2.0.1
2026-09-08T00:11:03.7656281Z #38 131.8    Compiling hex v0.4.3
2026-09-08T00:11:03.7657333Z #38 131.8    Compiling byteorder v1.5.0
2026-09-08T00:11:03.8694375Z #38 131.9    Compiling gimli v0.32.3
2026-09-08T00:11:04.0896917Z #38 132.0    Compiling unicode-xid v0.2.6
2026-09-08T00:11:04.0898243Z #38 132.0    Compiling toml_writer v1.1.1+spec-1.1.0
2026-09-08T00:11:04.0899312Z #38 132.0    Compiling strsim v0.11.1
2026-09-08T00:11:04.2945861Z #38 132.2    Compiling clap_builder v4.6.0
2026-09-08T00:11:05.5296996Z #38 133.5    Compiling synstructure v0.12.6
2026-09-08T00:11:06.2063367Z #38 134.2    Compiling sqlx-postgres v0.9.0
2026-09-08T00:11:07.7626294Z #38 135.7    Compiling addr2line v0.25.1
2026-09-08T00:11:10.0550919Z #38 138.0    Compiling miniz_oxide v0.8.9
2026-09-08T00:11:11.5683228Z #38 139.5    Compiling crossbeam-deque v0.8.6
2026-09-08T00:11:11.9866837Z #38 139.9    Compiling pest_generator v2.8.6
2026-09-08T00:11:12.6728733Z #38 140.6    Compiling document_tree v0.4.2
2026-09-08T00:11:18.1145636Z #38 146.1    Compiling charset v0.1.5
2026-09-08T00:11:18.2391211Z #38 146.2    Compiling xml5ever v0.17.0
2026-09-08T00:11:18.3910055Z #38 146.3    Compiling tower-http v0.6.11
2026-09-08T00:11:18.8357802Z #38 146.8    Compiling clap_derive v4.6.1
2026-09-08T00:11:19.0245165Z #38 147.0    Compiling http-body-util v0.1.3
2026-09-08T00:11:19.2569178Z #38 147.2    Compiling tendril v0.5.0
2026-09-08T00:11:19.5211625Z #38 147.5    Compiling futures-executor v0.3.32
2026-09-08T00:11:19.9920842Z #38 147.9    Compiling toml_datetime v0.7.5+spec-1.1.0
2026-09-08T00:11:20.2198655Z #38 148.3    Compiling serde_spanned v1.1.1
2026-09-08T00:11:20.4066424Z #38 148.4    Compiling mime v0.3.17
2026-09-08T00:11:20.5427589Z #38 148.5    Compiling data-encoding v2.11.0
2026-09-08T00:11:20.6939488Z #38 148.6    Compiling foldhash v0.1.5
2026-09-08T00:11:20.9199646Z #38 148.8    Compiling portable-atomic v1.13.1
2026-09-08T00:11:20.9200761Z #38 148.9    Compiling typeid v1.0.3
2026-09-08T00:11:21.0404178Z #38 149.0    Compiling xml v1.3.0
2026-09-08T00:11:21.1918318Z #38 149.1    Compiling bit-vec v0.6.3
2026-09-08T00:11:21.4116676Z #38 149.4    Compiling xml-rs v0.8.28
2026-09-08T00:11:24.3303555Z #38 152.2    Compiling rustc-demangle v0.1.27
2026-09-08T00:11:24.3304685Z #38 152.3    Compiling quoted_printable v0.5.2
2026-09-08T00:11:24.6403453Z #38 152.6    Compiling protobuf v3.7.2
2026-09-08T00:11:24.8787246Z #38 152.7    Compiling smawk v0.3.3
2026-09-08T00:11:24.8788211Z #38 152.8    Compiling unicode-linebreak v0.1.5
2026-09-08T00:11:25.0827700Z #38 153.0    Compiling pulldown-cmark v0.13.4
2026-09-08T00:11:25.0831616Z #38 153.1    Compiling borrow-or-share v0.2.4
2026-09-08T00:11:25.1934854Z #38 153.2    Compiling winnow v0.7.15
2026-09-08T00:11:25.3463371Z #38 153.3    Compiling fluent-uri v0.4.1
2026-09-08T00:11:25.4130582Z #38 153.5    Compiling textwrap v0.16.2
2026-09-08T00:11:27.1808877Z #38 155.1    Compiling toml v0.9.12+spec-1.1.0
2026-09-08T00:11:27.3323335Z #38 155.3    Compiling backtrace v0.3.76
2026-09-08T00:11:29.0293237Z #38 157.1    Compiling mailparse v0.16.1
2026-09-08T00:11:32.0853255Z #38 160.2    Compiling serde-xml-rs v0.5.1
2026-09-08T00:11:32.3903398Z #38 160.5    Compiling xmltree v0.12.0
2026-09-08T00:11:32.6275760Z #38 160.7    Compiling bit-set v0.5.3
2026-09-08T00:11:32.9290613Z #38 160.9    Compiling hashbrown v0.15.5
2026-09-08T00:11:32.9292086Z #38 160.9    Compiling clap v4.6.1
2026-09-08T00:11:33.4273047Z #38 161.5    Compiling futures v0.3.32
2026-09-08T00:11:33.5494672Z #38 161.5    Compiling markup5ever v0.39.0
2026-09-08T00:11:33.5495800Z #38 161.7    Compiling markup5ever_rcdom v0.2.0
2026-09-08T00:11:34.3692383Z #38 162.5    Compiling pest_derive v2.8.6
2026-09-08T00:11:34.8345055Z #38 162.9    Compiling sqlx-macros-core v0.9.0
2026-09-08T00:11:36.6410197Z #38 164.7    Compiling getopts v0.2.24
2026-09-08T00:11:37.8883950Z #38 166.0    Compiling protobuf-support v3.7.2
2026-09-08T00:11:38.1208318Z #38 166.1    Compiling m_lexer v0.0.4
2026-09-08T00:11:38.5334110Z #38 166.6    Compiling csv-core v0.1.13
2026-09-08T00:11:39.0363579Z #38 167.0    Compiling upstream-ontologist v0.3.21
2026-09-08T00:11:39.1340470Z #38 167.2    Compiling bit-vec v0.9.1
2026-09-08T00:11:39.7716721Z #38 167.9    Compiling whoami v1.6.1
2026-09-08T00:11:40.1619896Z #38 168.3    Compiling pulldown-cmark-escape v0.11.0
2026-09-08T00:11:40.3880342Z #38 168.3    Compiling unicase v2.9.0
2026-09-08T00:11:40.3880997Z #38 168.3    Compiling maplit v1.0.2
2026-09-08T00:11:40.3881629Z #38 168.3    Compiling unsafe-libyaml v0.2.11
2026-09-08T00:11:42.9267633Z #38 170.9    Compiling serde_yaml v0.9.34+deprecated
2026-09-08T00:11:47.1206252Z #38 175.1    Compiling debian-changelog v0.2.24
2026-09-08T00:11:47.8062803Z #38 175.9    Compiling bit-set v0.10.0
2026-09-08T00:11:47.9898667Z #38 176.1    Compiling csv v1.4.0
2026-09-08T00:11:57.2148865Z #38 185.2    Compiling debian-watch v0.4.12
2026-09-08T00:12:02.6743914Z #38 190.6    Compiling sqlx-macros v0.9.0
2026-09-08T00:12:03.3876672Z #38 191.3    Compiling rayon v1.12.0
2026-09-08T00:12:06.0307800Z #38 194.0    Compiling failure v0.1.8
2026-09-08T00:12:06.2888076Z #38 194.2    Compiling intrusive-collections v0.9.7
2026-09-08T00:12:06.7589380Z #38 194.7    Compiling rst_parser v0.4.2
2026-09-08T00:12:11.3327262Z #38 199.4    Compiling select v0.6.1
2026-09-08T00:12:15.2728224Z #38 203.4    Compiling html5ever v0.39.0
2026-09-08T00:12:16.9477957Z #38 204.9    Compiling rustls-webpki v0.103.13
2026-09-08T00:12:19.7610552Z #38 207.7    Compiling hashlink v0.10.0
2026-09-08T00:12:20.9331339Z #38 208.9    Compiling rst_renderer v0.4.2
2026-09-08T00:12:21.0844567Z #38 209.0    Compiling cargo_toml v0.22.3
2026-09-08T00:12:21.3930323Z #38 209.3    Compiling ls-types v0.0.6
2026-09-08T00:12:33.4587966Z #38 221.4    Compiling tokio-rustls v0.26.4
2026-09-08T00:12:33.7046702Z #38 221.7    Compiling hyper-rustls v0.27.9
2026-09-08T00:12:34.0245590Z #38 222.0    Compiling rustls-platform-verifier v0.7.0
2026-09-08T00:12:34.6139133Z #38 222.6    Compiling reqwest v0.13.4
2026-09-08T00:12:37.1009099Z #38 225.2    Compiling debbugs v0.1.9
2026-09-08T00:12:40.5486248Z #38 228.5    Compiling debian-copyright v0.1.53
2026-09-08T00:12:41.0853128Z #38 229.0    Compiling debian-control v0.3.13
2026-09-08T00:12:42.5682864Z #38 230.5    Compiling sharded-slab v0.1.7
2026-09-08T00:12:43.1536059Z #38 231.1    Compiling makefile-lossless v0.3.40
2026-09-08T00:12:43.7947887Z #38 231.7    Compiling dashmap v6.2.1
2026-09-08T00:12:44.3442167Z #38 232.3    Compiling tracing-log v0.2.0
2026-09-08T00:12:44.6419458Z #38 232.6    Compiling salsa-macros v0.26.2
2026-09-08T00:12:46.5893661Z #38 234.5    Compiling async-trait v0.1.89
2026-09-08T00:12:47.3415118Z #38 235.3    Compiling semver v1.0.28
2026-09-08T00:12:47.9778936Z #38 235.9    Compiling thread_local v1.1.9
2026-09-08T00:12:48.2125498Z #38 236.2    Compiling rustc-hash v2.1.2
2026-09-08T00:12:48.5538105Z #38 236.5    Compiling toml_datetime v1.1.1+spec-1.1.0
2026-09-08T00:12:48.8782812Z #38 236.8    Compiling nu-ansi-term v0.50.3
2026-09-08T00:12:49.2268772Z #38 237.3    Compiling salsa-macro-rules v0.26.2
2026-09-08T00:12:49.4303196Z #38 237.4    Compiling configparser v3.2.0
2026-09-08T00:12:50.8074463Z #38 238.8    Compiling boxcar v0.2.14
2026-09-08T00:12:51.0063853Z #38 239.0    Compiling thin-vec v0.2.18
2026-09-08T00:12:51.2747903Z #38 239.2    Compiling inventory v0.3.24
2026-09-08T00:12:51.2748893Z #38 239.2    Compiling salsa v0.26.2
2026-09-08T00:12:55.2886913Z #38 243.2    Compiling tracing-subscriber v0.3.23
2026-09-08T00:12:57.2225503Z #38 245.2    Compiling toml_edit v0.25.12+spec-1.1.0
2026-09-08T00:12:58.9036339Z #38 246.9    Compiling tower-lsp-server v0.23.0
2026-09-08T00:12:59.0725957Z #38 247.0    Compiling distro-info v0.4.0
2026-09-08T00:12:59.4358065Z #38 247.4    Compiling sqlx v0.9.0
2026-09-08T00:13:02.8833830Z #38 250.8    Compiling scip v0.9.0
2026-09-08T00:13:04.0007287Z #38 252.0    Compiling patchkit v0.3.3
2026-09-08T00:13:08.4741098Z #38 256.4    Compiling dep3 v0.2.4
2026-09-08T00:13:10.0851784Z #38 258.0    Compiling lintian-overrides v0.1.7
2026-09-08T00:13:10.7534249Z #38 258.7    Compiling yaml-edit v0.2.2
2026-09-08T00:13:11.4977386Z #38 259.4    Compiling lru v0.18.0
2026-09-08T00:13:20.9410846Z #38 269.0    Compiling debian-lsp v0.1.10 (/usr/local/cargo/git/checkouts/debian-lsp-eefd857b6deea7d3/daee711)
2026-09-08T00:13:22.8314428Z #38 270.9 warning: function `get_code_actions` is never used
2026-09-08T00:13:22.8315244Z #38 270.9  --> src/debhelper/actions.rs:9:8
2026-09-08T00:13:22.8315778Z #38 270.9   |
2026-09-08T00:13:22.8316248Z #38 270.9 9 | pub fn get_code_actions(
2026-09-08T00:13:22.8316868Z #38 270.9   |        ^^^^^^^^^^^^^^^^
2026-09-08T00:13:22.8317348Z #38 270.9   |
2026-09-08T00:13:22.8318134Z #38 270.9   = note: `#[warn(dead_code)]` (part of `#[warn(unused)]`) on by default
2026-09-08T00:13:22.8318852Z #38 270.9 
2026-09-08T00:13:22.8319274Z #38 270.9 warning: function `format_debhelper` is never used
2026-09-08T00:13:22.8320044Z #38 270.9   --> src/debhelper/actions.rs:68:8
2026-09-08T00:13:22.8320378Z #38 270.9    |
2026-09-08T00:13:22.8323053Z #38 270.9 68 | pub fn format_debhelper(source_text: &str) -> Option<String> {
2026-09-08T00:13:22.8323741Z #38 270.9    |        ^^^^^^^^^^^^^^^^
2026-09-08T00:13:22.8324142Z #38 270.9 
2026-09-08T00:13:22.9825070Z #38 270.9 warning: struct `ParseError` is never constructed
2026-09-08T00:13:22.9826247Z #38 270.9    --> src/debhelper/parser.rs:135:12
2026-09-08T00:13:22.9826802Z #38 270.9     |
2026-09-08T00:13:22.9827281Z #38 270.9 135 | pub struct ParseError {
2026-09-08T00:13:22.9827877Z #38 270.9     |            ^^^^^^^^^^
2026-09-08T00:13:22.9828315Z #38 270.9 
2026-09-08T00:13:22.9828856Z #38 270.9 warning: enum `ParseErrorKind` is never used
2026-09-08T00:13:22.9829605Z #38 270.9    --> src/debhelper/parser.rs:142:10
2026-09-08T00:13:22.9830119Z #38 270.9     |
2026-09-08T00:13:22.9830604Z #38 270.9 142 | pub enum ParseErrorKind {
2026-09-08T00:13:22.9831189Z #38 270.9     |          ^^^^^^^^^^^^^^
2026-09-08T00:13:22.9831634Z #38 270.9 
2026-09-08T00:13:22.9832562Z #38 270.9 warning: methods `errors` and `render` are never used
2026-09-08T00:13:22.9833337Z #38 270.9    --> src/debhelper/parser.rs:155:12
2026-09-08T00:13:22.9833852Z #38 270.9     |
2026-09-08T00:13:22.9834233Z #38 270.9 151 | impl Line {
2026-09-08T00:13:22.9834888Z #38 270.9     | --------- methods in this implementation
2026-09-08T00:13:22.9835439Z #38 270.9 ...
2026-09-08T00:13:22.9836041Z #38 270.9 155 |     pub fn errors(&self) -> Vec<ParseError> {
2026-09-08T00:13:22.9836782Z #38 270.9     |            ^^^^^^
2026-09-08T00:13:22.9837202Z #38 270.9 ...
2026-09-08T00:13:22.9837862Z #38 270.9 175 |     pub fn render(&self, line: &str) -> Option<String> {
2026-09-08T00:13:22.9838561Z #38 270.9     |            ^^^^^^
2026-09-08T00:13:22.9838974Z #38 270.9 
2026-09-08T00:13:22.9839548Z #38 270.9 warning: function `wrap_and_sort` is never used
2026-09-08T00:13:22.9840305Z #38 270.9    --> src/debhelper/parser.rs:196:8
2026-09-08T00:13:22.9840824Z #38 270.9     |
2026-09-08T00:13:22.9841412Z #38 270.9 196 | pub fn wrap_and_sort(text: &str) -> String {
2026-09-08T00:13:22.9842390Z #38 270.9     |        ^^^^^^^^^^^^^
2026-09-08T00:13:22.9842834Z #38 270.9 
2026-09-08T00:13:22.9843424Z #38 270.9 warning: function `staged_candidates` is never used
2026-09-08T00:13:22.9844197Z #38 270.9   --> src/debhelper/source.rs:20:15
2026-09-08T00:13:22.9844710Z #38 270.9    |
2026-09-08T00:13:22.9845648Z #38 270.9 20 | pub(crate) fn staged_candidates(debian_dir: &Path, prefix: &str) -> Vec<CompletionItem> {
2026-09-08T00:13:22.9846624Z #38 270.9    |               ^^^^^^^^^^^^^^^^^
2026-09-08T00:13:22.9847099Z #38 270.9 
2026-09-08T00:13:22.9847699Z #38 270.9 warning: function `source_candidates` is never used
2026-09-08T00:13:22.9848474Z #38 270.9   --> src/source_scan.rs:39:8
2026-09-08T00:13:22.9848935Z #38 270.9    |
2026-09-08T00:13:22.9849755Z #38 270.9 39 | pub fn source_candidates(root: &Path, prefix: &str) -> Vec<CompletionItem> {
2026-09-08T00:13:22.9850607Z #38 270.9    |        ^^^^^^^^^^^^^^^^^
2026-09-08T00:13:22.9851045Z #38 270.9 
2026-09-08T00:13:55.0488387Z #38 303.2 warning: `debian-lsp` (bin "debian-lsp") generated 8 warnings
2026-09-08T00:13:55.0488999Z #38 303.2     Finished `release` profile [optimized] target(s) in 5m 02s
2026-09-08T00:13:55.2288612Z #38 303.2   Installing /opt/debian-lsp/bin/debian-lsp
2026-09-08T00:13:55.2289716Z #38 303.2    Installed package `debian-lsp v0.1.10 (https://github.com/jelmer/debian-lsp?rev=daee711aba7282a6e79344c71dcaf85593c54040#daee711a)` (executable `debian-lsp`)
2026-09-08T00:13:55.3528858Z #38 303.5 warning: be sure to add `/opt/debian-lsp/bin` to your PATH to be able to run the installed binaries
2026-09-08T00:13:56.5384033Z #38 DONE 304.6s
2026-09-08T00:13:56.7597861Z 
2026-09-08T00:13:56.7599011Z #43 [runtime  8/27] COPY --from=rust-tools /usr/local/cargo /usr/local/cargo
2026-09-08T00:13:56.7599936Z #43 DONE 0.0s
2026-09-08T00:13:57.1097226Z 
2026-09-08T00:13:57.1098112Z #44 [runtime  9/27] COPY --from=rust-tools /usr/local/rustup /usr/local/rustup
2026-09-08T00:13:58.5217331Z #44 DONE 1.4s
2026-09-08T00:13:58.6282244Z 
2026-09-08T00:13:58.6283762Z #45 [runtime 10/27] COPY --from=rust-tools /opt/debian-lsp/bin/debian-lsp /usr/local/bin/debian-lsp
2026-09-08T00:13:58.6284643Z #45 DONE 0.1s
2026-09-08T00:13:58.7794138Z 
2026-09-08T00:13:58.7795459Z #46 [runtime 11/27] COPY --from=dotnet-tools /usr/share/dotnet /usr/share/dotnet
2026-09-08T00:14:00.6326646Z #46 DONE 2.0s
2026-09-08T00:14:00.7837959Z 
2026-09-08T00:14:00.7838839Z #47 [runtime 12/27] COPY --from=dotnet-tools /opt/dotnet-tools /opt/dotnet-tools
2026-09-08T00:14:02.5306696Z #47 DONE 1.9s
2026-09-08T00:14:02.6811660Z 
2026-09-08T00:14:02.6812662Z #48 [runtime 13/27] COPY --from=dart-tools /usr/lib/dart /usr/lib/dart
2026-09-08T00:14:04.2240717Z #48 DONE 1.7s
2026-09-08T00:14:04.3751374Z 
2026-09-08T00:14:04.3752158Z #49 [runtime 14/27] COPY --from=dart-tools /opt/pub-cache /opt/pub-cache
2026-09-08T00:14:05.3108205Z #49 DONE 1.1s
2026-09-08T00:14:05.4624039Z 
2026-09-08T00:14:05.4624715Z #50 [runtime 15/27] COPY --from=release-tools /out/ /usr/local/bin/
2026-09-08T00:14:06.7723987Z #50 DONE 1.5s
2026-09-08T00:14:06.9240941Z 
2026-09-08T00:14:06.9246538Z #51 [runtime 16/27] RUN ln -s /usr/share/dotnet/dotnet /usr/local/bin/dotnet   && ln -s /usr/lib/dart/bin/dart /usr/local/bin/dart   && composer global require     --no-interaction     --no-progress     --prefer-dist     "davidrjenni/scip-php:0.0.2"   && ln -s /opt/composer/vendor/bin/scip-php /usr/local/bin/scip-php   && composer clear-cache   && for binary in     go node npm python3 javac mvn rustc cargo clang ruby dotnet dart php     scip-go scip-typescript scip-python scip-java scip-clang scip-ruby     scip-dotnet scip_dart scip-php debian-lsp rust-analyzer ast-grep scip;     do command -v "${binary}"; done   && ! command -v src   && ! command -v sourcegraph-cli
2026-09-08T00:14:06.9768377Z #51 0.203 Changed current directory to /opt/composer
2026-09-08T00:14:07.2007016Z #51 0.260 ./composer.json has been created
2026-09-08T00:14:07.2007809Z #51 0.275 Running composer update davidrjenni/scip-php
2026-09-08T00:14:07.2008707Z #51 0.277 Loading composer repositories with package information
2026-09-08T00:14:08.7231074Z #51 1.950 Updating dependencies
2026-09-08T00:14:08.8825917Z #51 1.954 Lock file operations: 7 installs, 0 updates, 0 removals
2026-09-08T00:14:08.8826473Z #51 1.954   - Locking composer/class-map-generator (1.7.3)
2026-09-08T00:14:08.8826882Z #51 1.954   - Locking composer/pcre (3.4.0)
2026-09-08T00:14:08.8827258Z #51 1.954   - Locking davidrjenni/scip-php (v0.0.2)
2026-09-08T00:14:08.8827656Z #51 1.954   - Locking google/protobuf (v3.25.9)
2026-09-08T00:14:08.8828069Z #51 1.954   - Locking jetbrains/phpstorm-stubs (v2022.3)
2026-09-08T00:14:08.8828468Z #51 1.954   - Locking nikic/php-parser (v4.19.5)
2026-09-08T00:14:08.8828834Z #51 1.954   - Locking symfony/finder (v7.4.17)
2026-09-08T00:14:08.8829145Z #51 1.955 Writing lock file
2026-09-08T00:14:08.8829573Z #51 1.955 Installing dependencies from lock file (including require-dev)
2026-09-08T00:14:08.8830095Z #51 1.956 Package operations: 7 installs, 0 updates, 0 removals
2026-09-08T00:14:08.8830859Z #51 1.959     Failed to download composer/pcre from dist: The zip extension and unzip/7z commands are both missing, skipping.
2026-09-08T00:14:08.8831668Z #51 1.959 Your command-line PHP is using multiple ini files. Run `php --ini` to show them.
2026-09-08T00:14:08.8832369Z #51 1.959     Now trying to download from source
2026-09-08T00:14:08.8832762Z #51 1.959   - Syncing composer/pcre (3.4.0) into cache
2026-09-08T00:14:09.0120323Z #51 2.239     Failed to download nikic/php-parser from dist: The zip extension and unzip/7z commands are both missing, skipping.
2026-09-08T00:14:09.0122281Z #51 2.239 Your command-line PHP is using multiple ini files. Run `php --ini` to show them.
2026-09-08T00:14:09.0123732Z #51 2.239     Now trying to download from source
2026-09-08T00:14:09.1623250Z #51 2.239   - Syncing nikic/php-parser (v4.19.5) into cache
2026-09-08T00:14:10.1052280Z #51 3.332     Failed to download jetbrains/phpstorm-stubs from dist: The zip extension and unzip/7z commands are both missing, skipping.
2026-09-08T00:14:10.1053629Z #51 3.332 Your command-line PHP is using multiple ini files. Run `php --ini` to show them.
2026-09-08T00:14:10.1055728Z #51 3.332     Now trying to download from source
2026-09-08T00:14:10.2556179Z #51 3.332   - Syncing jetbrains/phpstorm-stubs (v2022.3) into cache
2026-09-08T00:14:15.8304197Z #51 9.057     Failed to download google/protobuf from dist: The zip extension and unzip/7z commands are both missing, skipping.
2026-09-08T00:14:15.8305940Z #51 9.057 Your command-line PHP is using multiple ini files. Run `php --ini` to show them.
2026-09-08T00:14:15.8307317Z #51 9.057     Now trying to download from source
2026-09-08T00:14:15.9807702Z #51 9.057   - Syncing google/protobuf (v3.25.9) into cache
2026-09-08T00:14:16.2177787Z #51 9.444     Failed to download symfony/finder from dist: The zip extension and unzip/7z commands are both missing, skipping.
2026-09-08T00:14:16.2178763Z #51 9.444 Your command-line PHP is using multiple ini files. Run `php --ini` to show them.
2026-09-08T00:14:16.2179435Z #51 9.444     Now trying to download from source
2026-09-08T00:14:16.3680825Z #51 9.444   - Syncing symfony/finder (v7.4.17) into cache
2026-09-08T00:14:16.5761289Z #51 9.803     Failed to download composer/class-map-generator from dist: The zip extension and unzip/7z commands are both missing, skipping.
2026-09-08T00:14:16.5763311Z #51 9.803 Your command-line PHP is using multiple ini files. Run `php --ini` to show them.
2026-09-08T00:14:16.5764386Z #51 9.803     Now trying to download from source
2026-09-08T00:14:16.7264994Z #51 9.803   - Syncing composer/class-map-generator (1.7.3) into cache
2026-09-08T00:14:16.8522746Z #51 10.08     Failed to download davidrjenni/scip-php from dist: The zip extension and unzip/7z commands are both missing, skipping.
2026-09-08T00:14:16.8524257Z #51 10.08 Your command-line PHP is using multiple ini files. Run `php --ini` to show them.
2026-09-08T00:14:16.8525591Z #51 10.08     Now trying to download from source
2026-09-08T00:14:17.0027484Z #51 10.08   - Syncing davidrjenni/scip-php (v0.0.2) into cache
2026-09-08T00:14:18.0797010Z #51 11.11   - Installing composer/pcre (3.4.0): Cloning d5a341b3fb from cache
2026-09-08T00:14:18.0798131Z #51 11.16   - Installing nikic/php-parser (v4.19.5): Cloning 51bd93cc74 from cache
2026-09-08T00:14:18.2551644Z #51 11.48   - Installing jetbrains/phpstorm-stubs (v2022.3): Cloning 6b568c153c from cache
2026-09-08T00:14:18.7680630Z #51 11.99   - Installing google/protobuf (v3.25.9): Cloning 7430ad4744 from cache
2026-09-08T00:14:18.9471514Z #51 12.07   - Installing symfony/finder (v7.4.17): Cloning 5ce2882708 from cache
2026-09-08T00:14:18.9473152Z #51 12.17   - Installing composer/class-map-generator (1.7.3): Cloning 86d8208fc3 from cache
2026-09-08T00:14:19.1764796Z #51 12.25   - Installing davidrjenni/scip-php (v0.0.2): Cloning b12e0593cf from cache
2026-09-08T00:14:19.4780580Z #51 12.70 1 package suggestions were added by new dependencies, use `composer suggest` to see details.
2026-09-08T00:14:19.6057635Z #51 12.70 Generating autoload files
2026-09-08T00:14:19.6058408Z #51 12.71 3 packages you are using are looking for funding.
2026-09-08T00:14:19.6059310Z #51 12.71 Use the `composer fund` command to find out more!
2026-09-08T00:14:19.6060272Z #51 12.71 Found 1 security vulnerability advisory affecting 1 package.
2026-09-08T00:14:19.6061216Z #51 12.71 Run composer audit for a full list of advisories.
2026-09-08T00:14:19.6062395Z #51 12.80 Clearing cache (cache-vcs-dir): /opt/composer/cache/vcs
2026-09-08T00:14:19.6063045Z #51 12.83 Clearing cache (cache-repo-dir): /opt/composer/cache/repo
2026-09-08T00:14:19.8360798Z #51 12.83 Cache directory does not exist (cache-files-dir): 
2026-09-08T00:14:19.8361644Z #51 12.84 Clearing cache (cache-dir): /opt/composer/cache
2026-09-08T00:14:19.8362450Z #51 12.84 All caches cleared.
2026-09-08T00:14:19.8362962Z #51 12.84 /usr/local/go/bin/go
2026-09-08T00:14:19.8363245Z #51 12.84 /usr/local/bin/node
2026-09-08T00:14:19.8363516Z #51 12.84 /usr/local/bin/npm
2026-09-08T00:14:19.8363787Z #51 12.84 /usr/bin/python3
2026-09-08T00:14:19.8364046Z #51 12.84 /usr/bin/javac
2026-09-08T00:14:19.8364414Z #51 12.84 /usr/bin/mvn
2026-09-08T00:14:19.8364957Z #51 12.84 /usr/local/cargo/bin/rustc
2026-09-08T00:14:19.8365572Z #51 12.84 /usr/local/cargo/bin/cargo
2026-09-08T00:14:19.8365858Z #51 12.84 /usr/bin/clang
2026-09-08T00:14:19.8366101Z #51 12.84 /usr/bin/ruby
2026-09-08T00:14:19.8366369Z #51 12.84 /usr/local/bin/dotnet
2026-09-08T00:14:19.8366644Z #51 12.84 /usr/local/bin/dart
2026-09-08T00:14:19.8366900Z #51 12.84 /usr/bin/php
2026-09-08T00:14:19.8367169Z #51 12.84 /usr/local/bin/scip-go
2026-09-08T00:14:19.8367489Z #51 12.84 /usr/local/bin/scip-typescript
2026-09-08T00:14:19.8367914Z #51 12.84 /usr/local/bin/scip-python
2026-09-08T00:14:19.8368218Z #51 12.84 /usr/local/bin/scip-java
2026-09-08T00:14:19.8368517Z #51 12.84 /usr/local/bin/scip-clang
2026-09-08T00:14:19.8368810Z #51 12.84 /usr/local/bin/scip-ruby
2026-09-08T00:14:19.8369108Z #51 12.84 /opt/dotnet-tools/scip-dotnet
2026-09-08T00:14:19.8369422Z #51 12.84 /opt/pub-cache/bin/scip_dart
2026-09-08T00:14:19.8369718Z #51 12.84 /usr/local/bin/scip-php
2026-09-08T00:14:19.8370014Z #51 12.85 /usr/local/bin/debian-lsp
2026-09-08T00:14:19.8370428Z #51 12.85 /usr/local/cargo/bin/rust-analyzer
2026-09-08T00:14:19.8370806Z #51 12.85 /usr/local/bin/ast-grep
2026-09-08T00:14:19.8371183Z #51 12.85 /usr/local/bin/scip
2026-09-08T00:14:19.8371416Z #51 DONE 12.9s
2026-09-08T00:14:19.8371538Z 
2026-09-08T00:14:19.8371669Z #52 [runtime 17/27] WORKDIR /app
2026-09-08T00:14:19.8372175Z #52 DONE 0.0s
2026-09-08T00:14:19.8372294Z 
2026-09-08T00:14:19.8372551Z #53 [runtime 18/27] COPY --from=deps /app/node_modules ./node_modules
2026-09-08T00:14:25.9253605Z #53 DONE 6.2s
2026-09-08T00:14:26.1317314Z 
2026-09-08T00:14:26.1321816Z #54 [runtime 19/27] COPY --from=deps /app/apps/codesearch/node_modules ./apps/codesearch/node_modules
2026-09-08T00:14:26.1323383Z #54 DONE 0.0s
2026-09-08T00:14:26.1323861Z 
2026-09-08T00:14:26.1324162Z #55 [runtime 20/27] COPY tsconfig.json ./
2026-09-08T00:14:26.1324666Z #55 DONE 0.0s
2026-09-08T00:14:26.1325188Z 
2026-09-08T00:14:26.1325697Z #56 [runtime 21/27] COPY apps/codesearch/src ./apps/codesearch/src
2026-09-08T00:14:26.1326592Z #56 DONE 0.0s
2026-09-08T00:14:26.1326899Z 
2026-09-08T00:14:26.1327431Z #57 [runtime 22/27] COPY apps/codesearch/scripts ./apps/codesearch/scripts
2026-09-08T00:14:26.1328103Z #57 DONE 0.0s
2026-09-08T00:14:26.1328320Z 
2026-09-08T00:14:26.1328943Z #58 [runtime 23/27] COPY apps/codesearch/package.json ./apps/codesearch/package.json
2026-09-08T00:14:26.1329696Z #58 DONE 0.0s
2026-09-08T00:14:26.1329861Z 
2026-09-08T00:14:26.1330257Z #59 [runtime 24/27] COPY apps/codesearch/tsconfig.json ./apps/codesearch/tsconfig.json
2026-09-08T00:14:26.1331030Z #59 DONE 0.0s
2026-09-08T00:14:26.1331234Z 
2026-09-08T00:14:26.1331497Z #60 [runtime 25/27] COPY apps/codesearch/start.sh /start.sh
2026-09-08T00:14:26.1332241Z #60 DONE 0.0s
2026-09-08T00:14:26.1332455Z 
2026-09-08T00:14:26.1332713Z #61 [runtime 26/27] RUN chmod +x /start.sh
2026-09-08T00:14:26.1333014Z #61 DONE 0.1s
2026-09-08T00:14:26.2694905Z 
2026-09-08T00:14:26.2696473Z #62 [runtime 27/27] RUN mkdir -p /data/zoekt-index /data/repo-cache
2026-09-08T00:14:26.4210050Z #62 DONE 0.1s
2026-09-08T00:14:26.4210260Z 
2026-09-08T00:14:26.4210481Z #63 [test 1/9] RUN npm install -g pnpm@10.12.1
2026-09-08T00:14:27.7937288Z #63 1.523 
2026-09-08T00:14:27.7937648Z #63 1.523 added 1 package in 1s
2026-09-08T00:14:27.7938042Z #63 1.523 
2026-09-08T00:14:27.7938393Z #63 1.523 1 package is looking for funding
2026-09-08T00:14:27.9058481Z #63 1.523   run `npm fund` for details
2026-09-08T00:14:27.9059292Z #63 DONE 1.6s
2026-09-08T00:14:28.1015433Z 
2026-09-08T00:14:28.1016139Z #64 [test 2/9] WORKDIR /app
2026-09-08T00:14:28.1016637Z #64 DONE 0.0s
2026-09-08T00:14:28.1016852Z 
2026-09-08T00:14:28.1017292Z #65 [test 3/9] COPY package.json pnpm-workspace.yaml pnpm-lock.yaml* tsconfig.json ./
2026-09-08T00:14:28.1017816Z #65 DONE 0.0s
2026-09-08T00:14:28.1017959Z 
2026-09-08T00:14:28.1018134Z #66 [test 4/9] COPY patches patches
2026-09-08T00:14:28.1018448Z #66 DONE 0.0s
2026-09-08T00:14:28.1018578Z 
2026-09-08T00:14:28.1019399Z #67 [test 5/9] COPY apps/codesearch/package.json apps/codesearch/package.json
2026-09-08T00:14:28.1020061Z #67 DONE 0.0s
2026-09-08T00:14:28.1020203Z 
2026-09-08T00:14:28.1020616Z #68 [test 6/9] RUN pnpm install --frozen-lockfile --config.confirmModulesPurge=false
2026-09-08T00:14:28.4639834Z #68 0.513 Scope: all 2 workspace projects
2026-09-08T00:14:28.6603493Z #68 0.709 Lockfile is up to date, resolution step is skipped
2026-09-08T00:14:28.7679133Z #68 0.816 Progress: resolved 1, reused 0, downloaded 0, added 0
2026-09-08T00:14:28.8733558Z #68 0.922 Packages: +219
2026-09-08T00:14:28.8734651Z #68 0.922 ++++++++++++++++++++++++++++++++++++++++++++++++++++++++++++++++++++++++++++++++
2026-09-08T00:14:29.7693140Z #68 1.818 Progress: resolved 219, reused 0, downloaded 118, added 71
2026-09-08T00:14:30.4290851Z #68 2.478 Progress: resolved 219, reused 0, downloaded 219, added 219, done
2026-09-08T00:14:30.7381010Z #68 2.787 
2026-09-08T00:14:30.7382043Z #68 2.787 devDependencies:
2026-09-08T00:14:30.7382641Z #68 2.787 + @biomejs/biome 2.4.4
2026-09-08T00:14:30.7383881Z #68 2.787 + @changesets/cli 2.31.0
2026-09-08T00:14:30.7384422Z #68 2.787 + concurrently 9.2.1
2026-09-08T00:14:30.7384867Z #68 2.787 + portless 0.9.4
2026-09-08T00:14:30.7385275Z #68 2.787 + turbo 2.10.11
2026-09-08T00:14:30.7386271Z #68 2.787 + typescript 5.9.3
2026-09-08T00:14:30.7386653Z #68 2.787 
2026-09-08T00:14:30.7387953Z #68 2.787 ╭ Warning ─────────────────────────────────────────────────────────────────────╮
2026-09-08T00:14:30.7389072Z #68 2.787 │                                                                              │
2026-09-08T00:14:30.7390247Z #68 2.787 │   Ignored build scripts: msw.                                                │
2026-09-08T00:14:30.7391523Z #68 2.787 │   Run "pnpm approve-builds" to pick which dependencies should be allowed     │
2026-09-08T00:14:30.7392945Z #68 2.787 │   to run scripts.                                                            │
2026-09-08T00:14:30.7393988Z #68 2.787 │                                                                              │
2026-09-08T00:14:30.7394626Z #68 2.787 ╰──────────────────────────────────────────────────────────────────────────────╯
2026-09-08T00:14:30.7394963Z #68 2.787 
2026-09-08T00:14:30.9242816Z #68 2.823 Done in 2.6s using pnpm v10.12.1
2026-09-08T00:14:31.1715215Z #68 DONE 3.2s
2026-09-08T00:14:31.3740316Z 
2026-09-08T00:14:31.3741167Z #69 [test 7/9] COPY apps/codesearch ./apps/codesearch
2026-09-08T00:14:31.3742316Z #69 DONE 0.0s
2026-09-08T00:14:31.3742554Z 
2026-09-08T00:14:31.3743219Z #70 [test 8/9] COPY scripts/ci/check-test-report.mjs ./scripts/ci/check-test-report.mjs
2026-09-08T00:14:31.3743980Z #70 DONE 0.0s
2026-09-08T00:14:31.3744193Z 
2026-09-08T00:14:31.3744486Z #71 [test 9/9] WORKDIR /app/apps/codesearch
2026-09-08T00:14:31.3744988Z #71 DONE 0.0s
2026-09-08T00:14:31.3745183Z 
2026-09-08T00:14:31.3745371Z #72 exporting to image
2026-09-08T00:14:31.3745802Z #72 exporting layers
2026-09-08T00:15:16.2789539Z #72 exporting layers 45.1s done
2026-09-08T00:15:16.3051964Z #72 writing image sha256:ba89459cf4b04e60b09c07dfbeadeb27df1b66ba9914fbc4ff1449e6715761b6 done
2026-09-08T00:15:16.3053193Z #72 naming to docker.io/library/ctxpipe-codesearch:test done
2026-09-08T00:15:16.3053779Z #72 DONE 45.1s
2026-09-08T00:15:16.7889020Z 
2026-09-08T00:15:16.7889887Z > @ctxpipe/codesearch@0.1.0 test:vitest /app/apps/codesearch
2026-09-08T00:15:16.7890739Z > node scripts/run-vitest-contracts.mjs
2026-09-08T00:15:16.7891124Z 
2026-09-08T00:15:16.8229075Z node: v22.23.2
2026-09-08T00:15:16.8415294Z bun: 1.3.11
2026-09-08T00:15:16.8449761Z git: git version 2.39.5
2026-09-08T00:15:17.1379167Z 
2026-09-08T00:15:17.1386007Z [1m[46m RUN [49m[22m [36mv4.0.18 [39m[90m/app/apps/codesearch[39m
2026-09-08T00:15:17.1386587Z 
2026-09-08T00:15:17.6108825Z  [32m✓[39m src/domain/graph/executeGraphPrimitive.test.ts [2m([22m[2m11 tests[22m[2m)[22m[32m 72[2mms[22m[39m
2026-09-08T00:15:18.3248725Z  [32m✓[39m src/domain/indexing/scipIndexers.test.ts [2m([22m[2m19 tests[22m[2m)[22m[32m 300[2mms[22m[39m
2026-09-08T00:15:18.5126003Z  [32m✓[39m src/domain/zoekt/pinManager.test.ts [2m([22m[2m12 tests[22m[2m)[22m[33m 508[2mms[22m[39m
2026-09-08T00:15:18.8003795Z  [32m✓[39m src/domain/indexing/detectLanguages.test.ts [2m([22m[2m37 tests[22m[2m)[22m[32m 72[2mms[22m[39m
2026-09-08T00:15:18.9744149Z  [32m✓[39m src/routes/search.test.ts [2m([22m[2m6 tests[22m[2m)[22m[32m 49[2mms[22m[39m
2026-09-08T00:15:19.4380395Z  [32m✓[39m src/domain/repositories/purge.test.ts [2m([22m[2m6 tests[22m[2m)[22m[32m 32[2mms[22m[39m
2026-09-08T00:15:19.5947870Z  [32m✓[39m src/domain/indexing/indexerChildEnv.test.ts [2m([22m[2m6 tests[22m[2m)[22m[32m 7[2mms[22m[39m
2026-09-08T00:15:19.6215882Z  [32m✓[39m src/domain/indexingSteps.test.ts [2m([22m[2m17 tests[22m[2m)[22m[32m 13[2mms[22m[39m
2026-09-08T00:15:19.8289528Z  [32m✓[39m src/domain/zoekt/warmup.integration.test.ts [2m([22m[2m1 test[22m[2m)[22m[33m 636[2mms[22m[39m
2026-09-08T00:15:19.8291603Z      [33m[2m✓[22m[39m search stays empty until pin; warmup wait succeeds after pin [33m 420[2mms[22m[39m
2026-09-08T00:15:20.0024263Z  [32m✓[39m src/domain/indexing/heartbeat.test.ts [2m([22m[2m2 tests[22m[2m)[22m[32m 68[2mms[22m[39m
2026-09-08T00:15:20.1484402Z  [32m✓[39m src/routes/indexPhases.test.ts [2m([22m[2m4 tests[22m[2m)[22m[32m 56[2mms[22m[39m
2026-09-08T00:15:20.4652061Z  [32m✓[39m src/routes/structuralSearch.test.ts [2m([22m[2m4 tests[22m[2m)[22m[32m 71[2mms[22m[39m
2026-09-08T00:15:20.9167705Z  [32m✓[39m src/domain/indexing/indexConcurrency.test.ts [2m([22m[2m3 tests[22m[2m)[22m[32m 99[2mms[22m[39m
2026-09-08T00:15:21.1256901Z  [32m✓[39m src/domain/zoekt/shardPrefix.test.ts [2m([22m[2m5 tests[22m[2m)[22m[32m 8[2mms[22m[39m
2026-09-08T00:15:21.2430851Z  [32m✓[39m src/domain/indexing/service.test.ts [2m([22m[2m4 tests[22m[2m)[22m[32m 75[2mms[22m[39m
2026-09-08T00:15:21.5139384Z  [32m✓[39m src/domain/search/structuralSearch.test.ts [2m([22m[2m3 tests[22m[2m)[22m[32m 66[2mms[22m[39m
2026-09-08T00:15:21.7954348Z  [32m✓[39m src/routes/graph.test.ts [2m([22m[2m2 tests[22m[2m)[22m[32m 60[2mms[22m[39m
2026-09-08T00:15:21.9240840Z  [32m✓[39m src/domain/repositories/resolveRef.test.ts [2m([22m[2m3 tests[22m[2m)[22m[32m 31[2mms[22m[39m
2026-09-08T00:15:22.0613901Z  [32m✓[39m src/domain/zoekt/warmup.test.ts [2m([22m[2m4 tests[22m[2m)[22m[32m 43[2mms[22m[39m
2026-09-08T00:15:22.3553764Z  [32m✓[39m src/auth/jwt.test.ts [2m([22m[2m3 tests[22m[2m)[22m[32m 27[2mms[22m[39m
2026-09-08T00:15:22.4762184Z  [32m✓[39m src/routes/indexPhases.zoekt.test.ts [2m([22m[2m1 test[22m[2m)[22m[32m 35[2mms[22m[39m
2026-09-08T00:15:22.8300779Z  [32m✓[39m src/db/transient.test.ts [2m([22m[2m5 tests[22m[2m)[22m[32m 110[2mms[22m[39m
2026-09-08T00:15:23.0052543Z  [32m✓[39m src/domain/indexing/memoryFitError.test.ts [2m([22m[2m4 tests[22m[2m)[22m[32m 5[2mms[22m[39m
2026-09-08T00:15:23.2366045Z  [32m✓[39m src/domain/graph/scipProto.test.ts [2m([22m[2m2 tests[22m[2m)[22m[32m 12[2mms[22m[39m
2026-09-08T00:15:23.2477471Z  [32m✓[39m src/db/client.org-context.test.ts [2m([22m[2m5 tests[22m[2m)[22m[32m 11[2mms[22m[39m
2026-09-08T00:15:23.4111973Z  [32m✓[39m src/domain/indexing/streamTail.test.ts [2m([22m[2m3 tests[22m[2m)[22m[32m 13[2mms[22m[39m
2026-09-08T00:15:23.4446087Z  [32m✓[39m src/domain/indexing/scipTouchedLanguages.test.ts [2m([22m[2m5 tests[22m[2m)[22m[32m 5[2mms[22m[39m
2026-09-08T00:15:23.6063297Z  [32m✓[39m src/config/paths.test.ts [2m([22m[2m2 tests[22m[2m)[22m[32m 4[2mms[22m[39m
2026-09-08T00:15:23.6234225Z  [32m✓[39m src/domain/repositories/paths.test.ts [2m([22m[2m2 tests[22m[2m)[22m[32m 4[2mms[22m[39m
2026-09-08T00:15:23.7567024Z  [32m✓[39m src/observability/http-wide-event-message.test.ts [2m([22m[2m1 test[22m[2m)[22m[32m 2[2mms[22m[39m
2026-09-08T00:15:23.7593609Z  [32m✓[39m src/domain/repositories/service.test.ts [2m([22m[2m2 tests[22m[2m)[22m[32m 7[2mms[22m[39m
2026-09-08T00:15:23.7626559Z 
2026-09-08T00:15:23.7633134Z [2m Test Files [22m [1m[32m31 passed[39m[22m[90m (31)[39m
2026-09-08T00:15:23.7634114Z [2m      Tests [22m [1m[32m184 passed[39m[22m[90m (184)[39m
2026-09-08T00:15:23.7636585Z [2m   Start at [22m 00:15:17
2026-09-08T00:15:23.7637578Z [2m   Duration [22m 6.61s[2m (transform 1.66s, setup 349ms, import 11.80s, tests 2.50s, environment 5ms)[22m
2026-09-08T00:15:23.7638247Z 
2026-09-08T00:15:23.7658843Z JSON report written to /app/.ci-results/codesearch/node.json
2026-09-08T00:15:23.8452571Z EXECUTED 184 tests in 31 files: 184 passed, 0 acknowledged failures, zero skipped
2026-09-08T00:15:24.3414134Z 
2026-09-08T00:15:24.3415450Z [1m[46m RUN [49m[22m [36mv4.0.18 [39m[90m/app/apps/codesearch[39m
2026-09-08T00:15:24.3416019Z 
2026-09-08T00:15:24.7825235Z  [32m✓[39m src/domain/repositories/globFiles.test.ts [2m([22m[2m14 tests[22m[2m)[22m[32m 81[2mms[22m[39m
2026-09-08T00:15:25.4313800Z  [32m✓[39m src/routes/repo.test.ts [2m([22m[2m23 tests[22m[2m)[22m[32m 71[2mms[22m[39m
2026-09-08T00:15:25.4353604Z 
2026-09-08T00:15:25.4356219Z [2m Test Files [22m [1m[32m2 passed[39m[22m[90m (2)[39m
2026-09-08T00:15:25.4357575Z [2m      Tests [22m [1m[32m37 passed[39m[22m[90m (37)[39m
2026-09-08T00:15:25.4358540Z [2m   Start at [22m 00:15:24
2026-09-08T00:15:25.4360444Z [2m   Duration [22m 1.08s[2m (transform 655ms, setup 121ms, import 912ms, tests 152ms, environment 1ms)[22m
2026-09-08T00:15:25.4361236Z 
2026-09-08T00:15:25.4375336Z JSON report written to /app/.ci-results/codesearch/bun.json
2026-09-08T00:15:25.4873248Z EXECUTED 37 tests in 2 files: 37 passed, 0 acknowledged failures, zero skipped
2026-09-08T00:15:25.8362377Z oom-simulation: exit=137 OOMKilled=true
2026-09-08T00:15:25.8362862Z 
2026-09-08T00:15:25.8363356Z oom-simulation: PASS (task cgroup OOM observed; does not assert repository status)
2026-09-08T00:15:25.8786081Z Post job cleanup.
2026-09-08T00:15:26.2046195Z Post job cleanup.
2026-09-08T00:15:26.3765002Z Pruning is unnecessary.
2026-09-08T00:15:26.3997394Z Post job cleanup.
2026-09-08T00:15:26.4971933Z [command]/usr/bin/git version
2026-09-08T00:15:26.5020156Z git version 2.55.0
2026-09-08T00:15:26.5079225Z Temporarily overriding HOME='/home/runner/work/_temp/5c8e58aa-d481-4721-b0fc-4b3d03147206' before making global git config changes
2026-09-08T00:15:26.5080787Z Adding repository directory to the temporary git global config as a safe directory
2026-09-08T00:15:26.5085824Z [command]/usr/bin/git config --global --add safe.directory /home/runner/work/ctxpipe/ctxpipe
2026-09-08T00:15:26.5118936Z Removing SSH command configuration
2026-09-08T00:15:26.5126057Z [command]/usr/bin/git config --local --name-only --get-regexp core\.sshCommand
2026-09-08T00:15:26.5164417Z [command]/usr/bin/git submodule foreach --recursive sh -c "git config --local --name-only --get-regexp 'core\.sshCommand' && git config --local --unset-all 'core.sshCommand' || :"
2026-09-08T00:15:26.5447862Z Removing HTTP extra header
2026-09-08T00:15:26.5454250Z [command]/usr/bin/git config --local --name-only --get-regexp http\.https\:\/\/github\.com\/\.extraheader
2026-09-08T00:15:26.5496977Z [command]/usr/bin/git submodule foreach --recursive sh -c "git config --local --name-only --get-regexp 'http\.https\:\/\/github\.com\/\.extraheader' && git config --local --unset-all 'http.https://github.com/.extraheader' || :"
2026-09-08T00:15:26.5773561Z Removing includeIf entries pointing to credentials config files
2026-09-08T00:15:26.5782868Z [command]/usr/bin/git config --local --name-only --get-regexp ^includeIf\.gitdir:
2026-09-08T00:15:26.5815240Z includeif.gitdir:/home/runner/work/ctxpipe/ctxpipe/.git.path
2026-09-08T00:15:26.5816398Z includeif.gitdir:/home/runner/work/ctxpipe/ctxpipe/.git/worktrees/*.path
2026-09-08T00:15:26.5817380Z includeif.gitdir:/github/workspace/.git.path
2026-09-08T00:15:26.5818252Z includeif.gitdir:/github/workspace/.git/worktrees/*.path
2026-09-08T00:15:26.5824553Z [command]/usr/bin/git config --local --get-all includeif.gitdir:/home/runner/work/ctxpipe/ctxpipe/.git.path
2026-09-08T00:15:26.5850599Z /home/runner/work/_temp/git-credentials-0150ff99-d65d-4746-a3ec-12ceb3cdae10.config
2026-09-08T00:15:26.5866111Z [command]/usr/bin/git config --local --unset includeif.gitdir:/home/runner/work/ctxpipe/ctxpipe/.git.path /home/runner/work/_temp/git-credentials-0150ff99-d65d-4746-a3ec-12ceb3cdae10.config
2026-09-08T00:15:26.5914719Z [command]/usr/bin/git config --local --get-all includeif.gitdir:/home/runner/work/ctxpipe/ctxpipe/.git/worktrees/*.path
2026-09-08T00:15:26.5943343Z /home/runner/work/_temp/git-credentials-0150ff99-d65d-4746-a3ec-12ceb3cdae10.config
2026-09-08T00:15:26.5954913Z [command]/usr/bin/git config --local --unset includeif.gitdir:/home/runner/work/ctxpipe/ctxpipe/.git/worktrees/*.path /home/runner/work/_temp/git-credentials-0150ff99-d65d-4746-a3ec-12ceb3cdae10.config
2026-09-08T00:15:26.5992593Z [command]/usr/bin/git config --local --get-all includeif.gitdir:/github/workspace/.git.path
2026-09-08T00:15:26.6019460Z /github/runner_temp/git-credentials-0150ff99-d65d-4746-a3ec-12ceb3cdae10.config
2026-09-08T00:15:26.6030475Z [command]/usr/bin/git config --local --unset includeif.gitdir:/github/workspace/.git.path /github/runner_temp/git-credentials-0150ff99-d65d-4746-a3ec-12ceb3cdae10.config
2026-09-08T00:15:26.6068227Z [command]/usr/bin/git config --local --get-all includeif.gitdir:/github/workspace/.git/worktrees/*.path
2026-09-08T00:15:26.6093937Z /github/runner_temp/git-credentials-0150ff99-d65d-4746-a3ec-12ceb3cdae10.config
2026-09-08T00:15:26.6105369Z [command]/usr/bin/git config --local --unset includeif.gitdir:/github/workspace/.git/worktrees/*.path /github/runner_temp/git-credentials-0150ff99-d65d-4746-a3ec-12ceb3cdae10.config
2026-09-08T00:15:26.6143615Z [command]/usr/bin/git submodule foreach --recursive git config --local --show-origin --name-only --get-regexp remote.origin.url
2026-09-08T00:15:26.6366319Z Removing credentials config '/home/runner/work/_temp/git-credentials-0150ff99-d65d-4746-a3ec-12ceb3cdae10.config'
2026-09-08T00:15:26.6520431Z Cleaning up orphan processes
