2026-09-07T23:46:34.0516580Z Current runner version: '2.337.0'
2026-09-07T23:46:34.0541017Z ##[group]Runner Image Provisioner
2026-09-07T23:46:34.0541801Z Hosted Compute Agent
2026-09-07T23:46:34.0542434Z Version: 20260828.587
2026-09-07T23:46:34.0543017Z Commit: abac92662cab4cc7352de4f9f9d2e2419aad9c29
2026-09-07T23:46:34.0543656Z Build Date: 2026-08-28T16:44:25Z
2026-09-07T23:46:34.0544306Z Worker ID: {ca7c6c46-f61d-4a0a-93de-76fc24ca6e80}
2026-09-07T23:46:34.0544962Z Azure Region: westus3
2026-09-07T23:46:34.0545476Z ##[endgroup]
2026-09-07T23:46:34.0546941Z ##[group]Operating System
2026-09-07T23:46:34.0547646Z Ubuntu
2026-09-07T23:46:34.0548153Z 24.04.4
2026-09-07T23:46:34.0548614Z LTS
2026-09-07T23:46:34.0549155Z ##[endgroup]
2026-09-07T23:46:34.0549660Z ##[group]Runner Image
2026-09-07T23:46:34.0550205Z Image: ubuntu-24.04
2026-09-07T23:46:34.0550730Z Version: 20260831.293.1
2026-09-07T23:46:34.0551848Z Included Software: https://github.com/actions/runner-images/blob/ubuntu24/20260831.293/images/ubuntu/Ubuntu2404-Readme.md
2026-09-07T23:46:34.0553258Z Image Release: https://github.com/actions/runner-images/releases/tag/ubuntu24%2F20260831.293
2026-09-07T23:46:34.0554103Z ##[endgroup]
2026-09-07T23:46:34.0555091Z ##[group]GITHUB_TOKEN Permissions
2026-09-07T23:46:34.0557113Z Contents: read
2026-09-07T23:46:34.0557724Z Metadata: read
2026-09-07T23:46:34.0558222Z ##[endgroup]
2026-09-07T23:46:34.0560305Z Secret source: Actions
2026-09-07T23:46:34.0561390Z Prepare workflow directory
2026-09-07T23:46:34.0905010Z Prepare all required actions
2026-09-07T23:46:34.0958931Z Getting action download info
2026-09-07T23:46:34.3721665Z Download action repository 'actions/checkout@v6' (SHA:d23441a48e516b6c34aea4fa41551a30e30af803)
2026-09-07T23:46:34.5766766Z Complete job name: Production build (codesearch)
2026-09-07T23:46:34.6352655Z ##[group]Run actions/checkout@v6
2026-09-07T23:46:34.6353531Z with:
2026-09-07T23:46:34.6354108Z   repository: ctxpipe-ai/ctxpipe
2026-09-07T23:46:34.6357868Z   token: ***
2026-09-07T23:46:34.6358364Z   ssh-strict: true
2026-09-07T23:46:34.6358903Z   ssh-user: git
2026-09-07T23:46:34.6359385Z   persist-credentials: true
2026-09-07T23:46:34.6359945Z   clean: true
2026-09-07T23:46:34.6360426Z   sparse-checkout-cone-mode: true
2026-09-07T23:46:34.6360985Z   fetch-depth: 1
2026-09-07T23:46:34.6361488Z   fetch-tags: false
2026-09-07T23:46:34.6361977Z   show-progress: true
2026-09-07T23:46:34.6362473Z   lfs: false
2026-09-07T23:46:34.6362918Z   submodules: false
2026-09-07T23:46:34.6363388Z   set-safe-directory: true
2026-09-07T23:46:34.6363980Z   allow-unsafe-pr-checkout: false
2026-09-07T23:46:34.6364814Z ##[endgroup]
2026-09-07T23:46:34.7403900Z Syncing repository: ctxpipe-ai/ctxpipe
2026-09-07T23:46:34.7406871Z ##[group]Getting Git version info
2026-09-07T23:46:34.7408614Z Working directory is '/home/runner/work/ctxpipe/ctxpipe'
2026-09-07T23:46:34.7410391Z [command]/usr/bin/git version
2026-09-07T23:46:34.7436272Z git version 2.55.0
2026-09-07T23:46:34.7457806Z ##[endgroup]
2026-09-07T23:46:34.7471753Z Temporarily overriding HOME='/home/runner/work/_temp/d2eed67e-c57d-45f3-a051-309c6d979099' before making global git config changes
2026-09-07T23:46:34.7474550Z Adding repository directory to the temporary git global config as a safe directory
2026-09-07T23:46:34.7476879Z [command]/usr/bin/git config --global --add safe.directory /home/runner/work/ctxpipe/ctxpipe
2026-09-07T23:46:34.7539699Z Deleting the contents of '/home/runner/work/ctxpipe/ctxpipe'
2026-09-07T23:46:34.7541956Z ##[group]Determining repository object format
2026-09-07T23:46:34.7543689Z ##[endgroup]
2026-09-07T23:46:34.7545010Z ##[group]Initializing the repository
2026-09-07T23:46:34.7546583Z [command]/usr/bin/git init /home/runner/work/ctxpipe/ctxpipe
2026-09-07T23:46:34.7643651Z hint: Using 'master' as the name for the initial branch. This default branch name
2026-09-07T23:46:34.7648908Z hint: will change to "main" in Git 3.0. To configure the initial branch name
2026-09-07T23:46:34.7651982Z hint: to use in all of your new repositories, which will suppress this warning,
2026-09-07T23:46:34.7653629Z hint: call:
2026-09-07T23:46:34.7654264Z hint:
2026-09-07T23:46:34.7654960Z hint: 	git config --global init.defaultBranch <name>
2026-09-07T23:46:34.7655881Z hint:
2026-09-07T23:46:34.7657446Z hint: Names commonly chosen instead of 'master' are 'main', 'trunk' and
2026-09-07T23:46:34.7659290Z hint: 'development'. The just-created branch can be renamed via this command:
2026-09-07T23:46:34.7660972Z hint:
2026-09-07T23:46:34.7661935Z hint: 	git branch -m <name>
2026-09-07T23:46:34.7663012Z hint:
2026-09-07T23:46:34.7664430Z hint: Disable this message with "git config set advice.defaultBranchName false"
2026-09-07T23:46:34.7666543Z Initialized empty Git repository in /home/runner/work/ctxpipe/ctxpipe/.git/
2026-09-07T23:46:34.7670328Z [command]/usr/bin/git remote add origin https://github.com/ctxpipe-ai/ctxpipe
2026-09-07T23:46:34.7695574Z ##[endgroup]
2026-09-07T23:46:34.7697251Z ##[group]Disabling automatic garbage collection
2026-09-07T23:46:34.7700591Z [command]/usr/bin/git config --local gc.auto 0
2026-09-07T23:46:34.7731033Z ##[endgroup]
2026-09-07T23:46:34.7732801Z ##[group]Setting up auth
2026-09-07T23:46:34.7734208Z Removing SSH command configuration
2026-09-07T23:46:34.7739354Z [command]/usr/bin/git config --local --name-only --get-regexp core\.sshCommand
2026-09-07T23:46:34.7768596Z [command]/usr/bin/git submodule foreach --recursive sh -c "git config --local --name-only --get-regexp 'core\.sshCommand' && git config --local --unset-all 'core.sshCommand' || :"
2026-09-07T23:46:34.8078360Z Removing HTTP extra header
2026-09-07T23:46:34.8085091Z [command]/usr/bin/git config --local --name-only --get-regexp http\.https\:\/\/github\.com\/\.extraheader
2026-09-07T23:46:34.8109469Z [command]/usr/bin/git submodule foreach --recursive sh -c "git config --local --name-only --get-regexp 'http\.https\:\/\/github\.com\/\.extraheader' && git config --local --unset-all 'http.https://github.com/.extraheader' || :"
2026-09-07T23:46:34.8308424Z Removing includeIf entries pointing to credentials config files
2026-09-07T23:46:34.8313164Z [command]/usr/bin/git config --local --name-only --get-regexp ^includeIf\.gitdir:
2026-09-07T23:46:34.8349858Z [command]/usr/bin/git submodule foreach --recursive git config --local --show-origin --name-only --get-regexp remote.origin.url
2026-09-07T23:46:34.8531680Z [command]/usr/bin/git config --file /home/runner/work/_temp/git-credentials-d7b5d0a6-26b1-4fb8-9a0f-0e08390d68df.config http.https://github.com/.extraheader AUTHORIZATION: basic ***
2026-09-07T23:46:34.8565132Z [command]/usr/bin/git config --local includeIf.gitdir:/home/runner/work/ctxpipe/ctxpipe/.git.path /home/runner/work/_temp/git-credentials-d7b5d0a6-26b1-4fb8-9a0f-0e08390d68df.config
2026-09-07T23:46:34.8590596Z [command]/usr/bin/git config --local includeIf.gitdir:/home/runner/work/ctxpipe/ctxpipe/.git/worktrees/*.path /home/runner/work/_temp/git-credentials-d7b5d0a6-26b1-4fb8-9a0f-0e08390d68df.config
2026-09-07T23:46:34.8623269Z [command]/usr/bin/git config --local includeIf.gitdir:/github/workspace/.git.path /github/runner_temp/git-credentials-d7b5d0a6-26b1-4fb8-9a0f-0e08390d68df.config
2026-09-07T23:46:34.8651213Z [command]/usr/bin/git config --local includeIf.gitdir:/github/workspace/.git/worktrees/*.path /github/runner_temp/git-credentials-d7b5d0a6-26b1-4fb8-9a0f-0e08390d68df.config
2026-09-07T23:46:34.8677347Z ##[endgroup]
2026-09-07T23:46:34.8678872Z ##[group]Fetching the repository
2026-09-07T23:46:34.8686796Z [command]/usr/bin/git -c protocol.version=2 fetch --no-tags --prune --no-recurse-submodules --depth=1 origin +20ff56b6efef7b76f37385b7660edfd81f795eab:refs/remotes/origin/codex/develop-plan-to-refocus-branch-direction
2026-09-07T23:46:36.7189695Z From https://github.com/ctxpipe-ai/ctxpipe
2026-09-07T23:46:36.7194312Z  * [new ref]         20ff56b6efef7b76f37385b7660edfd81f795eab -> origin/codex/develop-plan-to-refocus-branch-direction
2026-09-07T23:46:36.7202727Z [command]/usr/bin/git branch --list --remote origin/codex/develop-plan-to-refocus-branch-direction
2026-09-07T23:46:36.7226434Z   origin/codex/develop-plan-to-refocus-branch-direction
2026-09-07T23:46:36.7234556Z [command]/usr/bin/git rev-parse refs/remotes/origin/codex/develop-plan-to-refocus-branch-direction
2026-09-07T23:46:36.7253908Z 20ff56b6efef7b76f37385b7660edfd81f795eab
2026-09-07T23:46:36.7258350Z ##[endgroup]
2026-09-07T23:46:36.7259841Z ##[group]Determining the checkout info
2026-09-07T23:46:36.7261937Z ##[endgroup]
2026-09-07T23:46:36.7262985Z [command]/usr/bin/git sparse-checkout disable
2026-09-07T23:46:36.7309644Z [command]/usr/bin/git config --local --unset-all extensions.worktreeConfig
2026-09-07T23:46:36.7334103Z ##[group]Checking out the ref
2026-09-07T23:46:36.7337849Z [command]/usr/bin/git checkout --progress --force -B codex/develop-plan-to-refocus-branch-direction refs/remotes/origin/codex/develop-plan-to-refocus-branch-direction
2026-09-07T23:46:36.8864884Z Switched to a new branch 'codex/develop-plan-to-refocus-branch-direction'
2026-09-07T23:46:36.8869705Z branch 'codex/develop-plan-to-refocus-branch-direction' set up to track 'origin/codex/develop-plan-to-refocus-branch-direction'.
2026-09-07T23:46:36.8880381Z ##[endgroup]
2026-09-07T23:46:36.8922504Z [command]/usr/bin/git log -1 --format=%H
2026-09-07T23:46:36.8947247Z 20ff56b6efef7b76f37385b7660edfd81f795eab
2026-09-07T23:46:36.9193033Z ##[group]Run docker build --progress=plain -f 'apps/codesearch/Dockerfile' .
2026-09-07T23:46:36.9195431Z [36;1mdocker build --progress=plain -f 'apps/codesearch/Dockerfile' .[0m
2026-09-07T23:46:36.9224016Z shell: /usr/bin/bash -e {0}
2026-09-07T23:46:36.9225241Z ##[endgroup]
2026-09-07T23:46:37.6599931Z #0 building with "default" instance using docker driver
2026-09-07T23:46:37.6600290Z 
2026-09-07T23:46:37.6600493Z #1 [internal] load build definition from Dockerfile
2026-09-07T23:46:37.6600971Z #1 transferring dockerfile: 10.77kB 0.0s done
2026-09-07T23:46:37.6601298Z #1 DONE 0.0s
2026-09-07T23:46:37.6601443Z 
2026-09-07T23:46:37.6601659Z #2 [internal] load metadata for docker.io/library/rust:1-bookworm
2026-09-07T23:46:37.8295397Z #2 ...
2026-09-07T23:46:37.8295725Z 
2026-09-07T23:46:37.8296108Z #3 [auth] library/debian:pull token for registry-1.docker.io
2026-09-07T23:46:37.8296628Z #3 DONE 0.0s
2026-09-07T23:46:37.8296809Z 
2026-09-07T23:46:37.8297309Z #4 [auth] library/rust:pull token for registry-1.docker.io
2026-09-07T23:46:37.8297904Z #4 DONE 0.0s
2026-09-07T23:46:37.8298162Z 
2026-09-07T23:46:37.8298473Z #5 [auth] oven/bun:pull token for registry-1.docker.io
2026-09-07T23:46:37.8299141Z #5 DONE 0.0s
2026-09-07T23:46:37.8299380Z 
2026-09-07T23:46:37.8299708Z #6 [auth] library/golang:pull token for registry-1.docker.io
2026-09-07T23:46:37.8300325Z #6 DONE 0.0s
2026-09-07T23:46:37.8300556Z 
2026-09-07T23:46:37.8300909Z #7 [auth] library/dart:pull token for registry-1.docker.io
2026-09-07T23:46:37.8301429Z #7 DONE 0.0s
2026-09-07T23:46:37.8301653Z 
2026-09-07T23:46:37.8301945Z #8 [auth] library/node:pull token for registry-1.docker.io
2026-09-07T23:46:37.8302470Z #8 DONE 0.0s
2026-09-07T23:46:37.8302742Z 
2026-09-07T23:46:37.8303239Z #9 [internal] load metadata for mcr.microsoft.com/dotnet/sdk:8.0-bookworm-slim
2026-09-07T23:46:37.8303810Z #9 DONE 0.3s
2026-09-07T23:46:37.8303992Z 
2026-09-07T23:46:37.8304191Z #10 [internal] load metadata for docker.io/oven/bun:1.3.11-slim
2026-09-07T23:46:38.1972244Z #10 ...
2026-09-07T23:46:38.1972830Z 
2026-09-07T23:46:38.1973087Z #11 [internal] load metadata for docker.io/library/debian:bookworm-slim
2026-09-07T23:46:38.1973715Z #11 DONE 0.7s
2026-09-07T23:46:38.3715967Z 
2026-09-07T23:46:38.3716849Z #12 [internal] load metadata for docker.io/library/node:22-bookworm-slim
2026-09-07T23:46:38.3717699Z #12 DONE 0.8s
2026-09-07T23:46:38.3717919Z 
2026-09-07T23:46:38.3718213Z #13 [internal] load metadata for docker.io/library/dart:stable
2026-09-07T23:46:38.3718771Z #13 DONE 0.8s
2026-09-07T23:46:38.3718965Z 
2026-09-07T23:46:38.3719286Z #14 [internal] load metadata for docker.io/library/golang:1.24-bookworm
2026-09-07T23:46:38.3719913Z #14 DONE 0.8s
2026-09-07T23:46:38.3720125Z 
2026-09-07T23:46:38.3720949Z #2 [internal] load metadata for docker.io/library/rust:1-bookworm
2026-09-07T23:46:38.3721562Z #2 DONE 0.9s
2026-09-07T23:46:38.3721784Z 
2026-09-07T23:46:38.3722043Z #10 [internal] load metadata for docker.io/oven/bun:1.3.11-slim
2026-09-07T23:46:38.4858629Z #10 DONE 0.9s
2026-09-07T23:46:38.4858992Z 
2026-09-07T23:46:38.4859165Z #15 [internal] load .dockerignore
2026-09-07T23:46:38.4859537Z #15 transferring context: 215B done
2026-09-07T23:46:38.4859985Z #15 DONE 0.0s
2026-09-07T23:46:38.4860180Z 
2026-09-07T23:46:38.4860820Z #16 [rust-tools 1/2] FROM docker.io/library/rust:1-bookworm@sha256:82150a52ec202c1b14d7817e14516c392bb7f5cfebd88f1ed531cb37ebd39922
2026-09-07T23:46:38.4862136Z #16 resolve docker.io/library/rust:1-bookworm@sha256:82150a52ec202c1b14d7817e14516c392bb7f5cfebd88f1ed531cb37ebd39922 0.0s done
2026-09-07T23:46:38.6258268Z #16 ...
2026-09-07T23:46:38.6259146Z 
2026-09-07T23:46:38.6259590Z #17 [internal] load build context
2026-09-07T23:46:38.6261769Z #17 transferring context: 1.55MB 0.0s done
2026-09-07T23:46:38.6262310Z #17 DONE 0.0s
2026-09-07T23:46:38.6262431Z 
2026-09-07T23:46:38.6263015Z #16 [rust-tools 1/2] FROM docker.io/library/rust:1-bookworm@sha256:82150a52ec202c1b14d7817e14516c392bb7f5cfebd88f1ed531cb37ebd39922
2026-09-07T23:46:38.6264155Z #16 sha256:82150a52ec202c1b14d7817e14516c392bb7f5cfebd88f1ed531cb37ebd39922 6.48kB / 6.48kB done
2026-09-07T23:46:38.6265185Z #16 sha256:4e4a7e7939c17991ab35f2b8c2e67593980f771d28f6b1254b1850f860fd0c7f 1.94kB / 1.94kB done
2026-09-07T23:46:38.6266250Z #16 sha256:a3535ab419a167bf1c5acc0ea5d536c358152a9fb8dd8504068ef24bb0f4a1f1 4.54kB / 4.54kB done
2026-09-07T23:46:41.9532363Z #16 ...
2026-09-07T23:46:41.9532606Z 
2026-09-07T23:46:41.9533307Z #18 [release-tools 1/3] FROM docker.io/library/debian:bookworm-slim@sha256:88200866dfff7ea7f5cbcb6ec7c8a701889efe6fe859fe64d6990e4b07ea4171
2026-09-07T23:46:41.9534817Z #18 resolve docker.io/library/debian:bookworm-slim@sha256:88200866dfff7ea7f5cbcb6ec7c8a701889efe6fe859fe64d6990e4b07ea4171 0.0s done
2026-09-07T23:46:41.9536200Z #18 sha256:88200866dfff7ea7f5cbcb6ec7c8a701889efe6fe859fe64d6990e4b07ea4171 5.65kB / 5.65kB done
2026-09-07T23:46:41.9537547Z #18 sha256:5ae3c39ebd15e229dcedd5cee596b2497182493d41ff162e824ba13fc1b2b867 1.02kB / 1.02kB done
2026-09-07T23:46:41.9538566Z #18 sha256:160466e67bb85a4099d9d9c2356b4a6a64747b281a22c142efbd4539db1b8525 453B / 453B done
2026-09-07T23:46:41.9539613Z #18 sha256:a8ac7f6c67abc236e4c745052c404112b8fab6fe8ac3a329d1ef3b867ad67c71 28.23MB / 28.23MB 0.1s done
2026-09-07T23:46:41.9540715Z #18 extracting sha256:a8ac7f6c67abc236e4c745052c404112b8fab6fe8ac3a329d1ef3b867ad67c71 0.5s
2026-09-07T23:46:43.8070048Z #18 ...
2026-09-07T23:46:43.8071088Z 
2026-09-07T23:46:43.8072131Z #19 [dotnet-tools 1/2] FROM mcr.microsoft.com/dotnet/sdk:8.0-bookworm-slim@sha256:bb32ba3ba3ea36e38572d9d8db76fa15f7cbf722f3f886e06bca6d528bd4fba8
2026-09-07T23:46:43.8074220Z #19 resolve mcr.microsoft.com/dotnet/sdk:8.0-bookworm-slim@sha256:bb32ba3ba3ea36e38572d9d8db76fa15f7cbf722f3f886e06bca6d528bd4fba8 0.0s done
2026-09-07T23:46:43.8075920Z #19 sha256:9c4c20904c9ea8fc8c00e6e50cbb0ad8c0c87793317fb0fc6de6bb8945e4c388 5.29kB / 5.29kB done
2026-09-07T23:46:43.8077366Z #19 sha256:a8ac7f6c67abc236e4c745052c404112b8fab6fe8ac3a329d1ef3b867ad67c71 28.23MB / 28.23MB 0.1s done
2026-09-07T23:46:43.8080300Z #19 sha256:bb32ba3ba3ea36e38572d9d8db76fa15f7cbf722f3f886e06bca6d528bd4fba8 1.08kB / 1.08kB done
2026-09-07T23:46:43.8087340Z #19 sha256:237133a0ea20cffcfaa92588e1c8a56d58fe99f44da72dcff35aeb017119abcf 2.42kB / 2.42kB done
2026-09-07T23:46:43.8089132Z #19 extracting sha256:a8ac7f6c67abc236e4c745052c404112b8fab6fe8ac3a329d1ef3b867ad67c71 2.3s done
2026-09-07T23:46:43.8090795Z #19 sha256:de2662b086556c8b67db5858cb8a7ba0ec8141bc23773ce5b55868e4aa878c0d 18.74MB / 18.74MB 0.8s done
2026-09-07T23:46:43.8092285Z #19 sha256:241824c35c3fd308c89de22df72bc5c829022499abc318ceacfc8d8105467cd1 3.34kB / 3.34kB 0.6s done
2026-09-07T23:46:43.8093553Z #19 sha256:7b80194f63c035b4edd5b4c27099bd45bd8ffd8d160fe232f60a168c35b69d87 32.26MB / 32.26MB 1.2s done
2026-09-07T23:46:43.8095845Z #19 sha256:95f74afdb0f5ca9cd3c0cd4542c068b7c3dd2f882375c23d2eb54806163c1b8d 165B / 165B 0.9s done
2026-09-07T23:46:43.8097430Z #19 sha256:6a13df20059f818fcba73629156686d32c95417bdb08e508ffe6023df42ae174 11.10MB / 11.10MB 1.0s done
2026-09-07T23:46:43.8098814Z #19 sha256:e99f716dfd91b19b6b3256c18d2ecd63e62a9e9584bbf2dbba6b87e0a06a073a 31.09MB / 31.09MB 1.8s done
2026-09-07T23:46:43.8100302Z #19 sha256:28ad44209b7dbe064a7b0b9a37d2714f941d93e1aeeea24d3fa6eea98d34442e 2.68kB / 2.68kB 2.0s done
2026-09-07T23:46:43.8101700Z #19 sha256:40790fa57b9b922de75261a1a7b47a37525a2e606d06ea5487672b113906a295 177.90MB / 177.90MB 3.1s done
2026-09-07T23:46:43.8103111Z #19 sha256:a5731be9f2ef507f77c1ee99f904922c863db51aff682e67e94eef2c58af6a78 17.05MB / 17.05MB 2.2s done
2026-09-07T23:46:43.8104336Z #19 extracting sha256:de2662b086556c8b67db5858cb8a7ba0ec8141bc23773ce5b55868e4aa878c0d 1.6s
2026-09-07T23:46:44.3543527Z #19 extracting sha256:de2662b086556c8b67db5858cb8a7ba0ec8141bc23773ce5b55868e4aa878c0d 2.2s done
2026-09-07T23:46:44.4548097Z #19 ...
2026-09-07T23:46:44.4548598Z 
2026-09-07T23:46:44.4550314Z #16 [rust-tools 1/2] FROM docker.io/library/rust:1-bookworm@sha256:82150a52ec202c1b14d7817e14516c392bb7f5cfebd88f1ed531cb37ebd39922
2026-09-07T23:46:44.4551644Z #16 sha256:08457856946d74c8aede7d750e185d1e479a79b8123d1b805182a580d224a6e2 24.06MB / 24.06MB 5.7s done
2026-09-07T23:46:44.4552814Z #16 sha256:abf56b2f87242de589f03ea56779358079c07c4c099bd1e454d083538eb6666d 48.50MB / 48.50MB 6.0s
2026-09-07T23:46:44.4553781Z #16 sha256:8cab6ce149c24516f80b26a762b6b9aaebcaf4fbe51d4c6844af7d7dbc372f2d 64.41MB / 64.41MB 6.0s
2026-09-07T23:46:44.9723261Z #16 sha256:01a6a9ffe665b63ea18491fedb646423413ae3fdefcf7776ee25a2eaff8a673e 0B / 211.66MB 6.5s
2026-09-07T23:46:45.0814148Z #16 sha256:abf56b2f87242de589f03ea56779358079c07c4c099bd1e454d083538eb6666d 48.50MB / 48.50MB 6.5s done
2026-09-07T23:46:45.0815435Z #16 sha256:8cab6ce149c24516f80b26a762b6b9aaebcaf4fbe51d4c6844af7d7dbc372f2d 64.41MB / 64.41MB 6.5s done
2026-09-07T23:46:45.0816608Z #16 sha256:c2248155a6ec096914b7fe17a070ba983f14c36b6daf03981645b219ad639321 0B / 213.84MB 6.6s
2026-09-07T23:46:45.2128602Z #16 sha256:01a6a9ffe665b63ea18491fedb646423413ae3fdefcf7776ee25a2eaff8a673e 31.46MB / 211.66MB 6.7s
2026-09-07T23:46:45.2129780Z #16 sha256:c2248155a6ec096914b7fe17a070ba983f14c36b6daf03981645b219ad639321 13.63MB / 213.84MB 6.7s
2026-09-07T23:46:45.2130846Z #16 extracting sha256:abf56b2f87242de589f03ea56779358079c07c4c099bd1e454d083538eb6666d
2026-09-07T23:46:45.3186657Z #16 sha256:01a6a9ffe665b63ea18491fedb646423413ae3fdefcf7776ee25a2eaff8a673e 61.87MB / 211.66MB 6.8s
2026-09-07T23:46:45.3189650Z #16 sha256:c2248155a6ec096914b7fe17a070ba983f14c36b6daf03981645b219ad639321 41.94MB / 213.84MB 6.8s
2026-09-07T23:46:45.4331456Z #16 sha256:01a6a9ffe665b63ea18491fedb646423413ae3fdefcf7776ee25a2eaff8a673e 90.18MB / 211.66MB 6.9s
2026-09-07T23:46:45.4333926Z #16 sha256:c2248155a6ec096914b7fe17a070ba983f14c36b6daf03981645b219ad639321 78.64MB / 213.84MB 6.9s
2026-09-07T23:46:45.5368473Z #16 sha256:01a6a9ffe665b63ea18491fedb646423413ae3fdefcf7776ee25a2eaff8a673e 114.29MB / 211.66MB 7.0s
2026-09-07T23:46:45.5369746Z #16 sha256:c2248155a6ec096914b7fe17a070ba983f14c36b6daf03981645b219ad639321 116.39MB / 213.84MB 7.0s
2026-09-07T23:46:45.6648809Z #16 sha256:01a6a9ffe665b63ea18491fedb646423413ae3fdefcf7776ee25a2eaff8a673e 158.33MB / 211.66MB 7.2s
2026-09-07T23:46:45.6650238Z #16 sha256:c2248155a6ec096914b7fe17a070ba983f14c36b6daf03981645b219ad639321 184.55MB / 213.84MB 7.2s
2026-09-07T23:46:45.8249882Z #16 sha256:01a6a9ffe665b63ea18491fedb646423413ae3fdefcf7776ee25a2eaff8a673e 173.02MB / 211.66MB 7.3s
2026-09-07T23:46:45.8253279Z #16 sha256:c2248155a6ec096914b7fe17a070ba983f14c36b6daf03981645b219ad639321 205.52MB / 213.84MB 7.3s
2026-09-07T23:46:45.9549004Z #16 sha256:01a6a9ffe665b63ea18491fedb646423413ae3fdefcf7776ee25a2eaff8a673e 211.66MB / 211.66MB 7.5s
2026-09-07T23:46:46.9093674Z #16 sha256:c2248155a6ec096914b7fe17a070ba983f14c36b6daf03981645b219ad639321 213.84MB / 213.84MB 8.4s done
2026-09-07T23:46:47.0645695Z #16 sha256:01a6a9ffe665b63ea18491fedb646423413ae3fdefcf7776ee25a2eaff8a673e 211.66MB / 211.66MB 8.4s done
2026-09-07T23:46:47.6966820Z #16 ...
2026-09-07T23:46:47.6967233Z 
2026-09-07T23:46:47.9527931Z #20 [release-tools 2/3] RUN test "amd64" = "amd64" ||     (echo "The full SCIP matrix requires linux/amd64 (scip-clang/scip-ruby upstream limitation)." >&2; exit 1)
2026-09-07T23:46:47.9529233Z #20 DONE 5.8s
2026-09-07T23:46:47.9529444Z 
2026-09-07T23:46:47.9530215Z #16 [rust-tools 1/2] FROM docker.io/library/rust:1-bookworm@sha256:82150a52ec202c1b14d7817e14516c392bb7f5cfebd88f1ed531cb37ebd39922
2026-09-07T23:46:47.9531188Z #16 ...
2026-09-07T23:46:47.9532094Z 
2026-09-07T23:46:47.9548882Z #21 [bun-runtime 1/1] FROM docker.io/oven/bun:1.3.11-slim@sha256:478281fdd196871c7e51ba6a820b7803a8ae97042ec86cdbc2e1c6b6626442d9
2026-09-07T23:46:47.9578572Z #21 resolve docker.io/oven/bun:1.3.11-slim@sha256:478281fdd196871c7e51ba6a820b7803a8ae97042ec86cdbc2e1c6b6626442d9 0.0s done
2026-09-07T23:46:47.9581753Z #21 sha256:478281fdd196871c7e51ba6a820b7803a8ae97042ec86cdbc2e1c6b6626442d9 1.61kB / 1.61kB done
2026-09-07T23:46:47.9592387Z #21 sha256:287f39d1be80099129bb282dda3c031d34bde2f0e60c3d139950e8981fd13022 3.91kB / 3.91kB done
2026-09-07T23:46:47.9593846Z #21 sha256:ec781dee3f4719c2ca0dd9e73cb1d4ed834ed1a406495eb6e44b6dfaad5d1f8f 29.78MB / 29.78MB 0.2s done
2026-09-07T23:46:47.9595327Z #21 sha256:ee21e31559f8ae2bd42ae0b4ffc6e583b9d2e952115fdcc00ead7a655dbbd35d 39.09MB / 39.09MB 0.3s done
2026-09-07T23:46:47.9596735Z #21 sha256:49a1dfafe49d774e0b75a17bd596d5a8e49231c1fab76d9a30b6fc690c30f30e 1.43kB / 1.43kB done
2026-09-07T23:46:47.9598156Z #21 sha256:7121a318badd7246578c0f648517fb8a5b903df105e638bef590df5b1bfd541a 296B / 296B 0.1s done
2026-09-07T23:46:47.9599472Z #21 sha256:ce5883da6fa02306fd819610aa37a9c00235b196dc376ab963f515afbfb8038a 184B / 184B 0.2s done
2026-09-07T23:46:47.9601450Z #21 extracting sha256:ec781dee3f4719c2ca0dd9e73cb1d4ed834ed1a406495eb6e44b6dfaad5d1f8f 2.0s done
2026-09-07T23:46:47.9603065Z #21 sha256:fd77b601fa04a6b78941ab21aed5de5de08506942846d124919d07531b58783c 3.39kB / 3.39kB 0.3s done
2026-09-07T23:46:47.9604439Z #21 sha256:9c0c2b5a8c358da9206fcb4cd20f9d9824a1eacad378f9cb131633c886cef1c2 138B / 138B 0.3s done
2026-09-07T23:46:47.9605719Z #21 extracting sha256:7121a318badd7246578c0f648517fb8a5b903df105e638bef590df5b1bfd541a done
2026-09-07T23:46:47.9607102Z #21 extracting sha256:ee21e31559f8ae2bd42ae0b4ffc6e583b9d2e952115fdcc00ead7a655dbbd35d 0.9s done
2026-09-07T23:46:47.9608369Z #21 extracting sha256:ce5883da6fa02306fd819610aa37a9c00235b196dc376ab963f515afbfb8038a done
2026-09-07T23:46:47.9609576Z #21 extracting sha256:fd77b601fa04a6b78941ab21aed5de5de08506942846d124919d07531b58783c done
2026-09-07T23:46:47.9610754Z #21 extracting sha256:9c0c2b5a8c358da9206fcb4cd20f9d9824a1eacad378f9cb131633c886cef1c2 done
2026-09-07T23:46:47.9611596Z #21 DONE 9.4s
2026-09-07T23:46:47.9611894Z 
2026-09-07T23:46:47.9612180Z #22 [deps 1/6] WORKDIR /app
2026-09-07T23:46:47.9612581Z #22 DONE 0.0s
2026-09-07T23:46:47.9612761Z 
2026-09-07T23:46:47.9613568Z #16 [rust-tools 1/2] FROM docker.io/library/rust:1-bookworm@sha256:82150a52ec202c1b14d7817e14516c392bb7f5cfebd88f1ed531cb37ebd39922
2026-09-07T23:46:48.3500568Z #16 ...
2026-09-07T23:46:48.3500853Z 
2026-09-07T23:46:48.3508276Z #23 [runtime  2/27] COPY --from=bun-runtime /usr/local/bin/bun /usr/local/bin/bun
2026-09-07T23:46:48.3527969Z #23 DONE 0.1s
2026-09-07T23:46:48.3545686Z 
2026-09-07T23:46:48.3548488Z #16 [rust-tools 1/2] FROM docker.io/library/rust:1-bookworm@sha256:82150a52ec202c1b14d7817e14516c392bb7f5cfebd88f1ed531cb37ebd39922
2026-09-07T23:46:48.4591929Z #16 ...
2026-09-07T23:46:48.4592385Z 
2026-09-07T23:46:48.4593303Z #24 [go-tools 1/2] FROM docker.io/library/golang:1.24-bookworm@sha256:1a6d4452c65dea36aac2e2d606b01b4a029ec90cc1ae53890540ce6173ea77ac
2026-09-07T23:46:48.4595921Z #24 resolve docker.io/library/golang:1.24-bookworm@sha256:1a6d4452c65dea36aac2e2d606b01b4a029ec90cc1ae53890540ce6173ea77ac 0.0s done
2026-09-07T23:46:48.4597956Z #24 sha256:98d673f18a1aac43da744209873cb79323e11706f909251bcfb131828b95559d 2.32kB / 2.32kB done
2026-09-07T23:46:48.4599259Z #24 sha256:1a6d4452c65dea36aac2e2d606b01b4a029ec90cc1ae53890540ce6173ea77ac 9.10kB / 9.10kB done
2026-09-07T23:46:48.4600630Z #24 sha256:e0cffc405270b9114fac7706d07c373727d1b42b0e47c525b9cd1ab1097779ff 3.06kB / 3.06kB done
2026-09-07T23:46:48.4601814Z #24 sha256:4f4fb700ef54461cfa02571ae0db9a0dc1e0cdb5577484a6d75e68dc38e8acc1 32B / 32B 4.6s
2026-09-07T23:46:48.4602988Z #24 sha256:6bc9f599b3efabc64230fd3b969d7654fcd6c6c98ad7cf7470093fe85274a7fc 48.48MB / 48.48MB 2.6s done
2026-09-07T23:46:48.4604270Z #24 sha256:89edcaae7ec479668d9bf0891145726173a305c809a8c4165723ceaf15b5a05f 24.04MB / 24.04MB 3.0s done
2026-09-07T23:46:48.4605580Z #24 extracting sha256:6bc9f599b3efabc64230fd3b969d7654fcd6c6c98ad7cf7470093fe85274a7fc 6.9s
2026-09-07T23:46:48.4606934Z #24 sha256:bbceb003542957cee7df7b79249eaf0a71d21c5203d086969b565fb6dec85d86 64.40MB / 64.40MB 3.6s done
2026-09-07T23:46:48.4608764Z #24 sha256:d1ae0a59862a60fde488eccaa7f764b5f5cb60746b7adf2335f9cc05ce1ed745 92.43MB / 92.43MB 4.5s done
2026-09-07T23:46:48.4610338Z #24 sha256:f7bdfd728ac2ad72d43b82689890dc698260d3a1049845f48fb3fb942df6c581 79.13MB / 79.13MB 4.5s done
2026-09-07T23:46:48.4611520Z #24 sha256:ee9e6246b78f3a784fefa655e89ccdf2271e396000b7624d6a785cb2c2580001 125B / 125B 4.1s done
2026-09-07T23:46:48.5883634Z #24 ...
2026-09-07T23:46:48.5884159Z 
2026-09-07T23:46:48.5885143Z #25 [node-tools 1/2] FROM docker.io/library/node:22-bookworm-slim@sha256:83f487e0a63425e5b4d146fb5e5be574bcbe1b7b843d3ebafdd95eaf7767a7e5
2026-09-07T23:46:48.5887101Z #25 resolve docker.io/library/node:22-bookworm-slim@sha256:83f487e0a63425e5b4d146fb5e5be574bcbe1b7b843d3ebafdd95eaf7767a7e5 0.0s done
2026-09-07T23:46:48.5888763Z #25 sha256:4d676821dff059fd00d277ee4261ef34ea712317fed0737c03941481b5760c96 1.93kB / 1.93kB done
2026-09-07T23:46:48.5890159Z #25 sha256:6e6261159fd399ebe5a3d556b7d89da9c85c873f3f270918aad6c8107da8b411 6.87kB / 6.87kB done
2026-09-07T23:46:48.5891660Z #25 sha256:a8ac7f6c67abc236e4c745052c404112b8fab6fe8ac3a329d1ef3b867ad67c71 28.23MB / 28.23MB 0.1s done
2026-09-07T23:46:48.5893169Z #25 sha256:83f487e0a63425e5b4d146fb5e5be574bcbe1b7b843d3ebafdd95eaf7767a7e5 5.22kB / 5.22kB done
2026-09-07T23:46:48.5894645Z #25 sha256:51c53f95c2cae3d00dfc0350297c92dea913fe129ec38b8deb8313e5f3e0297d 49.94MB / 49.94MB 5.4s done
2026-09-07T23:46:48.5896165Z #25 sha256:cea7eb9bbe80eabf8356efb28b3796ab904f36a32049aeb6b435920ca93f9285 3.31kB / 3.31kB 4.6s done
2026-09-07T23:46:48.5898084Z #25 extracting sha256:cea7eb9bbe80eabf8356efb28b3796ab904f36a32049aeb6b435920ca93f9285 done
2026-09-07T23:46:48.5900169Z #25 sha256:3cddab114edadc7cf5a7b0b591e59f6312aade3dc4fb68e88aacca5eb1cc1c03 1.71MB / 1.71MB 5.2s done
2026-09-07T23:46:48.5901333Z #25 sha256:0282d618b52cd2eb8fcf041e780cd66b15e7ebae519a4054c5d293eae6b6d34f 447B / 447B 5.2s done
2026-09-07T23:46:48.5902758Z #25 extracting sha256:51c53f95c2cae3d00dfc0350297c92dea913fe129ec38b8deb8313e5f3e0297d 4.3s
2026-09-07T23:46:48.7203366Z #25 ...
2026-09-07T23:46:48.7204545Z 
2026-09-07T23:46:48.7204894Z #26 [deps 2/6] RUN bun install -g pnpm@10.12.1
2026-09-07T23:46:48.7206107Z #26 0.257 Resolving dependencies
2026-09-07T23:46:48.7206741Z #26 0.257 bun add v1.3.11 (af24e281)
2026-09-07T23:46:48.7207945Z #26 0.731 Resolved, downloaded and extracted [4]
2026-09-07T23:46:48.7209171Z #26 0.787 
2026-09-07T23:46:48.7209629Z #26 0.787 installed pnpm@10.12.1 with binaries:
2026-09-07T23:46:48.7210555Z #26 0.787  - pnpm
2026-09-07T23:46:48.7211557Z #26 0.787  - pnpx
2026-09-07T23:46:48.7211970Z #26 0.787 
2026-09-07T23:46:48.7213116Z #26 0.787 1 package installed [539.00ms]
2026-09-07T23:46:48.7213687Z #26 0.794 Saved lockfile
2026-09-07T23:46:48.7214511Z #26 DONE 0.9s
2026-09-07T23:46:48.7214814Z 
2026-09-07T23:46:48.7215576Z #27 [dart-tools 1/2] FROM docker.io/library/dart:stable@sha256:7e57e61d97813dc57dd0801656ff4d5c5efafa47bae563a681571543ad30f199
2026-09-07T23:46:48.7219374Z #27 resolve docker.io/library/dart:stable@sha256:7e57e61d97813dc57dd0801656ff4d5c5efafa47bae563a681571543ad30f199 0.0s done
2026-09-07T23:46:48.7222992Z #27 sha256:7e57e61d97813dc57dd0801656ff4d5c5efafa47bae563a681571543ad30f199 5.19kB / 5.19kB done
2026-09-07T23:46:48.7224979Z #27 sha256:4027705fb598ee07b016e17a06786e56c399f95308a54f7171fcc60871eb1738 1.93kB / 1.93kB done
2026-09-07T23:46:48.7228740Z #27 sha256:ed2fa787d8f7dabbbfcaa960b29976cb15c8ab670f47fd84578ae1dcdd2e21ee 4.32kB / 4.32kB done
2026-09-07T23:46:48.7231730Z #27 sha256:4a397c61dbce3928f5c63712e290ff60a3af1f5e8595da889598a2ae21d72f78 45.49MB / 45.49MB 0.5s done
2026-09-07T23:46:48.7233602Z #27 sha256:6310eb16bf4251731feab01e8f633bf5e2d75a657ccad97f420b1f83cce457be 29.79MB / 29.79MB 0.5s done
2026-09-07T23:46:48.7237783Z #27 sha256:bc121b89c734799435428154af26a448a63016ad243d3ed2716eb19fe3b4e973 1.87MB / 1.87MB 0.5s done
2026-09-07T23:46:48.7239741Z #27 sha256:431513af58c917f1541acbba3a95ac36c571e50a4397936232c156a2157acf5b 242.36MB / 242.36MB 1.8s done
2026-09-07T23:46:48.7241839Z #27 extracting sha256:6310eb16bf4251731feab01e8f633bf5e2d75a657ccad97f420b1f83cce457be 2.0s done
2026-09-07T23:46:48.7243841Z #27 extracting sha256:4a397c61dbce3928f5c63712e290ff60a3af1f5e8595da889598a2ae21d72f78 5.5s
2026-09-07T23:46:48.8275827Z #27 ...
2026-09-07T23:46:48.8276318Z 
2026-09-07T23:46:48.8278357Z #24 [go-tools 1/2] FROM docker.io/library/golang:1.24-bookworm@sha256:1a6d4452c65dea36aac2e2d606b01b4a029ec90cc1ae53890540ce6173ea77ac
2026-09-07T23:46:48.8280864Z #24 extracting sha256:6bc9f599b3efabc64230fd3b969d7654fcd6c6c98ad7cf7470093fe85274a7fc 7.3s done
2026-09-07T23:46:48.9277736Z #24 ...
2026-09-07T23:46:48.9278693Z 
2026-09-07T23:46:48.9279638Z #28 [deps 3/6] COPY package.json pnpm-workspace.yaml pnpm-lock.yaml* tsconfig.json ./
2026-09-07T23:46:48.9280453Z #28 DONE 0.1s
2026-09-07T23:46:48.9280765Z 
2026-09-07T23:46:48.9280943Z #29 [deps 4/6] COPY patches patches
2026-09-07T23:46:48.9281501Z #29 DONE 0.0s
2026-09-07T23:46:48.9281694Z 
2026-09-07T23:46:48.9282198Z #30 [deps 5/6] COPY apps/codesearch/package.json apps/codesearch/package.json
2026-09-07T23:46:48.9282967Z #30 DONE 0.0s
2026-09-07T23:46:49.0452071Z 
2026-09-07T23:46:49.0453802Z #25 [node-tools 1/2] FROM docker.io/library/node:22-bookworm-slim@sha256:83f487e0a63425e5b4d146fb5e5be574bcbe1b7b843d3ebafdd95eaf7767a7e5
2026-09-07T23:46:49.1958522Z #25 extracting sha256:51c53f95c2cae3d00dfc0350297c92dea913fe129ec38b8deb8313e5f3e0297d 4.9s done
2026-09-07T23:46:49.1960035Z #25 extracting sha256:3cddab114edadc7cf5a7b0b591e59f6312aade3dc4fb68e88aacca5eb1cc1c03
2026-09-07T23:46:49.4182335Z #25 extracting sha256:3cddab114edadc7cf5a7b0b591e59f6312aade3dc4fb68e88aacca5eb1cc1c03 0.2s done
2026-09-07T23:46:49.5486781Z #25 extracting sha256:0282d618b52cd2eb8fcf041e780cd66b15e7ebae519a4054c5d293eae6b6d34f done
2026-09-07T23:46:49.6695079Z #25 DONE 11.1s
2026-09-07T23:46:49.6696426Z 
2026-09-07T23:46:49.6697768Z #31 [node-tools 2/2] RUN npm install --global     @ast-grep/cli@0.45.0     @sourcegraph/scip-python@0.6.6     @sourcegraph/scip-typescript@0.4.0   && npm cache clean --force
2026-09-07T23:46:54.6855287Z #31 ...
2026-09-07T23:46:54.6855821Z 
2026-09-07T23:46:54.6869835Z #32 [release-tools 3/3] RUN apt-get update && apt-get install -y --no-install-recommends     ca-certificates     curl   && rm -rf /var/lib/apt/lists/*   && mkdir -p /out /tmp/releases   && cd /tmp/releases   && download() { curl -fsSL --retry 3 --retry-delay 2 --retry-all-errors --connect-timeout 15 --max-time 600 "$@"; }   && download -O "https://github.com/sourcegraph/scip-go/releases/download/v0.2.7/scip-go-linux-amd64.tar.gz"   && download -O "https://github.com/sourcegraph/scip-go/releases/download/v0.2.7/scip-go-linux-amd64.tar.gz.sha256"   && sha256sum -c scip-go-linux-amd64.tar.gz.sha256   && tar -xzf scip-go-linux-amd64.tar.gz -C /out scip-go   && download -O "https://github.com/scip-code/scip/releases/download/v0.9.0/scip-linux-amd64.tar.gz"   && download -O "https://github.com/scip-code/scip/releases/download/v0.9.0/scip-linux-amd64.tar.gz.sha256"   && sha256sum -c scip-linux-amd64.tar.gz.sha256   && tar -xzf scip-linux-amd64.tar.gz -C /out scip   && download -O     "https://github.com/scip-code/scip-java/releases/download/v0.13.1/scip-java-v0.13.1"   && download -O     "https://github.com/scip-code/scip-java/releases/download/v0.13.1/scip-java-v0.13.1.sha256"   && sha256sum -c "scip-java-v0.13.1.sha256"   && mv "scip-java-v0.13.1" /out/scip-java   && download     "https://github.com/sourcegraph/scip-clang/releases/download/v0.4.0/scip-clang-x86_64-linux"     -o scip-clang   && echo "06fd18c576f979a726c651594644ec4a35db4f471f2160b3f72eb89fa6001784  scip-clang" | sha256sum -c -   && mv scip-clang /out/scip-clang   && download     "https://github.com/sourcegraph/scip-ruby/releases/download/scip-ruby-v0.4.7/scip-ruby-x86_64-linux"     -o scip-ruby   && echo "a068c7c3b2042b9eac563ce77ce35dcaca666b418530b1db9f932a3dbc7175dd  scip-ruby" | sha256sum -c -   && mv scip-ruby /out/scip-ruby   && download     "https://github.com/rust-lang/rust-analyzer/releases/download/2026-07-27/rust-analyzer-x86_64-unknown-linux-gnu.gz"     -o rust-analyzer.gz   && echo "ac4f42ddbbd040d75d847e991894776485783e28beb744b9719a660a99abe115  rust-analyzer.gz" | sha256sum -c -   && gzip -dc rust-analyzer.gz > /out/rust-analyzer   && chmod +x /out/*
2026-09-07T23:46:54.6914475Z #32 0.208 Get:1 http://deb.debian.org/debian bookworm InRelease [151 kB]
2026-09-07T23:46:54.6915603Z #32 0.239 Get:2 http://deb.debian.org/debian bookworm-updates InRelease [55.4 kB]
2026-09-07T23:46:54.6972004Z #32 0.247 Get:3 http://deb.debian.org/debian-security bookworm-security InRelease [34.8 kB]
2026-09-07T23:46:54.6973622Z #32 0.340 Get:4 http://deb.debian.org/debian bookworm/main amd64 Packages [8790 kB]
2026-09-07T23:46:54.6974828Z #32 0.476 Get:5 http://deb.debian.org/debian bookworm-updates/main amd64 Packages [6924 B]
2026-09-07T23:46:54.6976126Z #32 0.481 Get:6 http://deb.debian.org/debian-security bookworm-security/main amd64 Packages [337 kB]
2026-09-07T23:46:54.6977205Z #32 1.750 Fetched 9375 kB in 2s (5981 kB/s)
2026-09-07T23:46:54.6977753Z #32 1.750 Reading package lists...
2026-09-07T23:46:54.6994161Z #32 2.724 Reading package lists...
2026-09-07T23:46:54.6994855Z #32 4.015 Building dependency tree...
2026-09-07T23:46:54.6995568Z #32 4.259 Reading state information...
2026-09-07T23:46:54.6996407Z #32 4.527 The following additional packages will be installed:
2026-09-07T23:46:54.6997715Z #32 4.527   libbrotli1 libcurl4 libgssapi-krb5-2 libk5crypto3 libkeyutils1 libkrb5-3
2026-09-07T23:46:54.6998866Z #32 4.534   libkrb5support0 libldap-2.5-0 libnghttp2-14 libpsl5 librtmp1 libsasl2-2
2026-09-07T23:46:54.6999837Z #32 4.534   libsasl2-modules-db libssh2-1 libssl3 openssl
2026-09-07T23:46:54.7000548Z #32 4.534 Suggested packages:
2026-09-07T23:46:54.7001131Z #32 4.534   krb5-doc krb5-user
2026-09-07T23:46:54.7001692Z #32 4.534 Recommended packages:
2026-09-07T23:46:54.7019246Z #32 4.534   krb5-locales libldap-common publicsuffix libsasl2-modules
2026-09-07T23:46:54.7021685Z #32 4.699 The following NEW packages will be installed:
2026-09-07T23:46:54.7022580Z #32 4.700   ca-certificates curl libbrotli1 libcurl4 libgssapi-krb5-2 libk5crypto3
2026-09-07T23:46:54.7023580Z #32 4.700   libkeyutils1 libkrb5-3 libkrb5support0 libldap-2.5-0 libnghttp2-14 libpsl5
2026-09-07T23:46:54.7024605Z #32 4.701   librtmp1 libsasl2-2 libsasl2-modules-db libssh2-1 libssl3 openssl
2026-09-07T23:46:54.7025469Z #32 4.770 0 upgraded, 18 newly installed, 0 to remove and 1 not upgraded.
2026-09-07T23:46:54.7026145Z #32 4.770 Need to get 5840 kB of archives.
2026-09-07T23:46:54.7026825Z #32 4.770 After this operation, 14.7 MB of additional disk space will be used.
2026-09-07T23:46:54.7028109Z #32 4.770 Get:1 http://deb.debian.org/debian bookworm/main amd64 libssl3 amd64 3.0.20-1~deb12u2 [2036 kB]
2026-09-07T23:46:54.7029321Z #32 4.864 Get:2 http://deb.debian.org/debian bookworm/main amd64 openssl amd64 3.0.20-1~deb12u2 [1439 kB]
2026-09-07T23:46:54.7030698Z #32 4.882 Get:3 http://deb.debian.org/debian-security bookworm-security/main amd64 ca-certificates all 20250419~deb12u1 [162 kB]
2026-09-07T23:46:54.7608802Z #32 4.884 Get:4 http://deb.debian.org/debian bookworm/main amd64 libbrotli1 amd64 1.0.9-2+b6 [275 kB]
2026-09-07T23:46:54.7609958Z #32 4.887 Get:5 http://deb.debian.org/debian bookworm/main amd64 libkrb5support0 amd64 1.20.1-2+deb12u5 [33.2 kB]
2026-09-07T23:46:54.7611144Z #32 4.887 Get:6 http://deb.debian.org/debian bookworm/main amd64 libk5crypto3 amd64 1.20.1-2+deb12u5 [79.7 kB]
2026-09-07T23:46:54.7612248Z #32 4.888 Get:7 http://deb.debian.org/debian bookworm/main amd64 libkeyutils1 amd64 1.6.3-2 [8808 B]
2026-09-07T23:46:54.7613316Z #32 4.888 Get:8 http://deb.debian.org/debian bookworm/main amd64 libkrb5-3 amd64 1.20.1-2+deb12u5 [332 kB]
2026-09-07T23:46:54.7614458Z #32 4.890 Get:9 http://deb.debian.org/debian bookworm/main amd64 libgssapi-krb5-2 amd64 1.20.1-2+deb12u5 [135 kB]
2026-09-07T23:46:54.7615669Z #32 4.890 Get:10 http://deb.debian.org/debian bookworm/main amd64 libsasl2-modules-db amd64 2.1.28+dfsg-10 [20.3 kB]
2026-09-07T23:46:54.7616887Z #32 4.891 Get:11 http://deb.debian.org/debian bookworm/main amd64 libsasl2-2 amd64 2.1.28+dfsg-10 [59.7 kB]
2026-09-07T23:46:54.7638327Z #32 4.892 Get:12 http://deb.debian.org/debian bookworm/main amd64 libldap-2.5-0 amd64 2.5.13+dfsg-5 [183 kB]
2026-09-07T23:46:54.7639524Z #32 4.899 Get:13 http://deb.debian.org/debian bookworm/main amd64 libnghttp2-14 amd64 1.52.0-1+deb12u3 [72.4 kB]
2026-09-07T23:46:54.7640605Z #32 4.927 Get:14 http://deb.debian.org/debian bookworm/main amd64 libpsl5 amd64 0.21.2-1 [58.7 kB]
2026-09-07T23:46:54.7641701Z #32 4.927 Get:15 http://deb.debian.org/debian bookworm/main amd64 librtmp1 amd64 2.4+20151223.gitfa8646d.1-2+b2 [60.8 kB]
2026-09-07T23:46:54.7643010Z #32 4.927 Get:16 http://deb.debian.org/debian-security bookworm-security/main amd64 libssh2-1 amd64 1.10.0-3+deb12u1 [176 kB]
2026-09-07T23:46:54.7644215Z #32 4.927 Get:17 http://deb.debian.org/debian bookworm/main amd64 libcurl4 amd64 7.88.1-10+deb12u15 [392 kB]
2026-09-07T23:46:54.7645013Z #32 4.927 Get:18 http://deb.debian.org/debian bookworm/main amd64 curl amd64 7.88.1-10+deb12u15 [316 kB]
2026-09-07T23:46:54.7652839Z #32 5.248 debconf: delaying package configuration, since apt-utils is not installed
2026-09-07T23:46:54.7653885Z #32 5.282 Fetched 5840 kB in 0s (30.2 MB/s)
2026-09-07T23:46:54.7654406Z #32 5.327 Selecting previously unselected package libssl3:amd64.
2026-09-07T23:46:54.7654987Z #32 5.327 (Reading database ... 
2026-09-07T23:46:54.7655351Z (Reading database ... 5%
2026-09-07T23:46:54.7655696Z (Reading database ... 10%
2026-09-07T23:46:54.7656028Z (Reading database ... 15%
2026-09-07T23:46:54.7656492Z (Reading database ... 20%
2026-09-07T23:46:54.7656826Z (Reading database ... 25%
2026-09-07T23:46:54.7657637Z (Reading database ... 30%
2026-09-07T23:46:54.7658033Z (Reading database ... 35%
2026-09-07T23:46:54.7658378Z (Reading database ... 40%
2026-09-07T23:46:54.7658905Z (Reading database ... 45%
2026-09-07T23:46:54.7659233Z (Reading database ... 50%
2026-09-07T23:46:54.7659588Z (Reading database ... 55%
2026-09-07T23:46:54.7659948Z (Reading database ... 60%
2026-09-07T23:46:54.7660322Z (Reading database ... 65%
2026-09-07T23:46:54.7660704Z (Reading database ... 70%
2026-09-07T23:46:54.7661028Z (Reading database ... 75%
2026-09-07T23:46:54.7661397Z (Reading database ... 80%
2026-09-07T23:46:54.7661940Z (Reading database ... 85%
2026-09-07T23:46:54.7662473Z (Reading database ... 90%
2026-09-07T23:46:54.7667542Z (Reading database ... 95%
2026-09-07T23:46:54.7667925Z (Reading database ... 100%
2026-09-07T23:46:54.7689067Z (Reading database ... 6096 files and directories currently installed.)
2026-09-07T23:46:54.7689838Z #32 5.337 Preparing to unpack .../00-libssl3_3.0.20-1~deb12u2_amd64.deb ...
2026-09-07T23:46:54.7690451Z #32 5.339 Unpacking libssl3:amd64 (3.0.20-1~deb12u2) ...
2026-09-07T23:46:54.7691025Z #32 5.766 Selecting previously unselected package openssl.
2026-09-07T23:46:54.7691702Z #32 5.768 Preparing to unpack .../01-openssl_3.0.20-1~deb12u2_amd64.deb ...
2026-09-07T23:46:54.7701763Z #32 5.773 Unpacking openssl (3.0.20-1~deb12u2) ...
2026-09-07T23:46:54.7702863Z #32 6.031 Selecting previously unselected package ca-certificates.
2026-09-07T23:46:54.7703700Z #32 6.033 Preparing to unpack .../02-ca-certificates_20250419~deb12u1_all.deb ...
2026-09-07T23:46:54.7704393Z #32 6.034 Unpacking ca-certificates (20250419~deb12u1) ...
2026-09-07T23:46:54.7715683Z #32 6.090 Selecting previously unselected package libbrotli1:amd64.
2026-09-07T23:46:54.7716409Z #32 6.106 Preparing to unpack .../03-libbrotli1_1.0.9-2+b6_amd64.deb ...
2026-09-07T23:46:54.7717087Z #32 6.106 Unpacking libbrotli1:amd64 (1.0.9-2+b6) ...
2026-09-07T23:46:54.7717781Z #32 6.146 Selecting previously unselected package libkrb5support0:amd64.
2026-09-07T23:46:54.7718567Z #32 6.146 Preparing to unpack .../04-libkrb5support0_1.20.1-2+deb12u5_amd64.deb ...
2026-09-07T23:46:54.7719323Z #32 6.146 Unpacking libkrb5support0:amd64 (1.20.1-2+deb12u5) ...
2026-09-07T23:46:54.7720032Z #32 6.180 Selecting previously unselected package libk5crypto3:amd64.
2026-09-07T23:46:54.7720816Z #32 6.238 Preparing to unpack .../05-libk5crypto3_1.20.1-2+deb12u5_amd64.deb ...
2026-09-07T23:46:54.7721515Z #32 6.238 Unpacking libk5crypto3:amd64 (1.20.1-2+deb12u5) ...
2026-09-07T23:46:54.7722402Z #32 6.298 Selecting previously unselected package libkeyutils1:amd64.
2026-09-07T23:46:54.7723075Z #32 6.307 Preparing to unpack .../06-libkeyutils1_1.6.3-2_amd64.deb ...
2026-09-07T23:46:54.7723677Z #32 6.307 Unpacking libkeyutils1:amd64 (1.6.3-2) ...
2026-09-07T23:46:54.7724302Z #32 6.355 Selecting previously unselected package libkrb5-3:amd64.
2026-09-07T23:46:54.7724965Z #32 6.355 Preparing to unpack .../07-libkrb5-3_1.20.1-2+deb12u5_amd64.deb ...
2026-09-07T23:46:54.7725676Z #32 6.355 Unpacking libkrb5-3:amd64 (1.20.1-2+deb12u5) ...
2026-09-07T23:46:54.7726330Z #32 6.454 Selecting previously unselected package libgssapi-krb5-2:amd64.
2026-09-07T23:46:54.7742181Z #32 6.456 Preparing to unpack .../08-libgssapi-krb5-2_1.20.1-2+deb12u5_amd64.deb ...
2026-09-07T23:46:54.7743110Z #32 6.459 Unpacking libgssapi-krb5-2:amd64 (1.20.1-2+deb12u5) ...
2026-09-07T23:46:54.7744479Z #32 6.533 Selecting previously unselected package libsasl2-modules-db:amd64.
2026-09-07T23:46:54.7745389Z #32 6.535 Preparing to unpack .../09-libsasl2-modules-db_2.1.28+dfsg-10_amd64.deb ...
2026-09-07T23:46:54.7746216Z #32 6.537 Unpacking libsasl2-modules-db:amd64 (2.1.28+dfsg-10) ...
2026-09-07T23:46:54.7747089Z #32 6.845 Selecting previously unselected package libsasl2-2:amd64.
2026-09-07T23:46:54.7747774Z #32 6.875 Preparing to unpack .../10-libsasl2-2_2.1.28+dfsg-10_amd64.deb ...
2026-09-07T23:46:54.7748426Z #32 6.938 Unpacking libsasl2-2:amd64 (2.1.28+dfsg-10) ...
2026-09-07T23:46:54.9825482Z #32 7.299 Selecting previously unselected package libldap-2.5-0:amd64.
2026-09-07T23:46:54.9826416Z #32 7.299 Preparing to unpack .../11-libldap-2.5-0_2.5.13+dfsg-5_amd64.deb ...
2026-09-07T23:46:54.9827539Z #32 7.335 Unpacking libldap-2.5-0:amd64 (2.5.13+dfsg-5) ...
2026-09-07T23:46:55.5184023Z #32 7.849 Selecting previously unselected package libnghttp2-14:amd64.
2026-09-07T23:46:55.5185333Z #32 7.851 Preparing to unpack .../12-libnghttp2-14_1.52.0-1+deb12u3_amd64.deb ...
2026-09-07T23:46:55.5186397Z #32 7.852 Unpacking libnghttp2-14:amd64 (1.52.0-1+deb12u3) ...
2026-09-07T23:46:55.5187500Z #32 7.906 Selecting previously unselected package libpsl5:amd64.
2026-09-07T23:46:55.5188377Z #32 7.906 Preparing to unpack .../13-libpsl5_0.21.2-1_amd64.deb ...
2026-09-07T23:46:55.6370030Z #32 7.914 Unpacking libpsl5:amd64 (0.21.2-1) ...
2026-09-07T23:46:55.7475069Z #32 8.038 Selecting previously unselected package librtmp1:amd64.
2026-09-07T23:46:55.7767648Z #32 8.038 Preparing to unpack .../14-librtmp1_2.4+20151223.gitfa8646d.1-2+b2_amd64.deb ...
2026-09-07T23:46:55.7768845Z #32 8.043 Unpacking librtmp1:amd64 (2.4+20151223.gitfa8646d.1-2+b2) ...
2026-09-07T23:46:55.8647760Z #32 8.132 Selecting previously unselected package libssh2-1:amd64.
2026-09-07T23:46:55.8649134Z #32 8.133 Preparing to unpack .../15-libssh2-1_1.10.0-3+deb12u1_amd64.deb ...
2026-09-07T23:46:55.8650373Z #32 8.138 Unpacking libssh2-1:amd64 (1.10.0-3+deb12u1) ...
2026-09-07T23:46:55.8665719Z #32 8.251 Selecting previously unselected package libcurl4:amd64.
2026-09-07T23:46:55.9861361Z #32 8.252 Preparing to unpack .../16-libcurl4_7.88.1-10+deb12u15_amd64.deb ...
2026-09-07T23:46:55.9865230Z #32 8.256 Unpacking libcurl4:amd64 (7.88.1-10+deb12u15) ...
2026-09-07T23:46:55.9865998Z #32 8.330 Selecting previously unselected package curl.
2026-09-07T23:46:55.9866781Z #32 8.333 Preparing to unpack .../17-curl_7.88.1-10+deb12u15_amd64.deb ...
2026-09-07T23:46:55.9867752Z #32 8.335 Unpacking curl (7.88.1-10+deb12u15) ...
2026-09-07T23:46:56.0936938Z #32 8.423 Setting up libkeyutils1:amd64 (1.6.3-2) ...
2026-09-07T23:46:56.0937703Z #32 8.428 Setting up libpsl5:amd64 (0.21.2-1) ...
2026-09-07T23:46:56.0948439Z #32 8.432 Setting up libbrotli1:amd64 (1.0.9-2+b6) ...
2026-09-07T23:46:56.0950074Z #32 8.435 Setting up libssl3:amd64 (3.0.20-1~deb12u2) ...
2026-09-07T23:46:56.0950828Z #32 8.435 Setting up libnghttp2-14:amd64 (1.52.0-1+deb12u3) ...
2026-09-07T23:46:56.0952027Z #32 8.442 Setting up libkrb5support0:amd64 (1.20.1-2+deb12u5) ...
2026-09-07T23:46:56.0954199Z #32 8.448 Setting up libsasl2-modules-db:amd64 (2.1.28+dfsg-10) ...
2026-09-07T23:46:56.0955146Z #32 8.452 Setting up librtmp1:amd64 (2.4+20151223.gitfa8646d.1-2+b2) ...
2026-09-07T23:46:56.0955909Z #32 8.459 Setting up libk5crypto3:amd64 (1.20.1-2+deb12u5) ...
2026-09-07T23:46:56.0956573Z #32 8.462 Setting up libsasl2-2:amd64 (2.1.28+dfsg-10) ...
2026-09-07T23:46:56.0957364Z #32 8.464 Setting up libssh2-1:amd64 (1.10.0-3+deb12u1) ...
2026-09-07T23:46:56.0958038Z #32 8.467 Setting up libkrb5-3:amd64 (1.20.1-2+deb12u5) ...
2026-09-07T23:46:56.0958674Z #32 8.470 Setting up openssl (3.0.20-1~deb12u2) ...
2026-09-07T23:46:56.2249175Z #32 8.481 Setting up libldap-2.5-0:amd64 (2.5.13+dfsg-5) ...
2026-09-07T23:46:56.2250374Z #32 8.486 Setting up ca-certificates (20250419~deb12u1) ...
2026-09-07T23:46:56.3264757Z #32 8.632 debconf: unable to initialize frontend: Dialog
2026-09-07T23:46:56.3265903Z #32 8.632 debconf: (TERM is not set, so the dialog frontend is not usable.)
2026-09-07T23:46:56.3266876Z #32 8.632 debconf: falling back to frontend: Readline
2026-09-07T23:46:56.3267778Z #32 8.632 debconf: unable to initialize frontend: Readline
2026-09-07T23:46:56.3276825Z #32 8.632 debconf: (Can't locate Term/ReadLine.pm in @INC (you may need to install the Term::ReadLine module) (@INC contains: /etc/perl /usr/local/lib/x86_64-linux-gnu/perl/5.36.0 /usr/local/share/perl/5.36.0 /usr/lib/x86_64-linux-gnu/perl5/5.36 /usr/share/perl5 /usr/lib/x86_64-linux-gnu/perl-base /usr/lib/x86_64-linux-gnu/perl/5.36 /usr/share/perl/5.36 /usr/local/lib/site_perl) at /usr/share/perl5/Debconf/FrontEnd/Readline.pm line 7.)
2026-09-07T23:46:56.3279923Z #32 8.632 debconf: falling back to frontend: Teletype
2026-09-07T23:46:56.9574782Z #32 ...
2026-09-07T23:46:56.9575523Z 
2026-09-07T23:46:56.9578083Z #33 [runtime  3/27] RUN apt-get update && apt-get install -y --no-install-recommends     build-essential     ca-certificates     clang     cmake     composer     git     llvm     maven     ninja-build     openjdk-17-jdk-headless     php-cli     python3     python3-dev     python3-pip     python3-venv     ruby     ruby-dev     ruby-bundler     universal-ctags   && rm -rf /var/lib/apt/lists/*
2026-09-07T23:46:56.9580600Z #33 0.235 Get:1 http://deb.debian.org/debian bookworm InRelease [151 kB]
2026-09-07T23:46:56.9581832Z #33 0.259 Get:2 http://deb.debian.org/debian bookworm-updates InRelease [55.4 kB]
2026-09-07T23:46:56.9583016Z #33 0.271 Get:3 http://deb.debian.org/debian-security bookworm-security InRelease [34.8 kB]
2026-09-07T23:46:56.9584175Z #33 0.359 Get:4 http://deb.debian.org/debian bookworm/main amd64 Packages [8790 kB]
2026-09-07T23:46:56.9585747Z #33 0.545 Get:5 http://deb.debian.org/debian bookworm-updates/main amd64 Packages [6924 B]
2026-09-07T23:46:56.9587413Z #33 0.557 Get:6 http://deb.debian.org/debian-security bookworm-security/main amd64 Packages [337 kB]
2026-09-07T23:46:56.9588545Z #33 1.857 Fetched 9375 kB in 2s (5707 kB/s)
2026-09-07T23:46:56.9589007Z #33 1.857 Reading package lists...
2026-09-07T23:46:56.9589417Z #33 2.843 Reading package lists...
2026-09-07T23:46:56.9589825Z #33 4.026 Building dependency tree...
2026-09-07T23:46:56.9590399Z #33 4.264 Reading state information...
2026-09-07T23:46:56.9590965Z #33 4.563 The following additional packages will be installed:
2026-09-07T23:46:56.9591867Z #33 4.563   binutils binutils-common binutils-x86-64-linux-gnu bzip2
2026-09-07T23:46:56.9592726Z #33 4.563   ca-certificates-java clang-14 cmake-data cpp cpp-12 default-jre-headless
2026-09-07T23:46:56.9593566Z #33 4.563   dpkg-dev fontconfig-config fonts-dejavu-core g++ g++-12 gcc gcc-12 git-man
2026-09-07T23:46:56.9594469Z #33 4.563   java-common jsonlint libaopalliance-java libapache-pom-java libarchive13
2026-09-07T23:46:56.9595437Z #33 4.563   libargon2-1 libasan8 libasound2 libasound2-data libatinject-jsr330-api-java
2026-09-07T23:46:56.9596307Z #33 4.563   libatomic1 libavahi-client3 libavahi-common-data libavahi-common3
2026-09-07T23:46:56.9598193Z #33 4.563   libbinutils libbrotli1 libbsd0 libc-dev-bin libc6-dev libcc1-0
2026-09-07T23:46:56.9599236Z #33 4.564   libcdi-api-java libclang-common-14-dev libclang-cpp14 libclang1-14
2026-09-07T23:46:56.9600044Z #33 4.564   libcommons-cli-java libcommons-io-java libcommons-lang3-java
2026-09-07T23:46:56.9600860Z #33 4.564   libcommons-parent-java libcrypt-dev libctf-nobfd0 libctf0 libcups2
2026-09-07T23:46:56.9601722Z #33 4.564   libcurl3-gnutls libcurl3-nss libcurl4 libdbus-1-3 libdpkg-perl libedit2
2026-09-07T23:46:56.9602570Z #33 4.564   liberror-perl liberror-prone-java libexpat1 libexpat1-dev libfontconfig1
2026-09-07T23:46:56.9603695Z #33 4.564   libfreetype6 libgc1 libgcc-12-dev libgdbm-compat4 libgdbm6
2026-09-07T23:46:56.9604542Z #33 4.565   libgeronimo-annotation-1.3-spec-java libgeronimo-interceptor-3.0-spec-java
2026-09-07T23:46:56.9605445Z #33 4.565   libglib2.0-0 libgmp-dev libgmpxx4ldbl libgomp1 libgprofng0 libgraphite2-3
2026-09-07T23:46:56.9606311Z #33 4.565   libgssapi-krb5-2 libguava-java libguice-java libharfbuzz0b libicu72 libisl23
2026-09-07T23:46:56.9607299Z #33 4.565   libitm1 libjansi-java libjansson4 libjpeg62-turbo libjs-jquery
2026-09-07T23:46:56.9608163Z #33 4.565   libjs-sphinxdoc libjs-underscore libjsoncpp25 libjsr305-java libk5crypto3
2026-09-07T23:46:56.9609150Z #33 4.565   libkeyutils1 libkrb5-3 libkrb5support0 liblcms2-2 libldap-2.5-0 libllvm14
2026-09-07T23:46:56.9609990Z #33 4.565   liblsan0 libmagic-mgc libmagic1 libmaven-parent-java libmaven-resolver-java
2026-09-07T23:46:56.9610880Z #33 4.565   libmaven-shared-utils-java libmaven3-core-java libmpc3 libmpfr6 libncurses6
2026-09-07T23:46:56.9611728Z #33 4.565   libncursesw6 libnghttp2-14 libnsl-dev libnsl2 libnspr4 libnss3
2026-09-07T23:46:56.9612495Z #33 4.565   libobjc-12-dev libobjc4 libonig5 libpcsclite1 libperl5.36 libpfm4
2026-09-07T23:46:56.9613177Z #33 4.565   libplexus-cipher-java libplexus-classworlds-java
2026-09-07T23:46:56.9613950Z #33 4.565   libplexus-component-annotations-java libplexus-interpolation-java
2026-09-07T23:46:56.9614859Z #33 4.565   libplexus-sec-dispatcher-java libplexus-utils2-java libpng16-16 libproc2-0
2026-09-07T23:46:56.9615724Z #33 4.565   libpsl5 libpython3-dev libpython3-stdlib libpython3.11 libpython3.11-dev
2026-09-07T23:46:56.9616604Z #33 4.565   libpython3.11-minimal libpython3.11-stdlib libquadmath0 libreadline8
2026-09-07T23:46:56.9617699Z #33 4.565   librhash0 librtmp1 libruby libruby3.1 libsasl2-2 libsasl2-modules-db
2026-09-07T23:46:56.9618515Z #33 4.565   libsisu-inject-java libsisu-plexus-java libslf4j-java libsodium23
2026-09-07T23:46:56.9619404Z #33 4.565   libsqlite3-0 libssh2-1 libssl3 libstdc++-12-dev libtirpc-common libtirpc-dev
2026-09-07T23:46:56.9620222Z #33 4.565   libtirpc3 libtsan2 libubsan1 libuv1 libwagon-file-java
2026-09-07T23:46:56.9621097Z #33 4.565   libwagon-http-shaded-java libwagon-provider-api-java libxml2 libyaml-0-2
2026-09-07T23:46:56.9622244Z #33 4.565   libz3-4 linux-libc-dev llvm-14 llvm-14-linker-tools llvm-14-runtime
2026-09-07T23:46:56.9623097Z #33 4.565   llvm-runtime make media-types nss-plugin-pem openjdk-17-jre-headless openssl
2026-09-07T23:46:56.9623970Z #33 4.565   patch perl perl-modules-5.36 php-common php-composer-ca-bundle
2026-09-07T23:46:56.9624684Z #33 4.565   php-composer-class-map-generator php-composer-metadata-minifier
2026-09-07T23:46:56.9625536Z #33 4.565   php-composer-pcre php-composer-semver php-composer-spdx-licenses
2026-09-07T23:46:56.9626446Z #33 4.565   php-composer-xdebug-handler php-intl php-json-schema php-mbstring
2026-09-07T23:46:56.9627620Z #33 4.565   php-psr-container php-psr-log php-react-promise php-seld-signal-handler
2026-09-07T23:46:56.9628625Z #33 4.565   php-symfony-console php-symfony-deprecation-contracts php-symfony-filesystem
2026-09-07T23:46:56.9629659Z #33 4.565   php-symfony-finder php-symfony-process php-symfony-service-contracts
2026-09-07T23:46:56.9630554Z #33 4.565   php-symfony-string php8.2-cli php8.2-common php8.2-intl php8.2-mbstring
2026-09-07T23:46:56.9631423Z #33 4.565   php8.2-opcache php8.2-readline procps psmisc python3-distutils
2026-09-07T23:46:56.9632486Z #33 4.565   python3-lib2to3 python3-minimal python3-pip-whl python3-pkg-resources
2026-09-07T23:46:56.9633398Z #33 4.565   python3-setuptools python3-setuptools-whl python3-wheel python3.11
2026-09-07T23:46:56.9634302Z #33 4.565   python3.11-dev python3.11-minimal python3.11-venv rake readline-common
2026-09-07T23:46:56.9635165Z #33 4.565   rpcsvc-proto ruby-net-telnet ruby-rubygems ruby-sdbm ruby-webrick
2026-09-07T23:46:56.9635997Z #33 4.565   ruby-xmlrpc ruby3.1 ruby3.1-dev rubygems-integration sensible-utils
2026-09-07T23:46:56.9636707Z #33 4.565   sgml-base ucf xz-utils zlib1g-dev
2026-09-07T23:46:56.9637621Z #33 4.567 Suggested packages:
2026-09-07T23:46:56.9638240Z #33 4.567   binutils-doc bzip2-doc clang-14-doc wasi-libc cmake-doc cmake-format
2026-09-07T23:46:56.9639179Z #33 4.567   elpa-cmake-mode fossil mercurial subversion php-zip cpp-doc gcc-12-locales
2026-09-07T23:46:56.9640088Z #33 4.567   cpp-12-doc default-jre debian-keyring g++-multilib g++-12-multilib
2026-09-07T23:46:56.9640982Z #33 4.567   gcc-12-doc gcc-multilib manpages-dev autoconf automake libtool flex bison
2026-09-07T23:46:56.9641839Z #33 4.567   gdb gcc-doc gcc-12-multilib gettext-base git-daemon-run
2026-09-07T23:46:56.9642647Z #33 4.567   | git-daemon-sysvinit git-doc git-email git-gui gitk gitweb git-cvs
2026-09-07T23:46:56.9643472Z #33 4.567   git-mediawiki git-svn lrzip libasound2-plugins alsa-utils
2026-09-07T23:46:56.9644263Z #33 4.567   libatinject-jsr330-api-java-doc glibc-doc libel-api-java
2026-09-07T23:46:56.9645140Z #33 4.567   libcommons-io-java-doc libcommons-lang3-java-doc cups-common gnupg | sq
2026-09-07T23:46:56.9646041Z #33 4.567   | sqop | pgpainless-cli bzr gdbm-l10n low-memory-monitor gmp-doc
2026-09-07T23:46:56.9646917Z #33 4.567   libgmp10-doc libmpfr-dev krb5-doc krb5-user libasm-java libcglib-java
2026-09-07T23:46:56.9655613Z #33 4.567   libjsr305-java-doc liblcms2-utils file libmaven-shared-utils-java-doc
2026-09-07T23:46:56.9656497Z #33 4.567   liblogback-java pcscd libplexus-utils2-java-doc junit4 testng
2026-09-07T23:46:56.9657589Z #33 4.567   libcommons-logging-java liblog4j1.2-java libstdc++-12-doc llvm-14-doc
2026-09-07T23:46:56.9658511Z #33 4.567   make-doc openjdk-17-demo openjdk-17-source libnss-mdns fonts-dejavu-extra
2026-09-07T23:46:56.9659396Z #33 4.567   fonts-ipafont-gothic fonts-ipafont-mincho fonts-wqy-microhei
2026-09-07T23:46:56.9660137Z #33 4.567   | fonts-wqy-zenhei fonts-indic ed diffutils-doc perl-doc
2026-09-07T23:46:56.9660846Z #33 4.567   libterm-readline-gnu-perl | libterm-readline-perl-perl
2026-09-07T23:46:56.9661708Z #33 4.567   libtap-harness-archive-perl php-symfony-event-dispatcher php-symfony-lock
2026-09-07T23:46:56.9662667Z #33 4.567   php-symfony-service-implementation php-pear python3-doc python3-tk
2026-09-07T23:46:56.9663620Z #33 4.567   python-setuptools-doc python3.11-doc binfmt-support readline-doc ri bundler
2026-09-07T23:46:56.9664581Z #33 4.567   sgml-base-doc vim | nvi | vile | emacsen
2026-09-07T23:46:56.9665088Z #33 4.567 Recommended packages:
2026-09-07T23:46:56.9665669Z #33 4.567   llvm-14-dev unzip fakeroot gnupg | sq | sqop | pgpainless-cli
2026-09-07T23:46:56.9666513Z #33 4.567   libalgorithm-merge-perl less ssh-client alsa-ucm-conf alsa-topology-conf
2026-09-07T23:46:56.9669160Z #33 4.567   manpages manpages-dev libc-devtools libclang-rt-14-dev dbus
2026-09-07T23:46:56.9669987Z #33 4.567   libfile-fcntllock-perl liblocale-gettext-perl libglib2.0-data
2026-09-07T23:46:56.9670899Z #33 4.567   shared-mime-info xdg-user-dirs javascript-common krb5-locales libldap-common
2026-09-07T23:46:56.9671893Z #33 4.567   libgpm2 publicsuffix libsasl2-modules binfmt-support | systemd netbase zip
2026-09-07T23:46:56.9672635Z #33 4.567   fonts-lato ruby3.1-doc
2026-09-07T23:46:56.9673080Z #33 6.451 The following NEW packages will be installed:
2026-09-07T23:46:56.9673829Z #33 6.451   binutils binutils-common binutils-x86-64-linux-gnu build-essential bzip2
2026-09-07T23:46:56.9674764Z #33 6.451   ca-certificates ca-certificates-java clang clang-14 cmake cmake-data
2026-09-07T23:46:56.9675768Z #33 6.451   composer cpp cpp-12 default-jre-headless dpkg-dev fontconfig-config
2026-09-07T23:46:56.9676659Z #33 6.452   fonts-dejavu-core g++ g++-12 gcc gcc-12 git git-man java-common jsonlint
2026-09-07T23:46:56.9677808Z #33 6.452   libaopalliance-java libapache-pom-java libarchive13 libargon2-1 libasan8
2026-09-07T23:46:56.9678748Z #33 6.452   libasound2 libasound2-data libatinject-jsr330-api-java libatomic1
2026-09-07T23:46:56.9679620Z #33 6.452   libavahi-client3 libavahi-common-data libavahi-common3 libbinutils
2026-09-07T23:46:56.9680468Z #33 6.452   libbrotli1 libbsd0 libc-dev-bin libc6-dev libcc1-0 libcdi-api-java
2026-09-07T23:46:56.9681349Z #33 6.452   libclang-common-14-dev libclang-cpp14 libclang1-14 libcommons-cli-java
2026-09-07T23:46:56.9682304Z #33 6.452   libcommons-io-java libcommons-lang3-java libcommons-parent-java libcrypt-dev
2026-09-07T23:46:56.9683230Z #33 6.452   libctf-nobfd0 libctf0 libcups2 libcurl3-gnutls libcurl3-nss libcurl4
2026-09-07T23:46:56.9684002Z #33 6.452   libdbus-1-3 libdpkg-perl libedit2 liberror-perl liberror-prone-java
2026-09-07T23:46:56.9684834Z #33 6.452   libexpat1 libexpat1-dev libfontconfig1 libfreetype6 libgc1 libgcc-12-dev
2026-09-07T23:46:56.9685710Z #33 6.452   libgdbm-compat4 libgdbm6 libgeronimo-annotation-1.3-spec-java
2026-09-07T23:46:56.9686613Z #33 6.452   libgeronimo-interceptor-3.0-spec-java libglib2.0-0 libgmp-dev libgmpxx4ldbl
2026-09-07T23:46:56.9687817Z #33 6.452   libgomp1 libgprofng0 libgraphite2-3 libgssapi-krb5-2 libguava-java
2026-09-07T23:46:56.9688645Z #33 6.452   libguice-java libharfbuzz0b libicu72 libisl23 libitm1 libjansi-java
2026-09-07T23:46:56.9689698Z #33 6.452   libjansson4 libjpeg62-turbo libjs-jquery libjs-sphinxdoc libjs-underscore
2026-09-07T23:46:56.9690586Z #33 6.452   libjsoncpp25 libjsr305-java libk5crypto3 libkeyutils1 libkrb5-3
2026-09-07T23:46:56.9691469Z #33 6.452   libkrb5support0 liblcms2-2 libldap-2.5-0 libllvm14 liblsan0 libmagic-mgc
2026-09-07T23:46:56.9692294Z #33 6.452   libmagic1 libmaven-parent-java libmaven-resolver-java
2026-09-07T23:46:56.9693176Z #33 6.452   libmaven-shared-utils-java libmaven3-core-java libmpc3 libmpfr6 libncurses6
2026-09-07T23:46:56.9694069Z #33 6.452   libncursesw6 libnghttp2-14 libnsl-dev libnsl2 libnspr4 libnss3
2026-09-07T23:46:56.9694977Z #33 6.452   libobjc-12-dev libobjc4 libonig5 libpcsclite1 libperl5.36 libpfm4
2026-09-07T23:46:56.9695737Z #33 6.452   libplexus-cipher-java libplexus-classworlds-java
2026-09-07T23:46:56.9696504Z #33 6.452   libplexus-component-annotations-java libplexus-interpolation-java
2026-09-07T23:46:56.9697559Z #33 6.452   libplexus-sec-dispatcher-java libplexus-utils2-java libpng16-16 libproc2-0
2026-09-07T23:46:56.9698370Z #33 6.452   libpsl5 libpython3-dev libpython3-stdlib libpython3.11 libpython3.11-dev
2026-09-07T23:46:56.9699352Z #33 6.452   libpython3.11-minimal libpython3.11-stdlib libquadmath0 libreadline8
2026-09-07T23:46:56.9699975Z #33 6.452   librhash0 librtmp1 libruby libruby3.1 libsasl2-2 libsasl2-modules-db
2026-09-07T23:46:56.9700455Z #33 6.452   libsisu-inject-java libsisu-plexus-java libslf4j-java libsodium23
2026-09-07T23:46:56.9700952Z #33 6.453   libsqlite3-0 libssh2-1 libssl3 libstdc++-12-dev libtirpc-common libtirpc-dev
2026-09-07T23:46:56.9701410Z #33 6.453   libtirpc3 libtsan2 libubsan1 libuv1 libwagon-file-java
2026-09-07T23:46:56.9701915Z #33 6.453   libwagon-http-shaded-java libwagon-provider-api-java libxml2 libyaml-0-2
2026-09-07T23:46:56.9702432Z #33 6.453   libz3-4 linux-libc-dev llvm llvm-14 llvm-14-linker-tools llvm-14-runtime
2026-09-07T23:46:56.9702900Z #33 6.453   llvm-runtime make maven media-types ninja-build nss-plugin-pem
2026-09-07T23:46:56.9703357Z #33 6.453   openjdk-17-jdk-headless openjdk-17-jre-headless openssl patch perl
2026-09-07T23:46:56.9703807Z #33 6.453   perl-modules-5.36 php-cli php-common php-composer-ca-bundle
2026-09-07T23:46:56.9704269Z #33 6.453   php-composer-class-map-generator php-composer-metadata-minifier
2026-09-07T23:46:56.9704745Z #33 6.453   php-composer-pcre php-composer-semver php-composer-spdx-licenses
2026-09-07T23:46:56.9705306Z #33 6.453   php-composer-xdebug-handler php-intl php-json-schema php-mbstring
2026-09-07T23:46:56.9705807Z #33 6.453   php-psr-container php-psr-log php-react-promise php-seld-signal-handler
2026-09-07T23:46:56.9706355Z #33 6.453   php-symfony-console php-symfony-deprecation-contracts php-symfony-filesystem
2026-09-07T23:46:56.9706909Z #33 6.453   php-symfony-finder php-symfony-process php-symfony-service-contracts
2026-09-07T23:46:56.9708222Z #33 6.453   php-symfony-string php8.2-cli php8.2-common php8.2-intl php8.2-mbstring
2026-09-07T23:46:56.9709133Z #33 6.453   php8.2-opcache php8.2-readline procps psmisc python3 python3-dev
2026-09-07T23:46:56.9709966Z #33 6.453   python3-distutils python3-lib2to3 python3-minimal python3-pip
2026-09-07T23:46:56.9710771Z #33 6.453   python3-pip-whl python3-pkg-resources python3-setuptools
2026-09-07T23:46:56.9711669Z #33 6.453   python3-setuptools-whl python3-venv python3-wheel python3.11 python3.11-dev
2026-09-07T23:46:56.9712648Z #33 6.453   python3.11-minimal python3.11-venv rake readline-common rpcsvc-proto ruby
2026-09-07T23:46:56.9713619Z #33 6.453   ruby-bundler ruby-dev ruby-net-telnet ruby-rubygems ruby-sdbm ruby-webrick
2026-09-07T23:46:56.9714536Z #33 6.453   ruby-xmlrpc ruby3.1 ruby3.1-dev rubygems-integration sensible-utils
2026-09-07T23:46:56.9715313Z #33 6.453   sgml-base ucf universal-ctags xz-utils zlib1g-dev
2026-09-07T23:46:56.9716058Z #33 6.633 0 upgraded, 251 newly installed, 0 to remove and 1 not upgraded.
2026-09-07T23:46:56.9716697Z #33 6.633 Need to get 344 MB of archives.
2026-09-07T23:46:56.9719220Z #33 6.633 After this operation, 1226 MB of additional disk space will be used.
2026-09-07T23:46:56.9720390Z #33 6.633 Get:1 http://deb.debian.org/debian bookworm/main amd64 perl-modules-5.36 all 5.36.0-7+deb12u3 [2815 kB]
2026-09-07T23:46:56.9721556Z #33 6.983 Get:2 http://deb.debian.org/debian bookworm/main amd64 libgdbm6 amd64 1.23-3 [72.2 kB]
2026-09-07T23:46:56.9722621Z #33 6.983 Get:3 http://deb.debian.org/debian bookworm/main amd64 libgdbm-compat4 amd64 1.23-3 [48.2 kB]
2026-09-07T23:46:56.9723797Z #33 6.983 Get:4 http://deb.debian.org/debian bookworm/main amd64 libperl5.36 amd64 5.36.0-7+deb12u3 [4196 kB]
2026-09-07T23:46:56.9724924Z #33 7.461 Get:5 http://deb.debian.org/debian bookworm/main amd64 perl amd64 5.36.0-7+deb12u3 [239 kB]
2026-09-07T23:46:56.9726044Z #33 7.475 Get:6 http://deb.debian.org/debian bookworm/main amd64 libssl3 amd64 3.0.20-1~deb12u2 [2036 kB]
2026-09-07T23:46:56.9727609Z #33 7.618 Get:7 http://deb.debian.org/debian bookworm/main amd64 libpython3.11-minimal amd64 3.11.2-6+deb12u8 [818 kB]
2026-09-07T23:46:56.9729011Z #33 7.664 Get:8 http://deb.debian.org/debian-security bookworm-security/main amd64 libexpat1 amd64 2.5.0-1+deb12u3 [104 kB]
2026-09-07T23:46:56.9730343Z #33 7.671 Get:9 http://deb.debian.org/debian bookworm/main amd64 python3.11-minimal amd64 3.11.2-6+deb12u8 [2065 kB]
2026-09-07T23:46:56.9731834Z #33 7.796 Get:10 http://deb.debian.org/debian bookworm/main amd64 python3-minimal amd64 3.11.2-1+b1 [26.3 kB]
2026-09-07T23:46:56.9733342Z #33 7.796 Get:11 http://deb.debian.org/debian bookworm/main amd64 media-types all 10.0.0 [26.1 kB]
2026-09-07T23:46:56.9734425Z #33 7.797 Get:12 http://deb.debian.org/debian bookworm/main amd64 libncursesw6 amd64 6.4-4 [134 kB]
2026-09-07T23:46:56.9735596Z #33 7.804 Get:13 http://deb.debian.org/debian bookworm/main amd64 libkrb5support0 amd64 1.20.1-2+deb12u5 [33.2 kB]
2026-09-07T23:46:56.9736859Z #33 7.806 Get:14 http://deb.debian.org/debian bookworm/main amd64 libk5crypto3 amd64 1.20.1-2+deb12u5 [79.7 kB]
2026-09-07T23:46:56.9738169Z #33 7.808 Get:15 http://deb.debian.org/debian bookworm/main amd64 libkeyutils1 amd64 1.6.3-2 [8808 B]
2026-09-07T23:46:56.9739282Z #33 7.814 Get:16 http://deb.debian.org/debian bookworm/main amd64 libkrb5-3 amd64 1.20.1-2+deb12u5 [332 kB]
2026-09-07T23:46:56.9740490Z #33 7.833 Get:17 http://deb.debian.org/debian bookworm/main amd64 libgssapi-krb5-2 amd64 1.20.1-2+deb12u5 [135 kB]
2026-09-07T23:46:56.9741862Z #33 7.839 Get:18 http://deb.debian.org/debian bookworm/main amd64 libtirpc-common all 1.3.3+ds-1 [14.0 kB]
2026-09-07T23:46:56.9742981Z #33 7.842 Get:19 http://deb.debian.org/debian bookworm/main amd64 libtirpc3 amd64 1.3.3+ds-1 [85.2 kB]
2026-09-07T23:46:56.9744078Z #33 7.847 Get:20 http://deb.debian.org/debian bookworm/main amd64 libnsl2 amd64 1.3.0-2 [39.5 kB]
2026-09-07T23:46:56.9745148Z #33 7.851 Get:21 http://deb.debian.org/debian bookworm/main amd64 readline-common all 8.2-1.3 [69.0 kB]
2026-09-07T23:46:56.9746270Z #33 7.854 Get:22 http://deb.debian.org/debian bookworm/main amd64 libreadline8 amd64 8.2-1.3 [166 kB]
2026-09-07T23:46:56.9747611Z #33 7.860 Get:23 http://deb.debian.org/debian bookworm/main amd64 libsqlite3-0 amd64 3.40.1-2+deb12u2 [839 kB]
2026-09-07T23:46:56.9748884Z #33 7.905 Get:24 http://deb.debian.org/debian bookworm/main amd64 libpython3.11-stdlib amd64 3.11.2-6+deb12u8 [1799 kB]
2026-09-07T23:46:56.9749898Z #33 7.991 Get:25 http://deb.debian.org/debian bookworm/main amd64 python3.11 amd64 3.11.2-6+deb12u8 [574 kB]
2026-09-07T23:46:56.9750895Z #33 8.022 Get:26 http://deb.debian.org/debian bookworm/main amd64 libpython3-stdlib amd64 3.11.2-1+b1 [9312 B]
2026-09-07T23:46:56.9751863Z #33 8.022 Get:27 http://deb.debian.org/debian bookworm/main amd64 python3 amd64 3.11.2-1+b1 [26.3 kB]
2026-09-07T23:46:56.9752809Z #33 8.022 Get:28 http://deb.debian.org/debian bookworm/main amd64 sgml-base all 1.31 [15.4 kB]
2026-09-07T23:46:56.9753811Z #33 8.022 Get:29 http://deb.debian.org/debian bookworm/main amd64 libproc2-0 amd64 2:4.0.2-3 [62.8 kB]
2026-09-07T23:46:56.9754877Z #33 8.026 Get:30 http://deb.debian.org/debian bookworm/main amd64 procps amd64 2:4.0.2-3 [709 kB]
2026-09-07T23:46:56.9755854Z #33 8.059 Get:31 http://deb.debian.org/debian bookworm/main amd64 sensible-utils all 0.0.17+nmu1 [19.0 kB]
2026-09-07T23:46:56.9756935Z #33 8.059 Get:32 http://deb.debian.org/debian bookworm/main amd64 bzip2 amd64 1.0.8-5+b1 [49.8 kB]
2026-09-07T23:46:56.9758148Z #33 8.061 Get:33 http://deb.debian.org/debian bookworm/main amd64 openssl amd64 3.0.20-1~deb12u2 [1439 kB]
2026-09-07T23:46:56.9759262Z #33 8.125 Get:34 http://deb.debian.org/debian-security bookworm-security/main amd64 ca-certificates all 20250419~deb12u1 [162 kB]
2026-09-07T23:46:56.9760469Z #33 8.132 Get:35 http://deb.debian.org/debian bookworm/main amd64 ucf all 3.0043+nmu1+deb12u1 [55.3 kB]
2026-09-07T23:46:56.9761555Z #33 8.135 Get:36 http://deb.debian.org/debian bookworm/main amd64 xz-utils amd64 5.4.1-1+deb12u1 [471 kB]
2026-09-07T23:46:56.9762647Z #33 8.156 Get:37 http://deb.debian.org/debian bookworm/main amd64 binutils-common amd64 2.40-2 [2487 kB]
2026-09-07T23:46:56.9763676Z #33 8.298 Get:38 http://deb.debian.org/debian bookworm/main amd64 libbinutils amd64 2.40-2 [572 kB]
2026-09-07T23:46:56.9764713Z #33 8.351 Get:39 http://deb.debian.org/debian bookworm/main amd64 libctf-nobfd0 amd64 2.40-2 [153 kB]
2026-09-07T23:46:56.9765984Z #33 8.355 Get:40 http://deb.debian.org/debian bookworm/main amd64 libctf0 amd64 2.40-2 [89.8 kB]
2026-09-07T23:46:56.9767176Z #33 8.361 Get:41 http://deb.debian.org/debian bookworm/main amd64 libgprofng0 amd64 2.40-2 [812 kB]
2026-09-07T23:46:56.9768237Z #33 8.405 Get:42 http://deb.debian.org/debian bookworm/main amd64 libjansson4 amd64 2.14-2 [40.8 kB]
2026-09-07T23:46:56.9769351Z #33 8.406 Get:43 http://deb.debian.org/debian bookworm/main amd64 binutils-x86-64-linux-gnu amd64 2.40-2 [2246 kB]
2026-09-07T23:46:56.9770450Z #33 8.498 Get:44 http://deb.debian.org/debian bookworm/main amd64 binutils amd64 2.40-2 [65.0 kB]
2026-09-07T23:46:56.9771537Z #33 8.502 Get:45 http://deb.debian.org/debian bookworm/main amd64 libc-dev-bin amd64 2.36-9+deb12u14 [48.1 kB]
2026-09-07T23:46:56.9772809Z #33 8.505 Get:46 http://deb.debian.org/debian-security bookworm-security/main amd64 linux-libc-dev amd64 6.1.180-1 [2332 kB]
2026-09-07T23:46:56.9774073Z #33 8.632 Get:47 http://deb.debian.org/debian bookworm/main amd64 libcrypt-dev amd64 1:4.4.33-2 [118 kB]
2026-09-07T23:46:56.9775194Z #33 8.635 Get:48 http://deb.debian.org/debian bookworm/main amd64 libtirpc-dev amd64 1.3.3+ds-1 [191 kB]
2026-09-07T23:46:56.9776392Z #33 8.642 Get:49 http://deb.debian.org/debian bookworm/main amd64 libnsl-dev amd64 1.3.0-2 [66.4 kB]
2026-09-07T23:46:56.9777545Z #33 8.646 Get:50 http://deb.debian.org/debian bookworm/main amd64 rpcsvc-proto amd64 1.4.3-1 [63.3 kB]
2026-09-07T23:46:56.9778664Z #33 8.653 Get:51 http://deb.debian.org/debian bookworm/main amd64 libc6-dev amd64 2.36-9+deb12u14 [1904 kB]
2026-09-07T23:46:57.0929859Z #33 8.763 Get:52 http://deb.debian.org/debian bookworm/main amd64 libisl23 amd64 0.25-1.1 [683 kB]
2026-09-07T23:46:57.0930972Z #33 8.783 Get:53 http://deb.debian.org/debian bookworm/main amd64 libmpfr6 amd64 4.2.0-1 [701 kB]
2026-09-07T23:46:57.1866148Z #33 8.810 Get:54 http://deb.debian.org/debian bookworm/main amd64 libmpc3 amd64 1.3.1-1 [51.5 kB]
2026-09-07T23:46:57.1867407Z #33 8.813 Get:55 http://deb.debian.org/debian bookworm/main amd64 cpp-12 amd64 12.2.0-14+deb12u1 [9768 kB]
2026-09-07T23:46:57.3049174Z #33 ...
2026-09-07T23:46:57.3063574Z 
2026-09-07T23:46:57.3064950Z #31 [node-tools 2/2] RUN npm install --global     @ast-grep/cli@0.45.0     @sourcegraph/scip-python@0.6.6     @sourcegraph/scip-typescript@0.4.0   && npm cache clean --force
2026-09-07T23:46:57.3079003Z #31 7.701 npm warn deprecated inflight@1.0.6: This module is not supported, and leaks memory. Do not use it. Check out lru-cache if you want a good and tested way to coalesce async requests by a key value, which is much more comprehensive and powerful.
2026-09-07T23:46:57.3082418Z #31 7.701 npm warn deprecated glob@7.2.3: Old versions of glob are not supported, and contain widely publicized security vulnerabilities, which have been fixed in the current version. Please update. Support for old versions may be purchased (at exorbitant rates) by contacting i@izs.me
2026-09-07T23:46:57.6719369Z #31 ...
2026-09-07T23:46:57.6720086Z 
2026-09-07T23:46:57.6721781Z #19 [dotnet-tools 1/2] FROM mcr.microsoft.com/dotnet/sdk:8.0-bookworm-slim@sha256:bb32ba3ba3ea36e38572d9d8db76fa15f7cbf722f3f886e06bca6d528bd4fba8
2026-09-07T23:46:57.6726258Z #19 extracting sha256:241824c35c3fd308c89de22df72bc5c829022499abc318ceacfc8d8105467cd1 done
2026-09-07T23:46:57.6728026Z #19 extracting sha256:7b80194f63c035b4edd5b4c27099bd45bd8ffd8d160fe232f60a168c35b69d87 2.5s done
2026-09-07T23:46:57.6729282Z #19 extracting sha256:95f74afdb0f5ca9cd3c0cd4542c068b7c3dd2f882375c23d2eb54806163c1b8d done
2026-09-07T23:46:57.6733813Z #19 extracting sha256:6a13df20059f818fcba73629156686d32c95417bdb08e508ffe6023df42ae174 0.7s done
2026-09-07T23:46:57.6735088Z #19 extracting sha256:e99f716dfd91b19b6b3256c18d2ecd63e62a9e9584bbf2dbba6b87e0a06a073a 4.4s done
2026-09-07T23:46:57.6737148Z #19 extracting sha256:40790fa57b9b922de75261a1a7b47a37525a2e606d06ea5487672b113906a295 1.9s
2026-09-07T23:46:57.7716387Z #19 ...
2026-09-07T23:46:57.7717801Z 
2026-09-07T23:46:57.7719889Z #33 [runtime  3/27] RUN apt-get update && apt-get install -y --no-install-recommends     build-essential     ca-certificates     clang     cmake     composer     git     llvm     maven     ninja-build     openjdk-17-jdk-headless     php-cli     python3     python3-dev     python3-pip     python3-venv     ruby     ruby-dev     ruby-bundler     universal-ctags   && rm -rf /var/lib/apt/lists/*
2026-09-07T23:46:57.7722334Z #33 9.197 Get:56 http://deb.debian.org/debian bookworm/main amd64 cpp amd64 4:12.2.0-3 [6836 B]
2026-09-07T23:46:57.7723628Z #33 9.197 Get:57 http://deb.debian.org/debian bookworm/main amd64 libcc1-0 amd64 12.2.0-14+deb12u1 [41.7 kB]
2026-09-07T23:46:57.7724897Z #33 9.197 Get:58 http://deb.debian.org/debian bookworm/main amd64 libgomp1 amd64 12.2.0-14+deb12u1 [116 kB]
2026-09-07T23:46:57.7726125Z #33 9.197 Get:59 http://deb.debian.org/debian bookworm/main amd64 libitm1 amd64 12.2.0-14+deb12u1 [26.1 kB]
2026-09-07T23:46:57.7727820Z #33 9.197 Get:60 http://deb.debian.org/debian bookworm/main amd64 libatomic1 amd64 12.2.0-14+deb12u1 [9376 B]
2026-09-07T23:46:57.7729497Z #33 9.197 Get:61 http://deb.debian.org/debian bookworm/main amd64 libasan8 amd64 12.2.0-14+deb12u1 [2193 kB]
2026-09-07T23:46:57.7731087Z #33 9.310 Get:62 http://deb.debian.org/debian bookworm/main amd64 liblsan0 amd64 12.2.0-14+deb12u1 [969 kB]
2026-09-07T23:46:57.7732282Z #33 9.373 Get:63 http://deb.debian.org/debian bookworm/main amd64 libtsan2 amd64 12.2.0-14+deb12u1 [2197 kB]
2026-09-07T23:46:57.7733453Z #33 9.485 Get:64 http://deb.debian.org/debian bookworm/main amd64 libubsan1 amd64 12.2.0-14+deb12u1 [883 kB]
2026-09-07T23:46:57.7734667Z #33 9.504 Get:65 http://deb.debian.org/debian bookworm/main amd64 libquadmath0 amd64 12.2.0-14+deb12u1 [145 kB]
2026-09-07T23:46:57.8724857Z #33 9.508 Get:66 http://deb.debian.org/debian bookworm/main amd64 libgcc-12-dev amd64 12.2.0-14+deb12u1 [2437 kB]
2026-09-07T23:46:57.8727245Z #33 9.604 Get:67 http://deb.debian.org/debian bookworm/main amd64 gcc-12 amd64 12.2.0-14+deb12u1 [19.3 MB]
2026-09-07T23:46:58.5061645Z #33 10.17 Get:68 http://deb.debian.org/debian bookworm/main amd64 gcc amd64 4:12.2.0-3 [5216 B]
2026-09-07T23:46:58.5063210Z #33 10.17 Get:69 http://deb.debian.org/debian bookworm/main amd64 libstdc++-12-dev amd64 12.2.0-14+deb12u1 [2047 kB]
2026-09-07T23:46:58.6126239Z #33 10.22 Get:70 http://deb.debian.org/debian bookworm/main amd64 g++-12 amd64 12.2.0-14+deb12u1 [10.7 MB]
2026-09-07T23:46:58.6127515Z #33 ...
2026-09-07T23:46:58.6127834Z 
2026-09-07T23:46:58.6128637Z #16 [rust-tools 1/2] FROM docker.io/library/rust:1-bookworm@sha256:82150a52ec202c1b14d7817e14516c392bb7f5cfebd88f1ed531cb37ebd39922
2026-09-07T23:46:58.6129935Z #16 extracting sha256:abf56b2f87242de589f03ea56779358079c07c4c099bd1e454d083538eb6666d 6.5s done
2026-09-07T23:46:58.6131083Z #16 extracting sha256:08457856946d74c8aede7d750e185d1e479a79b8123d1b805182a580d224a6e2 2.3s done
2026-09-07T23:46:58.6132305Z #16 extracting sha256:8cab6ce149c24516f80b26a762b6b9aaebcaf4fbe51d4c6844af7d7dbc372f2d 2.8s
2026-09-07T23:46:58.7176489Z #16 ...
2026-09-07T23:46:58.7177751Z 
2026-09-07T23:46:58.7178730Z #19 [dotnet-tools 1/2] FROM mcr.microsoft.com/dotnet/sdk:8.0-bookworm-slim@sha256:bb32ba3ba3ea36e38572d9d8db76fa15f7cbf722f3f886e06bca6d528bd4fba8
2026-09-07T23:46:58.9431689Z #19 ...
2026-09-07T23:46:58.9433204Z 
2026-09-07T23:46:58.9434063Z #27 [dart-tools 1/2] FROM docker.io/library/dart:stable@sha256:7e57e61d97813dc57dd0801656ff4d5c5efafa47bae563a681571543ad30f199
2026-09-07T23:46:58.9435555Z #27 extracting sha256:4a397c61dbce3928f5c63712e290ff60a3af1f5e8595da889598a2ae21d72f78 6.5s done
2026-09-07T23:46:58.9436920Z #27 extracting sha256:bc121b89c734799435428154af26a448a63016ad243d3ed2716eb19fe3b4e973 0.4s done
2026-09-07T23:46:58.9438329Z #27 extracting sha256:4f4fb700ef54461cfa02571ae0db9a0dc1e0cdb5577484a6d75e68dc38e8acc1 done
2026-09-07T23:46:58.9439547Z #27 extracting sha256:431513af58c917f1541acbba3a95ac36c571e50a4397936232c156a2157acf5b 8.9s
2026-09-07T23:46:59.0871369Z #27 ...
2026-09-07T23:46:59.0875035Z 
2026-09-07T23:46:59.0876170Z #24 [go-tools 1/2] FROM docker.io/library/golang:1.24-bookworm@sha256:1a6d4452c65dea36aac2e2d606b01b4a029ec90cc1ae53890540ce6173ea77ac
2026-09-07T23:46:59.0882744Z #24 extracting sha256:89edcaae7ec479668d9bf0891145726173a305c809a8c4165723ceaf15b5a05f 2.1s done
2026-09-07T23:46:59.0884206Z #24 extracting sha256:bbceb003542957cee7df7b79249eaf0a71d21c5203d086969b565fb6dec85d86 7.7s
2026-09-07T23:46:59.2503319Z #24 ...
2026-09-07T23:46:59.2503902Z 
2026-09-07T23:46:59.2504773Z #34 [deps 6/6] RUN pnpm install --frozen-lockfile --prod --config.confirmModulesPurge=false
2026-09-07T23:46:59.2505778Z #34 4.117 Scope: all 2 workspace projects
2026-09-07T23:46:59.2506540Z #34 4.764 Lockfile is up to date, resolution step is skipped
2026-09-07T23:46:59.2507910Z #34 4.981 Progress: resolved 1, reused 0, downloaded 0, added 0
2026-09-07T23:46:59.2508672Z #34 5.096 Packages: +231
2026-09-07T23:46:59.2509323Z #34 5.096 ++++++++++++++++++++++++++++++++++++++++++++++++++++++++++++++++++++++++++++++++
2026-09-07T23:46:59.2510213Z #34 5.999 Progress: resolved 231, reused 0, downloaded 7, added 0
2026-09-07T23:46:59.2510991Z #34 7.006 Progress: resolved 231, reused 0, downloaded 21, added 4
2026-09-07T23:46:59.2512050Z #34 8.004 Progress: resolved 231, reused 0, downloaded 40, added 9
2026-09-07T23:46:59.2512915Z #34 9.009 Progress: resolved 231, reused 0, downloaded 73, added 21
2026-09-07T23:46:59.2513829Z #34 10.02 Progress: resolved 231, reused 0, downloaded 112, added 37
2026-09-07T23:46:59.2850003Z #34 ...
2026-09-07T23:46:59.2850635Z 
2026-09-07T23:46:59.2851685Z #24 [go-tools 1/2] FROM docker.io/library/golang:1.24-bookworm@sha256:1a6d4452c65dea36aac2e2d606b01b4a029ec90cc1ae53890540ce6173ea77ac
2026-09-07T23:47:00.2512369Z #24 extracting sha256:bbceb003542957cee7df7b79249eaf0a71d21c5203d086969b565fb6dec85d86 8.9s done
2026-09-07T23:47:03.5910751Z #24 extracting sha256:d1ae0a59862a60fde488eccaa7f764b5f5cb60746b7adf2335f9cc05ce1ed745
2026-09-07T23:47:04.0472976Z #24 ...
2026-09-07T23:47:04.0474243Z 
2026-09-07T23:47:04.0475089Z #34 [deps 6/6] RUN pnpm install --frozen-lockfile --prod --config.confirmModulesPurge=false
2026-09-07T23:47:04.0476286Z #34 11.02 Progress: resolved 231, reused 0, downloaded 136, added 45
2026-09-07T23:47:04.0477416Z #34 12.02 Progress: resolved 231, reused 0, downloaded 197, added 112
2026-09-07T23:47:04.0478375Z #34 13.04 Progress: resolved 231, reused 0, downloaded 224, added 120
2026-09-07T23:47:04.0479328Z #34 14.04 Progress: resolved 231, reused 0, downloaded 231, added 219
2026-09-07T23:47:04.0480313Z #34 14.11 Progress: resolved 231, reused 0, downloaded 231, added 231, done
2026-09-07T23:47:04.0481120Z #34 14.83 
2026-09-07T23:47:04.0481634Z #34 14.83 devDependencies: skipped
2026-09-07T23:47:04.0482230Z #34 14.83 
2026-09-07T23:47:04.0483474Z #34 14.83 ╭ Warning ─────────────────────────────────────────────────────────────────────╮
2026-09-07T23:47:04.0484653Z #34 14.83 │                                                                              │
2026-09-07T23:47:04.0491586Z #34 14.83 │   Ignored build scripts: esbuild.                                            │
2026-09-07T23:47:04.0492931Z #34 14.83 │   Run "pnpm approve-builds" to pick which dependencies should be allowed     │
2026-09-07T23:47:04.0494187Z #34 14.83 │   to run scripts.                                                            │
2026-09-07T23:47:04.0495233Z #34 14.83 │                                                                              │
2026-09-07T23:47:04.0496347Z #34 14.83 ╰──────────────────────────────────────────────────────────────────────────────╯
2026-09-07T23:47:04.0497367Z #34 14.83 
2026-09-07T23:47:04.0497880Z #34 DONE 15.1s
2026-09-07T23:47:04.0498244Z 
2026-09-07T23:47:04.0499157Z #24 [go-tools 1/2] FROM docker.io/library/golang:1.24-bookworm@sha256:1a6d4452c65dea36aac2e2d606b01b4a029ec90cc1ae53890540ce6173ea77ac
2026-09-07T23:47:04.8149150Z #24 ...
2026-09-07T23:47:04.8149580Z 
2026-09-07T23:47:04.8150438Z #27 [dart-tools 1/2] FROM docker.io/library/dart:stable@sha256:7e57e61d97813dc57dd0801656ff4d5c5efafa47bae563a681571543ad30f199
2026-09-07T23:47:04.8152355Z #27 extracting sha256:431513af58c917f1541acbba3a95ac36c571e50a4397936232c156a2157acf5b 14.3s done
2026-09-07T23:47:04.8153320Z #27 DONE 26.4s
2026-09-07T23:47:04.9486516Z 
2026-09-07T23:47:04.9492473Z #33 [runtime  3/27] RUN apt-get update && apt-get install -y --no-install-recommends     build-essential     ca-certificates     clang     cmake     composer     git     llvm     maven     ninja-build     openjdk-17-jdk-headless     php-cli     python3     python3-dev     python3-pip     python3-venv     ruby     ruby-dev     ruby-bundler     universal-ctags   && rm -rf /var/lib/apt/lists/*
2026-09-07T23:47:04.9495795Z #33 10.53 Get:71 http://deb.debian.org/debian bookworm/main amd64 g++ amd64 4:12.2.0-3 [1356 B]
2026-09-07T23:47:04.9496890Z #33 10.53 Get:72 http://deb.debian.org/debian bookworm/main amd64 make amd64 4.3-4.1 [396 kB]
2026-09-07T23:47:04.9498189Z #33 10.54 Get:73 http://deb.debian.org/debian bookworm/main amd64 libdpkg-perl all 1.21.23 [604 kB]
2026-09-07T23:47:04.9499336Z #33 10.55 Get:74 http://deb.debian.org/debian bookworm/main amd64 patch amd64 2.7.6-7 [128 kB]
2026-09-07T23:47:04.9500724Z #33 10.56 Get:75 http://deb.debian.org/debian bookworm/main amd64 dpkg-dev all 1.21.23 [1354 kB]
2026-09-07T23:47:04.9501930Z #33 10.60 Get:76 http://deb.debian.org/debian bookworm/main amd64 build-essential amd64 12.9 [7704 B]
2026-09-07T23:47:04.9503210Z #33 10.60 Get:77 http://deb.debian.org/debian bookworm/main amd64 ca-certificates-java all 20230710~deb12u1 [11.9 kB]
2026-09-07T23:47:04.9504483Z #33 10.60 Get:78 http://deb.debian.org/debian bookworm/main amd64 libbsd0 amd64 0.11.7-2 [117 kB]
2026-09-07T23:47:04.9505672Z #33 10.60 Get:79 http://deb.debian.org/debian bookworm/main amd64 libedit2 amd64 3.1-20221030-2 [93.0 kB]
2026-09-07T23:47:04.9506892Z #33 10.60 Get:80 http://deb.debian.org/debian bookworm/main amd64 libicu72 amd64 72.1-3+deb12u1 [9376 kB]
2026-09-07T23:47:04.9508386Z #33 10.88 Get:81 http://deb.debian.org/debian bookworm/main amd64 libxml2 amd64 2.9.14+dfsg-1.3~deb12u6 [689 kB]
2026-09-07T23:47:04.9509684Z #33 10.89 Get:82 http://deb.debian.org/debian bookworm/main amd64 libz3-4 amd64 4.8.12-3.1 [7216 kB]
2026-09-07T23:47:04.9510891Z #33 11.08 Get:83 http://deb.debian.org/debian bookworm/main amd64 libllvm14 amd64 1:14.0.6-12 [21.8 MB]
2026-09-07T23:47:04.9512085Z #33 11.59 Get:84 http://deb.debian.org/debian bookworm/main amd64 libclang-cpp14 amd64 1:14.0.6-12 [11.1 MB]
2026-09-07T23:47:04.9513339Z #33 11.81 Get:85 http://deb.debian.org/debian bookworm/main amd64 libgc1 amd64 1:8.2.2-3 [245 kB]
2026-09-07T23:47:04.9514528Z #33 11.82 Get:86 http://deb.debian.org/debian bookworm/main amd64 libobjc4 amd64 12.2.0-14+deb12u1 [43.2 kB]
2026-09-07T23:47:04.9515823Z #33 11.82 Get:87 http://deb.debian.org/debian bookworm/main amd64 libobjc-12-dev amd64 12.2.0-14+deb12u1 [170 kB]
2026-09-07T23:47:04.9517437Z #33 11.82 Get:88 http://deb.debian.org/debian bookworm/main amd64 libclang-common-14-dev all 1:14.0.6-12 [890 kB]
2026-09-07T23:47:04.9518775Z #33 11.84 Get:89 http://deb.debian.org/debian bookworm/main amd64 llvm-14-linker-tools amd64 1:14.0.6-12 [1288 kB]
2026-09-07T23:47:04.9519984Z #33 11.87 Get:90 http://deb.debian.org/debian bookworm/main amd64 libclang1-14 amd64 1:14.0.6-12 [6157 kB]
2026-09-07T23:47:04.9521219Z #33 12.02 Get:91 http://deb.debian.org/debian bookworm/main amd64 clang-14 amd64 1:14.0.6-12 [102 kB]
2026-09-07T23:47:04.9522493Z #33 12.02 Get:92 http://deb.debian.org/debian bookworm/main amd64 clang amd64 1:14.0-55.7~deb12u1 [5144 B]
2026-09-07T23:47:04.9523871Z #33 12.02 Get:93 http://deb.debian.org/debian-security bookworm-security/main amd64 libarchive13 amd64 3.6.2-1+deb12u5 [345 kB]
2026-09-07T23:47:04.9525172Z #33 12.02 Get:94 http://deb.debian.org/debian bookworm/main amd64 libbrotli1 amd64 1.0.9-2+b6 [275 kB]
2026-09-07T23:47:04.9526478Z #33 12.03 Get:95 http://deb.debian.org/debian bookworm/main amd64 libsasl2-modules-db amd64 2.1.28+dfsg-10 [20.3 kB]
2026-09-07T23:47:04.9528156Z #33 12.03 Get:96 http://deb.debian.org/debian bookworm/main amd64 libsasl2-2 amd64 2.1.28+dfsg-10 [59.7 kB]
2026-09-07T23:47:04.9529442Z #33 12.04 Get:97 http://deb.debian.org/debian bookworm/main amd64 libldap-2.5-0 amd64 2.5.13+dfsg-5 [183 kB]
2026-09-07T23:47:04.9530742Z #33 12.04 Get:98 http://deb.debian.org/debian bookworm/main amd64 libnghttp2-14 amd64 1.52.0-1+deb12u3 [72.4 kB]
2026-09-07T23:47:04.9531910Z #33 12.04 Get:99 http://deb.debian.org/debian bookworm/main amd64 libpsl5 amd64 0.21.2-1 [58.7 kB]
2026-09-07T23:47:04.9533381Z #33 12.04 Get:100 http://deb.debian.org/debian bookworm/main amd64 librtmp1 amd64 2.4+20151223.gitfa8646d.1-2+b2 [60.8 kB]
2026-09-07T23:47:04.9534916Z #33 12.04 Get:101 http://deb.debian.org/debian-security bookworm-security/main amd64 libssh2-1 amd64 1.10.0-3+deb12u1 [176 kB]
2026-09-07T23:47:04.9536303Z #33 12.04 Get:102 http://deb.debian.org/debian bookworm/main amd64 libcurl4 amd64 7.88.1-10+deb12u15 [392 kB]
2026-09-07T23:47:04.9537694Z #33 12.05 Get:103 http://deb.debian.org/debian bookworm/main amd64 libjsoncpp25 amd64 1.9.5-4 [78.6 kB]
2026-09-07T23:47:04.9538949Z #33 12.05 Get:104 http://deb.debian.org/debian bookworm/main amd64 librhash0 amd64 1.4.3-3 [134 kB]
2026-09-07T23:47:04.9540462Z #33 12.05 Get:105 http://deb.debian.org/debian bookworm/main amd64 libuv1 amd64 1.44.2-1+deb12u1 [136 kB]
2026-09-07T23:47:04.9541662Z #33 12.06 Get:106 http://deb.debian.org/debian bookworm/main amd64 cmake-data all 3.25.1-1 [2026 kB]
2026-09-07T23:47:04.9542903Z #33 12.18 Get:107 http://deb.debian.org/debian bookworm/main amd64 cmake amd64 3.25.1-1 [8692 kB]
2026-09-07T23:47:04.9544141Z #33 12.63 Get:108 http://deb.debian.org/debian bookworm/main amd64 libmagic-mgc amd64 1:5.44-3 [305 kB]
2026-09-07T23:47:04.9545311Z #33 12.69 Get:109 http://deb.debian.org/debian bookworm/main amd64 libmagic1 amd64 1:5.44-3 [104 kB]
2026-09-07T23:47:04.9546522Z #33 12.75 Get:110 http://deb.debian.org/debian bookworm/main amd64 psmisc amd64 23.6-1 [259 kB]
2026-09-07T23:47:04.9547819Z #33 12.75 Get:111 http://deb.debian.org/debian bookworm/main amd64 php-common all 2:93 [13.1 kB]
2026-09-07T23:47:04.9549094Z #33 12.75 Get:112 http://deb.debian.org/debian-security bookworm-security/main amd64 php8.2-common amd64 8.2.33-1~deb12u1 [691 kB]
2026-09-07T23:47:04.9550647Z #33 12.75 Get:113 http://deb.debian.org/debian-security bookworm-security/main amd64 php8.2-opcache amd64 8.2.33-1~deb12u1 [346 kB]
2026-09-07T23:47:04.9552713Z #33 12.84 Get:114 http://deb.debian.org/debian-security bookworm-security/main amd64 php8.2-readline amd64 8.2.33-1~deb12u1 [12.4 kB]
2026-09-07T23:47:04.9554248Z #33 12.84 Get:115 http://deb.debian.org/debian bookworm/main amd64 libargon2-1 amd64 0~20171227-0.3+deb12u1 [19.4 kB]
2026-09-07T23:47:04.9555620Z #33 12.94 Get:116 http://deb.debian.org/debian bookworm/main amd64 libsodium23 amd64 1.0.18-1+deb12u1 [162 kB]
2026-09-07T23:47:04.9557173Z #33 12.94 Get:117 http://deb.debian.org/debian-security bookworm-security/main amd64 php8.2-cli amd64 8.2.33-1~deb12u1 [1740 kB]
2026-09-07T23:47:04.9558593Z #33 12.94 Get:118 http://deb.debian.org/debian bookworm/main amd64 php-cli all 2:8.2+93 [4108 B]
2026-09-07T23:47:04.9559914Z #33 12.95 Get:119 http://deb.debian.org/debian bookworm/main amd64 php-composer-ca-bundle all 1.3.5-1 [11.5 kB]
2026-09-07T23:47:04.9561399Z #33 12.95 Get:120 http://deb.debian.org/debian bookworm/main amd64 php-symfony-deprecation-contracts all 2.5.5-0+deb12u1 [6032 B]
2026-09-07T23:47:04.9563002Z #33 13.00 Get:121 http://deb.debian.org/debian bookworm/main amd64 php-symfony-finder all 5.4.53+dfsg-0+deb12u1 [30.3 kB]
2026-09-07T23:47:04.9564355Z #33 13.04 Get:122 http://deb.debian.org/debian bookworm/main amd64 php-composer-pcre all 3.1.0-1+deb12u1 [10.1 kB]
2026-09-07T23:47:04.9565854Z #33 13.04 Get:123 http://deb.debian.org/debian bookworm/main amd64 php-composer-class-map-generator all 1.0.0-2+deb12u1 [10.2 kB]
2026-09-07T23:47:04.9567492Z #33 13.05 Get:124 http://deb.debian.org/debian bookworm/main amd64 php-composer-metadata-minifier all 1.0.0-2 [3632 B]
2026-09-07T23:47:04.9571173Z #33 13.06 Get:125 http://deb.debian.org/debian bookworm/main amd64 php-composer-semver all 3.3.2-1 [21.9 kB]
2026-09-07T23:47:04.9572678Z #33 13.09 Get:126 http://deb.debian.org/debian bookworm/main amd64 php-composer-spdx-licenses all 1.5.7-1 [14.5 kB]
2026-09-07T23:47:04.9623990Z #33 13.09 Get:127 http://deb.debian.org/debian bookworm/main amd64 php-psr-log all 1.1.4-2 [9560 B]
2026-09-07T23:47:04.9648554Z #33 13.13 Get:128 http://deb.debian.org/debian bookworm/main amd64 php-composer-xdebug-handler all 3.0.3-2+deb12u1 [18.6 kB]
2026-09-07T23:47:04.9687351Z #33 13.14 Get:129 http://deb.debian.org/debian bookworm/main amd64 php-json-schema all 5.2.12-2 [38.3 kB]
2026-09-07T23:47:04.9895846Z #33 13.14 Get:130 http://deb.debian.org/debian bookworm/main amd64 jsonlint all 1.9.0-1 [14.2 kB]
2026-09-07T23:47:04.9959369Z #33 13.14 Get:131 http://deb.debian.org/debian bookworm/main amd64 libonig5 amd64 6.9.8-1 [188 kB]
2026-09-07T23:47:05.0020468Z #33 13.14 Get:132 http://deb.debian.org/debian-security bookworm-security/main amd64 php8.2-mbstring amd64 8.2.33-1~deb12u1 [442 kB]
2026-09-07T23:47:05.0038007Z #33 13.14 Get:133 http://deb.debian.org/debian bookworm/main amd64 php-mbstring all 2:8.2+93 [3664 B]
2026-09-07T23:47:05.0077601Z #33 13.14 Get:134 http://deb.debian.org/debian bookworm/main amd64 php-psr-container all 1.1.2-1 [4324 B]
2026-09-07T23:47:05.0118214Z #33 13.15 Get:135 http://deb.debian.org/debian bookworm/main amd64 php-symfony-service-contracts all 2.5.5-0+deb12u1 [10.1 kB]
2026-09-07T23:47:05.0158773Z #33 13.34 Get:136 http://deb.debian.org/debian-security bookworm-security/main amd64 php8.2-intl amd64 8.2.33-1~deb12u1 [138 kB]
2026-09-07T23:47:05.0181428Z #33 13.35 Get:137 http://deb.debian.org/debian bookworm/main amd64 php-intl all 2:8.2+93 [3664 B]
2026-09-07T23:47:05.0215718Z #33 13.35 Get:138 http://deb.debian.org/debian bookworm/main amd64 php-symfony-string all 5.4.53+dfsg-0+deb12u1 [40.1 kB]
2026-09-07T23:47:05.0273514Z #33 13.39 Get:139 http://deb.debian.org/debian bookworm/main amd64 php-symfony-console all 5.4.53+dfsg-0+deb12u1 [94.4 kB]
2026-09-07T23:47:05.0275148Z #33 13.39 Get:140 http://deb.debian.org/debian bookworm/main amd64 php-symfony-filesystem all 5.4.53+dfsg-0+deb12u1 [29.3 kB]
2026-09-07T23:47:05.0381303Z #33 13.39 Get:141 http://deb.debian.org/debian bookworm/main amd64 php-symfony-process all 5.4.53+dfsg-0+deb12u1 [35.0 kB]
2026-09-07T23:47:05.0417891Z #33 13.39 Get:142 http://deb.debian.org/debian bookworm/main amd64 php-react-promise all 2.9.0-3 [22.4 kB]
2026-09-07T23:47:05.0450140Z #33 13.39 Get:143 http://deb.debian.org/debian bookworm/main amd64 php-seld-signal-handler all 2.0.1-2 [9604 B]
2026-09-07T23:47:05.0488324Z #33 13.39 Get:144 http://deb.debian.org/debian bookworm/main amd64 composer all 2.5.5-1+deb12u5 [493 kB]
2026-09-07T23:47:05.0508066Z #33 13.40 Get:145 http://deb.debian.org/debian bookworm/main amd64 java-common all 0.74 [6388 B]
2026-09-07T23:47:05.0581013Z #33 13.40 Get:146 http://deb.debian.org/debian bookworm/main amd64 libavahi-common-data amd64 0.8-10+deb12u1 [107 kB]
2026-09-07T23:47:05.0582521Z #33 13.41 Get:147 http://deb.debian.org/debian bookworm/main amd64 libavahi-common3 amd64 0.8-10+deb12u1 [42.1 kB]
2026-09-07T23:47:05.0596178Z #33 13.41 Get:148 http://deb.debian.org/debian bookworm/main amd64 libdbus-1-3 amd64 1.14.10-1~deb12u1 [201 kB]
2026-09-07T23:47:05.0603422Z #33 13.44 Get:149 http://deb.debian.org/debian bookworm/main amd64 libavahi-client3 amd64 0.8-10+deb12u1 [45.8 kB]
2026-09-07T23:47:05.0608961Z #33 13.45 Get:150 http://deb.debian.org/debian bookworm/main amd64 libcups2 amd64 2.4.2-3+deb12u9 [245 kB]
2026-09-07T23:47:05.0613771Z #33 13.54 Get:151 http://deb.debian.org/debian bookworm/main amd64 libpng16-16 amd64 1.6.39-2+deb12u5 [277 kB]
2026-09-07T23:47:05.0617473Z #33 13.59 Get:152 http://deb.debian.org/debian bookworm/main amd64 libfreetype6 amd64 2.12.1+dfsg-5+deb12u4 [398 kB]
2026-09-07T23:47:05.0622162Z #33 13.60 Get:153 http://deb.debian.org/debian bookworm/main amd64 fonts-dejavu-core all 2.37-6 [1068 kB]
2026-09-07T23:47:05.0628291Z #33 13.60 Get:154 http://deb.debian.org/debian bookworm/main amd64 fontconfig-config amd64 2.14.1-4 [315 kB]
2026-09-07T23:47:05.0631467Z #33 13.61 Get:155 http://deb.debian.org/debian bookworm/main amd64 libfontconfig1 amd64 2.14.1-4 [386 kB]
2026-09-07T23:47:05.0632939Z #33 13.63 Get:156 http://deb.debian.org/debian bookworm/main amd64 liblcms2-2 amd64 2.14-2+deb12u1 [154 kB]
2026-09-07T23:47:05.0634333Z #33 13.63 Get:157 http://deb.debian.org/debian bookworm/main amd64 libjpeg62-turbo amd64 1:2.1.5-2 [166 kB]
2026-09-07T23:47:05.0635702Z #33 13.64 Get:158 http://deb.debian.org/debian bookworm/main amd64 libnspr4 amd64 2:4.35-1 [113 kB]
2026-09-07T23:47:05.0637561Z #33 13.68 Get:159 http://deb.debian.org/debian-security bookworm-security/main amd64 libnss3 amd64 2:3.87.1-1+deb12u4 [1331 kB]
2026-09-07T23:47:05.0642374Z #33 13.83 Get:160 http://deb.debian.org/debian bookworm/main amd64 libasound2-data all 1.2.8-1 [20.5 kB]
2026-09-07T23:47:05.0648025Z #33 13.89 Get:161 http://deb.debian.org/debian bookworm/main amd64 libasound2 amd64 1.2.8-1+b1 [362 kB]
2026-09-07T23:47:05.0659672Z #33 13.89 Get:162 http://deb.debian.org/debian bookworm/main amd64 libglib2.0-0 amd64 2.74.6-2+deb12u9 [1403 kB]
2026-09-07T23:47:05.0664230Z #33 13.90 Get:163 http://deb.debian.org/debian bookworm/main amd64 libgraphite2-3 amd64 1.3.14-1+deb12u1 [74.6 kB]
2026-09-07T23:47:05.0665717Z #33 13.95 Get:164 http://deb.debian.org/debian bookworm/main amd64 libharfbuzz0b amd64 6.0.0+dfsg-3 [1945 kB]
2026-09-07T23:47:05.0667226Z #33 14.13 Get:165 http://deb.debian.org/debian bookworm/main amd64 libpcsclite1 amd64 1.9.9-2 [49.7 kB]
2026-09-07T23:47:05.0668887Z #33 14.13 Get:166 http://deb.debian.org/debian-security bookworm-security/main amd64 openjdk-17-jre-headless amd64 17.0.20.1+1-1~deb12u1 [43.9 MB]
2026-09-07T23:47:05.0670606Z #33 15.35 Get:167 http://deb.debian.org/debian bookworm/main amd64 default-jre-headless amd64 2:1.17-74 [2936 B]
2026-09-07T23:47:05.0672127Z #33 15.35 Get:168 http://deb.debian.org/debian bookworm/main amd64 libcurl3-gnutls amd64 7.88.1-10+deb12u15 [386 kB]
2026-09-07T23:47:05.0674302Z #33 15.35 Get:169 http://deb.debian.org/debian bookworm/main amd64 liberror-perl all 0.17029-2 [29.0 kB]
2026-09-07T23:47:05.0676303Z #33 15.35 Get:170 http://deb.debian.org/debian bookworm/main amd64 git-man all 1:2.39.5-0+deb12u3 [2053 kB]
2026-09-07T23:47:05.0677994Z #33 15.40 Get:171 http://deb.debian.org/debian bookworm/main amd64 git amd64 1:2.39.5-0+deb12u3 [7264 kB]
2026-09-07T23:47:05.0681913Z #33 15.53 Get:172 http://deb.debian.org/debian bookworm/main amd64 libaopalliance-java all 20070526-7 [8572 B]
2026-09-07T23:47:05.0686496Z #33 15.53 Get:173 http://deb.debian.org/debian bookworm/main amd64 libapache-pom-java all 29-2 [5276 B]
2026-09-07T23:47:05.0691074Z #33 15.53 Get:174 http://deb.debian.org/debian bookworm/main amd64 libatinject-jsr330-api-java all 1.0+ds1-5 [5312 B]
2026-09-07T23:47:05.0699188Z #33 15.53 Get:175 http://deb.debian.org/debian bookworm/main amd64 libgeronimo-interceptor-3.0-spec-java all 1.0.1-4 [8484 B]
2026-09-07T23:47:05.0707515Z #33 15.53 Get:176 http://deb.debian.org/debian bookworm/main amd64 libcdi-api-java all 1.2-3 [54.3 kB]
2026-09-07T23:47:05.0713054Z #33 15.53 Get:177 http://deb.debian.org/debian bookworm/main amd64 libcommons-cli-java all 1.5.0-1 [60.0 kB]
2026-09-07T23:47:05.0719281Z #33 15.53 Get:178 http://deb.debian.org/debian bookworm/main amd64 libcommons-parent-java all 56-1 [10.8 kB]
2026-09-07T23:47:05.0720785Z #33 15.53 Get:179 http://deb.debian.org/debian bookworm/main amd64 libcommons-io-java all 2.11.0-2 [319 kB]
2026-09-07T23:47:05.0722316Z #33 15.53 Get:180 http://deb.debian.org/debian bookworm/main amd64 libcommons-lang3-java all 3.12.0-2+deb12u1 [566 kB]
2026-09-07T23:47:05.0723890Z #33 15.57 Get:181 http://deb.debian.org/debian bookworm/main amd64 nss-plugin-pem amd64 1.0.8+1-1 [54.6 kB]
2026-09-07T23:47:05.0725389Z #33 15.58 Get:182 http://deb.debian.org/debian bookworm/main amd64 libcurl3-nss amd64 7.88.1-10+deb12u15 [396 kB]
2026-09-07T23:47:05.0727310Z #33 15.60 Get:183 http://deb.debian.org/debian bookworm/main amd64 libjsr305-java all 0.1~+svn49-11 [26.9 kB]
2026-09-07T23:47:05.0729436Z #33 15.61 Get:184 http://deb.debian.org/debian bookworm/main amd64 libguava-java all 31.1-1 [2613 kB]
2026-09-07T23:47:05.0731773Z #33 15.66 Get:185 http://deb.debian.org/debian bookworm/main amd64 liberror-prone-java all 2.18.0-1 [22.5 kB]
2026-09-07T23:47:05.0733606Z #33 15.66 Get:186 http://deb.debian.org/debian-security bookworm-security/main amd64 libexpat1-dev amd64 2.5.0-1+deb12u3 [155 kB]
2026-09-07T23:47:05.0736803Z #33 15.66 Get:187 http://deb.debian.org/debian bookworm/main amd64 libgeronimo-annotation-1.3-spec-java all 1.3-1 [11.1 kB]
2026-09-07T23:47:05.0739795Z #33 15.67 Get:188 http://deb.debian.org/debian bookworm/main amd64 libgmpxx4ldbl amd64 2:6.2.1+dfsg1-1.1 [338 kB]
2026-09-07T23:47:05.0745795Z #33 15.67 Get:189 http://deb.debian.org/debian bookworm/main amd64 libgmp-dev amd64 2:6.2.1+dfsg1-1.1 [641 kB]
2026-09-07T23:47:05.0751714Z #33 15.69 Get:190 http://deb.debian.org/debian bookworm/main amd64 libguice-java all 4.2.3-2 [1435 kB]
2026-09-07T23:47:05.0758213Z #33 15.71 Get:191 http://deb.debian.org/debian bookworm/main amd64 libjansi-java all 2.4.0-2 [105 kB]
2026-09-07T23:47:05.0763740Z #33 15.71 Get:192 http://deb.debian.org/debian bookworm/main amd64 libjs-jquery all 3.6.1+dfsg+~3.5.14-1 [326 kB]
2026-09-07T23:47:05.0769615Z #33 15.71 Get:193 http://deb.debian.org/debian bookworm/main amd64 libjs-underscore all 1.13.4~dfsg+~1.11.4-3 [116 kB]
2026-09-07T23:47:05.0773687Z #33 15.71 Get:194 http://deb.debian.org/debian bookworm/main amd64 libjs-sphinxdoc all 5.3.0-4 [130 kB]
2026-09-07T23:47:05.0775917Z #33 15.71 Get:195 http://deb.debian.org/debian bookworm/main amd64 libmaven-parent-java all 35-1 [6140 B]
2026-09-07T23:47:05.0777506Z #33 15.72 Get:196 http://deb.debian.org/debian bookworm/main amd64 libplexus-utils2-java all 3.4.2-1 [258 kB]
2026-09-07T23:47:05.0788927Z #33 15.72 Get:197 http://deb.debian.org/debian bookworm/main amd64 libwagon-provider-api-java all 3.5.3-1 [48.2 kB]
2026-09-07T23:47:05.0792685Z #33 15.72 Get:198 http://deb.debian.org/debian bookworm/main amd64 libmaven-resolver-java all 1.6.3-1 [548 kB]
2026-09-07T23:47:05.0804461Z #33 15.78 Get:199 http://deb.debian.org/debian bookworm/main amd64 libmaven-shared-utils-java all 3.3.4-1 [138 kB]
2026-09-07T23:47:05.0808121Z #33 15.78 Get:200 http://deb.debian.org/debian bookworm/main amd64 libplexus-cipher-java all 2.0-1 [14.9 kB]
2026-09-07T23:47:05.0812589Z #33 15.78 Get:201 http://deb.debian.org/debian bookworm/main amd64 libplexus-classworlds-java all 2.7.0-1 [50.6 kB]
2026-09-07T23:47:05.0819367Z #33 15.78 Get:202 http://deb.debian.org/debian bookworm/main amd64 libplexus-component-annotations-java all 2.1.1-1 [7660 B]
2026-09-07T23:47:05.0824795Z #33 15.78 Get:203 http://deb.debian.org/debian bookworm/main amd64 libplexus-interpolation-java all 1.26-1 [76.8 kB]
2026-09-07T23:47:05.0830163Z #33 15.78 Get:204 http://deb.debian.org/debian bookworm/main amd64 libplexus-sec-dispatcher-java all 2.0-3 [28.3 kB]
2026-09-07T23:47:05.0834594Z #33 15.78 Get:205 http://deb.debian.org/debian bookworm/main amd64 libslf4j-java all 1.7.32-1 [144 kB]
2026-09-07T23:47:05.0840339Z #33 15.78 Get:206 http://deb.debian.org/debian bookworm/main amd64 libsisu-inject-java all 0.3.4-2 [347 kB]
2026-09-07T23:47:05.0871896Z #33 15.83 Get:207 http://deb.debian.org/debian bookworm/main amd64 libsisu-plexus-java all 0.3.4-3 [181 kB]
2026-09-07T23:47:05.0873202Z #33 15.83 Get:208 http://deb.debian.org/debian bookworm/main amd64 libmaven3-core-java all 3.8.7-1 [1572 kB]
2026-09-07T23:47:05.0874341Z #33 15.84 Get:209 http://deb.debian.org/debian bookworm/main amd64 libncurses6 amd64 6.4-4 [103 kB]
2026-09-07T23:47:05.0875428Z #33 15.84 Get:210 http://deb.debian.org/debian bookworm/main amd64 libpfm4 amd64 4.13.0-1 [294 kB]
2026-09-07T23:47:05.0876625Z #33 15.85 Get:211 http://deb.debian.org/debian bookworm/main amd64 libpython3.11 amd64 3.11.2-6+deb12u8 [1988 kB]
2026-09-07T23:47:05.0878058Z #33 16.01 Get:212 http://deb.debian.org/debian bookworm/main amd64 zlib1g-dev amd64 1:1.2.13.dfsg-1 [916 kB]
2026-09-07T23:47:05.0879597Z #33 16.01 Get:213 http://deb.debian.org/debian bookworm/main amd64 libpython3.11-dev amd64 3.11.2-6+deb12u8 [4738 kB]
2026-09-07T23:47:05.1288718Z #33 16.28 Get:214 http://deb.debian.org/debian bookworm/main amd64 libpython3-dev amd64 3.11.2-1+b1 [9572 B]
2026-09-07T23:47:05.1290325Z #33 16.28 Get:215 http://deb.debian.org/debian bookworm/main amd64 rubygems-integration all 1.18 [6704 B]
2026-09-07T23:47:05.1291789Z #33 16.28 Get:216 http://deb.debian.org/debian bookworm/main amd64 ruby3.1 amd64 3.1.2-7+deb12u1 [663 kB]
2026-09-07T23:47:05.1891490Z #33 16.30 Get:217 http://deb.debian.org/debian bookworm/main amd64 ruby-rubygems all 3.3.15-2+deb12u1 [293 kB]
2026-09-07T23:47:05.1931649Z #33 16.30 Get:218 http://deb.debian.org/debian bookworm/main amd64 ruby amd64 1:3.1 [5868 B]
2026-09-07T23:47:05.1937894Z #33 16.30 Get:219 http://deb.debian.org/debian bookworm/main amd64 rake all 13.0.6-3 [83.9 kB]
2026-09-07T23:47:05.1939325Z #33 16.30 Get:220 http://deb.debian.org/debian bookworm/main amd64 ruby-net-telnet all 0.2.0-1 [13.1 kB]
2026-09-07T23:47:05.1940936Z #33 16.34 Get:221 http://deb.debian.org/debian bookworm/main amd64 ruby-webrick all 1.8.1-1 [51.4 kB]
2026-09-07T23:47:05.1942284Z #33 16.34 Get:222 http://deb.debian.org/debian bookworm/main amd64 ruby-xmlrpc all 0.3.2-2 [24.4 kB]
2026-09-07T23:47:05.1943366Z #33 16.34 Get:223 http://deb.debian.org/debian bookworm/main amd64 ruby-sdbm amd64 1.0.0-5+b1 [15.4 kB]
2026-09-07T23:47:05.1944520Z #33 16.34 Get:224 http://deb.debian.org/debian bookworm/main amd64 libyaml-0-2 amd64 0.2.5-1 [53.6 kB]
2026-09-07T23:47:05.1968128Z #33 16.34 Get:225 http://deb.debian.org/debian bookworm/main amd64 libruby3.1 amd64 3.1.2-7+deb12u1 [5400 kB]
2026-09-07T23:47:05.1969444Z #33 16.55 Get:226 http://deb.debian.org/debian bookworm/main amd64 libruby amd64 1:3.1 [4972 B]
2026-09-07T23:47:05.1970716Z #33 16.56 Get:227 http://deb.debian.org/debian bookworm/main amd64 libwagon-file-java all 3.5.3-1 [8388 B]
2026-09-07T23:47:05.1972204Z #33 16.56 Get:228 http://deb.debian.org/debian bookworm/main amd64 libwagon-http-shaded-java all 3.5.3-1 [1341 kB]
2026-09-07T23:47:05.1973665Z #33 16.58 Get:229 http://deb.debian.org/debian bookworm/main amd64 llvm-14-runtime amd64 1:14.0.6-12 [477 kB]
2026-09-07T23:47:05.1974875Z #33 16.59 Get:230 http://deb.debian.org/debian bookworm/main amd64 llvm-runtime amd64 1:14.0-55.7~deb12u1 [4812 B]
2026-09-07T23:47:05.1976124Z #33 16.59 Get:231 http://deb.debian.org/debian bookworm/main amd64 llvm-14 amd64 1:14.0.6-12 [11.7 MB]
2026-09-07T23:47:05.1977444Z #33 16.79 Get:232 http://deb.debian.org/debian bookworm/main amd64 llvm amd64 1:14.0-55.7~deb12u1 [7212 B]
2026-09-07T23:47:05.1978710Z #33 16.79 Get:233 http://deb.debian.org/debian bookworm/main amd64 maven all 3.8.7-1 [18.9 kB]
2026-09-07T23:47:05.2023529Z #33 16.79 Get:234 http://deb.debian.org/debian bookworm/main amd64 ninja-build amd64 1.11.1-2~deb12u1 [135 kB]
2026-09-07T23:47:05.2026546Z #33 16.79 Get:235 http://deb.debian.org/debian-security bookworm-security/main amd64 openjdk-17-jdk-headless amd64 17.0.20.1+1-1~deb12u1 [71.7 MB]
2026-09-07T23:47:05.3242361Z #33 ...
2026-09-07T23:47:05.3242632Z 
2026-09-07T23:47:05.3243691Z #31 [node-tools 2/2] RUN npm install --global     @ast-grep/cli@0.45.0     @sourcegraph/scip-python@0.6.6     @sourcegraph/scip-typescript@0.4.0   && npm cache clean --force
2026-09-07T23:47:05.3245106Z #31 15.74 
2026-09-07T23:47:05.3245476Z #31 15.74 added 50 packages in 15s
2026-09-07T23:47:05.3245932Z #31 15.74 
2026-09-07T23:47:05.3249174Z #31 15.74 1 package is looking for funding
2026-09-07T23:47:05.3249746Z #31 15.74   run `npm fund` for details
2026-09-07T23:47:05.4942921Z #31 15.75 npm notice
2026-09-07T23:47:05.4971871Z #31 15.75 npm notice New major version of npm available! 10.9.8 -> 12.0.2
2026-09-07T23:47:05.4999075Z #31 15.75 npm notice Changelog: https://github.com/npm/cli/releases/tag/v12.0.2
2026-09-07T23:47:05.5020718Z #31 15.75 npm notice To update run: npm install -g npm@12.0.2
2026-09-07T23:47:05.5047895Z #31 15.75 npm notice
2026-09-07T23:47:05.7498217Z #31 16.05 npm warn using --force Recommended protections disabled.
2026-09-07T23:47:06.2748521Z #31 DONE 16.6s
2026-09-07T23:47:06.2749475Z 
2026-09-07T23:47:06.2751563Z #33 [runtime  3/27] RUN apt-get update && apt-get install -y --no-install-recommends     build-essential     ca-certificates     clang     cmake     composer     git     llvm     maven     ninja-build     openjdk-17-jdk-headless     php-cli     python3     python3-dev     python3-pip     python3-venv     ruby     ruby-dev     ruby-bundler     universal-ctags   && rm -rf /var/lib/apt/lists/*
2026-09-07T23:47:06.2754509Z #33 17.81 Get:236 http://deb.debian.org/debian bookworm/main amd64 python3.11-dev amd64 3.11.2-6+deb12u8 [619 kB]
2026-09-07T23:47:06.2755635Z #33 17.82 Get:237 http://deb.debian.org/debian bookworm/main amd64 python3-lib2to3 all 3.11.2-3 [76.3 kB]
2026-09-07T23:47:06.2756712Z #33 17.82 Get:238 http://deb.debian.org/debian bookworm/main amd64 python3-distutils all 3.11.2-3 [131 kB]
2026-09-07T23:47:06.2758177Z #33 17.82 Get:239 http://deb.debian.org/debian bookworm/main amd64 python3-dev amd64 3.11.2-1+b1 [26.2 kB]
2026-09-07T23:47:06.2759554Z #33 17.83 Get:240 http://deb.debian.org/debian bookworm/main amd64 python3-pkg-resources all 66.1.1-1+deb12u2 [297 kB]
2026-09-07T23:47:06.2760768Z #33 17.83 Get:241 http://deb.debian.org/debian bookworm/main amd64 python3-setuptools all 66.1.1-1+deb12u2 [522 kB]
2026-09-07T23:47:06.2761886Z #33 17.84 Get:242 http://deb.debian.org/debian bookworm/main amd64 python3-wheel all 0.38.4-2 [30.8 kB]
2026-09-07T23:47:06.2762981Z #33 17.84 Get:243 http://deb.debian.org/debian bookworm/main amd64 python3-pip all 23.0.1+dfsg-1 [1325 kB]
2026-09-07T23:47:06.2764122Z #33 17.90 Get:244 http://deb.debian.org/debian bookworm/main amd64 python3-pip-whl all 23.0.1+dfsg-1 [1717 kB]
2026-09-07T23:47:06.2765352Z #33 17.90 Get:245 http://deb.debian.org/debian bookworm/main amd64 python3-setuptools-whl all 66.1.1-1+deb12u2 [1112 kB]
2026-09-07T23:47:06.2766616Z #33 17.92 Get:246 http://deb.debian.org/debian bookworm/main amd64 python3.11-venv amd64 3.11.2-6+deb12u8 [5888 B]
2026-09-07T23:47:06.2768533Z #33 17.92 Get:247 http://deb.debian.org/debian bookworm/main amd64 python3-venv amd64 3.11.2-1+b1 [1200 B]
2026-09-07T23:47:06.2769651Z #33 17.92 Get:248 http://deb.debian.org/debian bookworm/main amd64 ruby-bundler all 2.3.15-2+deb12u1 [389 kB]
2026-09-07T23:47:06.2770808Z #33 17.92 Get:249 http://deb.debian.org/debian bookworm/main amd64 ruby3.1-dev amd64 3.1.2-7+deb12u1 [1001 kB]
2026-09-07T23:47:06.2771811Z #33 17.94 Get:250 http://deb.debian.org/debian bookworm/main amd64 ruby-dev amd64 1:3.1 [5116 B]
2026-09-07T23:47:06.2772859Z #33 17.94 Get:251 http://deb.debian.org/debian bookworm/main amd64 universal-ctags amd64 5.9.20210829.0-1 [739 kB]
2026-09-07T23:47:06.5077997Z #33 18.13 debconf: delaying package configuration, since apt-utils is not installed
2026-09-07T23:47:06.5078885Z #33 18.17 Fetched 344 MB in 11s (30.2 MB/s)
2026-09-07T23:47:06.5084599Z #33 18.23 Selecting previously unselected package perl-modules-5.36.
2026-09-07T23:47:06.5086093Z #33 18.23 (Reading database ... 
2026-09-07T23:47:06.5088675Z (Reading database ... 5%
2026-09-07T23:47:06.5089300Z (Reading database ... 10%
2026-09-07T23:47:06.5089849Z (Reading database ... 15%
2026-09-07T23:47:06.5090362Z (Reading database ... 20%
2026-09-07T23:47:06.5090826Z (Reading database ... 25%
2026-09-07T23:47:06.5091302Z (Reading database ... 30%
2026-09-07T23:47:06.5091832Z (Reading database ... 35%
2026-09-07T23:47:06.5092341Z (Reading database ... 40%
2026-09-07T23:47:06.5092844Z (Reading database ... 45%
2026-09-07T23:47:06.5093322Z (Reading database ... 50%
2026-09-07T23:47:06.5093829Z (Reading database ... 55%
2026-09-07T23:47:06.5094325Z (Reading database ... 60%
2026-09-07T23:47:06.5094820Z (Reading database ... 65%
2026-09-07T23:47:06.5095281Z (Reading database ... 70%
2026-09-07T23:47:06.6549953Z (Reading database ... 75%
2026-09-07T23:47:06.6551327Z (Reading database ... 80%
2026-09-07T23:47:06.6551860Z (Reading database ... 85%
2026-09-07T23:47:06.6552384Z (Reading database ... 90%
2026-09-07T23:47:06.6552917Z (Reading database ... 95%
2026-09-07T23:47:06.6553451Z (Reading database ... 100%
2026-09-07T23:47:06.6554190Z (Reading database ... 6096 files and directories currently installed.)
2026-09-07T23:47:06.6555177Z #33 18.25 Preparing to unpack .../0-perl-modules-5.36_5.36.0-7+deb12u3_all.deb ...
2026-09-07T23:47:06.6556047Z #33 18.25 Unpacking perl-modules-5.36 (5.36.0-7+deb12u3) ...
2026-09-07T23:47:07.0067420Z #33 18.72 Selecting previously unselected package libgdbm6:amd64.
2026-09-07T23:47:07.0068336Z #33 18.72 Preparing to unpack .../1-libgdbm6_1.23-3_amd64.deb ...
2026-09-07T23:47:07.0069404Z #33 18.73 Unpacking libgdbm6:amd64 (1.23-3) ...
2026-09-07T23:47:07.1719983Z #33 18.77 Selecting previously unselected package libgdbm-compat4:amd64.
2026-09-07T23:47:07.1721043Z #33 18.77 Preparing to unpack .../2-libgdbm-compat4_1.23-3_amd64.deb ...
2026-09-07T23:47:07.1722025Z #33 18.77 Unpacking libgdbm-compat4:amd64 (1.23-3) ...
2026-09-07T23:47:07.1722870Z #33 18.79 Selecting previously unselected package libperl5.36:amd64.
2026-09-07T23:47:07.1724074Z #33 18.80 Preparing to unpack .../3-libperl5.36_5.36.0-7+deb12u3_amd64.deb ...
2026-09-07T23:47:07.1724994Z #33 18.80 Unpacking libperl5.36:amd64 (5.36.0-7+deb12u3) ...
2026-09-07T23:47:07.5985709Z #33 ...
2026-09-07T23:47:07.5986479Z 
2026-09-07T23:47:07.6002273Z #32 [release-tools 3/3] RUN apt-get update && apt-get install -y --no-install-recommends     ca-certificates     curl   && rm -rf /var/lib/apt/lists/*   && mkdir -p /out /tmp/releases   && cd /tmp/releases   && download() { curl -fsSL --retry 3 --retry-delay 2 --retry-all-errors --connect-timeout 15 --max-time 600 "$@"; }   && download -O "https://github.com/sourcegraph/scip-go/releases/download/v0.2.7/scip-go-linux-amd64.tar.gz"   && download -O "https://github.com/sourcegraph/scip-go/releases/download/v0.2.7/scip-go-linux-amd64.tar.gz.sha256"   && sha256sum -c scip-go-linux-amd64.tar.gz.sha256   && tar -xzf scip-go-linux-amd64.tar.gz -C /out scip-go   && download -O "https://github.com/scip-code/scip/releases/download/v0.9.0/scip-linux-amd64.tar.gz"   && download -O "https://github.com/scip-code/scip/releases/download/v0.9.0/scip-linux-amd64.tar.gz.sha256"   && sha256sum -c scip-linux-amd64.tar.gz.sha256   && tar -xzf scip-linux-amd64.tar.gz -C /out scip   && download -O     "https://github.com/scip-code/scip-java/releases/download/v0.13.1/scip-java-v0.13.1"   && download -O     "https://github.com/scip-code/scip-java/releases/download/v0.13.1/scip-java-v0.13.1.sha256"   && sha256sum -c "scip-java-v0.13.1.sha256"   && mv "scip-java-v0.13.1" /out/scip-java   && download     "https://github.com/sourcegraph/scip-clang/releases/download/v0.4.0/scip-clang-x86_64-linux"     -o scip-clang   && echo "06fd18c576f979a726c651594644ec4a35db4f471f2160b3f72eb89fa6001784  scip-clang" | sha256sum -c -   && mv scip-clang /out/scip-clang   && download     "https://github.com/sourcegraph/scip-ruby/releases/download/scip-ruby-v0.4.7/scip-ruby-x86_64-linux"     -o scip-ruby   && echo "a068c7c3b2042b9eac563ce77ce35dcaca666b418530b1db9f932a3dbc7175dd  scip-ruby" | sha256sum -c -   && mv scip-ruby /out/scip-ruby   && download     "https://github.com/rust-lang/rust-analyzer/releases/download/2026-07-27/rust-analyzer-x86_64-unknown-linux-gnu.gz"     -o rust-analyzer.gz   && echo "ac4f42ddbbd040d75d847e991894776485783e28beb744b9719a660a99abe115  rust-analyzer.gz" | sha256sum -c -   && gzip -dc rust-analyzer.gz > /out/rust-analyzer   && chmod +x /out/*
2026-09-07T23:47:07.6015488Z #32 9.950 Updating certificates in /etc/ssl/certs...
2026-09-07T23:47:07.6016041Z #32 12.42 150 added, 0 removed; done.
2026-09-07T23:47:07.6016602Z #32 12.47 Setting up libgssapi-krb5-2:amd64 (1.20.1-2+deb12u5) ...
2026-09-07T23:47:07.6017387Z #32 12.48 Setting up libcurl4:amd64 (7.88.1-10+deb12u15) ...
2026-09-07T23:47:07.6017982Z #32 12.48 Setting up curl (7.88.1-10+deb12u15) ...
2026-09-07T23:47:07.6018873Z #32 12.49 Processing triggers for libc-bin (2.36-9+deb12u14) ...
2026-09-07T23:47:07.6019618Z #32 12.51 Processing triggers for ca-certificates (20250419~deb12u1) ...
2026-09-07T23:47:07.6020330Z #32 12.51 Updating certificates in /etc/ssl/certs...
2026-09-07T23:47:07.6020864Z #32 15.09 0 added, 0 removed; done.
2026-09-07T23:47:07.6021423Z #32 15.09 Running hooks in /etc/ca-certificates/update.d...
2026-09-07T23:47:07.6021981Z #32 15.09 done.
2026-09-07T23:47:07.6022349Z #32 16.97 scip-go-linux-amd64.tar.gz: OK
2026-09-07T23:47:07.6022851Z #32 18.53 scip-linux-amd64.tar.gz: OK
2026-09-07T23:47:07.7107884Z #32 ...
2026-09-07T23:47:07.7108381Z 
2026-09-07T23:47:07.7110546Z #33 [runtime  3/27] RUN apt-get update && apt-get install -y --no-install-recommends     build-essential     ca-certificates     clang     cmake     composer     git     llvm     maven     ninja-build     openjdk-17-jdk-headless     php-cli     python3     python3-dev     python3-pip     python3-venv     ruby     ruby-dev     ruby-bundler     universal-ctags   && rm -rf /var/lib/apt/lists/*
2026-09-07T23:47:07.7113084Z #33 19.39 Selecting previously unselected package perl.
2026-09-07T23:47:07.7114138Z #33 19.39 Preparing to unpack .../4-perl_5.36.0-7+deb12u3_amd64.deb ...
2026-09-07T23:47:07.7114881Z #33 19.40 Unpacking perl (5.36.0-7+deb12u3) ...
2026-09-07T23:47:07.8250422Z #33 19.45 Selecting previously unselected package libssl3:amd64.
2026-09-07T23:47:07.8251199Z #33 19.45 Preparing to unpack .../5-libssl3_3.0.20-1~deb12u2_amd64.deb ...
2026-09-07T23:47:07.8251879Z #33 19.46 Unpacking libssl3:amd64 (3.0.20-1~deb12u2) ...
2026-09-07T23:47:08.0672912Z #33 19.76 Selecting previously unselected package libpython3.11-minimal:amd64.
2026-09-07T23:47:08.0673784Z #33 19.76 Preparing to unpack .../6-libpython3.11-minimal_3.11.2-6+deb12u8_amd64.deb ...
2026-09-07T23:47:08.0674708Z #33 19.76 Unpacking libpython3.11-minimal:amd64 (3.11.2-6+deb12u8) ...
2026-09-07T23:47:08.3678680Z #33 19.92 Selecting previously unselected package libexpat1:amd64.
2026-09-07T23:47:08.3679754Z #33 19.93 Preparing to unpack .../7-libexpat1_2.5.0-1+deb12u3_amd64.deb ...
2026-09-07T23:47:08.3680613Z #33 19.93 Unpacking libexpat1:amd64 (2.5.0-1+deb12u3) ...
2026-09-07T23:47:08.3681400Z #33 20.00 Selecting previously unselected package python3.11-minimal.
2026-09-07T23:47:08.3682388Z #33 20.00 Preparing to unpack .../8-python3.11-minimal_3.11.2-6+deb12u8_amd64.deb ...
2026-09-07T23:47:08.3683254Z #33 20.00 Unpacking python3.11-minimal (3.11.2-6+deb12u8) ...
2026-09-07T23:47:08.5582254Z #33 20.20 Setting up libssl3:amd64 (3.0.20-1~deb12u2) ...
2026-09-07T23:47:08.5595005Z #33 20.21 Setting up libpython3.11-minimal:amd64 (3.11.2-6+deb12u8) ...
2026-09-07T23:47:08.5595936Z #33 20.21 Setting up libexpat1:amd64 (2.5.0-1+deb12u3) ...
2026-09-07T23:47:08.5596662Z #33 20.21 Setting up python3.11-minimal (3.11.2-6+deb12u8) ...
2026-09-07T23:47:08.7870821Z #33 ...
2026-09-07T23:47:08.7871083Z 
2026-09-07T23:47:08.7871776Z #16 [rust-tools 1/2] FROM docker.io/library/rust:1-bookworm@sha256:82150a52ec202c1b14d7817e14516c392bb7f5cfebd88f1ed531cb37ebd39922
2026-09-07T23:47:08.7873143Z #16 extracting sha256:8cab6ce149c24516f80b26a762b6b9aaebcaf4fbe51d4c6844af7d7dbc372f2d 9.7s done
2026-09-07T23:47:08.7874313Z #16 extracting sha256:01a6a9ffe665b63ea18491fedb646423413ae3fdefcf7776ee25a2eaff8a673e 2.8s
2026-09-07T23:47:08.9310110Z #16 ...
2026-09-07T23:47:08.9310362Z 
2026-09-07T23:47:08.9311183Z #19 [dotnet-tools 1/2] FROM mcr.microsoft.com/dotnet/sdk:8.0-bookworm-slim@sha256:bb32ba3ba3ea36e38572d9d8db76fa15f7cbf722f3f886e06bca6d528bd4fba8
2026-09-07T23:47:08.9312849Z #19 extracting sha256:40790fa57b9b922de75261a1a7b47a37525a2e606d06ea5487672b113906a295 13.2s
2026-09-07T23:47:09.1632774Z #19 ...
2026-09-07T23:47:09.1633334Z 
2026-09-07T23:47:09.1647760Z #32 [release-tools 3/3] RUN apt-get update && apt-get install -y --no-install-recommends     ca-certificates     curl   && rm -rf /var/lib/apt/lists/*   && mkdir -p /out /tmp/releases   && cd /tmp/releases   && download() { curl -fsSL --retry 3 --retry-delay 2 --retry-all-errors --connect-timeout 15 --max-time 600 "$@"; }   && download -O "https://github.com/sourcegraph/scip-go/releases/download/v0.2.7/scip-go-linux-amd64.tar.gz"   && download -O "https://github.com/sourcegraph/scip-go/releases/download/v0.2.7/scip-go-linux-amd64.tar.gz.sha256"   && sha256sum -c scip-go-linux-amd64.tar.gz.sha256   && tar -xzf scip-go-linux-amd64.tar.gz -C /out scip-go   && download -O "https://github.com/scip-code/scip/releases/download/v0.9.0/scip-linux-amd64.tar.gz"   && download -O "https://github.com/scip-code/scip/releases/download/v0.9.0/scip-linux-amd64.tar.gz.sha256"   && sha256sum -c scip-linux-amd64.tar.gz.sha256   && tar -xzf scip-linux-amd64.tar.gz -C /out scip   && download -O     "https://github.com/scip-code/scip-java/releases/download/v0.13.1/scip-java-v0.13.1"   && download -O     "https://github.com/scip-code/scip-java/releases/download/v0.13.1/scip-java-v0.13.1.sha256"   && sha256sum -c "scip-java-v0.13.1.sha256"   && mv "scip-java-v0.13.1" /out/scip-java   && download     "https://github.com/sourcegraph/scip-clang/releases/download/v0.4.0/scip-clang-x86_64-linux"     -o scip-clang   && echo "06fd18c576f979a726c651594644ec4a35db4f471f2160b3f72eb89fa6001784  scip-clang" | sha256sum -c -   && mv scip-clang /out/scip-clang   && download     "https://github.com/sourcegraph/scip-ruby/releases/download/scip-ruby-v0.4.7/scip-ruby-x86_64-linux"     -o scip-ruby   && echo "a068c7c3b2042b9eac563ce77ce35dcaca666b418530b1db9f932a3dbc7175dd  scip-ruby" | sha256sum -c -   && mv scip-ruby /out/scip-ruby   && download     "https://github.com/rust-lang/rust-analyzer/releases/download/2026-07-27/rust-analyzer-x86_64-unknown-linux-gnu.gz"     -o rust-analyzer.gz   && echo "ac4f42ddbbd040d75d847e991894776485783e28beb744b9719a660a99abe115  rust-analyzer.gz" | sha256sum -c -   && gzip -dc rust-analyzer.gz > /out/rust-analyzer   && chmod +x /out/*
2026-09-07T23:47:09.1665818Z #32 21.55 scip-java-v0.13.1: OK
2026-09-07T23:47:12.0995620Z #32 ...
2026-09-07T23:47:12.0995960Z 
2026-09-07T23:47:12.0996717Z #19 [dotnet-tools 1/2] FROM mcr.microsoft.com/dotnet/sdk:8.0-bookworm-slim@sha256:bb32ba3ba3ea36e38572d9d8db76fa15f7cbf722f3f886e06bca6d528bd4fba8
2026-09-07T23:47:12.0999138Z #19 extracting sha256:40790fa57b9b922de75261a1a7b47a37525a2e606d06ea5487672b113906a295 14.9s done
2026-09-07T23:47:12.1000187Z #19 extracting sha256:28ad44209b7dbe064a7b0b9a37d2714f941d93e1aeeea24d3fa6eea98d34442e done
2026-09-07T23:47:12.1001309Z #19 extracting sha256:a5731be9f2ef507f77c1ee99f904922c863db51aff682e67e94eef2c58af6a78 0.9s done
2026-09-07T23:47:12.1002077Z #19 DONE 33.6s
2026-09-07T23:47:12.2059178Z 
2026-09-07T23:47:12.2062123Z #33 [runtime  3/27] RUN apt-get update && apt-get install -y --no-install-recommends     build-essential     ca-certificates     clang     cmake     composer     git     llvm     maven     ninja-build     openjdk-17-jdk-headless     php-cli     python3     python3-dev     python3-pip     python3-venv     ruby     ruby-dev     ruby-bundler     universal-ctags   && rm -rf /var/lib/apt/lists/*
2026-09-07T23:47:12.2065512Z #33 21.64 Selecting previously unselected package python3-minimal.
2026-09-07T23:47:12.2066599Z #33 21.64 (Reading database ... 
2026-09-07T23:47:12.2067324Z (Reading database ... 5%
2026-09-07T23:47:12.2068029Z (Reading database ... 10%
2026-09-07T23:47:12.2068548Z (Reading database ... 15%
2026-09-07T23:47:12.2069145Z (Reading database ... 20%
2026-09-07T23:47:12.2069751Z (Reading database ... 25%
2026-09-07T23:47:12.2070357Z (Reading database ... 30%
2026-09-07T23:47:12.2070834Z (Reading database ... 35%
2026-09-07T23:47:12.2071505Z (Reading database ... 40%
2026-09-07T23:47:12.2072121Z (Reading database ... 45%
2026-09-07T23:47:12.2072727Z (Reading database ... 50%
2026-09-07T23:47:12.2073234Z (Reading database ... 55%
2026-09-07T23:47:12.2073852Z (Reading database ... 60%
2026-09-07T23:47:12.2074528Z (Reading database ... 65%
2026-09-07T23:47:12.2075113Z (Reading database ... 70%
2026-09-07T23:47:12.2075601Z (Reading database ... 75%
2026-09-07T23:47:12.2076714Z (Reading database ... 80%
2026-09-07T23:47:12.2077421Z (Reading database ... 85%
2026-09-07T23:47:12.2078035Z (Reading database ... 90%
2026-09-07T23:47:12.2078656Z (Reading database ... 95%
2026-09-07T23:47:12.2079146Z (Reading database ... 100%
2026-09-07T23:47:12.2079941Z (Reading database ... 8428 files and directories currently installed.)
2026-09-07T23:47:12.2080849Z #33 21.69 Preparing to unpack .../00-python3-minimal_3.11.2-1+b1_amd64.deb ...
2026-09-07T23:47:12.2081699Z #33 21.74 Unpacking python3-minimal (3.11.2-1+b1) ...
2026-09-07T23:47:12.2082471Z #33 21.90 Selecting previously unselected package media-types.
2026-09-07T23:47:12.2083281Z #33 21.90 Preparing to unpack .../01-media-types_10.0.0_all.deb ...
2026-09-07T23:47:12.2084048Z #33 21.93 Unpacking media-types (10.0.0) ...
2026-09-07T23:47:12.2084799Z #33 21.96 Selecting previously unselected package libncursesw6:amd64.
2026-09-07T23:47:12.2085709Z #33 21.96 Preparing to unpack .../02-libncursesw6_6.4-4_amd64.deb ...
2026-09-07T23:47:12.2086495Z #33 21.96 Unpacking libncursesw6:amd64 (6.4-4) ...
2026-09-07T23:47:12.2087413Z #33 22.01 Selecting previously unselected package libkrb5support0:amd64.
2026-09-07T23:47:12.2088566Z #33 22.01 Preparing to unpack .../03-libkrb5support0_1.20.1-2+deb12u5_amd64.deb ...
2026-09-07T23:47:12.2089479Z #33 22.02 Unpacking libkrb5support0:amd64 (1.20.1-2+deb12u5) ...
2026-09-07T23:47:12.2090329Z #33 22.05 Selecting previously unselected package libk5crypto3:amd64.
2026-09-07T23:47:12.2091262Z #33 22.05 Preparing to unpack .../04-libk5crypto3_1.20.1-2+deb12u5_amd64.deb ...
2026-09-07T23:47:12.2107756Z #33 22.05 Unpacking libk5crypto3:amd64 (1.20.1-2+deb12u5) ...
2026-09-07T23:47:12.2108692Z #33 22.08 Selecting previously unselected package libkeyutils1:amd64.
2026-09-07T23:47:12.2109634Z #33 22.08 Preparing to unpack .../05-libkeyutils1_1.6.3-2_amd64.deb ...
2026-09-07T23:47:12.2110440Z #33 22.08 Unpacking libkeyutils1:amd64 (1.6.3-2) ...
2026-09-07T23:47:12.2111220Z #33 22.10 Selecting previously unselected package libkrb5-3:amd64.
2026-09-07T23:47:12.2112142Z #33 22.10 Preparing to unpack .../06-libkrb5-3_1.20.1-2+deb12u5_amd64.deb ...
2026-09-07T23:47:12.2112982Z #33 22.11 Unpacking libkrb5-3:amd64 (1.20.1-2+deb12u5) ...
2026-09-07T23:47:12.2113826Z #33 22.21 Selecting previously unselected package libgssapi-krb5-2:amd64.
2026-09-07T23:47:12.2114802Z #33 22.21 Preparing to unpack .../07-libgssapi-krb5-2_1.20.1-2+deb12u5_amd64.deb ...
2026-09-07T23:47:12.2115691Z #33 22.22 Unpacking libgssapi-krb5-2:amd64 (1.20.1-2+deb12u5) ...
2026-09-07T23:47:12.2116538Z #33 22.26 Selecting previously unselected package libtirpc-common.
2026-09-07T23:47:12.2117564Z #33 22.26 Preparing to unpack .../08-libtirpc-common_1.3.3+ds-1_all.deb ...
2026-09-07T23:47:12.2141399Z #33 22.26 Unpacking libtirpc-common (1.3.3+ds-1) ...
2026-09-07T23:47:12.2142267Z #33 22.28 Selecting previously unselected package libtirpc3:amd64.
2026-09-07T23:47:12.2143179Z #33 22.28 Preparing to unpack .../09-libtirpc3_1.3.3+ds-1_amd64.deb ...
2026-09-07T23:47:12.2144050Z #33 22.28 Unpacking libtirpc3:amd64 (1.3.3+ds-1) ...
2026-09-07T23:47:12.2144855Z #33 22.31 Selecting previously unselected package libnsl2:amd64.
2026-09-07T23:47:12.2145770Z #33 22.31 Preparing to unpack .../10-libnsl2_1.3.0-2_amd64.deb ...
2026-09-07T23:47:12.2146463Z #33 22.31 Unpacking libnsl2:amd64 (1.3.0-2) ...
2026-09-07T23:47:12.2147400Z #33 22.38 Selecting previously unselected package readline-common.
2026-09-07T23:47:12.2148219Z #33 22.38 Preparing to unpack .../11-readline-common_8.2-1.3_all.deb ...
2026-09-07T23:47:12.2149033Z #33 22.38 Unpacking readline-common (8.2-1.3) ...
2026-09-07T23:47:12.2149829Z #33 22.41 Selecting previously unselected package libreadline8:amd64.
2026-09-07T23:47:12.2150690Z #33 22.41 Preparing to unpack .../12-libreadline8_8.2-1.3_amd64.deb ...
2026-09-07T23:47:12.2151426Z #33 22.41 Unpacking libreadline8:amd64 (8.2-1.3) ...
2026-09-07T23:47:12.2152172Z #33 22.45 Selecting previously unselected package libsqlite3-0:amd64.
2026-09-07T23:47:12.2153276Z #33 22.45 Preparing to unpack .../13-libsqlite3-0_3.40.1-2+deb12u2_amd64.deb ...
2026-09-07T23:47:12.2154092Z #33 22.45 Unpacking libsqlite3-0:amd64 (3.40.1-2+deb12u2) ...
2026-09-07T23:47:12.2155079Z #33 22.53 Selecting previously unselected package libpython3.11-stdlib:amd64.
2026-09-07T23:47:12.2156157Z #33 22.53 Preparing to unpack .../14-libpython3.11-stdlib_3.11.2-6+deb12u8_amd64.deb ...
2026-09-07T23:47:12.2157497Z #33 22.53 Unpacking libpython3.11-stdlib:amd64 (3.11.2-6+deb12u8) ...
2026-09-07T23:47:12.2158246Z #33 22.76 Selecting previously unselected package python3.11.
2026-09-07T23:47:12.2158965Z #33 22.84 Preparing to unpack .../15-python3.11_3.11.2-6+deb12u8_amd64.deb ...
2026-09-07T23:47:12.2159633Z #33 22.84 Unpacking python3.11 (3.11.2-6+deb12u8) ...
2026-09-07T23:47:12.2160308Z #33 22.84 Selecting previously unselected package libpython3-stdlib:amd64.
2026-09-07T23:47:12.2161120Z #33 22.84 Preparing to unpack .../16-libpython3-stdlib_3.11.2-1+b1_amd64.deb ...
2026-09-07T23:47:12.2161821Z #33 22.84 Unpacking libpython3-stdlib:amd64 (3.11.2-1+b1) ...
2026-09-07T23:47:12.2162409Z #33 22.88 Setting up python3-minimal (3.11.2-1+b1) ...
2026-09-07T23:47:12.2163015Z #33 23.18 Selecting previously unselected package python3.
2026-09-07T23:47:12.2163763Z #33 23.18 (Reading database ... 
2026-09-07T23:47:12.2164224Z (Reading database ... 5%
2026-09-07T23:47:12.2164652Z (Reading database ... 10%
2026-09-07T23:47:12.2165028Z (Reading database ... 15%
2026-09-07T23:47:12.2165376Z (Reading database ... 20%
2026-09-07T23:47:12.2165736Z (Reading database ... 25%
2026-09-07T23:47:12.2166097Z (Reading database ... 30%
2026-09-07T23:47:12.2166507Z (Reading database ... 35%
2026-09-07T23:47:12.2167239Z (Reading database ... 40%
2026-09-07T23:47:12.2167867Z (Reading database ... 45%
2026-09-07T23:47:12.2168529Z (Reading database ... 50%
2026-09-07T23:47:12.2169186Z (Reading database ... 55%
2026-09-07T23:47:12.2169876Z (Reading database ... 60%
2026-09-07T23:47:12.2170460Z (Reading database ... 65%
2026-09-07T23:47:12.2171107Z (Reading database ... 70%
2026-09-07T23:47:12.2171685Z (Reading database ... 75%
2026-09-07T23:47:12.2172304Z (Reading database ... 80%
2026-09-07T23:47:12.2172770Z (Reading database ... 85%
2026-09-07T23:47:12.2173397Z (Reading database ... 90%
2026-09-07T23:47:12.2174022Z (Reading database ... 95%
2026-09-07T23:47:12.2174631Z (Reading database ... 100%
2026-09-07T23:47:12.2175543Z (Reading database ... 8936 files and directories currently installed.)
2026-09-07T23:47:12.2176669Z #33 23.19 Preparing to unpack .../000-python3_3.11.2-1+b1_amd64.deb ...
2026-09-07T23:47:12.2177377Z #33 23.20 Unpacking python3 (3.11.2-1+b1) ...
2026-09-07T23:47:12.2177911Z #33 23.22 Selecting previously unselected package sgml-base.
2026-09-07T23:47:12.2178575Z #33 23.23 Preparing to unpack .../001-sgml-base_1.31_all.deb ...
2026-09-07T23:47:12.2179170Z #33 23.23 Unpacking sgml-base (1.31) ...
2026-09-07T23:47:12.2179744Z #33 23.25 Selecting previously unselected package libproc2-0:amd64.
2026-09-07T23:47:12.2180564Z #33 23.25 Preparing to unpack .../002-libproc2-0_2%3a4.0.2-3_amd64.deb ...
2026-09-07T23:47:12.2181298Z #33 23.25 Unpacking libproc2-0:amd64 (2:4.0.2-3) ...
2026-09-07T23:47:12.2181941Z #33 23.27 Selecting previously unselected package procps.
2026-09-07T23:47:12.2182653Z #33 23.28 Preparing to unpack .../003-procps_2%3a4.0.2-3_amd64.deb ...
2026-09-07T23:47:12.2183321Z #33 23.29 Unpacking procps (2:4.0.2-3) ...
2026-09-07T23:47:12.2183956Z #33 23.59 Selecting previously unselected package sensible-utils.
2026-09-07T23:47:12.2184800Z #33 23.59 Preparing to unpack .../004-sensible-utils_0.0.17+nmu1_all.deb ...
2026-09-07T23:47:12.2185448Z #33 23.64 Unpacking sensible-utils (0.0.17+nmu1) ...
2026-09-07T23:47:12.2186059Z #33 23.70 Selecting previously unselected package bzip2.
2026-09-07T23:47:12.2186743Z #33 23.70 Preparing to unpack .../005-bzip2_1.0.8-5+b1_amd64.deb ...
2026-09-07T23:47:12.2187497Z #33 23.70 Unpacking bzip2 (1.0.8-5+b1) ...
2026-09-07T23:47:12.2188035Z #33 23.72 Selecting previously unselected package openssl.
2026-09-07T23:47:12.2189030Z #33 23.72 Preparing to unpack .../006-openssl_3.0.20-1~deb12u2_amd64.deb ...
2026-09-07T23:47:12.2189764Z #33 23.72 Unpacking openssl (3.0.20-1~deb12u2) ...
2026-09-07T23:47:12.2190337Z #33 23.91 Selecting previously unselected package ca-certificates.
2026-09-07T23:47:12.2191155Z #33 23.92 Preparing to unpack .../007-ca-certificates_20250419~deb12u1_all.deb ...
2026-09-07T23:47:12.2191955Z #33 23.92 Unpacking ca-certificates (20250419~deb12u1) ...
2026-09-07T23:47:12.3660453Z #33 24.01 Selecting previously unselected package ucf.
2026-09-07T23:47:12.3661239Z #33 24.01 Preparing to unpack .../008-ucf_3.0043+nmu1+deb12u1_all.deb ...
2026-09-07T23:47:12.3661864Z #33 24.01 Moving old data out of the way
2026-09-07T23:47:12.3662352Z #33 24.02 Unpacking ucf (3.0043+nmu1+deb12u1) ...
2026-09-07T23:47:12.4782374Z #33 24.10 Selecting previously unselected package xz-utils.
2026-09-07T23:47:12.4783185Z #33 24.10 Preparing to unpack .../009-xz-utils_5.4.1-1+deb12u1_amd64.deb ...
2026-09-07T23:47:12.4783864Z #33 24.10 Unpacking xz-utils (5.4.1-1+deb12u1) ...
2026-09-07T23:47:12.6047449Z #33 24.23 Selecting previously unselected package binutils-common:amd64.
2026-09-07T23:47:12.6048469Z #33 24.23 Preparing to unpack .../010-binutils-common_2.40-2_amd64.deb ...
2026-09-07T23:47:12.6049110Z #33 24.23 Unpacking binutils-common:amd64 (2.40-2) ...
2026-09-07T23:47:12.8738883Z #33 24.51 Selecting previously unselected package libbinutils:amd64.
2026-09-07T23:47:12.8739729Z #33 24.51 Preparing to unpack .../011-libbinutils_2.40-2_amd64.deb ...
2026-09-07T23:47:12.8742694Z #33 24.51 Unpacking libbinutils:amd64 (2.40-2) ...
2026-09-07T23:47:12.8743498Z #33 24.61 Selecting previously unselected package libctf-nobfd0:amd64.
2026-09-07T23:47:12.9926440Z #33 24.61 Preparing to unpack .../012-libctf-nobfd0_2.40-2_amd64.deb ...
2026-09-07T23:47:12.9927495Z #33 24.61 Unpacking libctf-nobfd0:amd64 (2.40-2) ...
2026-09-07T23:47:12.9928214Z #33 24.65 Selecting previously unselected package libctf0:amd64.
2026-09-07T23:47:12.9929720Z #33 24.65 Preparing to unpack .../013-libctf0_2.40-2_amd64.deb ...
2026-09-07T23:47:12.9930334Z #33 24.65 Unpacking libctf0:amd64 (2.40-2) ...
2026-09-07T23:47:12.9930971Z #33 24.69 Selecting previously unselected package libgprofng0:amd64.
2026-09-07T23:47:12.9931691Z #33 24.69 Preparing to unpack .../014-libgprofng0_2.40-2_amd64.deb ...
2026-09-07T23:47:12.9932651Z #33 24.70 Unpacking libgprofng0:amd64 (2.40-2) ...
2026-09-07T23:47:13.2062853Z #33 24.85 Selecting previously unselected package libjansson4:amd64.
2026-09-07T23:47:13.2063781Z #33 24.85 Preparing to unpack .../015-libjansson4_2.14-2_amd64.deb ...
2026-09-07T23:47:13.2064590Z #33 24.85 Unpacking libjansson4:amd64 (2.14-2) ...
2026-09-07T23:47:13.2065438Z #33 24.89 Selecting previously unselected package binutils-x86-64-linux-gnu.
2026-09-07T23:47:13.2066406Z #33 24.89 Preparing to unpack .../016-binutils-x86-64-linux-gnu_2.40-2_amd64.deb ...
2026-09-07T23:47:13.2067392Z #33 24.89 Unpacking binutils-x86-64-linux-gnu (2.40-2) ...
2026-09-07T23:47:13.5494772Z #33 25.28 Selecting previously unselected package binutils.
2026-09-07T23:47:13.6733350Z #33 25.28 Preparing to unpack .../017-binutils_2.40-2_amd64.deb ...
2026-09-07T23:47:13.6734308Z #33 25.29 Unpacking binutils (2.40-2) ...
2026-09-07T23:47:13.6735113Z #33 25.32 Selecting previously unselected package libc-dev-bin.
2026-09-07T23:47:13.6736075Z #33 25.32 Preparing to unpack .../018-libc-dev-bin_2.36-9+deb12u14_amd64.deb ...
2026-09-07T23:47:13.6736931Z #33 25.32 Unpacking libc-dev-bin (2.36-9+deb12u14) ...
2026-09-07T23:47:13.6737883Z #33 25.37 Selecting previously unselected package linux-libc-dev:amd64.
2026-09-07T23:47:13.6738805Z #33 25.37 Preparing to unpack .../019-linux-libc-dev_6.1.180-1_amd64.deb ...
2026-09-07T23:47:13.6739669Z #33 25.38 Unpacking linux-libc-dev:amd64 (6.1.180-1) ...
2026-09-07T23:47:14.8503412Z #33 ...
2026-09-07T23:47:14.8503995Z 
2026-09-07T23:47:14.8504597Z #35 [dart-tools 2/2] RUN dart pub global activate scip_dart "1.6.2"
2026-09-07T23:47:14.8505680Z #35 0.549 Resolving dependencies...
2026-09-07T23:47:14.8506276Z #35 0.799 Downloading packages...
2026-09-07T23:47:14.8506936Z #35 2.836 + _fe_analyzer_shared 61.0.0 (107.0.0 available)
2026-09-07T23:47:14.8507769Z #35 2.836 + analyzer 5.13.0 (14.3.0 available)
2026-09-07T23:47:14.8508311Z #35 2.836 + args 2.7.0
2026-09-07T23:47:14.8508765Z #35 2.836 + async 2.13.1
2026-09-07T23:47:14.8509275Z #35 2.836 + checked_yaml 2.0.4
2026-09-07T23:47:14.8509803Z #35 2.836 + collection 1.19.1
2026-09-07T23:47:14.8510372Z #35 2.836 + convert 3.1.2
2026-09-07T23:47:14.8510868Z #35 2.836 + crypto 3.0.7
2026-09-07T23:47:14.8511353Z #35 2.836 + file 7.0.1
2026-09-07T23:47:14.8511828Z #35 2.836 + fixnum 1.1.1
2026-09-07T23:47:14.8512270Z #35 2.836 + glob 2.2.0
2026-09-07T23:47:14.8512772Z #35 2.836 + json_annotation 4.12.0
2026-09-07T23:47:14.8513308Z #35 2.836 + meta 1.19.0
2026-09-07T23:47:14.8513829Z #35 2.836 + package_config 2.2.0 (3.0.0 available)
2026-09-07T23:47:14.8514464Z #35 2.836 + path 1.9.1
2026-09-07T23:47:14.8514954Z #35 2.836 + protobuf 3.1.0 (6.0.0 available)
2026-09-07T23:47:14.8515542Z #35 2.836 + pub_semver 2.2.1
2026-09-07T23:47:14.8516076Z #35 2.836 + pubspec_lock_parse 2.2.0
2026-09-07T23:47:14.8516870Z #35 2.836 + pubspec_parse 1.6.0
2026-09-07T23:47:14.8517570Z #35 2.836 + scip_dart 1.6.2
2026-09-07T23:47:14.8518078Z #35 2.836 + source_span 1.10.2
2026-09-07T23:47:14.8518612Z #35 2.836 + string_scanner 1.4.1
2026-09-07T23:47:14.8519174Z #35 2.836 + term_glyph 1.2.2
2026-09-07T23:47:14.8519700Z #35 2.836 + typed_data 1.4.0
2026-09-07T23:47:14.8520176Z #35 2.836 + watcher 1.2.1
2026-09-07T23:47:14.8520667Z #35 2.836 + yaml 3.1.4
2026-09-07T23:47:14.8521165Z #35 2.836 Building package executables...
2026-09-07T23:47:14.8521765Z #35 8.988 Built scip_dart:scip_dart.
2026-09-07T23:47:14.8522353Z #35 9.045 Installed executable scip_dart.
2026-09-07T23:47:14.8522953Z #35 9.051 Activated scip_dart 1.6.2.
2026-09-07T23:47:14.8523808Z #35 9.051 Warning: Pub installs executables into /opt/pub-cache/bin, which is not on your path.
2026-09-07T23:47:14.8525094Z #35 9.051 You can fix that by adding this to your shell's config file (.bashrc, .bash_profile, .zshrc etc.):
2026-09-07T23:47:14.8525997Z #35 9.051 
2026-09-07T23:47:14.8526526Z #35 9.051   export PATH="$PATH":"/opt/pub-cache/bin"
2026-09-07T23:47:14.8527288Z #35 9.051 
2026-09-07T23:47:14.9561324Z #35 ...
2026-09-07T23:47:14.9563182Z 
2026-09-07T23:47:14.9565089Z #24 [go-tools 1/2] FROM docker.io/library/golang:1.24-bookworm@sha256:1a6d4452c65dea36aac2e2d606b01b4a029ec90cc1ae53890540ce6173ea77ac
2026-09-07T23:47:14.9568236Z #24 extracting sha256:d1ae0a59862a60fde488eccaa7f764b5f5cb60746b7adf2335f9cc05ce1ed745 8.0s done
2026-09-07T23:47:14.9570051Z #24 extracting sha256:f7bdfd728ac2ad72d43b82689890dc698260d3a1049845f48fb3fb942df6c581 3.0s
2026-09-07T23:47:15.0650384Z #24 ...
2026-09-07T23:47:15.0652208Z 
2026-09-07T23:47:15.0666396Z #32 [release-tools 3/3] RUN apt-get update && apt-get install -y --no-install-recommends     ca-certificates     curl   && rm -rf /var/lib/apt/lists/*   && mkdir -p /out /tmp/releases   && cd /tmp/releases   && download() { curl -fsSL --retry 3 --retry-delay 2 --retry-all-errors --connect-timeout 15 --max-time 600 "$@"; }   && download -O "https://github.com/sourcegraph/scip-go/releases/download/v0.2.7/scip-go-linux-amd64.tar.gz"   && download -O "https://github.com/sourcegraph/scip-go/releases/download/v0.2.7/scip-go-linux-amd64.tar.gz.sha256"   && sha256sum -c scip-go-linux-amd64.tar.gz.sha256   && tar -xzf scip-go-linux-amd64.tar.gz -C /out scip-go   && download -O "https://github.com/scip-code/scip/releases/download/v0.9.0/scip-linux-amd64.tar.gz"   && download -O "https://github.com/scip-code/scip/releases/download/v0.9.0/scip-linux-amd64.tar.gz.sha256"   && sha256sum -c scip-linux-amd64.tar.gz.sha256   && tar -xzf scip-linux-amd64.tar.gz -C /out scip   && download -O     "https://github.com/scip-code/scip-java/releases/download/v0.13.1/scip-java-v0.13.1"   && download -O     "https://github.com/scip-code/scip-java/releases/download/v0.13.1/scip-java-v0.13.1.sha256"   && sha256sum -c "scip-java-v0.13.1.sha256"   && mv "scip-java-v0.13.1" /out/scip-java   && download     "https://github.com/sourcegraph/scip-clang/releases/download/v0.4.0/scip-clang-x86_64-linux"     -o scip-clang   && echo "06fd18c576f979a726c651594644ec4a35db4f471f2160b3f72eb89fa6001784  scip-clang" | sha256sum -c -   && mv scip-clang /out/scip-clang   && download     "https://github.com/sourcegraph/scip-ruby/releases/download/scip-ruby-v0.4.7/scip-ruby-x86_64-linux"     -o scip-ruby   && echo "a068c7c3b2042b9eac563ce77ce35dcaca666b418530b1db9f932a3dbc7175dd  scip-ruby" | sha256sum -c -   && mv scip-ruby /out/scip-ruby   && download     "https://github.com/rust-lang/rust-analyzer/releases/download/2026-07-27/rust-analyzer-x86_64-unknown-linux-gnu.gz"     -o rust-analyzer.gz   && echo "ac4f42ddbbd040d75d847e991894776485783e28beb744b9719a660a99abe115  rust-analyzer.gz" | sha256sum -c -   && gzip -dc rust-analyzer.gz > /out/rust-analyzer   && chmod +x /out/*
2026-09-07T23:47:15.0706893Z #32 27.32 scip-clang: OK
2026-09-07T23:47:15.3112522Z #32 ...
2026-09-07T23:47:15.3113198Z 
2026-09-07T23:47:15.3113744Z #35 [dart-tools 2/2] RUN dart pub global activate scip_dart "1.6.2"
2026-09-07T23:47:15.3114781Z #35 DONE 10.4s
2026-09-07T23:47:15.4226742Z 
2026-09-07T23:47:15.4229419Z #33 [runtime  3/27] RUN apt-get update && apt-get install -y --no-install-recommends     build-essential     ca-certificates     clang     cmake     composer     git     llvm     maven     ninja-build     openjdk-17-jdk-headless     php-cli     python3     python3-dev     python3-pip     python3-venv     ruby     ruby-dev     ruby-bundler     universal-ctags   && rm -rf /var/lib/apt/lists/*
2026-09-07T23:47:15.4232148Z #33 26.93 Selecting previously unselected package libcrypt-dev:amd64.
2026-09-07T23:47:15.4233135Z #33 26.93 Preparing to unpack .../020-libcrypt-dev_1%3a4.4.33-2_amd64.deb ...
2026-09-07T23:47:15.4233980Z #33 26.94 Unpacking libcrypt-dev:amd64 (1:4.4.33-2) ...
2026-09-07T23:47:15.4234839Z #33 26.99 Selecting previously unselected package libtirpc-dev:amd64.
2026-09-07T23:47:15.4235769Z #33 26.99 Preparing to unpack .../021-libtirpc-dev_1.3.3+ds-1_amd64.deb ...
2026-09-07T23:47:15.4236573Z #33 27.00 Unpacking libtirpc-dev:amd64 (1.3.3+ds-1) ...
2026-09-07T23:47:15.4237442Z #33 27.07 Selecting previously unselected package libnsl-dev:amd64.
2026-09-07T23:47:15.4238323Z #33 27.07 Preparing to unpack .../022-libnsl-dev_1.3.0-2_amd64.deb ...
2026-09-07T23:47:15.4239090Z #33 27.07 Unpacking libnsl-dev:amd64 (1.3.0-2) ...
2026-09-07T23:47:15.4239846Z #33 27.13 Selecting previously unselected package rpcsvc-proto.
2026-09-07T23:47:15.4240713Z #33 27.14 Preparing to unpack .../023-rpcsvc-proto_1.4.3-1_amd64.deb ...
2026-09-07T23:47:15.4241274Z #33 27.14 Unpacking rpcsvc-proto (1.4.3-1) ...
2026-09-07T23:47:15.6442873Z #33 27.19 Selecting previously unselected package libc6-dev:amd64.
2026-09-07T23:47:15.6443844Z #33 27.19 Preparing to unpack .../024-libc6-dev_2.36-9+deb12u14_amd64.deb ...
2026-09-07T23:47:15.6444801Z #33 27.19 Unpacking libc6-dev:amd64 (2.36-9+deb12u14) ...
2026-09-07T23:47:15.8548288Z #33 27.59 Selecting previously unselected package libisl23:amd64.
2026-09-07T23:47:15.9556727Z #33 27.59 Preparing to unpack .../025-libisl23_0.25-1.1_amd64.deb ...
2026-09-07T23:47:15.9560434Z #33 27.59 Unpacking libisl23:amd64 (0.25-1.1) ...
2026-09-07T23:47:16.0918720Z #33 27.69 Selecting previously unselected package libmpfr6:amd64.
2026-09-07T23:47:16.0919524Z #33 27.69 Preparing to unpack .../026-libmpfr6_4.2.0-1_amd64.deb ...
2026-09-07T23:47:16.0920084Z #33 27.69 Unpacking libmpfr6:amd64 (4.2.0-1) ...
2026-09-07T23:47:16.0920643Z #33 27.75 Selecting previously unselected package libmpc3:amd64.
2026-09-07T23:47:16.0921309Z #33 27.75 Preparing to unpack .../027-libmpc3_1.3.1-1_amd64.deb ...
2026-09-07T23:47:16.0921866Z #33 27.75 Unpacking libmpc3:amd64 (1.3.1-1) ...
2026-09-07T23:47:16.0922379Z #33 27.77 Selecting previously unselected package cpp-12.
2026-09-07T23:47:16.0923305Z #33 27.77 Preparing to unpack .../028-cpp-12_12.2.0-14+deb12u1_amd64.deb ...
2026-09-07T23:47:16.0923945Z #33 27.77 Unpacking cpp-12 (12.2.0-14+deb12u1) ...
2026-09-07T23:47:17.0013182Z #33 28.72 Selecting previously unselected package cpp.
2026-09-07T23:47:17.0013886Z #33 28.72 Preparing to unpack .../029-cpp_4%3a12.2.0-3_amd64.deb ...
2026-09-07T23:47:17.0014492Z #33 28.72 Unpacking cpp (4:12.2.0-3) ...
2026-09-07T23:47:17.1108039Z #33 28.74 Selecting previously unselected package libcc1-0:amd64.
2026-09-07T23:47:17.1118363Z #33 28.74 Preparing to unpack .../030-libcc1-0_12.2.0-14+deb12u1_amd64.deb ...
2026-09-07T23:47:17.1119224Z #33 28.74 Unpacking libcc1-0:amd64 (12.2.0-14+deb12u1) ...
2026-09-07T23:47:17.1119972Z #33 28.76 Selecting previously unselected package libgomp1:amd64.
2026-09-07T23:47:17.1120831Z #33 28.76 Preparing to unpack .../031-libgomp1_12.2.0-14+deb12u1_amd64.deb ...
2026-09-07T23:47:17.1121631Z #33 28.77 Unpacking libgomp1:amd64 (12.2.0-14+deb12u1) ...
2026-09-07T23:47:17.1122404Z #33 28.80 Selecting previously unselected package libitm1:amd64.
2026-09-07T23:47:17.1123237Z #33 28.80 Preparing to unpack .../032-libitm1_12.2.0-14+deb12u1_amd64.deb ...
2026-09-07T23:47:17.1124256Z #33 28.81 Unpacking libitm1:amd64 (12.2.0-14+deb12u1) ...
2026-09-07T23:47:17.1125044Z #33 28.83 Selecting previously unselected package libatomic1:amd64.
2026-09-07T23:47:17.1125917Z #33 28.83 Preparing to unpack .../033-libatomic1_12.2.0-14+deb12u1_amd64.deb ...
2026-09-07T23:47:17.1126731Z #33 28.83 Unpacking libatomic1:amd64 (12.2.0-14+deb12u1) ...
2026-09-07T23:47:17.2374797Z #33 28.88 Selecting previously unselected package libasan8:amd64.
2026-09-07T23:47:17.2468754Z #33 28.88 Preparing to unpack .../034-libasan8_12.2.0-14+deb12u1_amd64.deb ...
2026-09-07T23:47:17.2469630Z #33 28.88 Unpacking libasan8:amd64 (12.2.0-14+deb12u1) ...
2026-09-07T23:47:18.2133562Z #33 29.94 Selecting previously unselected package liblsan0:amd64.
2026-09-07T23:47:18.3990402Z #33 29.95 Preparing to unpack .../035-liblsan0_12.2.0-14+deb12u1_amd64.deb ...
2026-09-07T23:47:18.3992766Z #33 29.98 Unpacking liblsan0:amd64 (12.2.0-14+deb12u1) ...
2026-09-07T23:47:18.7145504Z #33 30.28 Selecting previously unselected package libtsan2:amd64.#33 ...
2026-09-07T23:47:18.7146000Z 
2026-09-07T23:47:18.7146509Z #36 [dotnet-tools 2/2] RUN dotnet tool install     --tool-path /opt/dotnet-tools     --version "0.2.14"     scip-dotnet
2026-09-07T23:47:18.7150371Z #36 5.863 You can invoke the tool using the following command: scip-dotnet
2026-09-07T23:47:18.7151205Z #36 5.863 Tool 'scip-dotnet' (version '0.2.14') was successfully installed.
2026-09-07T23:47:18.7151816Z #36 DONE 6.6s
2026-09-07T23:47:18.7152008Z 
2026-09-07T23:47:18.7171624Z #32 [release-tools 3/3] RUN apt-get update && apt-get install -y --no-install-recommends     ca-certificates     curl   && rm -rf /var/lib/apt/lists/*   && mkdir -p /out /tmp/releases   && cd /tmp/releases   && download() { curl -fsSL --retry 3 --retry-delay 2 --retry-all-errors --connect-timeout 15 --max-time 600 "$@"; }   && download -O "https://github.com/sourcegraph/scip-go/releases/download/v0.2.7/scip-go-linux-amd64.tar.gz"   && download -O "https://github.com/sourcegraph/scip-go/releases/download/v0.2.7/scip-go-linux-amd64.tar.gz.sha256"   && sha256sum -c scip-go-linux-amd64.tar.gz.sha256   && tar -xzf scip-go-linux-amd64.tar.gz -C /out scip-go   && download -O "https://github.com/scip-code/scip/releases/download/v0.9.0/scip-linux-amd64.tar.gz"   && download -O "https://github.com/scip-code/scip/releases/download/v0.9.0/scip-linux-amd64.tar.gz.sha256"   && sha256sum -c scip-linux-amd64.tar.gz.sha256   && tar -xzf scip-linux-amd64.tar.gz -C /out scip   && download -O     "https://github.com/scip-code/scip-java/releases/download/v0.13.1/scip-java-v0.13.1"   && download -O     "https://github.com/scip-code/scip-java/releases/download/v0.13.1/scip-java-v0.13.1.sha256"   && sha256sum -c "scip-java-v0.13.1.sha256"   && mv "scip-java-v0.13.1" /out/scip-java   && download     "https://github.com/sourcegraph/scip-clang/releases/download/v0.4.0/scip-clang-x86_64-linux"     -o scip-clang   && echo "06fd18c576f979a726c651594644ec4a35db4f471f2160b3f72eb89fa6001784  scip-clang" | sha256sum -c -   && mv scip-clang /out/scip-clang   && download     "https://github.com/sourcegraph/scip-ruby/releases/download/scip-ruby-v0.4.7/scip-ruby-x86_64-linux"     -o scip-ruby   && echo "a068c7c3b2042b9eac563ce77ce35dcaca666b418530b1db9f932a3dbc7175dd  scip-ruby" | sha256sum -c -   && mv scip-ruby /out/scip-ruby   && download     "https://github.com/rust-lang/rust-analyzer/releases/download/2026-07-27/rust-analyzer-x86_64-unknown-linux-gnu.gz"     -o rust-analyzer.gz   && echo "ac4f42ddbbd040d75d847e991894776485783e28beb744b9719a660a99abe115  rust-analyzer.gz" | sha256sum -c -   && gzip -dc rust-analyzer.gz > /out/rust-analyzer   && chmod +x /out/*
2026-09-07T23:47:18.7192872Z #32 29.06 scip-ruby: OK
2026-09-07T23:47:18.7193416Z #32 30.07 rust-analyzer.gz: OK
2026-09-07T23:47:18.7193957Z #32 DONE 31.0s
2026-09-07T23:47:18.7194171Z 
2026-09-07T23:47:18.7196764Z #33 [runtime  3/27] RUN apt-get update && apt-get install -y --no-install-recommends     build-essential     ca-certificates     clang     cmake     composer     git     llvm     maven     ninja-build     openjdk-17-jdk-headless     php-cli     python3     python3-dev     python3-pip     python3-venv     ruby     ruby-dev     ruby-bundler     universal-ctags   && rm -rf /var/lib/apt/lists/*
2026-09-07T23:47:18.7199957Z #33 30.28 Selecting previously unselected package libtsan2:amd64.
2026-09-07T23:47:18.7200794Z #33 30.29 Preparing to unpack .../036-libtsan2_12.2.0-14+deb12u1_amd64.deb ...
2026-09-07T23:47:18.7201545Z #33 30.29 Unpacking libtsan2:amd64 (12.2.0-14+deb12u1) ...
2026-09-07T23:47:18.8266563Z #33 30.54 Selecting previously unselected package libubsan1:amd64.
2026-09-07T23:47:18.8267815Z #33 30.54 Preparing to unpack .../037-libubsan1_12.2.0-14+deb12u1_amd64.deb ...
2026-09-07T23:47:18.8268704Z #33 30.54 Unpacking libubsan1:amd64 (12.2.0-14+deb12u1) ...
2026-09-07T23:47:18.9315668Z #33 30.64 Selecting previously unselected package libquadmath0:amd64.
2026-09-07T23:47:18.9318113Z #33 30.64 Preparing to unpack .../038-libquadmath0_12.2.0-14+deb12u1_amd64.deb ...
2026-09-07T23:47:18.9320409Z #33 30.64 Unpacking libquadmath0:amd64 (12.2.0-14+deb12u1) ...
2026-09-07T23:47:19.0520987Z #33 30.67 Selecting previously unselected package libgcc-12-dev:amd64.
2026-09-07T23:47:19.0522071Z #33 30.68 Preparing to unpack .../039-libgcc-12-dev_12.2.0-14+deb12u1_amd64.deb ...
2026-09-07T23:47:19.0523128Z #33 30.68 Unpacking libgcc-12-dev:amd64 (12.2.0-14+deb12u1) ...
2026-09-07T23:47:19.1530670Z #33 30.89 Selecting previously unselected package gcc-12.
2026-09-07T23:47:19.1531743Z #33 30.89 Preparing to unpack .../040-gcc-12_12.2.0-14+deb12u1_amd64.deb ...
2026-09-07T23:47:19.1532693Z #33 30.89 Unpacking gcc-12 (12.2.0-14+deb12u1) ...
2026-09-07T23:47:19.3129876Z #33 ...
2026-09-07T23:47:19.3130453Z 
2026-09-07T23:47:19.3131430Z #16 [rust-tools 1/2] FROM docker.io/library/rust:1-bookworm@sha256:82150a52ec202c1b14d7817e14516c392bb7f5cfebd88f1ed531cb37ebd39922
2026-09-07T23:47:19.3132934Z #16 extracting sha256:01a6a9ffe665b63ea18491fedb646423413ae3fdefcf7776ee25a2eaff8a673e 13.7s
2026-09-07T23:47:20.4287235Z #16 ...
2026-09-07T23:47:20.4287927Z 
2026-09-07T23:47:20.4290457Z #33 [runtime  3/27] RUN apt-get update && apt-get install -y --no-install-recommends     build-essential     ca-certificates     clang     cmake     composer     git     llvm     maven     ninja-build     openjdk-17-jdk-headless     php-cli     python3     python3-dev     python3-pip     python3-venv     ruby     ruby-dev     ruby-bundler     universal-ctags   && rm -rf /var/lib/apt/lists/*
2026-09-07T23:47:20.4307890Z #33 32.10 Selecting previously unselected package gcc.
2026-09-07T23:47:20.4308624Z #33 32.11 Preparing to unpack .../041-gcc_4%3a12.2.0-3_amd64.deb ...
2026-09-07T23:47:20.4309071Z #33 32.11 Unpacking gcc (4:12.2.0-3) ...
2026-09-07T23:47:20.4309516Z #33 32.16 Selecting previously unselected package libstdc++-12-dev:amd64.
2026-09-07T23:47:20.4310305Z #33 32.16 Preparing to unpack .../042-libstdc++-12-dev_12.2.0-14+deb12u1_amd64.deb ...
2026-09-07T23:47:20.4310851Z #33 32.16 Unpacking libstdc++-12-dev:amd64 (12.2.0-14+deb12u1) ...
2026-09-07T23:47:20.7040059Z #33 32.37 Selecting previously unselected package g++-12.
2026-09-07T23:47:20.7041552Z #33 32.37 Preparing to unpack .../043-g++-12_12.2.0-14+deb12u1_amd64.deb ...
2026-09-07T23:47:20.7042463Z #33 32.37 Unpacking g++-12 (12.2.0-14+deb12u1) ...
2026-09-07T23:47:21.5589670Z #33 33.22 Selecting previously unselected package g++.
2026-09-07T23:47:21.5591294Z #33 33.23 Preparing to unpack .../044-g++_4%3a12.2.0-3_amd64.deb ...
2026-09-07T23:47:21.5592205Z #33 33.23 Unpacking g++ (4:12.2.0-3) ...
2026-09-07T23:47:21.5592882Z #33 33.24 Selecting previously unselected package make.
2026-09-07T23:47:21.5593705Z #33 33.24 Preparing to unpack .../045-make_4.3-4.1_amd64.deb ...
2026-09-07T23:47:21.5594388Z #33 33.24 Unpacking make (4.3-4.1) ...
2026-09-07T23:47:21.6606404Z #33 33.30 Selecting previously unselected package libdpkg-perl.
2026-09-07T23:47:21.6608361Z #33 33.30 Preparing to unpack .../046-libdpkg-perl_1.21.23_all.deb ...
2026-09-07T23:47:21.6609341Z #33 33.30 Unpacking libdpkg-perl (1.21.23) ...
2026-09-07T23:47:21.6610637Z #33 33.36 Selecting previously unselected package patch.
2026-09-07T23:47:21.6611979Z #33 33.37 Preparing to unpack .../047-patch_2.7.6-7_amd64.deb ...
2026-09-07T23:47:21.6612489Z #33 33.37 Unpacking patch (2.7.6-7) ...
2026-09-07T23:47:21.7689676Z #33 33.39 Selecting previously unselected package dpkg-dev.
2026-09-07T23:47:21.7690353Z #33 33.40 Preparing to unpack .../048-dpkg-dev_1.21.23_all.deb ...
2026-09-07T23:47:21.7690848Z #33 33.40 Unpacking dpkg-dev (1.21.23) ...
2026-09-07T23:47:21.8938675Z #33 33.50 Selecting previously unselected package build-essential.
2026-09-07T23:47:21.8943539Z #33 33.51 Preparing to unpack .../049-build-essential_12.9_amd64.deb ...
2026-09-07T23:47:21.8944214Z #33 33.51 Unpacking build-essential (12.9) ...
2026-09-07T23:47:21.8944937Z #33 33.58 Selecting previously unselected package ca-certificates-java.
2026-09-07T23:47:21.8945813Z #33 33.58 Preparing to unpack .../050-ca-certificates-java_20230710~deb12u1_all.deb ...
2026-09-07T23:47:21.8946647Z #33 33.59 Unpacking ca-certificates-java (20230710~deb12u1) ...
2026-09-07T23:47:21.9943360Z #33 ...
2026-09-07T23:47:21.9943667Z 
2026-09-07T23:47:21.9944693Z #24 [go-tools 1/2] FROM docker.io/library/golang:1.24-bookworm@sha256:1a6d4452c65dea36aac2e2d606b01b4a029ec90cc1ae53890540ce6173ea77ac
2026-09-07T23:47:21.9946199Z #24 extracting sha256:f7bdfd728ac2ad72d43b82689890dc698260d3a1049845f48fb3fb942df6c581 9.6s done
2026-09-07T23:47:21.9947611Z #24 extracting sha256:ee9e6246b78f3a784fefa655e89ccdf2271e396000b7624d6a785cb2c2580001 done
2026-09-07T23:47:21.9948911Z #24 extracting sha256:4f4fb700ef54461cfa02571ae0db9a0dc1e0cdb5577484a6d75e68dc38e8acc1 done
2026-09-07T23:47:21.9949631Z #24 DONE 43.5s
2026-09-07T23:47:21.9949837Z 
2026-09-07T23:47:21.9951894Z #33 [runtime  3/27] RUN apt-get update && apt-get install -y --no-install-recommends     build-essential     ca-certificates     clang     cmake     composer     git     llvm     maven     ninja-build     openjdk-17-jdk-headless     php-cli     python3     python3-dev     python3-pip     python3-venv     ruby     ruby-dev     ruby-bundler     universal-ctags   && rm -rf /var/lib/apt/lists/*
2026-09-07T23:47:21.9954401Z #33 33.64 Selecting previously unselected package libbsd0:amd64.
2026-09-07T23:47:21.9955202Z #33 33.64 Preparing to unpack .../051-libbsd0_0.11.7-2_amd64.deb ...
2026-09-07T23:47:21.9955847Z #33 33.65 Unpacking libbsd0:amd64 (0.11.7-2) ...
2026-09-07T23:47:21.9956486Z #33 33.71 Selecting previously unselected package libedit2:amd64.
2026-09-07T23:47:21.9957807Z #33 33.71 Preparing to unpack .../052-libedit2_3.1-20221030-2_amd64.deb ...
2026-09-07T23:47:21.9958546Z #33 33.71 Unpacking libedit2:amd64 (3.1-20221030-2) ...
2026-09-07T23:47:22.1003617Z #33 33.75 Selecting previously unselected package libicu72:amd64.
2026-09-07T23:47:22.1005081Z #33 33.75 Preparing to unpack .../053-libicu72_72.1-3+deb12u1_amd64.deb ...
2026-09-07T23:47:22.1005994Z #33 33.75 Unpacking libicu72:amd64 (72.1-3+deb12u1) ...
2026-09-07T23:47:22.7276502Z #33 34.38 Selecting previously unselected package libxml2:amd64.
2026-09-07T23:47:22.7277568Z #33 34.38 Preparing to unpack .../054-libxml2_2.9.14+dfsg-1.3~deb12u6_amd64.deb ...
2026-09-07T23:47:22.7278545Z #33 34.38 Unpacking libxml2:amd64 (2.9.14+dfsg-1.3~deb12u6) ...
2026-09-07T23:47:22.7279226Z #33 34.45 Selecting previously unselected package libz3-4:amd64.
2026-09-07T23:47:22.7279959Z #33 34.45 Preparing to unpack .../055-libz3-4_4.8.12-3.1_amd64.deb ...
2026-09-07T23:47:22.7280598Z #33 34.45 Unpacking libz3-4:amd64 (4.8.12-3.1) ...
2026-09-07T23:47:23.4558659Z #33 35.09 Selecting previously unselected package libllvm14:amd64.
2026-09-07T23:47:23.4578071Z #33 35.09 Preparing to unpack .../056-libllvm14_1%3a14.0.6-12_amd64.deb ...
2026-09-07T23:47:23.4578863Z #33 35.09 Unpacking libllvm14:amd64 (1:14.0.6-12) ...
2026-09-07T23:47:25.8036266Z #33 37.54 Selecting previously unselected package libclang-cpp14.
2026-09-07T23:47:25.9669889Z #33 ...
2026-09-07T23:47:25.9670281Z 
2026-09-07T23:47:25.9671479Z #16 [rust-tools 1/2] FROM docker.io/library/rust:1-bookworm@sha256:82150a52ec202c1b14d7817e14516c392bb7f5cfebd88f1ed531cb37ebd39922
2026-09-07T23:47:25.9672807Z #16 extracting sha256:01a6a9ffe665b63ea18491fedb646423413ae3fdefcf7776ee25a2eaff8a673e 14.9s done
2026-09-07T23:47:25.9674007Z #16 extracting sha256:c2248155a6ec096914b7fe17a070ba983f14c36b6daf03981645b219ad639321 3.9s done
2026-09-07T23:47:25.9674824Z #16 DONE 47.4s
2026-09-07T23:47:25.9675090Z 
2026-09-07T23:47:25.9677236Z #33 [runtime  3/27] RUN apt-get update && apt-get install -y --no-install-recommends     build-essential     ca-certificates     clang     cmake     composer     git     llvm     maven     ninja-build     openjdk-17-jdk-headless     php-cli     python3     python3-dev     python3-pip     python3-venv     ruby     ruby-dev     ruby-bundler     universal-ctags   && rm -rf /var/lib/apt/lists/*
2026-09-07T23:47:25.9679751Z #33 37.54 Preparing to unpack .../057-libclang-cpp14_1%3a14.0.6-12_amd64.deb ...
2026-09-07T23:47:25.9680577Z #33 37.54 Unpacking libclang-cpp14 (1:14.0.6-12) ...
2026-09-07T23:47:26.2962749Z #33 38.03 Selecting previously unselected package libgc1:amd64.
2026-09-07T23:47:26.4582381Z #33 38.03 Preparing to unpack .../058-libgc1_1%3a8.2.2-3_amd64.deb ...
2026-09-07T23:47:26.4583272Z #33 38.03 Unpacking libgc1:amd64 (1:8.2.2-3) ...
2026-09-07T23:47:26.4584040Z #33 38.05 Selecting previously unselected package libobjc4:amd64.
2026-09-07T23:47:26.4584865Z #33 38.05 Preparing to unpack .../059-libobjc4_12.2.0-14+deb12u1_amd64.deb ...
2026-09-07T23:47:26.4585646Z #33 38.06 Unpacking libobjc4:amd64 (12.2.0-14+deb12u1) ...
2026-09-07T23:47:26.4586381Z #33 38.07 Selecting previously unselected package libobjc-12-dev:amd64.
2026-09-07T23:47:26.4587342Z #33 38.07 Preparing to unpack .../060-libobjc-12-dev_12.2.0-14+deb12u1_amd64.deb ...
2026-09-07T23:47:26.4588177Z #33 38.07 Unpacking libobjc-12-dev:amd64 (12.2.0-14+deb12u1) ...
2026-09-07T23:47:26.4588941Z #33 38.10 Selecting previously unselected package libclang-common-14-dev.
2026-09-07T23:47:26.4589825Z #33 38.10 Preparing to unpack .../061-libclang-common-14-dev_1%3a14.0.6-12_all.deb ...
2026-09-07T23:47:26.4590614Z #33 38.10 Unpacking libclang-common-14-dev (1:14.0.6-12) ...
2026-09-07T23:47:26.4591344Z #33 38.19 Selecting previously unselected package llvm-14-linker-tools.
2026-09-07T23:47:26.5589025Z #33 38.19 Preparing to unpack .../062-llvm-14-linker-tools_1%3a14.0.6-12_amd64.deb ...
2026-09-07T23:47:26.5589755Z #33 38.19 Unpacking llvm-14-linker-tools (1:14.0.6-12) ...
2026-09-07T23:47:26.5590324Z #33 38.29 Selecting previously unselected package libclang1-14.
2026-09-07T23:47:26.5590744Z #33 38.29 Preparing to unpack .../063-libclang1-14_1%3a14.0.6-12_amd64.deb ...
2026-09-07T23:47:26.7103814Z #33 38.29 Unpacking libclang1-14 (1:14.0.6-12) ...
2026-09-07T23:47:26.9806426Z #33 38.71 Selecting previously unselected package clang-14.
2026-09-07T23:47:27.1044945Z #33 38.72 Preparing to unpack .../064-clang-14_1%3a14.0.6-12_amd64.deb ...
2026-09-07T23:47:27.1045779Z #33 38.72 Unpacking clang-14 (1:14.0.6-12) ...
2026-09-07T23:47:27.1046415Z #33 38.74 Selecting previously unselected package clang.
2026-09-07T23:47:27.1047379Z #33 38.74 Preparing to unpack .../065-clang_1%3a14.0-55.7~deb12u1_amd64.deb ...
2026-09-07T23:47:27.1048112Z #33 38.74 Unpacking clang (1:14.0-55.7~deb12u1) ...
2026-09-07T23:47:27.1048834Z #33 38.75 Selecting previously unselected package libarchive13:amd64.
2026-09-07T23:47:27.1049739Z #33 38.75 Preparing to unpack .../066-libarchive13_3.6.2-1+deb12u5_amd64.deb ...
2026-09-07T23:47:27.1050562Z #33 38.75 Unpacking libarchive13:amd64 (3.6.2-1+deb12u5) ...
2026-09-07T23:47:27.1051323Z #33 38.79 Selecting previously unselected package libbrotli1:amd64.
2026-09-07T23:47:27.1052154Z #33 38.80 Preparing to unpack .../067-libbrotli1_1.0.9-2+b6_amd64.deb ...
2026-09-07T23:47:27.1052906Z #33 38.80 Unpacking libbrotli1:amd64 (1.0.9-2+b6) ...
2026-09-07T23:47:27.1053685Z #33 38.84 Selecting previously unselected package libsasl2-modules-db:amd64.
2026-09-07T23:47:27.2051149Z #33 38.84 Preparing to unpack .../068-libsasl2-modules-db_2.1.28+dfsg-10_amd64.deb ...
2026-09-07T23:47:27.2052100Z #33 38.84 Unpacking libsasl2-modules-db:amd64 (2.1.28+dfsg-10) ...
2026-09-07T23:47:27.2052928Z #33 38.86 Selecting previously unselected package libsasl2-2:amd64.
2026-09-07T23:47:27.2054772Z #33 38.86 Preparing to unpack .../069-libsasl2-2_2.1.28+dfsg-10_amd64.deb ...
2026-09-07T23:47:27.2055982Z #33 38.86 Unpacking libsasl2-2:amd64 (2.1.28+dfsg-10) ...
2026-09-07T23:47:27.2056741Z #33 38.88 Selecting previously unselected package libldap-2.5-0:amd64.
2026-09-07T23:47:27.2057847Z #33 38.88 Preparing to unpack .../070-libldap-2.5-0_2.5.13+dfsg-5_amd64.deb ...
2026-09-07T23:47:27.2058727Z #33 38.88 Unpacking libldap-2.5-0:amd64 (2.5.13+dfsg-5) ...
2026-09-07T23:47:27.2059513Z #33 38.91 Selecting previously unselected package libnghttp2-14:amd64.
2026-09-07T23:47:27.2060422Z #33 38.91 Preparing to unpack .../071-libnghttp2-14_1.52.0-1+deb12u3_amd64.deb ...
2026-09-07T23:47:27.2061287Z #33 38.91 Unpacking libnghttp2-14:amd64 (1.52.0-1+deb12u3) ...
2026-09-07T23:47:27.2062169Z #33 38.94 Selecting previously unselected package libpsl5:amd64.
2026-09-07T23:47:27.2064165Z #33 38.94 Preparing to unpack .../072-libpsl5_0.21.2-1_amd64.deb ...
2026-09-07T23:47:27.3079909Z #33 38.94 Unpacking libpsl5:amd64 (0.21.2-1) ...
2026-09-07T23:47:27.3083785Z #33 38.96 Selecting previously unselected package librtmp1:amd64.
2026-09-07T23:47:27.3086775Z #33 38.96 Preparing to unpack .../073-librtmp1_2.4+20151223.gitfa8646d.1-2+b2_amd64.deb ...
2026-09-07T23:47:27.3088012Z #33 38.96 Unpacking librtmp1:amd64 (2.4+20151223.gitfa8646d.1-2+b2) ...
2026-09-07T23:47:27.3089031Z #33 38.98 Selecting previously unselected package libssh2-1:amd64.
2026-09-07T23:47:27.3090227Z #33 38.99 Preparing to unpack .../074-libssh2-1_1.10.0-3+deb12u1_amd64.deb ...
2026-09-07T23:47:27.3091278Z #33 38.99 Unpacking libssh2-1:amd64 (1.10.0-3+deb12u1) ...
2026-09-07T23:47:27.3092224Z #33 39.02 Selecting previously unselected package libcurl4:amd64.
2026-09-07T23:47:27.3093396Z #33 39.02 Preparing to unpack .../075-libcurl4_7.88.1-10+deb12u15_amd64.deb ...
2026-09-07T23:47:27.3094413Z #33 39.02 Unpacking libcurl4:amd64 (7.88.1-10+deb12u15) ...
2026-09-07T23:47:27.4106937Z #33 39.06 Selecting previously unselected package libjsoncpp25:amd64.
2026-09-07T23:47:27.4108691Z #33 39.06 Preparing to unpack .../076-libjsoncpp25_1.9.5-4_amd64.deb ...
2026-09-07T23:47:27.4112762Z #33 39.06 Unpacking libjsoncpp25:amd64 (1.9.5-4) ...
2026-09-07T23:47:27.4113589Z #33 39.08 Selecting previously unselected package librhash0:amd64.
2026-09-07T23:47:27.4114390Z #33 39.08 Preparing to unpack .../077-librhash0_1.4.3-3_amd64.deb ...
2026-09-07T23:47:27.4115132Z #33 39.08 Unpacking librhash0:amd64 (1.4.3-3) ...
2026-09-07T23:47:27.4116103Z #33 39.11 Selecting previously unselected package libuv1:amd64.
2026-09-07T23:47:27.4116915Z #33 39.11 Preparing to unpack .../078-libuv1_1.44.2-1+deb12u1_amd64.deb ...
2026-09-07T23:47:27.4117797Z #33 39.11 Unpacking libuv1:amd64 (1.44.2-1+deb12u1) ...
2026-09-07T23:47:27.4118473Z #33 39.14 Selecting previously unselected package cmake-data.
2026-09-07T23:47:27.4119221Z #33 39.14 Preparing to unpack .../079-cmake-data_3.25.1-1_all.deb ...
2026-09-07T23:47:27.4119882Z #33 39.14 Unpacking cmake-data (3.25.1-1) ...
2026-09-07T23:47:27.7722624Z #33 39.51 Selecting previously unselected package cmake.
2026-09-07T23:47:27.9478693Z #33 39.51 Preparing to unpack .../080-cmake_3.25.1-1_amd64.deb ...
2026-09-07T23:47:27.9479621Z #33 39.51 Unpacking cmake (3.25.1-1) ...
2026-09-07T23:47:28.4317835Z #33 40.16 Selecting previously unselected package libmagic-mgc.
2026-09-07T23:47:28.5633266Z #33 40.17 Preparing to unpack .../081-libmagic-mgc_1%3a5.44-3_amd64.deb ...
2026-09-07T23:47:28.5634472Z #33 40.17 Unpacking libmagic-mgc (1:5.44-3) ...
2026-09-07T23:47:28.5635255Z #33 40.22 Selecting previously unselected package libmagic1:amd64.
2026-09-07T23:47:28.5636090Z #33 40.22 Preparing to unpack .../082-libmagic1_1%3a5.44-3_amd64.deb ...
2026-09-07T23:47:28.5637206Z #33 40.22 Unpacking libmagic1:amd64 (1:5.44-3) ...
2026-09-07T23:47:28.5637925Z #33 40.25 Selecting previously unselected package psmisc.
2026-09-07T23:47:28.5638659Z #33 40.25 Preparing to unpack .../083-psmisc_23.6-1_amd64.deb ...
2026-09-07T23:47:28.5639323Z #33 40.25 Unpacking psmisc (23.6-1) ...
2026-09-07T23:47:28.5639970Z #33 40.30 Selecting previously unselected package php-common.
2026-09-07T23:47:28.6758214Z #33 40.30 Preparing to unpack .../084-php-common_2%3a93_all.deb ...
2026-09-07T23:47:28.6758743Z #33 40.30 Unpacking php-common (2:93) ...
2026-09-07T23:47:28.6759418Z #33 40.32 Selecting previously unselected package php8.2-common.
2026-09-07T23:47:28.6760167Z #33 40.32 Preparing to unpack .../085-php8.2-common_8.2.33-1~deb12u1_amd64.deb ...
2026-09-07T23:47:28.6760856Z #33 40.32 Unpacking php8.2-common (8.2.33-1~deb12u1) ...
2026-09-07T23:47:28.6761414Z #33 40.41 Selecting previously unselected package php8.2-opcache.
2026-09-07T23:47:28.7781023Z #33 40.41 Preparing to unpack .../086-php8.2-opcache_8.2.33-1~deb12u1_amd64.deb ...
2026-09-07T23:47:28.7782151Z #33 40.41 Unpacking php8.2-opcache (8.2.33-1~deb12u1) ...
2026-09-07T23:47:28.7783066Z #33 40.46 Selecting previously unselected package php8.2-readline.
2026-09-07T23:47:28.7784087Z #33 40.46 Preparing to unpack .../087-php8.2-readline_8.2.33-1~deb12u1_amd64.deb ...
2026-09-07T23:47:28.7785013Z #33 40.46 Unpacking php8.2-readline (8.2.33-1~deb12u1) ...
2026-09-07T23:47:28.7785872Z #33 40.49 Selecting previously unselected package libargon2-1:amd64.
2026-09-07T23:47:28.7786893Z #33 40.49 Preparing to unpack .../088-libargon2-1_0~20171227-0.3+deb12u1_amd64.deb ...
2026-09-07T23:47:28.7787917Z #33 40.49 Unpacking libargon2-1:amd64 (0~20171227-0.3+deb12u1) ...
2026-09-07T23:47:28.7788719Z #33 40.51 Selecting previously unselected package libsodium23:amd64.
2026-09-07T23:47:28.8787228Z #33 40.51 Preparing to unpack .../089-libsodium23_1.0.18-1+deb12u1_amd64.deb ...
2026-09-07T23:47:28.8788381Z #33 40.52 Unpacking libsodium23:amd64 (1.0.18-1+deb12u1) ...
2026-09-07T23:47:28.8789323Z #33 40.55 Selecting previously unselected package php8.2-cli.
2026-09-07T23:47:28.8790787Z #33 40.56 Preparing to unpack .../090-php8.2-cli_8.2.33-1~deb12u1_amd64.deb ...
2026-09-07T23:47:28.8792604Z #33 40.56 Unpacking php8.2-cli (8.2.33-1~deb12u1) ...
2026-09-07T23:47:29.0810797Z #33 40.75 Selecting previously unselected package php-cli.
2026-09-07T23:47:29.0811711Z #33 40.75 Preparing to unpack .../091-php-cli_2%3a8.2+93_all.deb ...
2026-09-07T23:47:29.0812464Z #33 40.75 Unpacking php-cli (2:8.2+93) ...
2026-09-07T23:47:29.0813358Z #33 40.76 Selecting previously unselected package php-composer-ca-bundle.
2026-09-07T23:47:29.0814362Z #33 40.76 Preparing to unpack .../092-php-composer-ca-bundle_1.3.5-1_all.deb ...
2026-09-07T23:47:29.0815682Z #33 40.76 Unpacking php-composer-ca-bundle (1.3.5-1) ...
2026-09-07T23:47:29.0816738Z #33 40.78 Selecting previously unselected package php-symfony-deprecation-contracts.
2026-09-07T23:47:29.0817790Z #33 40.78 Preparing to unpack .../093-php-symfony-deprecation-contracts_2.5.5-0+deb12u1_all.deb ...
2026-09-07T23:47:29.0818742Z #33 40.78 Unpacking php-symfony-deprecation-contracts (2.5.5-0+deb12u1) ...
2026-09-07T23:47:29.0819606Z #33 40.79 Selecting previously unselected package php-symfony-finder.
2026-09-07T23:47:29.0820547Z #33 40.79 Preparing to unpack .../094-php-symfony-finder_5.4.53+dfsg-0+deb12u1_all.deb ...
2026-09-07T23:47:29.0821406Z #33 40.79 Unpacking php-symfony-finder (5.4.53+dfsg-0+deb12u1) ...
2026-09-07T23:47:29.0822229Z #33 40.81 Selecting previously unselected package php-composer-pcre.
2026-09-07T23:47:29.0823120Z #33 40.81 Preparing to unpack .../095-php-composer-pcre_3.1.0-1+deb12u1_all.deb ...
2026-09-07T23:47:29.0823957Z #33 40.81 Unpacking php-composer-pcre (3.1.0-1+deb12u1) ...
2026-09-07T23:47:29.1838151Z #33 40.83 Selecting previously unselected package php-composer-class-map-generator.
2026-09-07T23:47:29.1839717Z #33 40.83 Preparing to unpack .../096-php-composer-class-map-generator_1.0.0-2+deb12u1_all.deb ...
2026-09-07T23:47:29.1842149Z #33 40.83 Unpacking php-composer-class-map-generator (1.0.0-2+deb12u1) ...
2026-09-07T23:47:29.1843270Z #33 40.85 Selecting previously unselected package php-composer-metadata-minifier.
2026-09-07T23:47:29.1853536Z #33 40.85 Preparing to unpack .../097-php-composer-metadata-minifier_1.0.0-2_all.deb ...
2026-09-07T23:47:29.1854191Z #33 40.85 Unpacking php-composer-metadata-minifier (1.0.0-2) ...
2026-09-07T23:47:29.1855093Z #33 40.87 Selecting previously unselected package php-composer-semver.
2026-09-07T23:47:29.1856055Z #33 40.87 Preparing to unpack .../098-php-composer-semver_3.3.2-1_all.deb ...
2026-09-07T23:47:29.1857101Z #33 40.87 Unpacking php-composer-semver (3.3.2-1) ...
2026-09-07T23:47:29.1857981Z #33 40.89 Selecting previously unselected package php-composer-spdx-licenses.
2026-09-07T23:47:29.1859167Z #33 40.89 Preparing to unpack .../099-php-composer-spdx-licenses_1.5.7-1_all.deb ...
2026-09-07T23:47:29.1860094Z #33 40.89 Unpacking php-composer-spdx-licenses (1.5.7-1) ...
2026-09-07T23:47:29.1860996Z #33 40.91 Selecting previously unselected package php-psr-log.
2026-09-07T23:47:29.1861910Z #33 40.91 Preparing to unpack .../100-php-psr-log_1.1.4-2_all.deb ...
2026-09-07T23:47:29.1862779Z #33 40.91 Unpacking php-psr-log (1.1.4-2) ...
2026-09-07T23:47:29.2860398Z #33 40.93 Selecting previously unselected package php-composer-xdebug-handler.
2026-09-07T23:47:29.2861780Z #33 40.93 Preparing to unpack .../101-php-composer-xdebug-handler_3.0.3-2+deb12u1_all.deb ...
2026-09-07T23:47:29.2862946Z #33 40.93 Unpacking php-composer-xdebug-handler (3.0.3-2+deb12u1) ...
2026-09-07T23:47:29.2864046Z #33 40.95 Selecting previously unselected package php-json-schema.
2026-09-07T23:47:29.2865027Z #33 40.95 Preparing to unpack .../102-php-json-schema_5.2.12-2_all.deb ...
2026-09-07T23:47:29.2865907Z #33 40.95 Unpacking php-json-schema (5.2.12-2) ...
2026-09-07T23:47:29.2866658Z #33 40.97 Selecting previously unselected package jsonlint.
2026-09-07T23:47:29.2867606Z #33 40.98 Preparing to unpack .../103-jsonlint_1.9.0-1_all.deb ...
2026-09-07T23:47:29.2868342Z #33 40.98 Unpacking jsonlint (1.9.0-1) ...
2026-09-07T23:47:29.2868902Z #33 40.99 Selecting previously unselected package libonig5:amd64.
2026-09-07T23:47:29.2869285Z #33 40.99 Preparing to unpack .../104-libonig5_6.9.8-1_amd64.deb ...
2026-09-07T23:47:29.2869625Z #33 41.00 Unpacking libonig5:amd64 (6.9.8-1) ...
2026-09-07T23:47:29.3852697Z #33 41.02 Selecting previously unselected package php8.2-mbstring.
2026-09-07T23:47:29.3854006Z #33 41.02 Preparing to unpack .../105-php8.2-mbstring_8.2.33-1~deb12u1_amd64.deb ...
2026-09-07T23:47:29.3855200Z #33 41.03 Unpacking php8.2-mbstring (8.2.33-1~deb12u1) ...
2026-09-07T23:47:29.3856105Z #33 41.08 Selecting previously unselected package php-mbstring.
2026-09-07T23:47:29.3857471Z #33 41.08 Preparing to unpack .../106-php-mbstring_2%3a8.2+93_all.deb ...
2026-09-07T23:47:29.3858395Z #33 41.08 Unpacking php-mbstring (2:8.2+93) ...
2026-09-07T23:47:29.3859258Z #33 41.10 Selecting previously unselected package php-psr-container.
2026-09-07T23:47:29.3860239Z #33 41.10 Preparing to unpack .../107-php-psr-container_1.1.2-1_all.deb ...
2026-09-07T23:47:29.3861140Z #33 41.10 Unpacking php-psr-container (1.1.2-1) ...
2026-09-07T23:47:29.3862100Z #33 41.12 Selecting previously unselected package php-symfony-service-contracts.
2026-09-07T23:47:29.3863304Z #33 41.12 Preparing to unpack .../108-php-symfony-service-contracts_2.5.5-0+deb12u1_all.deb ...
2026-09-07T23:47:29.3864464Z #33 41.12 Unpacking php-symfony-service-contracts (2.5.5-0+deb12u1) ...
2026-09-07T23:47:29.5085183Z #33 41.13 Selecting previously unselected package php8.2-intl.
2026-09-07T23:47:29.5086364Z #33 41.14 Preparing to unpack .../109-php8.2-intl_8.2.33-1~deb12u1_amd64.deb ...
2026-09-07T23:47:29.5087440Z #33 41.14 Unpacking php8.2-intl (8.2.33-1~deb12u1) ...
2026-09-07T23:47:29.5088300Z #33 41.17 Selecting previously unselected package php-intl.
2026-09-07T23:47:29.5089200Z #33 41.17 Preparing to unpack .../110-php-intl_2%3a8.2+93_all.deb ...
2026-09-07T23:47:29.5090201Z #33 41.17 Unpacking php-intl (2:8.2+93) ...
2026-09-07T23:47:29.5090925Z #33 41.19 Selecting previously unselected package php-symfony-string.
2026-09-07T23:47:29.5091860Z #33 41.19 Preparing to unpack .../111-php-symfony-string_5.4.53+dfsg-0+deb12u1_all.deb ...
2026-09-07T23:47:29.5092797Z #33 41.19 Unpacking php-symfony-string (5.4.53+dfsg-0+deb12u1) ...
2026-09-07T23:47:29.5093626Z #33 41.21 Selecting previously unselected package php-symfony-console.
2026-09-07T23:47:29.5094567Z #33 41.21 Preparing to unpack .../112-php-symfony-console_5.4.53+dfsg-0+deb12u1_all.deb ...
2026-09-07T23:47:29.5095457Z #33 41.21 Unpacking php-symfony-console (5.4.53+dfsg-0+deb12u1) ...
2026-09-07T23:47:29.6176780Z #33 41.25 Selecting previously unselected package php-symfony-filesystem.
2026-09-07T23:47:29.6178215Z #33 41.25 Preparing to unpack .../113-php-symfony-filesystem_5.4.53+dfsg-0+deb12u1_all.deb ...
2026-09-07T23:47:29.6179346Z #33 41.25 Unpacking php-symfony-filesystem (5.4.53+dfsg-0+deb12u1) ...
2026-09-07T23:47:29.6180251Z #33 41.27 Selecting previously unselected package php-symfony-process.
2026-09-07T23:47:29.6181249Z #33 41.27 Preparing to unpack .../114-php-symfony-process_5.4.53+dfsg-0+deb12u1_all.deb ...
2026-09-07T23:47:29.6182215Z #33 41.27 Unpacking php-symfony-process (5.4.53+dfsg-0+deb12u1) ...
2026-09-07T23:47:29.6183072Z #33 41.29 Selecting previously unselected package php-react-promise.
2026-09-07T23:47:29.6183969Z #33 41.29 Preparing to unpack .../115-php-react-promise_2.9.0-3_all.deb ...
2026-09-07T23:47:29.6184789Z #33 41.29 Unpacking php-react-promise (2.9.0-3) ...
2026-09-07T23:47:29.6185653Z #33 41.31 Selecting previously unselected package php-seld-signal-handler.
2026-09-07T23:47:29.6186654Z #33 41.31 Preparing to unpack .../116-php-seld-signal-handler_2.0.1-2_all.deb ...
2026-09-07T23:47:29.6187669Z #33 41.31 Unpacking php-seld-signal-handler (2.0.1-2) ...
2026-09-07T23:47:29.6188427Z #33 41.33 Selecting previously unselected package composer.
2026-09-07T23:47:29.6189256Z #33 41.33 Preparing to unpack .../117-composer_2.5.5-1+deb12u5_all.deb ...
2026-09-07T23:47:29.6190052Z #33 41.33 Unpacking composer (2.5.5-1+deb12u5) ...
2026-09-07T23:47:29.7256444Z #33 41.40 Selecting previously unselected package java-common.
2026-09-07T23:47:29.7257784Z #33 41.40 Preparing to unpack .../118-java-common_0.74_all.deb ...
2026-09-07T23:47:29.7258633Z #33 41.40 Unpacking java-common (0.74) ...
2026-09-07T23:47:29.7259509Z #33 41.41 Selecting previously unselected package libavahi-common-data:amd64.
2026-09-07T23:47:29.7260645Z #33 41.41 Preparing to unpack .../119-libavahi-common-data_0.8-10+deb12u1_amd64.deb ...
2026-09-07T23:47:29.7261721Z #33 41.42 Unpacking libavahi-common-data:amd64 (0.8-10+deb12u1) ...
2026-09-07T23:47:29.7262953Z #33 41.44 Selecting previously unselected package libavahi-common3:amd64.
2026-09-07T23:47:29.7263999Z #33 41.45 Preparing to unpack .../120-libavahi-common3_0.8-10+deb12u1_amd64.deb ...
2026-09-07T23:47:29.7265001Z #33 41.45 Unpacking libavahi-common3:amd64 (0.8-10+deb12u1) ...
2026-09-07T23:47:29.8376100Z #33 41.46 Selecting previously unselected package libdbus-1-3:amd64.
2026-09-07T23:47:29.8377081Z #33 41.47 Preparing to unpack .../121-libdbus-1-3_1.14.10-1~deb12u1_amd64.deb ...
2026-09-07T23:47:29.8378021Z #33 41.47 Unpacking libdbus-1-3:amd64 (1.14.10-1~deb12u1) ...
2026-09-07T23:47:29.8378981Z #33 41.50 Selecting previously unselected package libavahi-client3:amd64.
2026-09-07T23:47:29.8379935Z #33 41.51 Preparing to unpack .../122-libavahi-client3_0.8-10+deb12u1_amd64.deb ...
2026-09-07T23:47:29.8380802Z #33 41.51 Unpacking libavahi-client3:amd64 (0.8-10+deb12u1) ...
2026-09-07T23:47:29.8381528Z #33 41.53 Selecting previously unselected package libcups2:amd64.
2026-09-07T23:47:29.8382306Z #33 41.53 Preparing to unpack .../123-libcups2_2.4.2-3+deb12u9_amd64.deb ...
2026-09-07T23:47:29.8383072Z #33 41.53 Unpacking libcups2:amd64 (2.4.2-3+deb12u9) ...
2026-09-07T23:47:29.8383764Z #33 41.57 Selecting previously unselected package libpng16-16:amd64.
2026-09-07T23:47:29.9403680Z #33 41.57 Preparing to unpack .../124-libpng16-16_1.6.39-2+deb12u5_amd64.deb ...
2026-09-07T23:47:29.9404477Z #33 41.57 Unpacking libpng16-16:amd64 (1.6.39-2+deb12u5) ...
2026-09-07T23:47:29.9405170Z #33 41.60 Selecting previously unselected package libfreetype6:amd64.
2026-09-07T23:47:29.9406038Z #33 41.60 Preparing to unpack .../125-libfreetype6_2.12.1+dfsg-5+deb12u4_amd64.deb ...
2026-09-07T23:47:29.9406847Z #33 41.61 Unpacking libfreetype6:amd64 (2.12.1+dfsg-5+deb12u4) ...
2026-09-07T23:47:29.9407971Z #33 41.66 Selecting previously unselected package fonts-dejavu-core.
2026-09-07T23:47:29.9408837Z #33 41.66 Preparing to unpack .../126-fonts-dejavu-core_2.37-6_all.deb ...
2026-09-07T23:47:29.9409604Z #33 41.66 Unpacking fonts-dejavu-core (2.37-6) ...
2026-09-07T23:47:30.1459371Z #33 41.78 Selecting previously unselected package fontconfig-config.
2026-09-07T23:47:30.1460561Z #33 41.78 Preparing to unpack .../127-fontconfig-config_2.14.1-4_amd64.deb ...
2026-09-07T23:47:30.1461485Z #33 41.86 Unpacking fontconfig-config (2.14.1-4) ...
2026-09-07T23:47:30.2495566Z #33 41.89 Selecting previously unselected package libfontconfig1:amd64.
2026-09-07T23:47:30.2497541Z #33 41.89 Preparing to unpack .../128-libfontconfig1_2.14.1-4_amd64.deb ...
2026-09-07T23:47:30.2498574Z #33 41.89 Unpacking libfontconfig1:amd64 (2.14.1-4) ...
2026-09-07T23:47:30.2499520Z #33 41.92 Selecting previously unselected package liblcms2-2:amd64.
2026-09-07T23:47:30.2500670Z #33 41.93 Preparing to unpack .../129-liblcms2-2_2.14-2+deb12u1_amd64.deb ...
2026-09-07T23:47:30.2501709Z #33 41.93 Unpacking liblcms2-2:amd64 (2.14-2+deb12u1) ...
2026-09-07T23:47:30.2502606Z #33 41.96 Selecting previously unselected package libjpeg62-turbo:amd64.
2026-09-07T23:47:30.2503692Z #33 41.96 Preparing to unpack .../130-libjpeg62-turbo_1%3a2.1.5-2_amd64.deb ...
2026-09-07T23:47:30.2504546Z #33 41.96 Unpacking libjpeg62-turbo:amd64 (1:2.1.5-2) ...
2026-09-07T23:47:30.4174468Z #33 42.00 Selecting previously unselected package libnspr4:amd64.
2026-09-07T23:47:30.4175348Z #33 42.00 Preparing to unpack .../131-libnspr4_2%3a4.35-1_amd64.deb ...
2026-09-07T23:47:30.4176090Z #33 42.00 Unpacking libnspr4:amd64 (2:4.35-1) ...
2026-09-07T23:47:30.4176770Z #33 42.02 Selecting previously unselected package libnss3:amd64.
2026-09-07T23:47:30.4177743Z #33 42.03 Preparing to unpack .../132-libnss3_2%3a3.87.1-1+deb12u4_amd64.deb ...
2026-09-07T23:47:30.4178554Z #33 42.03 Unpacking libnss3:amd64 (2:3.87.1-1+deb12u4) ...
2026-09-07T23:47:30.4179294Z #33 42.15 Selecting previously unselected package libasound2-data.
2026-09-07T23:47:30.5949022Z #33 42.15 Preparing to unpack .../133-libasound2-data_1.2.8-1_all.deb ...
2026-09-07T23:47:30.5949795Z #33 42.15 Unpacking libasound2-data (1.2.8-1) ...
2026-09-07T23:47:30.5950794Z #33 42.18 Selecting previously unselected package libasound2:amd64.
2026-09-07T23:47:30.5951521Z #33 42.18 Preparing to unpack .../134-libasound2_1.2.8-1+b1_amd64.deb ...
2026-09-07T23:47:30.5952195Z #33 42.18 Unpacking libasound2:amd64 (1.2.8-1+b1) ...
2026-09-07T23:47:30.5952850Z #33 42.24 Selecting previously unselected package libglib2.0-0:amd64.
2026-09-07T23:47:30.5953670Z #33 42.24 Preparing to unpack .../135-libglib2.0-0_2.74.6-2+deb12u9_amd64.deb ...
2026-09-07T23:47:30.5954413Z #33 42.24 Unpacking libglib2.0-0:amd64 (2.74.6-2+deb12u9) ...
2026-09-07T23:47:30.7593314Z #33 42.37 Selecting previously unselected package libgraphite2-3:amd64.
2026-09-07T23:47:30.7594162Z #33 42.37 Preparing to unpack .../136-libgraphite2-3_1.3.14-1+deb12u1_amd64.deb ...
2026-09-07T23:47:30.7594586Z #33 42.37 Unpacking libgraphite2-3:amd64 (1.3.14-1+deb12u1) ...
2026-09-07T23:47:30.7594979Z #33 42.49 Selecting previously unselected package libharfbuzz0b:amd64.
2026-09-07T23:47:30.7595410Z #33 42.49 Preparing to unpack .../137-libharfbuzz0b_6.0.0+dfsg-3_amd64.deb ...
2026-09-07T23:47:30.9950367Z #33 42.49 Unpacking libharfbuzz0b:amd64 (6.0.0+dfsg-3) ...
2026-09-07T23:47:30.9951381Z #33 42.55 Selecting previously unselected package libpcsclite1:amd64.
2026-09-07T23:47:30.9952735Z #33 42.55 Preparing to unpack .../138-libpcsclite1_1.9.9-2_amd64.deb ...
2026-09-07T23:47:30.9953591Z #33 42.55 Unpacking libpcsclite1:amd64 (1.9.9-2) ...
2026-09-07T23:47:30.9954585Z #33 42.57 Selecting previously unselected package openjdk-17-jre-headless:amd64.
2026-09-07T23:47:30.9955803Z #33 42.58 Preparing to unpack .../139-openjdk-17-jre-headless_17.0.20.1+1-1~deb12u1_amd64.deb ...
2026-09-07T23:47:30.9957147Z #33 42.58 Unpacking openjdk-17-jre-headless:amd64 (17.0.20.1+1-1~deb12u1) ...
2026-09-07T23:47:32.0288160Z #33 ...
2026-09-07T23:47:32.0288540Z 
2026-09-07T23:47:32.0289964Z #37 [go-tools 2/2] RUN GOTOOLCHAIN=auto GOBIN=/zoekt-bin     go install github.com/sourcegraph/zoekt/cmd/zoekt-index@latest &&     GOTOOLCHAIN=auto GOBIN=/zoekt-bin     go install github.com/sourcegraph/zoekt/cmd/zoekt-webserver@latest
2026-09-07T23:47:32.0291782Z #37 0.796 go: downloading github.com/sourcegraph/zoekt v0.0.0-20260907153830-596c362fcf13
2026-09-07T23:47:32.0292897Z #37 1.620 go: github.com/sourcegraph/zoekt@v0.0.0-20260907153830-596c362fcf13 requires go >= 1.25.9; switching to go1.26.8
2026-09-07T23:47:32.1915669Z #37 1.620 go: downloading go1.26.8 (linux/amd64)
2026-09-07T23:47:32.1916223Z #37 ...
2026-09-07T23:47:32.1916718Z 
2026-09-07T23:47:32.1918753Z #38 [rust-tools 2/2] RUN cargo install     --git https://github.com/jelmer/debian-lsp     --rev "daee711aba7282a6e79344c71dcaf85593c54040"     --locked     --no-default-features     --features scip     --root /opt/debian-lsp     debian-lsp   && rm -rf /usr/local/cargo/git /usr/local/cargo/registry
2026-09-07T23:47:32.1921184Z #38 0.230     Updating git repository `https://github.com/jelmer/debian-lsp`
2026-09-07T23:47:32.1922607Z #38 1.493   Installing debian-lsp v0.1.10 (https://github.com/jelmer/debian-lsp?rev=daee711aba7282a6e79344c71dcaf85593c54040#daee711a)
2026-09-07T23:47:32.1923853Z #38 1.507     Updating crates.io index
2026-09-07T23:47:32.1924862Z #38 2.663 warning: package `chacha20 v0.10.0` in Cargo.lock is yanked in registry `crates-io`
2026-09-07T23:47:32.1925746Z #38 2.663   |
2026-09-07T23:47:32.1926299Z #38 2.663   = help: consider running without --locked
2026-09-07T23:47:32.1927319Z #38 2.701 warning: package `spin v0.9.8` in Cargo.lock is yanked in registry `crates-io`
2026-09-07T23:47:32.1928204Z #38 2.701   |
2026-09-07T23:47:32.1928756Z #38 2.701   = help: consider running without --locked
2026-09-07T23:47:32.1929407Z #38 2.819  Downloading crates ...
2026-09-07T23:47:32.1929995Z #38 2.879   Downloaded maplit v1.0.2
2026-09-07T23:47:32.1930626Z #38 2.893   Downloaded markup5ever v0.39.0
2026-09-07T23:47:32.1931286Z #38 2.894   Downloaded addr2line v0.25.1
2026-09-07T23:47:32.1931924Z #38 2.897   Downloaded markup5ever v0.11.0
2026-09-07T23:47:32.1932605Z #38 2.902   Downloaded percent-encoding v2.3.2
2026-09-07T23:47:32.1933579Z #38 2.903   Downloaded phf_codegen v0.10.0
2026-09-07T23:47:32.1934225Z #38 2.910   Downloaded phf v0.10.1
2026-09-07T23:47:32.1934854Z #38 2.912   Downloaded parking_lot_core v0.9.12
2026-09-07T23:47:32.1935543Z #38 2.918   Downloaded parking v2.2.1
2026-09-07T23:47:32.1936195Z #38 2.920   Downloaded precomputed-hash v0.1.1
2026-09-07T23:47:32.1936850Z #38 2.923   Downloaded num-integer v0.1.46
2026-09-07T23:47:32.1937987Z #38 2.924   Downloaded adler2 v2.0.1
2026-09-07T23:47:32.1938537Z #38 2.926   Downloaded phf_shared v0.11.3
2026-09-07T23:47:32.1939080Z #38 2.928   Downloaded md-5 v0.11.0
2026-09-07T23:47:32.1939489Z #38 2.932   Downloaded pkg-config v0.3.33
2026-09-07T23:47:32.1939912Z #38 2.935   Downloaded pest_meta v2.8.6
2026-09-07T23:47:32.1940351Z #38 2.938   Downloaded phf_generator v0.10.0
2026-09-07T23:47:32.1940806Z #38 2.940   Downloaded phf_shared v0.13.1
2026-09-07T23:47:32.1941210Z #38 2.942   Downloaded rand_chacha v0.3.1
2026-09-07T23:47:32.1941632Z #38 2.944   Downloaded select v0.6.1
2026-09-07T23:47:32.1942038Z #38 2.946   Downloaded serde_spanned v1.1.1
2026-09-07T23:47:32.1942450Z #38 2.948   Downloaded sha1 v0.11.0
2026-09-07T23:47:32.1943147Z #38 2.950   Downloaded anstream v1.0.0
2026-09-07T23:47:32.1943614Z #38 2.952   Downloaded memoffset v0.9.1
2026-09-07T23:47:32.1944053Z #38 2.954   Downloaded mime v0.3.17
2026-09-07T23:47:32.1944556Z #38 2.956   Downloaded new_debug_unreachable v1.0.6
2026-09-07T23:47:32.1945019Z #38 2.958   Downloaded openssl-probe v0.2.1
2026-09-07T23:47:32.1945524Z #38 2.960   Downloaded pulldown-cmark-escape v0.11.0
2026-09-07T23:47:32.1946028Z #38 2.961   Downloaded quoted_printable v0.5.2
2026-09-07T23:47:32.1946471Z #38 2.965   Downloaded rst_renderer v0.4.2
2026-09-07T23:47:32.1946883Z #38 2.967   Downloaded phf_shared v0.10.0
2026-09-07T23:47:32.1947907Z #38 2.968   Downloaded scopeguard v1.2.0
2026-09-07T23:47:32.1948329Z #38 2.970   Downloaded phf v0.13.1
2026-09-07T23:47:32.1948754Z #38 2.973   Downloaded pin-project-lite v0.2.17
2026-09-07T23:47:32.1949228Z #38 2.981   Downloaded rand_chacha v0.9.0
2026-09-07T23:47:32.1949689Z #38 2.984   Downloaded rustc-demangle v0.1.27
2026-09-07T23:47:32.1950135Z #38 2.987   Downloaded phf_generator v0.11.3
2026-09-07T23:47:32.1950624Z #38 2.988   Downloaded rustc-hash v1.1.0
2026-09-07T23:47:32.1951085Z #38 2.990   Downloaded once_cell v1.21.4
2026-09-07T23:47:32.1951540Z #38 2.996   Downloaded parking_lot v0.12.5
2026-09-07T23:47:32.1951989Z #38 3.000   Downloaded phf_codegen v0.13.1
2026-09-07T23:47:32.1952457Z #38 3.001   Downloaded phf_generator v0.13.1
2026-09-07T23:47:32.1952951Z #38 3.002   Downloaded protobuf-support v3.7.2
2026-09-07T23:47:32.1953381Z #38 3.006   Downloaded rand_core v0.6.4
2026-09-07T23:47:32.1953796Z #38 3.011   Downloaded rand_core v0.10.1
2026-09-07T23:47:32.1954220Z #38 3.013   Downloaded ref-cast v1.0.25
2026-09-07T23:47:32.1954661Z #38 3.018   Downloaded rustc-hash v2.1.2
2026-09-07T23:47:32.1955102Z #38 3.020   Downloaded charset v0.1.5
2026-09-07T23:47:32.1955566Z #38 3.022   Downloaded failure_derive v0.1.8
2026-09-07T23:47:32.1956051Z #38 3.024   Downloaded pest_derive v2.8.6
2026-09-07T23:47:32.1956527Z #38 3.027   Downloaded allocator-api2 v0.2.21
2026-09-07T23:47:32.1957164Z #38 3.031   Downloaded potential_utf v0.1.5
2026-09-07T23:47:32.1957656Z #38 3.033   Downloaded ref-cast-impl v1.0.25
2026-09-07T23:47:32.1958131Z #38 3.034   Downloaded rst_parser v0.4.2
2026-09-07T23:47:32.1958628Z #38 3.037   Downloaded rustls-native-certs v0.8.4
2026-09-07T23:47:32.1959130Z #38 3.039   Downloaded salsa-macros v0.26.2
2026-09-07T23:47:32.1959625Z #38 3.042   Downloaded semver v1.0.28
2026-09-07T23:47:32.1960097Z #38 3.045   Downloaded anstyle-parse v1.0.0
2026-09-07T23:47:32.1960625Z #38 3.048   Downloaded borrow-or-share v0.2.4
2026-09-07T23:47:32.1961154Z #38 3.050   Downloaded crossbeam-deque v0.8.6
2026-09-07T23:47:32.1961633Z #38 3.052   Downloaded deb822-fast v0.2.3
2026-09-07T23:47:32.1962100Z #38 3.054   Downloaded nu-ansi-term v0.50.3
2026-09-07T23:47:32.1962764Z #38 3.057   Downloaded quote v1.0.45
2026-09-07T23:47:32.1963153Z #38 3.061   Downloaded serde-xml-rs v0.5.1
2026-09-07T23:47:32.1963603Z #38 3.064   Downloaded sharded-slab v0.1.7
2026-09-07T23:47:32.1964033Z #38 3.069   Downloaded tokio-macros v2.7.0
2026-09-07T23:47:32.1964493Z #38 3.073   Downloaded cpufeatures v0.3.0
2026-09-07T23:47:32.1964925Z #38 3.075   Downloaded bit-set v0.5.3
2026-09-07T23:47:32.1965373Z #38 3.076   Downloaded ppv-lite86 v0.2.21
2026-09-07T23:47:32.1965786Z #38 3.078   Downloaded rand_core v0.9.5
2026-09-07T23:47:32.1966204Z #38 3.080   Downloaded shlex v2.0.1
2026-09-07T23:47:32.1967106Z #38 3.082   Downloaded num-traits v0.2.19
2026-09-07T23:47:32.1967553Z #38 3.086   Downloaded pest_generator v2.8.6
2026-09-07T23:47:32.1967970Z #38 3.088   Downloaded quinn-udp v0.5.14
2026-09-07T23:47:32.1968361Z #38 3.091   Downloaded rowan v0.16.1
2026-09-07T23:47:32.1968794Z #38 3.093   Downloaded salsa-macro-rules v0.26.2
2026-09-07T23:47:32.1969263Z #38 3.095   Downloaded serde_core v1.0.228
2026-09-07T23:47:32.1969665Z #38 3.098   Downloaded sha2 v0.11.0
2026-09-07T23:47:32.1970050Z #38 3.103   Downloaded unicase v2.9.0
2026-09-07T23:47:32.1970562Z #38 3.104   Downloaded rustls-pki-types v1.14.1
2026-09-07T23:47:32.1971221Z #38 3.108   Downloaded sha2 v0.10.9
2026-09-07T23:47:32.1971590Z #38 3.111   Downloaded bit-vec v0.6.3
2026-09-07T23:47:32.1971966Z #38 3.112   Downloaded byteorder v1.5.0
2026-09-07T23:47:32.1972352Z #38 3.114   Downloaded crc v3.4.0
2026-09-07T23:47:32.1972713Z #38 3.116   Downloaded ucd-trie v0.1.7
2026-09-07T23:47:32.1973124Z #38 3.118   Downloaded unicode-properties v0.1.4
2026-09-07T23:47:32.1973549Z #38 3.120   Downloaded whoami v1.6.1
2026-09-07T23:47:32.1973912Z #38 3.123   Downloaded memchr v2.8.2
2026-09-07T23:47:32.1974295Z #38 3.129   Downloaded miniz_oxide v0.8.9
2026-09-07T23:47:32.1974694Z #38 3.132   Downloaded pest v2.8.6
2026-09-07T23:47:32.1975086Z #38 3.138   Downloaded proc-macro2 v1.0.106
2026-09-07T23:47:32.1975496Z #38 3.144   Downloaded rand v0.8.6
2026-09-07T23:47:32.1975866Z #38 3.146   Downloaded rayon-core v1.13.0
2026-09-07T23:47:32.1976335Z #38 3.151   Downloaded rustls-platform-verifier v0.7.0
2026-09-07T23:47:32.1976804Z #38 3.155   Downloaded ryu v1.0.23
2026-09-07T23:47:32.1977333Z #38 3.160   Downloaded scip v0.9.0
2026-09-07T23:47:32.1977699Z #38 3.162   Downloaded serde v1.0.228
2026-09-07T23:47:32.1978121Z #38 3.166   Downloaded serde_derive v1.0.228
2026-09-07T23:47:32.1978587Z #38 3.169   Downloaded serde_yaml v0.9.34+deprecated
2026-09-07T23:47:32.1979054Z #38 3.175   Downloaded toml_edit v0.25.12+spec-1.1.0
2026-09-07T23:47:32.1979480Z #38 3.180   Downloaded writeable v0.6.3
2026-09-07T23:47:32.1979877Z #38 3.182   Downloaded yoke-derive v0.8.2
2026-09-07T23:47:32.1980273Z #38 3.184   Downloaded zerofrom v0.1.8
2026-09-07T23:47:32.1980678Z #38 3.185   Downloaded zerofrom-derive v0.1.7
2026-09-07T23:47:32.1981084Z #38 3.187   Downloaded zerotrie v0.2.4
2026-09-07T23:47:32.1981466Z #38 3.194   Downloaded cargo_toml v0.22.3
2026-09-07T23:47:32.1981852Z #38 3.195   Downloaded hex v0.4.3
2026-09-07T23:47:32.1982246Z #38 3.198   Downloaded markup5ever_rcdom v0.2.0
2026-09-07T23:47:32.1982716Z #38 3.212   Downloaded mio v1.2.1
2026-09-07T23:47:32.1983086Z #38 3.219   Downloaded quinn v0.11.9
2026-09-07T23:47:32.1983449Z #38 3.224   Downloaded rand v0.9.4
2026-09-07T23:47:32.1983802Z #38 3.229   Downloaded cfg-if v1.0.4
2026-09-07T23:47:32.1984187Z #38 3.231   Downloaded crypto-common v0.2.2
2026-09-07T23:47:32.1984590Z #38 3.233   Downloaded num-bigint v0.4.6
2026-09-07T23:47:32.1984965Z #38 3.239   Downloaded rand v0.10.1
2026-09-07T23:47:32.1985354Z #38 3.244   Downloaded rustls-webpki v0.103.13
2026-09-07T23:47:32.1985768Z #38 3.247   Downloaded xmltree v0.12.0
2026-09-07T23:47:32.1986140Z #38 3.249   Downloaded yoke v0.8.3
2026-09-07T23:47:32.1986498Z #38 3.251   Downloaded hashlink v0.10.0
2026-09-07T23:47:32.1986889Z #38 3.254   Downloaded hashlink v0.11.1
2026-09-07T23:47:32.1987462Z #38 3.257   Downloaded heck v0.5.0
2026-09-07T23:47:32.1988093Z #38 3.258   Downloaded lazy-regex-proc_macros v3.6.0
2026-09-07T23:47:32.1988589Z #38 3.259   Downloaded lazy_static v1.5.0
2026-09-07T23:47:32.1989067Z #38 3.261   Downloaded pulldown-cmark v0.13.4
2026-09-07T23:47:32.1989563Z #38 3.267   Downloaded rayon v1.12.0
2026-09-07T23:47:32.1989993Z #38 3.277   Downloaded regex v1.12.4
2026-09-07T23:47:32.1990431Z #38 3.282   Downloaded reqwest v0.13.4
2026-09-07T23:47:32.1990870Z #38 3.290   Downloaded serde_json v1.0.150
2026-09-07T23:47:32.1991326Z #38 3.298   Downloaded bitflags v2.13.0
2026-09-07T23:47:32.1991813Z #38 3.303   Downloaded block-buffer v0.12.1
2026-09-07T23:47:32.1992271Z #38 3.305   Downloaded cmov v0.5.4
2026-09-07T23:47:32.1992697Z #38 3.307   Downloaded lru-slab v0.1.2
2026-09-07T23:47:32.1993172Z #38 3.308   Downloaded portable-atomic v1.13.1
2026-09-07T23:47:32.1993638Z #38 3.316   Downloaded strsim v0.11.1
2026-09-07T23:47:32.1994078Z #38 3.318   Downloaded tower-http v0.6.11
2026-09-07T23:47:32.1994529Z #38 3.329   Downloaded autocfg v1.5.1
2026-09-07T23:47:32.1994934Z #38 3.331   Downloaded m_lexer v0.0.4
2026-09-07T23:47:32.1995334Z #38 3.332   Downloaded object v0.37.3
2026-09-07T23:47:32.1995776Z #38 3.343   Downloaded patchkit v0.3.3
2026-09-07T23:47:32.1996472Z #38 3.351   Downloaded protobuf v3.7.2
2026-09-07T23:47:32.2552683Z #38 3.362   Downloaded quinn-proto v0.11.14
2026-09-07T23:47:32.2553206Z #38 3.369   Downloaded salsa v0.26.2
2026-09-07T23:47:32.2553709Z #38 3.390   Downloaded signal-hook-registry v1.4.8
2026-09-07T23:47:32.2554234Z #38 3.392   Downloaded siphasher v0.3.11
2026-09-07T23:47:32.2554736Z #38 3.393   Downloaded stable_deref_trait v1.2.1
2026-09-07T23:47:32.2555260Z #38 3.395   Downloaded string_cache v0.8.9
2026-09-07T23:47:32.2555726Z #38 3.396   Downloaded string_cache v0.9.0
2026-09-07T23:47:32.2556219Z #38 3.398   Downloaded string_cache_codegen v0.5.4
2026-09-07T23:47:32.2556760Z #38 3.399   Downloaded string_cache_codegen v0.6.1
2026-09-07T23:47:32.2557483Z #38 3.400   Downloaded stringprep v0.1.5
2026-09-07T23:47:32.2557948Z #38 3.401   Downloaded subtle v2.6.1
2026-09-07T23:47:32.2558400Z #38 3.403   Downloaded toml v0.9.12+spec-1.1.0
2026-09-07T23:47:32.2558926Z #38 3.407   Downloaded tracing-subscriber v0.3.23
2026-09-07T23:47:32.2559350Z #38 3.418   Downloaded utf8parse v0.2.2
2026-09-07T23:47:32.2559780Z #38 3.419   Downloaded version_check v0.9.5
2026-09-07T23:47:32.2560261Z #38 3.420   Downloaded want v0.3.1
2026-09-07T23:47:32.2560692Z #38 3.421   Downloaded zerocopy v0.8.52
2026-09-07T23:47:32.2561133Z #38 3.442   Downloaded atoi v2.0.0
2026-09-07T23:47:32.2561629Z #38 3.444   Downloaded block-buffer v0.10.4
2026-09-07T23:47:32.2562106Z #38 3.445   Downloaded cfg_aliases v0.2.1
2026-09-07T23:47:32.2562500Z #38 3.446   Downloaded colorchoice v1.0.5
2026-09-07T23:47:32.2562935Z #38 3.447   Downloaded countme v3.0.1
2026-09-07T23:47:32.2563417Z #38 3.449   Downloaded cpufeatures v0.2.17
2026-09-07T23:47:32.2563930Z #38 3.451   Downloaded crossbeam-utils v0.8.21
2026-09-07T23:47:32.2564351Z #38 3.454   Downloaded hashbrown v0.16.1
2026-09-07T23:47:32.2564759Z #38 3.460   Downloaded hashbrown v0.17.1
2026-09-07T23:47:32.2565134Z #38 3.467   Downloaded hkdf v0.13.0
2026-09-07T23:47:32.2565517Z #38 3.470   Downloaded http-body v1.0.1
2026-09-07T23:47:32.2565925Z #38 3.472   Downloaded lru v0.18.0
2026-09-07T23:47:32.2566335Z #38 3.473   Downloaded ls-types v0.0.6
2026-09-07T23:47:32.2566738Z #38 3.477   Downloaded regex-syntax v0.8.11
2026-09-07T23:47:32.2567347Z #38 3.486   Downloaded rustls v0.23.40
2026-09-07T23:47:32.2567760Z #38 3.498   Downloaded siphasher v1.0.3
2026-09-07T23:47:32.2568184Z #38 3.499   Downloaded slab v0.4.12
2026-09-07T23:47:32.2568648Z #38 3.501   Downloaded sqlx-macros-core v0.9.0
2026-09-07T23:47:32.2569146Z #38 3.503   Downloaded sync_wrapper v1.0.2
2026-09-07T23:47:32.2569659Z #38 3.505   Downloaded synstructure v0.12.6
2026-09-07T23:47:32.2570122Z #38 3.506   Downloaded tendril v0.5.0
2026-09-07T23:47:32.2570564Z #38 3.509   Downloaded text-size v1.1.1
2026-09-07T23:47:32.2571343Z #38 3.511   Downloaded textwrap v0.16.2
2026-09-07T23:47:32.2571807Z #38 3.514   Downloaded tower-layer v0.3.3
2026-09-07T23:47:32.2572303Z #38 3.515   Downloaded tower-lsp-server v0.23.0
2026-09-07T23:47:32.2572847Z #38 3.520   Downloaded tower-service v0.3.3
2026-09-07T23:47:32.2573345Z #38 3.521   Downloaded tracing v0.1.44
2026-09-07T23:47:32.2573816Z #38 3.537   Downloaded web_atoms v0.2.5
2026-09-07T23:47:32.2574259Z #38 3.538   Downloaded whoami v2.1.2
2026-09-07T23:47:32.2574714Z #38 3.540   Downloaded http v1.4.2
2026-09-07T23:47:32.2575194Z #38 3.545   Downloaded http-body-util v0.1.3
2026-09-07T23:47:32.2575684Z #38 3.546   Downloaded httparse v1.10.1
2026-09-07T23:47:32.2576149Z #38 3.549   Downloaded ipnet v2.12.0
2026-09-07T23:47:32.2576629Z #38 3.551   Downloaded regex-automata v0.4.14
2026-09-07T23:47:32.2577283Z #38 3.568   Downloaded syn v1.0.109
2026-09-07T23:47:32.2577723Z #38 3.580   Downloaded synstructure v0.13.2
2026-09-07T23:47:32.2578211Z #38 3.581   Downloaded tendril v0.4.3
2026-09-07T23:47:32.2578655Z #38 3.583   Downloaded tokio v1.52.3
2026-09-07T23:47:32.2579078Z #38 3.634   Downloaded vcpkg v0.2.15
2026-09-07T23:47:32.2579525Z #38 3.694   Downloaded deb822-derive v0.3.1
2026-09-07T23:47:32.2580201Z #38 3.695   Downloaded futures-core v0.3.32
2026-09-07T23:47:32.2580675Z #38 3.696   Downloaded tracing-attributes v0.1.31
2026-09-07T23:47:32.2581166Z #38 3.700   Downloaded anstyle-query v1.1.5
2026-09-07T23:47:32.2581594Z #38 3.701   Downloaded itoa v1.0.18
2026-09-07T23:47:32.2582010Z #38 3.703   Downloaded futf v0.1.5
2026-09-07T23:47:32.2582414Z #38 3.704   Downloaded getrandom v0.4.3
2026-09-07T23:47:32.2582855Z #38 3.708   Downloaded clap_lex v1.1.0
2026-09-07T23:47:32.2583310Z #38 3.709   Downloaded futures-io v0.3.32
2026-09-07T23:47:32.2583750Z #38 3.711   Downloaded hyper-util v0.1.20
2026-09-07T23:47:32.2584238Z #38 3.717   Downloaded iana-time-zone v0.1.65
2026-09-07T23:47:32.2584782Z #38 3.720   Downloaded icu_collections v2.2.0
2026-09-07T23:47:32.2585296Z #38 3.727   Downloaded icu_locale_core v2.2.0
2026-09-07T23:47:32.2585804Z #38 3.734   Downloaded icu_normalizer_data v2.2.0
2026-09-07T23:47:32.2586314Z #38 3.737   Downloaded icu_properties v2.2.0
2026-09-07T23:47:32.2586783Z #38 3.740   Downloaded idna_adapter v1.2.2
2026-09-07T23:47:32.2587458Z #38 3.742   Downloaded intrusive-collections v0.9.7
2026-09-07T23:47:32.2587961Z #38 3.744   Downloaded jobserver v0.1.34
2026-09-07T23:47:32.2588434Z #38 3.746   Downloaded tokio-rustls v0.26.4
2026-09-07T23:47:32.2588918Z #38 3.749   Downloaded inventory v0.3.24
2026-09-07T23:47:32.2589392Z #38 3.751   Downloaded sqlx-core v0.9.0
2026-09-07T23:47:32.2589860Z #38 3.762   Downloaded xml5ever v0.17.0
2026-09-07T23:47:32.2590344Z #38 3.765   Downloaded clap_derive v4.6.1
2026-09-07T23:47:32.2590861Z #38 3.768   Downloaded crossbeam-queue v0.3.12
2026-09-07T23:47:32.2591381Z #38 3.770   Downloaded document_tree v0.4.2
2026-09-07T23:47:32.2591845Z #38 3.771   Downloaded dunce v1.0.5
2026-09-07T23:47:32.2592306Z #38 3.772   Downloaded equivalent v1.0.2
2026-09-07T23:47:32.2592771Z #38 3.774   Downloaded errno v0.3.14
2026-09-07T23:47:32.2593262Z #38 3.776   Downloaded form_urlencoded v1.2.2
2026-09-07T23:47:32.2593757Z #38 3.777   Downloaded futures-macro v0.3.32
2026-09-07T23:47:32.2594227Z #38 3.778   Downloaded h2 v0.4.15
2026-09-07T23:47:32.2594692Z #38 3.787   Downloaded icu_normalizer v2.2.0
2026-09-07T23:47:32.2595178Z #38 3.791   Downloaded icu_properties_data v2.2.0
2026-09-07T23:47:32.2595677Z #38 3.803   Downloaded indexmap v2.14.0
2026-09-07T23:47:32.2596102Z #38 3.808   Downloaded ring v0.17.14
2026-09-07T23:47:32.2596538Z #38 3.861   Downloaded smallvec v1.15.2
2026-09-07T23:47:32.2597145Z #38 3.863   Downloaded socket2 v0.6.4
2026-09-07T23:47:32.2597554Z #38 3.865   Downloaded spin v0.9.8
2026-09-07T23:47:32.2597958Z #38 3.867   Downloaded tower v0.5.3
2026-09-07T23:47:32.2598404Z #38 3.877   Downloaded tracing-log v0.2.0
2026-09-07T23:47:32.2598860Z #38 3.879   Downloaded typeid v1.0.3
2026-09-07T23:47:32.2599615Z #38 3.880   Downloaded upstream-ontologist v0.3.21
2026-09-07T23:47:32.2600110Z #38 3.902   Downloaded fnv v1.0.7
2026-09-07T23:47:32.2600543Z #38 3.903   Downloaded gimli v0.32.3
2026-09-07T23:47:32.2600992Z #38 3.911   Downloaded idna v1.1.0
2026-09-07T23:47:32.2601426Z #38 3.915   Downloaded sqlx v0.9.0
2026-09-07T23:47:32.2601878Z #38 3.933   Downloaded unicode-linebreak v0.1.5
2026-09-07T23:47:32.2602384Z #38 3.934   Downloaded try-lock v0.2.5
2026-09-07T23:47:32.2602896Z #38 3.935   Downloaded generic-array v0.14.7
2026-09-07T23:47:32.2603402Z #38 3.937   Downloaded icu_provider v2.2.0
2026-09-07T23:47:32.2603934Z #38 3.940   Downloaded is_terminal_polyfill v1.70.2
2026-09-07T23:47:32.2604475Z #38 3.941   Downloaded smawk v0.3.3
2026-09-07T23:47:32.2604940Z #38 3.947   Downloaded sqlx-macros v0.9.0
2026-09-07T23:47:32.2605432Z #38 3.948   Downloaded tracing-core v0.1.36
2026-09-07T23:47:32.2605921Z #38 3.951   Downloaded unicode-bidi v0.3.18
2026-09-07T23:47:32.2606477Z #38 3.953   Downloaded unicode-normalization v0.1.25
2026-09-07T23:47:32.2607186Z #38 3.957   Downloaded atomic-waker v1.1.2
2026-09-07T23:47:32.2607693Z #38 3.958   Downloaded concurrent-queue v2.5.0
2026-09-07T23:47:32.2608477Z #38 3.960   Downloaded crc-catalog v2.5.0
2026-09-07T23:47:32.2608972Z #38 3.962   Downloaded futures-sink v0.3.32
2026-09-07T23:47:32.2609456Z #38 3.963   Downloaded lazy-regex v3.6.0
2026-09-07T23:47:32.2609926Z #38 3.964   Downloaded syn v2.0.118
2026-09-07T23:47:32.2610393Z #38 3.975   Downloaded unicode-ident v1.0.24
2026-09-07T23:47:32.2610896Z #38 3.977   Downloaded unicode-width v0.2.2
2026-09-07T23:47:32.2611395Z #38 3.984   Downloaded unicode-xid v0.2.6
2026-09-07T23:47:32.2611884Z #38 3.986   Downloaded boxcar v0.2.14
2026-09-07T23:47:32.2612366Z #38 3.988   Downloaded libc v0.2.186
2026-09-07T23:47:32.2612855Z #38 4.038   Downloaded sqlx-mysql v0.9.0
2026-09-07T23:47:32.2613382Z #38 4.046   Downloaded thiserror-impl v1.0.69
2026-09-07T23:47:32.2613907Z #38 4.048   Downloaded tinystr v0.8.3
2026-09-07T23:47:32.2614424Z #38 4.050   Downloaded tinyvec_macros v0.1.1
2026-09-07T23:47:32.2614949Z #38 4.051   Downloaded typenum v1.20.1
2026-09-07T23:47:32.2615439Z #38 4.056   Downloaded anstyle v1.0.14
2026-09-07T23:47:32.2615931Z #38 4.059   Downloaded bit-set v0.10.0
2026-09-07T23:47:32.2616378Z #38 4.060   Downloaded bit-vec v0.9.1
2026-09-07T23:47:32.2616831Z #38 4.062   Downloaded ctutils v0.4.2
2026-09-07T23:47:32.2617421Z #38 4.064   Downloaded dashmap v6.2.1
2026-09-07T23:47:32.2617882Z #38 4.067   Downloaded data-encoding v2.11.0
2026-09-07T23:47:32.2618376Z #38 4.068   Downloaded dep3 v0.2.4
2026-09-07T23:47:32.2618810Z #38 4.070   Downloaded dotenvy v0.15.7
2026-09-07T23:47:32.2619257Z #38 4.073   Downloaded either v1.16.0
2026-09-07T23:47:32.2619684Z #38 4.075   Downloaded foldhash v0.2.0
2026-09-07T23:47:32.2620158Z #38 4.077   Downloaded mac v0.1.1
2026-09-07T23:47:32.2620604Z #38 4.078   Downloaded sqlx-sqlite v0.9.0
2026-09-07T23:47:32.2621038Z #38 4.084   Downloaded thiserror v1.0.69
2026-09-07T23:47:32.2621526Z #38 4.090   Downloaded thiserror-impl v2.0.18
2026-09-07T23:47:32.2622032Z #38 4.092   Downloaded thread_local v1.1.9
2026-09-07T23:47:32.2622545Z #38 4.094   Downloaded toml_parser v1.1.2+spec-1.1.0
2026-09-07T23:47:32.2623049Z #38 4.097   Downloaded winnow v0.7.15
2026-09-07T23:47:32.2623482Z #38 4.110   Downloaded zerovec-derive v0.11.3
2026-09-07T23:47:32.2624014Z #38 4.112   Downloaded toml_writer v1.1.1+spec-1.1.0
2026-09-07T23:47:32.2624534Z #38 4.114   Downloaded clap v4.6.1
2026-09-07T23:47:32.2624966Z #38 4.126   Downloaded digest v0.10.7
2026-09-07T23:47:32.2625398Z #38 4.130   Downloaded foldhash v0.1.5
2026-09-07T23:47:32.2625819Z #38 4.131   Downloaded utf8_iter v1.0.4
2026-09-07T23:47:32.2626273Z #38 4.133   Downloaded zmij v1.0.21
2026-09-07T23:47:32.2626751Z #38 4.135   Downloaded makefile-lossless v0.3.40
2026-09-07T23:47:32.2627426Z #38 4.138   Downloaded zeroize v1.9.0
2026-09-07T23:47:32.2627856Z #38 4.140   Downloaded base64 v0.22.1
2026-09-07T23:47:32.2628530Z #38 4.145   Downloaded hyper v1.10.1
2026-09-07T23:47:32.2628994Z #38 4.153   Downloaded hyper-rustls v0.27.9
2026-09-07T23:47:32.2629487Z #38 4.154   Downloaded thiserror v2.0.18
2026-09-07T23:47:32.2629956Z #38 4.160   Downloaded tinyvec v1.11.0
2026-09-07T23:47:32.2630406Z #38 4.162   Downloaded cmake v0.1.58
2026-09-07T23:47:32.2630865Z #38 4.163   Downloaded crypto-common v0.1.7
2026-09-07T23:47:32.2631366Z #38 4.164   Downloaded debversion v0.5.4
2026-09-07T23:47:32.2631837Z #38 4.165   Downloaded digest v0.11.3
2026-09-07T23:47:32.2632347Z #38 4.167   Downloaded futures-executor v0.3.32
2026-09-07T23:47:32.2632916Z #38 4.169   Downloaded displaydoc v0.2.6
2026-09-07T23:47:32.2633384Z #38 4.170   Downloaded fs_extra v1.3.0
2026-09-07T23:47:32.2633821Z #38 4.172   Downloaded futures-task v0.3.32
2026-09-07T23:47:32.2634372Z #38 4.173   Downloaded toml_datetime v0.7.5+spec-1.1.0
2026-09-07T23:47:32.2634958Z #38 4.174   Downloaded toml_datetime v1.1.1+spec-1.1.0
2026-09-07T23:47:32.2635450Z #38 4.176   Downloaded untrusted v0.9.0
2026-09-07T23:47:32.2635895Z #38 4.177   Downloaded utf-8 v0.7.6
2026-09-07T23:47:32.2636343Z #38 4.178   Downloaded async-trait v0.1.89
2026-09-07T23:47:32.2661224Z #38 4.181   Downloaded csv-core v0.1.13
2026-09-07T23:47:32.2662013Z #38 4.182   Downloaded event-listener v5.4.1
2026-09-07T23:47:32.2662484Z #38 4.184   Downloaded getopts v0.2.24
2026-09-07T23:47:32.2662957Z #38 4.185   Downloaded tokio-stream v0.1.18
2026-09-07T23:47:32.2663439Z #38 4.190   Downloaded chacha20 v0.10.0
2026-09-07T23:47:32.2663906Z #38 4.192   Downloaded configparser v3.2.0
2026-09-07T23:47:32.2664408Z #38 4.193   Downloaded crossbeam-epoch v0.9.18
2026-09-07T23:47:32.2664918Z #38 4.196   Downloaded thin-vec v0.2.18
2026-09-07T23:47:32.2665363Z #38 4.197   Downloaded anyhow v1.0.102
2026-09-07T23:47:32.2665847Z #38 4.200   Downloaded debbugs v0.1.9
2026-09-07T23:47:32.2666255Z #38 4.202   Downloaded failure v0.1.8
2026-09-07T23:47:32.2666693Z #38 4.206   Downloaded find-msvc-tools v0.1.9
2026-09-07T23:47:32.2667498Z #38 4.208   Downloaded futures-channel v0.3.32
2026-09-07T23:47:32.2667989Z #38 4.213   Downloaded tokio-util v0.7.18
2026-09-07T23:47:32.2668445Z #38 4.222   Downloaded xml-rs v0.8.28
2026-09-07T23:47:32.2668888Z #38 4.226   Downloaded html5ever v0.39.0
2026-09-07T23:47:32.2669341Z #38 4.235   Downloaded sqlx-postgres v0.9.0
2026-09-07T23:47:32.2669798Z #38 4.246   Downloaded zerovec v0.11.6
2026-09-07T23:47:32.2670252Z #38 4.253   Downloaded hybrid-array v0.4.12
2026-09-07T23:47:32.2670740Z #38 4.256   Downloaded mailparse v0.16.1
2026-09-07T23:47:32.2671227Z #38 4.258   Downloaded distro-info v0.4.0
2026-09-07T23:47:32.2671707Z #38 4.263   Downloaded fastrand v2.4.1
2026-09-07T23:47:32.2672172Z #38 4.265   Downloaded fluent-uri v0.4.1
2026-09-07T23:47:32.2672633Z #38 4.267   Downloaded futures v0.3.32
2026-09-07T23:47:32.2673103Z #38 4.272   Downloaded getrandom v0.2.17
2026-09-07T23:47:32.2673553Z #38 4.275   Downloaded aho-corasick v1.1.4
2026-09-07T23:47:32.2674076Z #38 4.282   Downloaded unsafe-libyaml v0.2.11
2026-09-07T23:47:32.2674589Z #38 4.286   Downloaded getrandom v0.3.4
2026-09-07T23:47:32.2675032Z #38 4.290   Downloaded hmac v0.13.0
2026-09-07T23:47:32.2675519Z #38 4.293   Downloaded lock_api v0.4.14
2026-09-07T23:47:32.2676005Z #38 4.294   Downloaded xml v1.3.0
2026-09-07T23:47:32.2676468Z #38 4.298   Downloaded backtrace v0.3.76
2026-09-07T23:47:32.2676938Z #38 4.304   Downloaded bytes v1.12.0
2026-09-07T23:47:32.2677578Z #38 4.308   Downloaded debian-changelog v0.2.24
2026-09-07T23:47:32.2678080Z #38 4.311   Downloaded flume v0.12.0
2026-09-07T23:47:32.2678568Z #38 4.315   Downloaded futures-intrusive v0.5.0
2026-09-07T23:47:32.2679090Z #38 4.321   Downloaded debian-watch v0.4.12
2026-09-07T23:47:32.2679565Z #38 4.323   Downloaded litemap v0.8.2
2026-09-07T23:47:32.2680029Z #38 4.326   Downloaded html5ever v0.26.0
2026-09-07T23:47:32.2680466Z #38 4.332   Downloaded url v2.5.8
2026-09-07T23:47:32.2680868Z #38 4.336   Downloaded cc v1.2.65
2026-09-07T23:47:32.2681537Z #38 4.339   Downloaded log v0.4.33
2026-09-07T23:47:32.2681986Z #38 4.343   Downloaded debian-control v0.3.13
2026-09-07T23:47:32.2682496Z #38 4.348   Downloaded hashbrown v0.15.5
2026-09-07T23:47:32.2682975Z #38 4.354   Downloaded clap_builder v4.6.0
2026-09-07T23:47:32.2683449Z #38 4.359   Downloaded futures-util v0.3.32
2026-09-07T23:47:32.2683912Z #38 4.374   Downloaded hashbrown v0.14.5
2026-09-07T23:47:32.2684339Z #38 4.380   Downloaded winnow v1.0.3
2026-09-07T23:47:32.2684755Z #38 4.389   Downloaded aws-lc-rs v1.17.0
2026-09-07T23:47:32.2685203Z #38 4.398   Downloaded chrono v0.4.45
2026-09-07T23:47:32.2685697Z #38 4.407   Downloaded debian-copyright v0.1.53
2026-09-07T23:47:32.2686223Z #38 4.409   Downloaded deb822-lossless v0.5.18
2026-09-07T23:47:32.2686691Z #38 4.419   Downloaded csv v1.4.0
2026-09-07T23:47:32.2778735Z #38 4.435   Downloaded encoding_rs v0.8.35
2026-09-07T23:47:32.2779321Z #38 4.458   Downloaded libsqlite3-sys v0.30.1
2026-09-07T23:47:32.2779834Z #38 4.531   Downloaded lintian-overrides v0.1.7
2026-09-07T23:47:32.2780377Z #38 4.532   Downloaded aws-lc-sys v0.41.0
2026-09-07T23:47:32.2780832Z #38 4.780   Downloaded yaml-edit v0.2.2
2026-09-07T23:47:32.2781311Z #38 5.964    Compiling proc-macro2 v1.0.106
2026-09-07T23:47:32.2782067Z #38 5.964    Compiling quote v1.0.45
2026-09-07T23:47:32.2782582Z #38 5.964    Compiling unicode-ident v1.0.24
2026-09-07T23:47:32.2783055Z #38 5.964    Compiling libc v0.2.186
2026-09-07T23:47:32.2783487Z #38 6.183    Compiling serde v1.0.228
2026-09-07T23:47:32.2783929Z #38 6.222    Compiling serde_core v1.0.228
2026-09-07T23:47:32.4302714Z #38 6.616    Compiling cfg-if v1.0.4
2026-09-07T23:47:33.3607633Z #38 ...
2026-09-07T23:47:33.3608131Z 
2026-09-07T23:47:33.3610742Z #33 [runtime  3/27] RUN apt-get update && apt-get install -y --no-install-recommends     build-essential     ca-certificates     clang     cmake     composer     git     llvm     maven     ninja-build     openjdk-17-jdk-headless     php-cli     python3     python3-dev     python3-pip     python3-venv     ruby     ruby-dev     ruby-bundler     universal-ctags   && rm -rf /var/lib/apt/lists/*
2026-09-07T23:47:33.3613641Z #33 45.09 Selecting previously unselected package default-jre-headless.
2026-09-07T23:47:33.3614623Z #33 45.09 Preparing to unpack .../140-default-jre-headless_2%3a1.17-74_amd64.deb ...
2026-09-07T23:47:33.4609274Z #33 45.10 Unpacking default-jre-headless (2:1.17-74) ...
2026-09-07T23:47:33.4642869Z #33 45.12 Selecting previously unselected package libcurl3-gnutls:amd64.
2026-09-07T23:47:33.4646911Z #33 45.12 Preparing to unpack .../141-libcurl3-gnutls_7.88.1-10+deb12u15_amd64.deb ...
2026-09-07T23:47:33.4658884Z #33 45.12 Unpacking libcurl3-gnutls:amd64 (7.88.1-10+deb12u15) ...
2026-09-07T23:47:33.4659894Z #33 45.19 Selecting previously unselected package liberror-perl.
2026-09-07T23:47:33.4661970Z #33 45.19 Preparing to unpack .../142-liberror-perl_0.17029-2_all.deb ...
2026-09-07T23:47:33.5731421Z #33 45.20 Unpacking liberror-perl (0.17029-2) ...
2026-09-07T23:47:33.5732187Z #33 45.28 Selecting previously unselected package git-man.
2026-09-07T23:47:33.5732995Z #33 45.28 Preparing to unpack .../143-git-man_1%3a2.39.5-0+deb12u3_all.deb ...
2026-09-07T23:47:33.5733949Z #33 45.28 Unpacking git-man (1:2.39.5-0+deb12u3) ...
2026-09-07T23:47:33.6735424Z #33 45.40 Selecting previously unselected package git.
2026-09-07T23:47:33.6736622Z #33 45.41 Preparing to unpack .../144-git_1%3a2.39.5-0+deb12u3_amd64.deb ...
2026-09-07T23:47:33.8329102Z #33 45.41 Unpacking git (1:2.39.5-0+deb12u3) ...
2026-09-07T23:47:34.2539735Z #33 45.99 Selecting previously unselected package libaopalliance-java.
2026-09-07T23:47:34.3543412Z #33 45.99 Preparing to unpack .../145-libaopalliance-java_20070526-7_all.deb ...
2026-09-07T23:47:34.3544495Z #33 45.99 Unpacking libaopalliance-java (20070526-7) ...
2026-09-07T23:47:34.3545493Z #33 46.01 Selecting previously unselected package libapache-pom-java.
2026-09-07T23:47:34.3546372Z #33 46.01 Preparing to unpack .../146-libapache-pom-java_29-2_all.deb ...
2026-09-07T23:47:34.3547769Z #33 46.02 Unpacking libapache-pom-java (29-2) ...
2026-09-07T23:47:34.3548541Z #33 46.04 Selecting previously unselected package libatinject-jsr330-api-java.
2026-09-07T23:47:34.3549641Z #33 46.04 Preparing to unpack .../147-libatinject-jsr330-api-java_1.0+ds1-5_all.deb ...
2026-09-07T23:47:34.3550464Z #33 46.05 Unpacking libatinject-jsr330-api-java (1.0+ds1-5) ...
2026-09-07T23:47:34.3551309Z #33 46.09 Selecting previously unselected package libgeronimo-interceptor-3.0-spec-java.
2026-09-07T23:47:34.4548122Z #33 46.09 Preparing to unpack .../148-libgeronimo-interceptor-3.0-spec-java_1.0.1-4_all.deb ...
2026-09-07T23:47:34.4549422Z #33 46.09 Unpacking libgeronimo-interceptor-3.0-spec-java (1.0.1-4) ...
2026-09-07T23:47:34.4550255Z #33 46.14 Selecting previously unselected package libcdi-api-java.
2026-09-07T23:47:34.4551032Z #33 46.14 Preparing to unpack .../149-libcdi-api-java_1.2-3_all.deb ...
2026-09-07T23:47:34.4551770Z #33 46.15 Unpacking libcdi-api-java (1.2-3) ...
2026-09-07T23:47:34.4552500Z #33 46.19 Selecting previously unselected package libcommons-cli-java.
2026-09-07T23:47:34.4553318Z #33 46.19 Preparing to unpack .../150-libcommons-cli-java_1.5.0-1_all.deb ...
2026-09-07T23:47:34.5590390Z #33 46.19 Unpacking libcommons-cli-java (1.5.0-1) ...
2026-09-07T23:47:34.5591502Z #33 46.24 Selecting previously unselected package libcommons-parent-java.
2026-09-07T23:47:34.5592630Z #33 46.24 Preparing to unpack .../151-libcommons-parent-java_56-1_all.deb ...
2026-09-07T23:47:34.5593559Z #33 46.24 Unpacking libcommons-parent-java (56-1) ...
2026-09-07T23:47:34.7163641Z #33 46.30 Selecting previously unselected package libcommons-io-java.
2026-09-07T23:47:34.7164771Z #33 46.30 Preparing to unpack .../152-libcommons-io-java_2.11.0-2_all.deb ...
2026-09-07T23:47:34.7165749Z #33 46.30 Unpacking libcommons-io-java (2.11.0-2) ...
2026-09-07T23:47:34.7166523Z #33 46.37 Selecting previously unselected package libcommons-lang3-java.
2026-09-07T23:47:34.7167549Z #33 46.37 Preparing to unpack .../153-libcommons-lang3-java_3.12.0-2+deb12u1_all.deb ...
2026-09-07T23:47:34.7168442Z #33 46.37 Unpacking libcommons-lang3-java (3.12.0-2+deb12u1) ...
2026-09-07T23:47:34.7169270Z #33 46.45 Selecting previously unselected package nss-plugin-pem:amd64.
2026-09-07T23:47:34.8355837Z #33 46.45 Preparing to unpack .../154-nss-plugin-pem_1.0.8+1-1_amd64.deb ...
2026-09-07T23:47:34.8356642Z #33 46.45 Unpacking nss-plugin-pem:amd64 (1.0.8+1-1) ...
2026-09-07T23:47:34.8357749Z #33 46.50 Selecting previously unselected package libcurl3-nss:amd64.
2026-09-07T23:47:34.8358927Z #33 46.50 Preparing to unpack .../155-libcurl3-nss_7.88.1-10+deb12u15_amd64.deb ...
2026-09-07T23:47:34.8360073Z #33 46.50 Unpacking libcurl3-nss:amd64 (7.88.1-10+deb12u15) ...
2026-09-07T23:47:34.8360933Z #33 46.57 Selecting previously unselected package libjsr305-java.
2026-09-07T23:47:35.0263082Z #33 46.57 Preparing to unpack .../156-libjsr305-java_0.1~+svn49-11_all.deb ...
2026-09-07T23:47:35.0264203Z #33 46.57 Unpacking libjsr305-java (0.1~+svn49-11) ...
2026-09-07T23:47:35.0265115Z #33 46.60 Selecting previously unselected package libguava-java.
2026-09-07T23:47:35.0265993Z #33 46.61 Preparing to unpack .../157-libguava-java_31.1-1_all.deb ...
2026-09-07T23:47:35.0266792Z #33 46.61 Unpacking libguava-java (31.1-1) ...
2026-09-07T23:47:35.1110508Z #33 46.84 Selecting previously unselected package liberror-prone-java.
2026-09-07T23:47:35.2214669Z #33 46.85 Preparing to unpack .../158-liberror-prone-java_2.18.0-1_all.deb ...
2026-09-07T23:47:35.2215940Z #33 46.85 Unpacking liberror-prone-java (2.18.0-1) ...
2026-09-07T23:47:35.2216774Z #33 46.88 Selecting previously unselected package libexpat1-dev:amd64.
2026-09-07T23:47:35.2217840Z #33 46.89 Preparing to unpack .../159-libexpat1-dev_2.5.0-1+deb12u3_amd64.deb ...
2026-09-07T23:47:35.2218693Z #33 46.89 Unpacking libexpat1-dev:amd64 (2.5.0-1+deb12u3) ...
2026-09-07T23:47:35.2219623Z #33 46.95 Selecting previously unselected package libgeronimo-annotation-1.3-spec-java.
2026-09-07T23:47:35.3389373Z #33 46.96 Preparing to unpack .../160-libgeronimo-annotation-1.3-spec-java_1.3-1_all.deb ...
2026-09-07T23:47:35.3390696Z #33 46.96 Unpacking libgeronimo-annotation-1.3-spec-java (1.3-1) ...
2026-09-07T23:47:35.3391754Z #33 47.00 Selecting previously unselected package libgmpxx4ldbl:amd64.
2026-09-07T23:47:35.3392657Z #33 47.01 Preparing to unpack .../161-libgmpxx4ldbl_2%3a6.2.1+dfsg1-1.1_amd64.deb ...
2026-09-07T23:47:35.3393522Z #33 47.01 Unpacking libgmpxx4ldbl:amd64 (2:6.2.1+dfsg1-1.1) ...
2026-09-07T23:47:35.3394309Z #33 47.07 Selecting previously unselected package libgmp-dev:amd64.
2026-09-07T23:47:35.5222296Z #33 47.07 Preparing to unpack .../162-libgmp-dev_2%3a6.2.1+dfsg1-1.1_amd64.deb ...
2026-09-07T23:47:35.5224486Z #33 47.07 Unpacking libgmp-dev:amd64 (2:6.2.1+dfsg1-1.1) ...
2026-09-07T23:47:35.5226345Z #33 47.16 Selecting previously unselected package libguice-java.
2026-09-07T23:47:35.5227458Z #33 47.16 Preparing to unpack .../163-libguice-java_4.2.3-2_all.deb ...
2026-09-07T23:47:35.5228878Z #33 47.16 Unpacking libguice-java (4.2.3-2) ...
2026-09-07T23:47:35.6230318Z #33 47.32 Selecting previously unselected package libjansi-java.
2026-09-07T23:47:35.6231346Z #33 47.33 Preparing to unpack .../164-libjansi-java_2.4.0-2_all.deb ...
2026-09-07T23:47:35.6232506Z #33 47.33 Unpacking libjansi-java (2.4.0-2) ...
2026-09-07T23:47:35.6233393Z #33 47.36 Selecting previously unselected package libjs-jquery.
2026-09-07T23:47:35.7310093Z #33 47.36 Preparing to unpack .../165-libjs-jquery_3.6.1+dfsg+~3.5.14-1_all.deb ...
2026-09-07T23:47:35.7311345Z #33 47.36 Unpacking libjs-jquery (3.6.1+dfsg+~3.5.14-1) ...
2026-09-07T23:47:35.7312447Z #33 47.42 Selecting previously unselected package libjs-underscore.
2026-09-07T23:47:35.7313549Z #33 47.42 Preparing to unpack .../166-libjs-underscore_1.13.4~dfsg+~1.11.4-3_all.deb ...
2026-09-07T23:47:35.7314520Z #33 47.42 Unpacking libjs-underscore (1.13.4~dfsg+~1.11.4-3) ...
2026-09-07T23:47:35.7315403Z #33 47.46 Selecting previously unselected package libjs-sphinxdoc.
2026-09-07T23:47:35.9082992Z #33 47.47 Preparing to unpack .../167-libjs-sphinxdoc_5.3.0-4_all.deb ...
2026-09-07T23:47:35.9084465Z #33 47.49 Unpacking libjs-sphinxdoc (5.3.0-4) ...
2026-09-07T23:47:35.9697239Z #33 47.70 Selecting previously unselected package libmaven-parent-java.
2026-09-07T23:47:35.9698433Z #33 47.70 Preparing to unpack .../168-libmaven-parent-java_35-1_all.deb ...
2026-09-07T23:47:35.9699491Z #33 47.70 Unpacking libmaven-parent-java (35-1) ...
2026-09-07T23:47:36.1058079Z #33 47.79 Selecting previously unselected package libplexus-utils2-java.
2026-09-07T23:47:36.1058897Z #33 47.79 Preparing to unpack .../169-libplexus-utils2-java_3.4.2-1_all.deb ...
2026-09-07T23:47:36.1059535Z #33 47.79 Unpacking libplexus-utils2-java (3.4.2-1) ...
2026-09-07T23:47:36.2161701Z #33 47.91 Selecting previously unselected package libwagon-provider-api-java.
2026-09-07T23:47:36.2162661Z #33 47.95 Preparing to unpack .../170-libwagon-provider-api-java_3.5.3-1_all.deb ...
2026-09-07T23:47:36.2197936Z #33 47.95 Unpacking libwagon-provider-api-java (3.5.3-1) ...
2026-09-07T23:47:36.2207622Z #33 47.95 Selecting previously unselected package libmaven-resolver-java.
2026-09-07T23:47:36.2257976Z #33 47.95 Preparing to unpack .../171-libmaven-resolver-java_1.6.3-1_all.deb ...
2026-09-07T23:47:36.3710163Z #33 47.96 Unpacking libmaven-resolver-java (1.6.3-1) ...
2026-09-07T23:47:36.3737655Z #33 48.10 Selecting previously unselected package libmaven-shared-utils-java.
2026-09-07T23:47:36.3767753Z #33 48.10 Preparing to unpack .../172-libmaven-shared-utils-java_3.3.4-1_all.deb ...
2026-09-07T23:47:36.3768915Z #33 48.10 Unpacking libmaven-shared-utils-java (3.3.4-1) ...
2026-09-07T23:47:36.4854335Z #33 48.13 Selecting previously unselected package libplexus-cipher-java.
2026-09-07T23:47:36.4868248Z #33 48.13 Preparing to unpack .../173-libplexus-cipher-java_2.0-1_all.deb ...
2026-09-07T23:47:36.4887947Z #33 48.14 Unpacking libplexus-cipher-java (2.0-1) ...
2026-09-07T23:47:36.4908056Z #33 48.22 Selecting previously unselected package libplexus-classworlds-java.
2026-09-07T23:47:36.6377613Z #33 48.28 Preparing to unpack .../174-libplexus-classworlds-java_2.7.0-1_all.deb ...
2026-09-07T23:47:36.6408418Z #33 48.28 Unpacking libplexus-classworlds-java (2.7.0-1) ...
2026-09-07T23:47:36.8028636Z #33 48.38 Selecting previously unselected package libplexus-component-annotations-java.
2026-09-07T23:47:36.8029925Z #33 48.38 Preparing to unpack .../175-libplexus-component-annotations-java_2.1.1-1_all.deb ...
2026-09-07T23:47:36.8031033Z #33 48.38 Unpacking libplexus-component-annotations-java (2.1.1-1) ...
2026-09-07T23:47:36.8433134Z #33 48.58 Selecting previously unselected package libplexus-interpolation-java.
2026-09-07T23:47:36.9595893Z #33 48.58 Preparing to unpack .../176-libplexus-interpolation-java_1.26-1_all.deb ...
2026-09-07T23:47:36.9597297Z #33 48.58 Unpacking libplexus-interpolation-java (1.26-1) ...
2026-09-07T23:47:36.9598408Z #33 48.62 Selecting previously unselected package libplexus-sec-dispatcher-java.
2026-09-07T23:47:36.9599582Z #33 48.62 Preparing to unpack .../177-libplexus-sec-dispatcher-java_2.0-3_all.deb ...
2026-09-07T23:47:36.9600611Z #33 48.64 Unpacking libplexus-sec-dispatcher-java (2.0-3) ...
2026-09-07T23:47:36.9601722Z #33 48.69 Selecting previously unselected package libslf4j-java.
2026-09-07T23:47:37.1213378Z #33 48.70 Preparing to unpack .../178-libslf4j-java_1.7.32-1_all.deb ...
2026-09-07T23:47:37.1214299Z #33 48.71 Unpacking libslf4j-java (1.7.32-1) ...
2026-09-07T23:47:37.2888529Z #33 48.90 Selecting previously unselected package libsisu-inject-java.
2026-09-07T23:47:37.2889811Z #33 48.90 Preparing to unpack .../179-libsisu-inject-java_0.3.4-2_all.deb ...
2026-09-07T23:47:37.2890727Z #33 48.91 Unpacking libsisu-inject-java (0.3.4-2) ...
2026-09-07T23:47:37.2891557Z #33 48.98 Selecting previously unselected package libsisu-plexus-java.
2026-09-07T23:47:37.4722235Z #33 48.99 Preparing to unpack .../180-libsisu-plexus-java_0.3.4-3_all.deb ...
2026-09-07T23:47:37.4723111Z #33 48.99 Unpacking libsisu-plexus-java (0.3.4-3) ...
2026-09-07T23:47:37.4723893Z #33 49.04 Selecting previously unselected package libmaven3-core-java.
2026-09-07T23:47:37.4724689Z #33 49.05 Preparing to unpack .../181-libmaven3-core-java_3.8.7-1_all.deb ...
2026-09-07T23:47:37.4725368Z #33 49.05 Unpacking libmaven3-core-java (3.8.7-1) ...
2026-09-07T23:47:37.5460300Z #33 49.28 Selecting previously unselected package libncurses6:amd64.
2026-09-07T23:47:37.6937117Z #33 49.28 Preparing to unpack .../182-libncurses6_6.4-4_amd64.deb ...
2026-09-07T23:47:37.6938548Z #33 49.28 Unpacking libncurses6:amd64 (6.4-4) ...
2026-09-07T23:47:37.6939374Z #33 49.36 Selecting previously unselected package libpfm4:amd64.
2026-09-07T23:47:37.6940197Z #33 49.36 Preparing to unpack .../183-libpfm4_4.13.0-1_amd64.deb ...
2026-09-07T23:47:37.6940928Z #33 49.36 Unpacking libpfm4:amd64 (4.13.0-1) ...
2026-09-07T23:47:37.6941688Z #33 49.43 Selecting previously unselected package libpython3.11:amd64.
2026-09-07T23:47:37.9007192Z #33 49.43 Preparing to unpack .../184-libpython3.11_3.11.2-6+deb12u8_amd64.deb ...
2026-09-07T23:47:37.9008383Z #33 49.43 Unpacking libpython3.11:amd64 (3.11.2-6+deb12u8) ...
2026-09-07T23:47:38.1568821Z #33 49.67 Selecting previously unselected package zlib1g-dev:amd64.
2026-09-07T23:47:38.1570078Z #33 49.67 Preparing to unpack .../185-zlib1g-dev_1%3a1.2.13.dfsg-1_amd64.deb ...
2026-09-07T23:47:38.1570977Z #33 49.67 Unpacking zlib1g-dev:amd64 (1:1.2.13.dfsg-1) ...
2026-09-07T23:47:38.1571869Z #33 49.72 Selecting previously unselected package libpython3.11-dev:amd64.
2026-09-07T23:47:38.1572948Z #33 49.72 Preparing to unpack .../186-libpython3.11-dev_3.11.2-6+deb12u8_amd64.deb ...
2026-09-07T23:47:38.1573926Z #33 49.72 Unpacking libpython3.11-dev:amd64 (3.11.2-6+deb12u8) ...
2026-09-07T23:47:38.5774203Z #33 50.31 Selecting previously unselected package libpython3-dev:amd64.
2026-09-07T23:47:38.6953952Z #33 50.31 Preparing to unpack .../187-libpython3-dev_3.11.2-1+b1_amd64.deb ...
2026-09-07T23:47:38.6955054Z #33 50.31 Unpacking libpython3-dev:amd64 (3.11.2-1+b1) ...
2026-09-07T23:47:38.6956287Z #33 50.43 Selecting previously unselected package rubygems-integration.
2026-09-07T23:47:38.7972124Z #33 50.43 Preparing to unpack .../188-rubygems-integration_1.18_all.deb ...
2026-09-07T23:47:38.7973407Z #33 50.43 Unpacking rubygems-integration (1.18) ...
2026-09-07T23:47:38.7974195Z #33 50.47 Selecting previously unselected package ruby3.1.
2026-09-07T23:47:38.7975000Z #33 50.48 Preparing to unpack .../189-ruby3.1_3.1.2-7+deb12u1_amd64.deb ...
2026-09-07T23:47:38.7975769Z #33 50.48 Unpacking ruby3.1 (3.1.2-7+deb12u1) ...
2026-09-07T23:47:38.7976506Z #33 50.52 Selecting previously unselected package ruby-rubygems.
2026-09-07T23:47:38.7977478Z #33 50.53 Preparing to unpack .../190-ruby-rubygems_3.3.15-2+deb12u1_all.deb ...
2026-09-07T23:47:38.7978246Z #33 50.53 Unpacking ruby-rubygems (3.3.15-2+deb12u1) ...
2026-09-07T23:47:38.9011229Z #33 50.61 Selecting previously unselected package ruby.
2026-09-07T23:47:38.9012362Z #33 50.61 Preparing to unpack .../191-ruby_1%3a3.1_amd64.deb ...
2026-09-07T23:47:38.9013157Z #33 50.62 Unpacking ruby (1:3.1) ...
2026-09-07T23:47:39.0482151Z #33 50.65 Selecting previously unselected package rake.
2026-09-07T23:47:39.0483367Z #33 50.65 Preparing to unpack .../192-rake_13.0.6-3_all.deb ...
2026-09-07T23:47:39.0484186Z #33 50.65 Unpacking rake (13.0.6-3) ...
2026-09-07T23:47:39.0484828Z #33 50.71 Selecting previously unselected package ruby-net-telnet.
2026-09-07T23:47:39.0485641Z #33 50.71 Preparing to unpack .../193-ruby-net-telnet_0.2.0-1_all.deb ...
2026-09-07T23:47:39.0486311Z #33 50.71 Unpacking ruby-net-telnet (0.2.0-1) ...
2026-09-07T23:47:39.0487121Z #33 50.78 Selecting previously unselected package ruby-webrick.
2026-09-07T23:47:39.1487094Z #33 50.78 Preparing to unpack .../194-ruby-webrick_1.8.1-1_all.deb ...
2026-09-07T23:47:39.1488082Z #33 50.79 Unpacking ruby-webrick (1.8.1-1) ...
2026-09-07T23:47:39.1488776Z #33 50.81 Selecting previously unselected package ruby-xmlrpc.
2026-09-07T23:47:39.1489523Z #33 50.82 Preparing to unpack .../195-ruby-xmlrpc_0.3.2-2_all.deb ...
2026-09-07T23:47:39.1490259Z #33 50.82 Unpacking ruby-xmlrpc (0.3.2-2) ...
2026-09-07T23:47:39.1490978Z #33 50.84 Selecting previously unselected package ruby-sdbm:amd64.
2026-09-07T23:47:39.1491804Z #33 50.84 Preparing to unpack .../196-ruby-sdbm_1.0.0-5+b1_amd64.deb ...
2026-09-07T23:47:39.1492530Z #33 50.84 Unpacking ruby-sdbm:amd64 (1.0.0-5+b1) ...
2026-09-07T23:47:39.1493217Z #33 50.88 Selecting previously unselected package libyaml-0-2:amd64.
2026-09-07T23:47:39.1493992Z #33 50.88 Preparing to unpack .../197-libyaml-0-2_0.2.5-1_amd64.deb ...
2026-09-07T23:47:39.3694252Z #33 50.88 Unpacking libyaml-0-2:amd64 (0.2.5-1) ...
2026-09-07T23:47:39.3695450Z #33 50.92 Selecting previously unselected package libruby3.1:amd64.
2026-09-07T23:47:39.3696605Z #33 50.92 Preparing to unpack .../198-libruby3.1_3.1.2-7+deb12u1_amd64.deb ...
2026-09-07T23:47:39.3697604Z #33 50.93 Unpacking libruby3.1:amd64 (3.1.2-7+deb12u1) ...
2026-09-07T23:47:39.9252361Z #33 51.54 Selecting previously unselected package libruby:amd64.
2026-09-07T23:47:39.9253438Z #33 51.57 Preparing to unpack .../199-libruby_1%3a3.1_amd64.deb ...
2026-09-07T23:47:39.9254204Z #33 51.57 Unpacking libruby:amd64 (1:3.1) ...
2026-09-07T23:47:39.9254964Z #33 51.66 Selecting previously unselected package libwagon-file-java.
2026-09-07T23:47:40.1106642Z #33 51.66 Preparing to unpack .../200-libwagon-file-java_3.5.3-1_all.deb ...
2026-09-07T23:47:40.1108321Z #33 51.66 Unpacking libwagon-file-java (3.5.3-1) ...
2026-09-07T23:47:40.1109210Z #33 51.69 Selecting previously unselected package libwagon-http-shaded-java.
2026-09-07T23:47:40.1110130Z #33 51.70 Preparing to unpack .../201-libwagon-http-shaded-java_3.5.3-1_all.deb ...
2026-09-07T23:47:40.1111009Z #33 51.70 Unpacking libwagon-http-shaded-java (3.5.3-1) ...
2026-09-07T23:47:40.2112966Z #33 51.84 Selecting previously unselected package llvm-14-runtime.
2026-09-07T23:47:40.2114237Z #33 51.85 Preparing to unpack .../202-llvm-14-runtime_1%3a14.0.6-12_amd64.deb ...
2026-09-07T23:47:40.2115727Z #33 51.85 Unpacking llvm-14-runtime (1:14.0.6-12) ...
2026-09-07T23:47:40.2116704Z #33 51.93 Selecting previously unselected package llvm-runtime:amd64.
2026-09-07T23:47:40.2117992Z #33 51.94 Preparing to unpack .../203-llvm-runtime_1%3a14.0-55.7~deb12u1_amd64.deb ...
2026-09-07T23:47:40.2119083Z #33 51.94 Unpacking llvm-runtime:amd64 (1:14.0-55.7~deb12u1) ...
2026-09-07T23:47:40.4092639Z #33 51.97 Selecting previously unselected package llvm-14.
2026-09-07T23:47:40.4093586Z #33 51.97 Preparing to unpack .../204-llvm-14_1%3a14.0.6-12_amd64.deb ...
2026-09-07T23:47:40.4094410Z #33 51.97 Unpacking llvm-14 (1:14.0.6-12) ...
2026-09-07T23:47:41.0715769Z #33 52.80 Selecting previously unselected package llvm.
2026-09-07T23:47:41.1821985Z #33 52.81 Preparing to unpack .../205-llvm_1%3a14.0-55.7~deb12u1_amd64.deb ...
2026-09-07T23:47:41.1823836Z #33 52.81 Unpacking llvm (1:14.0-55.7~deb12u1) ...
2026-09-07T23:47:41.1824696Z #33 52.84 Selecting previously unselected package maven.
2026-09-07T23:47:41.1825580Z #33 52.85 Preparing to unpack .../206-maven_3.8.7-1_all.deb ...
2026-09-07T23:47:41.1826338Z #33 52.85 Unpacking maven (3.8.7-1) ...
2026-09-07T23:47:41.1827762Z #33 52.88 Selecting previously unselected package ninja-build.
2026-09-07T23:47:41.1828911Z #33 52.88 Preparing to unpack .../207-ninja-build_1.11.1-2~deb12u1_amd64.deb ...
2026-09-07T23:47:41.1829721Z #33 52.88 Unpacking ninja-build (1.11.1-2~deb12u1) ...
2026-09-07T23:47:41.3489022Z #33 52.92 Selecting previously unselected package openjdk-17-jdk-headless:amd64.
2026-09-07T23:47:41.3490403Z #33 52.93 Preparing to unpack .../208-openjdk-17-jdk-headless_17.0.20.1+1-1~deb12u1_amd64.deb ...
2026-09-07T23:47:41.3491491Z #33 52.93 Unpacking openjdk-17-jdk-headless:amd64 (17.0.20.1+1-1~deb12u1) ...
2026-09-07T23:47:42.4958324Z #33 ...
2026-09-07T23:47:42.4959174Z 
2026-09-07T23:47:42.4960572Z #37 [go-tools 2/2] RUN GOTOOLCHAIN=auto GOBIN=/zoekt-bin     go install github.com/sourcegraph/zoekt/cmd/zoekt-index@latest &&     GOTOOLCHAIN=auto GOBIN=/zoekt-bin     go install github.com/sourcegraph/zoekt/cmd/zoekt-webserver@latest
2026-09-07T23:47:42.4962554Z #37 10.49 go: downloading go.uber.org/automaxprocs v1.6.0
2026-09-07T23:47:42.4974551Z #37 10.50 go: downloading github.com/gobwas/glob v0.2.3
2026-09-07T23:47:42.4975459Z #37 10.50 go: downloading github.com/RoaringBitmap/roaring/v2 v2.19.0
2026-09-07T23:47:42.4976257Z #37 10.50 go: downloading github.com/bmatcuk/doublestar/v4 v4.10.0
2026-09-07T23:47:42.4977169Z #37 10.86 go: downloading github.com/cespare/xxhash/v2 v2.3.0
2026-09-07T23:47:42.4977949Z #37 10.86 go: downloading github.com/dustin/go-humanize v1.0.1
2026-09-07T23:47:42.4978684Z #37 10.86 go: downloading github.com/go-enry/go-enry/v2 v2.9.6
2026-09-07T23:47:42.4979506Z #37 10.96 go: downloading github.com/grafana/regexp v0.0.0-20240607082908-2cb410fa05da
2026-09-07T23:47:42.4980400Z #37 10.96 go: downloading github.com/prometheus/client_golang v1.20.5
2026-09-07T23:47:42.4981177Z #37 11.22 go: downloading github.com/rs/xid v1.6.0
2026-09-07T23:47:42.4981845Z #37 11.22 go: downloading golang.org/x/sys v0.47.0
2026-09-07T23:47:42.4982642Z #37 11.49 go: downloading github.com/grpc-ecosystem/go-grpc-middleware/v2 v2.3.3
2026-09-07T23:47:42.4983482Z #37 11.65 go: downloading go.uber.org/atomic v1.11.0
2026-09-07T23:47:42.4984129Z #37 11.72 go: downloading google.golang.org/grpc v1.82.1
2026-09-07T23:47:42.4984804Z #37 12.53 go: downloading github.com/beorn7/perks v1.0.1
2026-09-07T23:47:42.4985503Z #37 12.53 go: downloading github.com/prometheus/client_model v0.6.1
2026-09-07T23:47:42.4986242Z #37 12.55 go: downloading github.com/prometheus/common v0.62.0
2026-09-07T23:47:42.4987118Z #37 12.60 go: downloading github.com/prometheus/procfs v0.15.1
2026-09-07T23:47:42.4987840Z #37 12.66 go: downloading google.golang.org/protobuf v1.36.11
2026-09-07T23:47:42.4988745Z #37 13.27 go: downloading github.com/sourcegraph/go-ctags v0.0.0-20250729094530-349a251d78d8
2026-09-07T23:47:42.4989593Z #37 13.27 go: downloading github.com/wasilibs/go-re2 v1.10.0
2026-09-07T23:47:42.4990716Z #37 13.32 go: downloading github.com/opentracing/opentracing-go v1.2.0
2026-09-07T23:47:42.4991544Z #37 13.43 go: downloading golang.org/x/net v0.57.0
2026-09-07T23:47:42.4992413Z #37 13.46 go: downloading google.golang.org/genproto/googleapis/rpc v0.0.0-20260414002931-afd174a4e478
2026-09-07T23:47:42.4993406Z #37 13.56 go: downloading google.golang.org/genproto v0.0.0-20250115164207-1a7da9e5054f
2026-09-07T23:47:42.4994471Z #37 13.56 go: downloading github.com/munnerz/goautoneg v0.0.0-20191010083416-a7dc8b61c822
2026-09-07T23:47:42.4995338Z #37 14.18 go: downloading github.com/tetratelabs/wazero v1.9.0
2026-09-07T23:47:42.4996225Z #37 17.20 go: downloading github.com/wasilibs/wazero-helpers v0.0.0-20240620070341-3dff1577cd52
2026-09-07T23:47:42.4997242Z #37 17.21 go: downloading golang.org/x/text v0.40.0
2026-09-07T23:47:42.4997874Z #37 19.87 go: downloading github.com/mschoch/smat v0.2.0
2026-09-07T23:47:42.4998579Z #37 19.87 go: downloading github.com/bits-and-blooms/bitset v1.24.4
2026-09-07T23:47:42.6378338Z #37 ...
2026-09-07T23:47:42.6379009Z 
2026-09-07T23:47:42.6381171Z #38 [rust-tools 2/2] RUN cargo install     --git https://github.com/jelmer/debian-lsp     --rev "daee711aba7282a6e79344c71dcaf85593c54040"     --locked     --no-default-features     --features scip     --root /opt/debian-lsp     debian-lsp   && rm -rf /usr/local/cargo/git /usr/local/cargo/registry
2026-09-07T23:47:42.6383269Z #38 8.174    Compiling syn v2.0.118
2026-09-07T23:47:42.6383921Z #38 8.520    Compiling parking_lot_core v0.9.12
2026-09-07T23:47:42.6384559Z #38 8.757    Compiling memchr v2.8.2
2026-09-07T23:47:42.6385150Z #38 8.804    Compiling scopeguard v1.2.0
2026-09-07T23:47:42.6385730Z #38 9.044    Compiling lock_api v0.4.14
2026-09-07T23:47:42.6386304Z #38 9.570    Compiling autocfg v1.5.1
2026-09-07T23:47:42.6386895Z #38 10.29    Compiling icu_properties_data v2.2.0
2026-09-07T23:47:42.6387693Z #38 10.49    Compiling icu_normalizer_data v2.2.0
2026-09-07T23:47:42.6388382Z #38 10.82    Compiling once_cell v1.21.4
2026-09-07T23:47:42.6389044Z #38 11.31    Compiling log v0.4.33
2026-09-07T23:47:42.6389668Z #38 11.75    Compiling stable_deref_trait v1.2.1
2026-09-07T23:47:42.6390396Z #38 11.97    Compiling pin-project-lite v0.2.17
2026-09-07T23:47:42.6391055Z #38 12.09    Compiling futures-core v0.3.32
2026-09-07T23:47:42.6391561Z #38 12.16    Compiling itoa v1.0.18
2026-09-07T23:47:42.6392078Z #38 12.38    Compiling siphasher v1.0.3
2026-09-07T23:47:42.6392675Z #38 12.64    Compiling litemap v0.8.2
2026-09-07T23:47:42.6393312Z #38 12.79    Compiling version_check v0.9.5
2026-09-07T23:47:42.6393964Z #38 12.82    Compiling bytes v1.12.0
2026-09-07T23:47:42.6394584Z #38 13.09    Compiling writeable v0.6.3
2026-09-07T23:47:42.6395230Z #38 13.42    Compiling generic-array v0.14.7
2026-09-07T23:47:42.6395876Z #38 13.55    Compiling zmij v1.0.21
2026-09-07T23:47:42.6396519Z #38 13.87    Compiling percent-encoding v2.3.2
2026-09-07T23:47:42.6397272Z #38 13.99    Compiling utf8_iter v1.0.4
2026-09-07T23:47:42.6397850Z #38 14.31    Compiling synstructure v0.13.2
2026-09-07T23:47:42.6398362Z #38 14.46    Compiling num-traits v0.2.19
2026-09-07T23:47:42.6398875Z #38 14.58    Compiling aho-corasick v1.1.4
2026-09-07T23:47:42.6399387Z #38 15.00    Compiling errno v0.3.14
2026-09-07T23:47:42.6399880Z #38 15.37    Compiling allocator-api2 v0.2.21
2026-09-07T23:47:42.6400394Z #38 15.59    Compiling foldhash v0.2.0
2026-09-07T23:47:42.6400888Z #38 16.22    Compiling typenum v1.20.1
2026-09-07T23:47:42.7358501Z #38 16.92    Compiling equivalent v1.0.2
2026-09-07T23:47:43.1839249Z #38 17.21    Compiling futures-sink v0.3.32
2026-09-07T23:47:43.2172274Z #38 17.40    Compiling regex-syntax v0.8.11
2026-09-07T23:47:43.9471806Z #38 18.13    Compiling signal-hook-registry v1.4.8
2026-09-07T23:47:44.7082308Z #38 ...
2026-09-07T23:47:44.7082564Z 
2026-09-07T23:47:44.7084494Z #33 [runtime  3/27] RUN apt-get update && apt-get install -y --no-install-recommends     build-essential     ca-certificates     clang     cmake     composer     git     llvm     maven     ninja-build     openjdk-17-jdk-headless     php-cli     python3     python3-dev     python3-pip     python3-venv     ruby     ruby-dev     ruby-bundler     universal-ctags   && rm -rf /var/lib/apt/lists/*
2026-09-07T23:47:44.7107885Z #33 56.44 Selecting previously unselected package python3.11-dev.
2026-09-07T23:47:44.7108613Z #33 56.44 Preparing to unpack .../209-python3.11-dev_3.11.2-6+deb12u8_amd64.deb ...
2026-09-07T23:47:44.7109277Z #33 56.44 Unpacking python3.11-dev (3.11.2-6+deb12u8) ...
2026-09-07T23:47:44.7109917Z #33 56.44 Selecting previously unselected package python3-lib2to3.
2026-09-07T23:47:44.7110666Z #33 56.44 Preparing to unpack .../210-python3-lib2to3_3.11.2-3_all.deb ...
2026-09-07T23:47:44.7111338Z #33 56.44 Unpacking python3-lib2to3 (3.11.2-3) ...
2026-09-07T23:47:44.8273528Z #33 56.44 Selecting previously unselected package python3-distutils.
2026-09-07T23:47:44.8274427Z #33 56.45 Preparing to unpack .../211-python3-distutils_3.11.2-3_all.deb ...
2026-09-07T23:47:44.8275442Z #33 56.45 Unpacking python3-distutils (3.11.2-3) ...
2026-09-07T23:47:44.8276356Z #33 56.56 Selecting previously unselected package python3-dev.
2026-09-07T23:47:44.9468947Z #33 56.56 Preparing to unpack .../212-python3-dev_3.11.2-1+b1_amd64.deb ...
2026-09-07T23:47:44.9469958Z #33 56.56 Unpacking python3-dev (3.11.2-1+b1) ...
2026-09-07T23:47:44.9471034Z #33 56.58 Selecting previously unselected package python3-pkg-resources.
2026-09-07T23:47:44.9472143Z #33 56.59 Preparing to unpack .../213-python3-pkg-resources_66.1.1-1+deb12u2_all.deb ...
2026-09-07T23:47:44.9473117Z #33 56.59 Unpacking python3-pkg-resources (66.1.1-1+deb12u2) ...
2026-09-07T23:47:44.9474011Z #33 56.67 Selecting previously unselected package python3-setuptools.
2026-09-07T23:47:45.0682896Z #33 56.67 Preparing to unpack .../214-python3-setuptools_66.1.1-1+deb12u2_all.deb ...
2026-09-07T23:47:45.0684346Z #33 56.67 Unpacking python3-setuptools (66.1.1-1+deb12u2) ...
2026-09-07T23:47:45.0685245Z #33 56.76 Selecting previously unselected package python3-wheel.
2026-09-07T23:47:45.0686118Z #33 56.77 Preparing to unpack .../215-python3-wheel_0.38.4-2_all.deb ...
2026-09-07T23:47:45.0686886Z #33 56.77 Unpacking python3-wheel (0.38.4-2) ...
2026-09-07T23:47:45.0687768Z #33 56.80 Selecting previously unselected package python3-pip.
2026-09-07T23:47:45.1721938Z #33 56.80 Preparing to unpack .../216-python3-pip_23.0.1+dfsg-1_all.deb ...
2026-09-07T23:47:45.1723113Z #33 56.81 Unpacking python3-pip (23.0.1+dfsg-1) ...
2026-09-07T23:47:45.2730997Z #33 57.00 Selecting previously unselected package python3-pip-whl.
2026-09-07T23:47:45.2732375Z #33 57.01 Preparing to unpack .../217-python3-pip-whl_23.0.1+dfsg-1_all.deb ...
2026-09-07T23:47:45.2733205Z #33 57.01 Unpacking python3-pip-whl (23.0.1+dfsg-1) ...
2026-09-07T23:47:45.4152465Z #33 57.15 Selecting previously unselected package python3-setuptools-whl.
2026-09-07T23:47:45.5176110Z #33 57.15 Preparing to unpack .../218-python3-setuptools-whl_66.1.1-1+deb12u2_all.deb ...
2026-09-07T23:47:45.5178130Z #33 57.15 Unpacking python3-setuptools-whl (66.1.1-1+deb12u2) ...
2026-09-07T23:47:45.5179068Z #33 57.23 Selecting previously unselected package python3.11-venv.
2026-09-07T23:47:45.5179944Z #33 57.23 Preparing to unpack .../219-python3.11-venv_3.11.2-6+deb12u8_amd64.deb ...
2026-09-07T23:47:45.5180812Z #33 57.23 Unpacking python3.11-venv (3.11.2-6+deb12u8) ...
2026-09-07T23:47:45.5181630Z #33 57.25 Selecting previously unselected package python3-venv.
2026-09-07T23:47:45.5182411Z #33 57.25 Preparing to unpack .../220-python3-venv_3.11.2-1+b1_amd64.deb ...
2026-09-07T23:47:45.6657519Z #33 57.25 Unpacking python3-venv (3.11.2-1+b1) ...
2026-09-07T23:47:45.6658757Z #33 57.32 Selecting previously unselected package ruby-bundler.
2026-09-07T23:47:45.6659657Z #33 57.32 Preparing to unpack .../221-ruby-bundler_2.3.15-2+deb12u1_all.deb ...
2026-09-07T23:47:45.6660446Z #33 57.32 Unpacking ruby-bundler (2.3.15-2+deb12u1) ...
2026-09-07T23:47:45.6661191Z #33 57.40 Selecting previously unselected package ruby3.1-dev:amd64.
2026-09-07T23:47:45.7793204Z #33 57.40 Preparing to unpack .../222-ruby3.1-dev_3.1.2-7+deb12u1_amd64.deb ...
2026-09-07T23:47:45.7794603Z #33 57.41 Unpacking ruby3.1-dev:amd64 (3.1.2-7+deb12u1) ...
2026-09-07T23:47:45.7795584Z #33 57.48 Selecting previously unselected package ruby-dev:amd64.
2026-09-07T23:47:45.7796389Z #33 57.48 Preparing to unpack .../223-ruby-dev_1%3a3.1_amd64.deb ...
2026-09-07T23:47:45.7797317Z #33 57.48 Unpacking ruby-dev:amd64 (1:3.1) ...
2026-09-07T23:47:45.7798035Z #33 57.51 Selecting previously unselected package universal-ctags.
2026-09-07T23:47:45.9103159Z #33 57.51 Preparing to unpack .../224-universal-ctags_5.9.20210829.0-1_amd64.deb ...
2026-09-07T23:47:45.9104945Z #33 57.52 Unpacking universal-ctags (5.9.20210829.0-1) ...
2026-09-07T23:47:45.9105712Z #33 57.64 Setting up media-types (10.0.0) ...
2026-09-07T23:47:46.0200804Z #33 57.65 Setting up libgraphite2-3:amd64 (1.3.14-1+deb12u1) ...
2026-09-07T23:47:46.0202829Z #33 57.65 Setting up liblcms2-2:amd64 (2.14-2+deb12u1) ...
2026-09-07T23:47:46.0204245Z #33 57.65 Setting up libslf4j-java (1.7.32-1) ...
2026-09-07T23:47:46.0206572Z #33 57.65 Setting up python3-setuptools-whl (66.1.1-1+deb12u2) ...
2026-09-07T23:47:46.0230587Z #33 57.66 Setting up libplexus-utils2-java (3.4.2-1) ...
2026-09-07T23:47:46.0231383Z #33 57.66 Setting up libkeyutils1:amd64 (1.6.3-2) ...
2026-09-07T23:47:46.0231967Z #33 57.67 Setting up libpsl5:amd64 (0.21.2-1) ...
2026-09-07T23:47:46.0232530Z #33 57.67 Setting up libplexus-classworlds-java (2.7.0-1) ...
2026-09-07T23:47:46.0233085Z #33 57.67 Setting up libsodium23:amd64 (1.0.18-1+deb12u1) ...
2026-09-07T23:47:46.0233593Z #33 57.68 Setting up libicu72:amd64 (72.1-3+deb12u1) ...
2026-09-07T23:47:46.0234107Z #33 57.68 Setting up libjsr305-java (0.1~+svn49-11) ...
2026-09-07T23:47:46.0234597Z #33 57.68 Setting up java-common (0.74) ...
2026-09-07T23:47:46.0235072Z #33 57.69 Setting up libaopalliance-java (20070526-7) ...
2026-09-07T23:47:46.0235737Z #33 57.69 Setting up libcommons-cli-java (1.5.0-1) ...
2026-09-07T23:47:46.0236297Z #33 57.70 Setting up libmagic-mgc (1:5.44-3) ...
2026-09-07T23:47:46.0236900Z #33 57.70 Setting up psmisc (23.6-1) ...
2026-09-07T23:47:46.0237550Z #33 57.70 Setting up libyaml-0-2:amd64 (0.2.5-1) ...
2026-09-07T23:47:46.0238136Z #33 57.71 Setting up libglib2.0-0:amd64 (2.74.6-2+deb12u9) ...
2026-09-07T23:47:46.0238702Z #33 57.71 No schema files found: doing nothing.
2026-09-07T23:47:46.0239260Z #33 57.72 Setting up libtirpc-common (1.3.3+ds-1) ...
2026-09-07T23:47:46.0239899Z #33 57.72 Setting up libargon2-1:amd64 (0~20171227-0.3+deb12u1) ...
2026-09-07T23:47:46.0240479Z #33 57.72 Setting up libbrotli1:amd64 (1.0.9-2+b6) ...
2026-09-07T23:47:46.0241011Z #33 57.73 Setting up libsqlite3-0:amd64 (3.40.1-2+deb12u2) ...
2026-09-07T23:47:46.0241549Z #33 57.73 Setting up binutils-common:amd64 (2.40-2) ...
2026-09-07T23:47:46.0242104Z #33 57.73 Setting up libnghttp2-14:amd64 (1.52.0-1+deb12u3) ...
2026-09-07T23:47:46.0242795Z #33 57.74 Setting up libmagic1:amd64 (1:5.44-3) ...
2026-09-07T23:47:46.0243370Z #33 57.74 Setting up linux-libc-dev:amd64 (6.1.180-1) ...
2026-09-07T23:47:46.0244113Z #33 57.75 Setting up libctf-nobfd0:amd64 (2.40-2) ...
2026-09-07T23:47:46.1226118Z #33 57.75 Setting up libplexus-component-annotations-java (2.1.1-1) ...
2026-09-07T23:47:46.1227610Z #33 57.76 Setting up libgomp1:amd64 (12.2.0-14+deb12u1) ...
2026-09-07T23:47:46.1228447Z #33 57.76 Setting up bzip2 (1.0.8-5+b1) ...
2026-09-07T23:47:46.1229529Z #33 57.76 Setting up ninja-build (1.11.1-2~deb12u1) ...
2026-09-07T23:47:46.1230246Z #33 57.77 Setting up libjansson4:amd64 (2.14-2) ...
2026-09-07T23:47:46.1231226Z #33 57.77 Setting up libkrb5support0:amd64 (1.20.1-2+deb12u5) ...
2026-09-07T23:47:46.1232272Z #33 57.77 Setting up libsasl2-modules-db:amd64 (2.1.28+dfsg-10) ...
2026-09-07T23:47:46.1233495Z #33 57.77 Setting up libgeronimo-annotation-1.3-spec-java (1.3-1) ...
2026-09-07T23:47:46.1234500Z #33 57.77 Setting up libgeronimo-interceptor-3.0-spec-java (1.0.1-4) ...
2026-09-07T23:47:46.1235588Z #33 57.77 Setting up libasound2-data (1.2.8-1) ...
2026-09-07T23:47:46.1236293Z #33 57.78 Setting up perl-modules-5.36 (5.36.0-7+deb12u3) ...
2026-09-07T23:47:46.1237213Z #33 57.78 Setting up libz3-4:amd64 (4.8.12-3.1) ...
2026-09-07T23:47:46.1238300Z #33 57.78 Setting up libgmpxx4ldbl:amd64 (2:6.2.1+dfsg1-1.1) ...
2026-09-07T23:47:46.1239356Z #33 57.78 Setting up libuv1:amd64 (1.44.2-1+deb12u1) ...
2026-09-07T23:47:46.1240263Z #33 57.78 Setting up libpfm4:amd64 (4.13.0-1) ...
2026-09-07T23:47:46.1241286Z #33 57.79 Setting up rpcsvc-proto (1.4.3-1) ...
2026-09-07T23:47:46.1241974Z #33 57.79 Setting up libjpeg62-turbo:amd64 (1:2.1.5-2) ...
2026-09-07T23:47:46.1242592Z #33 57.79 Setting up make (4.3-4.1) ...
2026-09-07T23:47:46.1243140Z #33 57.79 Setting up libmpfr6:amd64 (4.2.0-1) ...
2026-09-07T23:47:46.1243780Z #33 57.79 Setting up libnspr4:amd64 (2:4.35-1) ...
2026-09-07T23:47:46.1244478Z #33 57.80 Setting up librtmp1:amd64 (2.4+20151223.gitfa8646d.1-2+b2) ...
2026-09-07T23:47:46.1245765Z #33 57.80 Setting up libjansi-java (2.4.0-2) ...
2026-09-07T23:47:46.1247108Z #33 57.80 Setting up libapache-pom-java (29-2) ...
2026-09-07T23:47:46.1248154Z #33 57.80 Setting up libavahi-common-data:amd64 (0.8-10+deb12u1) ...
2026-09-07T23:47:46.1249403Z #33 57.80 Setting up libncurses6:amd64 (6.4-4) ...
2026-09-07T23:47:46.1250097Z #33 57.81 Setting up libatinject-jsr330-api-java (1.0+ds1-5) ...
2026-09-07T23:47:46.1250877Z #33 57.81 Setting up libdbus-1-3:amd64 (1.14.10-1~deb12u1) ...
2026-09-07T23:47:46.1252046Z #33 57.81 Setting up ruby-net-telnet (0.2.0-1) ...
2026-09-07T23:47:46.1253086Z #33 57.81 Setting up xz-utils (5.4.1-1+deb12u1) ...
2026-09-07T23:47:46.1254280Z #33 57.82 update-alternatives: using /usr/bin/xz to provide /usr/bin/lzma (lzma) in auto mode
2026-09-07T23:47:46.1255948Z #33 57.82 update-alternatives: warning: skip creation of /usr/share/man/man1/lzma.1.gz because associated file /usr/share/man/man1/xz.1.gz (of link group lzma) doesn't exist
2026-09-07T23:47:46.1258837Z #33 57.82 update-alternatives: warning: skip creation of /usr/share/man/man1/unlzma.1.gz because associated file /usr/share/man/man1/unxz.1.gz (of link group lzma) doesn't exist
2026-09-07T23:47:46.1261479Z #33 57.82 update-alternatives: warning: skip creation of /usr/share/man/man1/lzcat.1.gz because associated file /usr/share/man/man1/xzcat.1.gz (of link group lzma) doesn't exist
2026-09-07T23:47:46.1263439Z #33 57.82 update-alternatives: warning: skip creation of /usr/share/man/man1/lzmore.1.gz because associated file /usr/share/man/man1/xzmore.1.gz (of link group lzma) doesn't exist
2026-09-07T23:47:46.1267162Z #33 57.82 update-alternatives: warning: skip creation of /usr/share/man/man1/lzless.1.gz because associated file /usr/share/man/man1/xzless.1.gz (of link group lzma) doesn't exist
2026-09-07T23:47:46.1269915Z #33 57.82 update-alternatives: warning: skip creation of /usr/share/man/man1/lzdiff.1.gz because associated file /usr/share/man/man1/xzdiff.1.gz (of link group lzma) doesn't exist
2026-09-07T23:47:46.1272501Z #33 57.82 update-alternatives: warning: skip creation of /usr/share/man/man1/lzcmp.1.gz because associated file /usr/share/man/man1/xzcmp.1.gz (of link group lzma) doesn't exist
2026-09-07T23:47:46.1274847Z #33 57.82 update-alternatives: warning: skip creation of /usr/share/man/man1/lzgrep.1.gz because associated file /usr/share/man/man1/xzgrep.1.gz (of link group lzma) doesn't exist
2026-09-07T23:47:46.1277533Z #33 57.82 update-alternatives: warning: skip creation of /usr/share/man/man1/lzegrep.1.gz because associated file /usr/share/man/man1/xzegrep.1.gz (of link group lzma) doesn't exist
2026-09-07T23:47:46.1280183Z #33 57.82 update-alternatives: warning: skip creation of /usr/share/man/man1/lzfgrep.1.gz because associated file /usr/share/man/man1/xzfgrep.1.gz (of link group lzma) doesn't exist
2026-09-07T23:47:46.1282181Z #33 57.83 Setting up libquadmath0:amd64 (12.2.0-14+deb12u1) ...
2026-09-07T23:47:46.1283060Z #33 57.83 Setting up libproc2-0:amd64 (2:4.0.2-3) ...
2026-09-07T23:47:46.1283769Z #33 57.83 Setting up libplexus-interpolation-java (1.26-1) ...
2026-09-07T23:47:46.1284729Z #33 57.83 Setting up libpng16-16:amd64 (1.6.39-2+deb12u5) ...
2026-09-07T23:47:46.1285855Z #33 57.84 Setting up libmpc3:amd64 (1.3.1-1) ...
2026-09-07T23:47:46.1286866Z #33 57.85 Setting up libatomic1:amd64 (12.2.0-14+deb12u1) ...
2026-09-07T23:47:46.1287880Z #33 57.86 Setting up patch (2.7.6-7) ...
2026-09-07T23:47:46.2231439Z #33 57.86 Setting up libjsoncpp25:amd64 (1.9.5-4) ...
2026-09-07T23:47:46.2233721Z #33 57.86 Setting up fonts-dejavu-core (2.37-6) ...
2026-09-07T23:47:46.2236922Z #33 57.87 Setting up libpcsclite1:amd64 (1.9.9-2) ...
2026-09-07T23:47:46.2238607Z #33 57.87 Setting up libncursesw6:amd64 (6.4-4) ...
2026-09-07T23:47:46.2242515Z #33 57.88 Setting up libk5crypto3:amd64 (1.20.1-2+deb12u5) ...
2026-09-07T23:47:46.2243869Z #33 57.88 Setting up libgc1:amd64 (1:8.2.2-3) ...
2026-09-07T23:47:46.2245663Z #33 57.88 Setting up libsasl2-2:amd64 (2.1.28+dfsg-10) ...
2026-09-07T23:47:46.2249937Z #33 57.88 Setting up ruby-webrick (1.8.1-1) ...
2026-09-07T23:47:46.2250820Z #33 57.89 Setting up libubsan1:amd64 (12.2.0-14+deb12u1) ...
2026-09-07T23:47:46.2251634Z #33 57.89 Setting up sensible-utils (0.0.17+nmu1) ...
2026-09-07T23:47:46.2252620Z #33 57.89 Setting up librhash0:amd64 (1.4.3-3) ...
2026-09-07T23:47:46.2253466Z #33 57.89 Setting up libcrypt-dev:amd64 (1:4.4.33-2) ...
2026-09-07T23:47:46.2254137Z #33 57.90 Setting up libasan8:amd64 (12.2.0-14+deb12u1) ...
2026-09-07T23:47:46.2254846Z #33 57.91 Setting up procps (2:4.0.2-3) ...
2026-09-07T23:47:46.2255475Z #33 57.95 Setting up libasound2:amd64 (1.2.8-1+b1) ...
2026-09-07T23:47:46.2256129Z #33 57.95 Setting up git-man (1:2.39.5-0+deb12u3) ...
2026-09-07T23:47:46.3315241Z #33 57.96 Setting up libssh2-1:amd64 (1.10.0-3+deb12u1) ...
2026-09-07T23:47:46.3316410Z #33 57.96 Setting up sgml-base (1.31) ...
2026-09-07T23:47:46.3317237Z #33 57.99 Setting up cmake-data (3.25.1-1) ...
2026-09-07T23:47:46.3317935Z #33 58.00 Setting up libkrb5-3:amd64 (1.20.1-2+deb12u5) ...
2026-09-07T23:47:46.3318845Z #33 58.01 Setting up libwagon-http-shaded-java (3.5.3-1) ...
2026-09-07T23:47:46.3319636Z #33 58.02 Setting up libtsan2:amd64 (12.2.0-14+deb12u1) ...
2026-09-07T23:47:46.3320327Z #33 58.02 Setting up libjs-jquery (3.6.1+dfsg+~3.5.14-1) ...
2026-09-07T23:47:46.3320981Z #33 58.04 Setting up libbinutils:amd64 (2.40-2) ...
2026-09-07T23:47:46.3321589Z #33 58.04 Setting up libisl23:amd64 (0.25-1.1) ...
2026-09-07T23:47:46.3322395Z #33 58.05 Setting up libc-dev-bin (2.36-9+deb12u14) ...
2026-09-07T23:47:46.3323588Z #33 58.05 Setting up openssl (3.0.20-1~deb12u2) ...
2026-09-07T23:47:46.3324635Z #33 58.05 Setting up libbsd0:amd64 (0.11.7-2) ...
2026-09-07T23:47:46.3325413Z #33 58.06 Setting up libcdi-api-java (1.2-3) ...
2026-09-07T23:47:46.5155725Z #33 58.06 Setting up readline-common (8.2-1.3) ...
2026-09-07T23:47:46.5156684Z #33 58.07 Setting up ruby-xmlrpc (0.3.2-2) ...
2026-09-07T23:47:46.5157565Z #33 58.08 Setting up libxml2:amd64 (2.9.14+dfsg-1.3~deb12u6) ...
2026-09-07T23:47:46.5158321Z #33 58.08 Setting up libcc1-0:amd64 (12.2.0-14+deb12u1) ...
2026-09-07T23:47:46.5159076Z #33 58.08 Setting up libonig5:amd64 (6.9.8-1) ...
2026-09-07T23:47:46.5159764Z #33 58.08 Setting up liblsan0:amd64 (12.2.0-14+deb12u1) ...
2026-09-07T23:47:46.5160486Z #33 58.09 Setting up libitm1:amd64 (12.2.0-14+deb12u1) ...
2026-09-07T23:47:46.5161158Z #33 58.09 Setting up libgdbm6:amd64 (1.23-3) ...
2026-09-07T23:47:46.5161844Z #33 58.09 Setting up libjs-underscore (1.13.4~dfsg+~1.11.4-3) ...
2026-09-07T23:47:46.5162636Z #33 58.09 Setting up libctf0:amd64 (2.40-2) ...
2026-09-07T23:47:46.5163346Z #33 58.10 Setting up libwagon-provider-api-java (3.5.3-1) ...
2026-09-07T23:47:46.5164039Z #33 58.10 Setting up php-common (2:93) ...
2026-09-07T23:47:46.5467878Z #33 58.28 Setting up cpp-12 (12.2.0-14+deb12u1) ...
2026-09-07T23:47:46.6662967Z #33 58.28 Setting up libgmp-dev:amd64 (2:6.2.1+dfsg1-1.1) ...
2026-09-07T23:47:46.6663882Z #33 58.28 Setting up libarchive13:amd64 (3.6.2-1+deb12u5) ...
2026-09-07T23:47:46.6664688Z #33 58.29 Setting up fontconfig-config (2.14.1-4) ...
2026-09-07T23:47:46.6665878Z #33 58.40 debconf: unable to initialize frontend: Dialog
2026-09-07T23:47:46.6666716Z #33 58.40 debconf: (TERM is not set, so the dialog frontend is not usable.)
2026-09-07T23:47:46.6668142Z #33 58.40 debconf: falling back to frontend: Readline
2026-09-07T23:47:46.8291398Z #33 58.41 debconf: unable to initialize frontend: Readline
2026-09-07T23:47:46.8292869Z #33 58.41 debconf: (This frontend requires a controlling tty.)
2026-09-07T23:47:46.8293777Z #33 58.41 debconf: falling back to frontend: Teletype
2026-09-07T23:47:47.7072376Z #33 59.34 Setting up libmaven-parent-java (35-1) ...
2026-09-07T23:47:47.7073788Z #33 59.34 Setting up libedit2:amd64 (3.1-20221030-2) ...
2026-09-07T23:47:47.7074647Z #33 59.35 Setting up libreadline8:amd64 (8.2-1.3) ...
2026-09-07T23:47:47.7075413Z #33 59.35 Setting up php-psr-container (1.1.2-1) ...
2026-09-07T23:47:47.7076187Z #33 59.36 Setting up libcommons-parent-java (56-1) ...
2026-09-07T23:47:47.7077210Z #33 59.44 Setting up php-composer-pcre (3.1.0-1+deb12u1) ...
2026-09-07T23:47:47.8968490Z #33 59.44 Setting up libavahi-common3:amd64 (0.8-10+deb12u1) ...
2026-09-07T23:47:47.8969274Z #33 59.45 Setting up libsisu-inject-java (0.3.4-2) ...
2026-09-07T23:47:47.8970365Z #33 59.47 Setting up libobjc4:amd64 (12.2.0-14+deb12u1) ...
2026-09-07T23:47:47.8971085Z #33 59.47 Setting up libnss3:amd64 (2:3.87.1-1+deb12u4) ...
2026-09-07T23:47:47.8971770Z #33 59.47 Setting up libldap-2.5-0:amd64 (2.5.13+dfsg-5) ...
2026-09-07T23:47:47.8972458Z #33 59.47 Setting up libplexus-cipher-java (2.0-1) ...
2026-09-07T23:47:47.8973146Z #33 59.47 Setting up php-seld-signal-handler (2.0.1-2) ...
2026-09-07T23:47:47.8973765Z #33 59.48 Setting up ca-certificates (20250419~deb12u1) ...
2026-09-07T23:47:48.0028974Z #33 59.73 debconf: unable to initialize frontend: Dialog
2026-09-07T23:47:48.1640309Z #33 59.74 debconf: (TERM is not set, so the dialog frontend is not usable.)
2026-09-07T23:47:48.1641431Z #33 59.74 debconf: falling back to frontend: Readline
2026-09-07T23:47:48.1642323Z #33 59.75 debconf: unable to initialize frontend: Readline
2026-09-07T23:47:48.1643169Z #33 59.75 debconf: (This frontend requires a controlling tty.)
2026-09-07T23:47:48.1643955Z #33 59.75 debconf: falling back to frontend: Teletype
2026-09-07T23:47:48.5840526Z #33 60.32 Updating certificates in /etc/ssl/certs...
2026-09-07T23:47:49.3708725Z #33 61.10 150 added, 0 removed; done.
2026-09-07T23:47:49.5888138Z #33 61.17 Setting up php-composer-ca-bundle (1.3.5-1) ...
2026-09-07T23:47:49.5889468Z #33 61.17 Setting up libsisu-plexus-java (0.3.4-3) ...
2026-09-07T23:47:49.5890259Z #33 61.17 Setting up libgprofng0:amd64 (2.40-2) ...
2026-09-07T23:47:49.5890952Z #33 61.17 Setting up libfreetype6:amd64 (2.12.1+dfsg-5+deb12u4) ...
2026-09-07T23:47:49.5891721Z #33 61.17 Setting up php-symfony-process (5.4.53+dfsg-0+deb12u1) ...
2026-09-07T23:47:49.5892495Z #33 61.17 Setting up libgcc-12-dev:amd64 (12.2.0-14+deb12u1) ...
2026-09-07T23:47:49.5893234Z #33 61.17 Setting up libgssapi-krb5-2:amd64 (1.20.1-2+deb12u5) ...
2026-09-07T23:47:49.5894044Z #33 61.17 Setting up libgdbm-compat4:amd64 (1.23-3) ...
2026-09-07T23:47:49.5894717Z #33 61.17 Setting up ucf (3.0043+nmu1+deb12u1) ...
2026-09-07T23:47:49.5982006Z #33 61.33 debconf: unable to initialize frontend: Dialog
2026-09-07T23:47:49.5983285Z #33 61.33 debconf: (TERM is not set, so the dialog frontend is not usable.)
2026-09-07T23:47:49.5984170Z #33 61.33 debconf: falling back to frontend: Readline
2026-09-07T23:47:49.7205179Z #33 61.45 debconf: unable to initialize frontend: Readline
2026-09-07T23:47:49.7206321Z #33 61.45 debconf: (This frontend requires a controlling tty.)
2026-09-07T23:47:49.7207251Z #33 61.45 debconf: falling back to frontend: Teletype
2026-09-07T23:47:49.8448327Z #33 61.57 Setting up libjs-sphinxdoc (5.3.0-4) ...
2026-09-07T23:47:49.9483261Z #33 61.59 Setting up libcommons-lang3-java (3.12.0-2+deb12u1) ...
2026-09-07T23:47:49.9484963Z #33 61.59 Setting up php-react-promise (2.9.0-3) ...
2026-09-07T23:47:49.9486071Z #33 61.59 Setting up php-psr-log (1.1.4-2) ...
2026-09-07T23:47:49.9486778Z #33 61.59 Setting up libllvm14:amd64 (1:14.0.6-12) ...
2026-09-07T23:47:49.9487702Z #33 61.59 Setting up libobjc-12-dev:amd64 (12.2.0-14+deb12u1) ...
2026-09-07T23:47:49.9488419Z #33 61.59 Setting up cpp (4:12.2.0-3) ...
2026-09-07T23:47:49.9489149Z #33 61.59 Setting up php-composer-metadata-minifier (1.0.0-2) ...
2026-09-07T23:47:49.9489982Z #33 61.59 Setting up libcurl4:amd64 (7.88.1-10+deb12u15) ...
2026-09-07T23:47:49.9490727Z #33 61.60 Setting up php-composer-semver (3.3.2-1) ...
2026-09-07T23:47:49.9491505Z #33 61.60 Setting up libplexus-sec-dispatcher-java (2.0-3) ...
2026-09-07T23:47:49.9492299Z #33 61.60 Setting up libharfbuzz0b:amd64 (6.0.0+dfsg-3) ...
2026-09-07T23:47:49.9493057Z #33 61.60 Setting up libfontconfig1:amd64 (2.14.1-4) ...
2026-09-07T23:47:49.9493774Z #33 61.60 Setting up universal-ctags (5.9.20210829.0-1) ...
2026-09-07T23:47:49.9494823Z #33 61.62 update-alternatives: using /usr/bin/ctags-universal to provide /usr/bin/ctags (ctags) in auto mode
2026-09-07T23:47:49.9497101Z #33 61.62 update-alternatives: warning: skip creation of /usr/share/man/man1/ctags.1.gz because associated file /usr/share/man/man1/ctags-universal.1.gz (of link group ctags) doesn't exist
2026-09-07T23:47:49.9499077Z #33 61.63 update-alternatives: using /usr/bin/ctags-universal to provide /usr/bin/etags (etags) in auto mode
2026-09-07T23:47:49.9500791Z #33 61.63 update-alternatives: warning: skip creation of /usr/share/man/man1/etags.1.gz because associated file /usr/share/man/man1/ctags-universal.1.gz (of link group etags) doesn't exist
2026-09-07T23:47:49.9502352Z #33 61.63 Setting up ca-certificates-java (20230710~deb12u1) ...
2026-09-07T23:47:49.9503166Z #33 61.64 No JRE found. Skipping Java certificates setup.
2026-09-07T23:47:49.9503939Z #33 61.64 Setting up libwagon-file-java (3.5.3-1) ...
2026-09-07T23:47:49.9504712Z #33 61.64 Setting up php-composer-spdx-licenses (1.5.7-1) ...
2026-09-07T23:47:49.9505453Z #33 61.64 Setting up llvm-14-linker-tools (1:14.0.6-12) ...
2026-09-07T23:47:49.9506222Z #33 61.65 Setting up libavahi-client3:amd64 (0.8-10+deb12u1) ...
2026-09-07T23:47:49.9507099Z #33 61.65 Setting up libperl5.36:amd64 (5.36.0-7+deb12u3) ...
2026-09-07T23:47:49.9507862Z #33 61.66 Setting up binutils-x86-64-linux-gnu (2.40-2) ...
2026-09-07T23:47:49.9508750Z #33 61.67 Setting up php-symfony-deprecation-contracts (2.5.5-0+deb12u1) ...
2026-09-07T23:47:49.9509678Z #33 61.68 Setting up php-symfony-finder (5.4.53+dfsg-0+deb12u1) ...
2026-09-07T23:47:50.0952302Z #33 61.69 Setting up libtirpc3:amd64 (1.3.3+ds-1) ...
2026-09-07T23:47:50.0953555Z #33 61.70 Setting up php8.2-common (8.2.33-1~deb12u1) ...
2026-09-07T23:47:50.0954348Z #33 61.83 debconf: unable to initialize frontend: Dialog
2026-09-07T23:47:50.0955154Z #33 61.83 debconf: (TERM is not set, so the dialog frontend is not usable.)
2026-09-07T23:47:50.0955958Z #33 61.83 debconf: falling back to frontend: Readline
2026-09-07T23:47:50.2522660Z #33 61.84 debconf: unable to initialize frontend: Readline
2026-09-07T23:47:50.2523457Z #33 61.84 debconf: (This frontend requires a controlling tty.)
2026-09-07T23:47:50.2524090Z #33 61.84 debconf: falling back to frontend: Teletype
2026-09-07T23:47:50.4657462Z #33 62.20 
2026-09-07T23:47:50.4658373Z #33 62.20 Creating config file /etc/php/8.2/mods-available/calendar.ini with new version
2026-09-07T23:47:50.9103890Z #33 62.64 debconf: unable to initialize frontend: Dialog
2026-09-07T23:47:50.9104988Z #33 62.64 debconf: (TERM is not set, so the dialog frontend is not usable.)
2026-09-07T23:47:50.9105862Z #33 62.64 debconf: falling back to frontend: Readline
2026-09-07T23:47:51.0688970Z #33 62.65 debconf: unable to initialize frontend: Readline
2026-09-07T23:47:51.0689984Z #33 62.65 debconf: (This frontend requires a controlling tty.)
2026-09-07T23:47:51.0690768Z #33 62.65 debconf: falling back to frontend: Teletype
2026-09-07T23:47:51.1593530Z #33 62.89 
2026-09-07T23:47:51.1594397Z #33 62.89 Creating config file /etc/php/8.2/mods-available/ctype.ini with new version
2026-09-07T23:47:51.4768630Z #33 63.21 debconf: unable to initialize frontend: Dialog
2026-09-07T23:47:51.4769590Z #33 63.21 debconf: (TERM is not set, so the dialog frontend is not usable.)
2026-09-07T23:47:51.4770548Z #33 63.21 debconf: falling back to frontend: Readline
2026-09-07T23:47:51.6320817Z #33 63.21 debconf: unable to initialize frontend: Readline
2026-09-07T23:47:51.6321607Z #33 63.21 debconf: (This frontend requires a controlling tty.)
2026-09-07T23:47:51.6322323Z #33 63.21 debconf: falling back to frontend: Teletype
2026-09-07T23:47:51.6784687Z #33 63.41 
2026-09-07T23:47:51.6785703Z #33 63.41 Creating config file /etc/php/8.2/mods-available/exif.ini with new version
2026-09-07T23:47:52.2328636Z #33 63.88 debconf: unable to initialize frontend: Dialog
2026-09-07T23:47:52.2330080Z #33 63.88 debconf: (TERM is not set, so the dialog frontend is not usable.)
2026-09-07T23:47:52.2330958Z #33 63.88 debconf: falling back to frontend: Readline
2026-09-07T23:47:52.3841528Z #33 63.90 debconf: unable to initialize frontend: Readline
2026-09-07T23:47:52.3842581Z #33 63.90 debconf: (This frontend requires a controlling tty.)
2026-09-07T23:47:52.3843426Z #33 63.90 debconf: falling back to frontend: Teletype
2026-09-07T23:47:52.3844395Z #33 63.96 
2026-09-07T23:47:52.3845165Z #33 63.96 Creating config file /etc/php/8.2/mods-available/fileinfo.ini with new version
2026-09-07T23:47:52.6221076Z #33 64.35 debconf: unable to initialize frontend: Dialog
2026-09-07T23:47:52.6222381Z #33 64.35 debconf: (TERM is not set, so the dialog frontend is not usable.)
2026-09-07T23:47:52.6223389Z #33 64.35 debconf: falling back to frontend: Readline
2026-09-07T23:47:52.7751952Z #33 64.36 debconf: unable to initialize frontend: Readline
2026-09-07T23:47:52.7753528Z #33 64.36 debconf: (This frontend requires a controlling tty.)
2026-09-07T23:47:52.7754500Z #33 64.36 debconf: falling back to frontend: Teletype
2026-09-07T23:47:52.7755027Z #33 64.42 
2026-09-07T23:47:52.7755643Z #33 64.42 Creating config file /etc/php/8.2/mods-available/ffi.ini with new version
2026-09-07T23:47:52.9473054Z #33 64.67 debconf: unable to initialize frontend: Dialog
2026-09-07T23:47:53.0872884Z #33 64.67 debconf: (TERM is not set, so the dialog frontend is not usable.)
2026-09-07T23:47:53.0874004Z #33 64.67 debconf: falling back to frontend: Readline
2026-09-07T23:47:53.1323054Z #33 64.87 debconf: unable to initialize frontend: Readline
2026-09-07T23:47:53.1324020Z #33 64.87 debconf: (This frontend requires a controlling tty.)
2026-09-07T23:47:53.1324859Z #33 64.87 debconf: falling back to frontend: Teletype
2026-09-07T23:47:53.2723946Z #33 65.01 
2026-09-07T23:47:53.2725252Z #33 65.01 Creating config file /etc/php/8.2/mods-available/ftp.ini with new version
2026-09-07T23:47:53.7478549Z #33 65.32 debconf: unable to initialize frontend: Dialog
2026-09-07T23:47:53.7508484Z #33 65.32 debconf: (TERM is not set, so the dialog frontend is not usable.)
2026-09-07T23:47:53.7509301Z #33 65.32 debconf: falling back to frontend: Readline
2026-09-07T23:47:53.7538277Z #33 65.33 debconf: unable to initialize frontend: Readline
2026-09-07T23:47:53.7539101Z #33 65.33 debconf: (This frontend requires a controlling tty.)
2026-09-07T23:47:53.7539860Z #33 65.33 debconf: falling back to frontend: Teletype
2026-09-07T23:47:54.0318350Z #33 65.76 
2026-09-07T23:47:54.0319210Z #33 65.76 Creating config file /etc/php/8.2/mods-available/gettext.ini with new version
2026-09-07T23:47:54.7989561Z #33 66.32 debconf: unable to initialize frontend: Dialog
2026-09-07T23:47:54.7990603Z #33 66.32 debconf: (TERM is not set, so the dialog frontend is not usable.)
2026-09-07T23:47:54.7991489Z #33 66.32 debconf: falling back to frontend: Readline
2026-09-07T23:47:54.7992299Z #33 66.33 debconf: unable to initialize frontend: Readline
2026-09-07T23:47:54.7993122Z #33 66.33 debconf: (This frontend requires a controlling tty.)
2026-09-07T23:47:54.7993901Z #33 66.33 debconf: falling back to frontend: Teletype
2026-09-07T23:47:54.7994584Z #33 66.38 
2026-09-07T23:47:54.7995790Z #33 66.38 Creating config file /etc/php/8.2/mods-available/iconv.ini with new version
2026-09-07T23:47:55.1668349Z #33 66.90 debconf: unable to initialize frontend: Dialog
2026-09-07T23:47:55.1669320Z #33 66.90 debconf: (TERM is not set, so the dialog frontend is not usable.)
2026-09-07T23:47:55.1688248Z #33 66.90 debconf: falling back to frontend: Readline
2026-09-07T23:47:55.1689137Z #33 66.90 debconf: unable to initialize frontend: Readline
2026-09-07T23:47:55.1690008Z #33 66.90 debconf: (This frontend requires a controlling tty.)
2026-09-07T23:47:55.1690789Z #33 66.90 debconf: falling back to frontend: Teletype
2026-09-07T23:47:55.1691448Z #33 ...
2026-09-07T23:47:55.1691758Z 
2026-09-07T23:47:55.1693564Z #38 [rust-tools 2/2] RUN cargo install     --git https://github.com/jelmer/debian-lsp     --rev "daee711aba7282a6e79344c71dcaf85593c54040"     --locked     --no-default-features     --features scip     --root /opt/debian-lsp     debian-lsp   && rm -rf /usr/local/cargo/git /usr/local/cargo/registry
2026-09-07T23:47:55.1695725Z #38 19.34    Compiling serde_derive v1.0.228
2026-09-07T23:47:55.1696333Z #38 19.36    Compiling zerofrom-derive v0.1.7
2026-09-07T23:47:55.1697122Z #38 21.75    Compiling yoke-derive v0.8.2
2026-09-07T23:47:55.1698084Z #38 24.54    Compiling zerovec-derive v0.11.3
2026-09-07T23:47:55.1698773Z #38 26.96    Compiling displaydoc v0.2.6
2026-09-07T23:47:55.1699387Z #38 29.13    Compiling smallvec v1.15.2
2026-09-07T23:47:55.3798403Z #38 ...
2026-09-07T23:47:55.3798827Z 
2026-09-07T23:47:55.3829574Z #33 [runtime  3/27] RUN apt-get update && apt-get install -y --no-install-recommends     build-essential     ca-certificates     clang     cmake     composer     git     llvm     maven     ninja-build     openjdk-17-jdk-headless     php-cli     python3     python3-dev     python3-pip     python3-venv     ruby     ruby-dev     ruby-bundler     universal-ctags   && rm -rf /var/lib/apt/lists/*
2026-09-07T23:47:55.3831905Z #33 67.11 
2026-09-07T23:47:55.3832480Z #33 67.11 Creating config file /etc/php/8.2/mods-available/pdo.ini with new version
2026-09-07T23:47:55.9648342Z #33 67.54 debconf: unable to initialize frontend: Dialog
2026-09-07T23:47:55.9708380Z #33 67.54 debconf: (TERM is not set, so the dialog frontend is not usable.)
2026-09-07T23:47:55.9848450Z #33 67.54 debconf: falling back to frontend: Readline
2026-09-07T23:47:56.0655906Z #33 67.80 debconf: unable to initialize frontend: Readline
2026-09-07T23:47:56.3150939Z #33 67.80 debconf: (This frontend requires a controlling tty.)
2026-09-07T23:47:56.3151908Z #33 67.80 debconf: falling back to frontend: Teletype
2026-09-07T23:47:56.5268612Z #33 68.25 
2026-09-07T23:47:56.6711231Z #33 68.25 Creating config file /etc/php/8.2/mods-available/phar.ini with new version
2026-09-07T23:47:56.8526873Z #33 68.59 debconf: unable to initialize frontend: Dialog
2026-09-07T23:47:57.0126290Z #33 68.59 debconf: (TERM is not set, so the dialog frontend is not usable.)
2026-09-07T23:47:57.0127418Z #33 68.59 debconf: falling back to frontend: Readline
2026-09-07T23:47:57.0128161Z #33 68.59 debconf: unable to initialize frontend: Readline
2026-09-07T23:47:57.0128876Z #33 68.59 debconf: (This frontend requires a controlling tty.)
2026-09-07T23:47:57.0129583Z #33 68.59 debconf: falling back to frontend: Teletype
2026-09-07T23:47:57.1403131Z #33 68.87 
2026-09-07T23:47:57.3574731Z #33 68.87 Creating config file /etc/php/8.2/mods-available/posix.ini with new version
2026-09-07T23:47:57.5436064Z #33 69.28 debconf: unable to initialize frontend: Dialog
2026-09-07T23:47:57.7601780Z #33 69.28 debconf: (TERM is not set, so the dialog frontend is not usable.)
2026-09-07T23:47:57.7602880Z #33 69.28 debconf: falling back to frontend: Readline
2026-09-07T23:47:57.7603955Z #33 69.29 debconf: unable to initialize frontend: Readline
2026-09-07T23:47:57.7604790Z #33 69.29 debconf: (This frontend requires a controlling tty.)
2026-09-07T23:47:57.7605589Z #33 69.29 debconf: falling back to frontend: Teletype
2026-09-07T23:47:57.7606204Z #33 69.34 
2026-09-07T23:47:57.7606923Z #33 69.34 Creating config file /etc/php/8.2/mods-available/shmop.ini with new version
2026-09-07T23:47:58.1496288Z #33 69.88 debconf: unable to initialize frontend: Dialog
2026-09-07T23:47:58.1497918Z #33 69.88 debconf: (TERM is not set, so the dialog frontend is not usable.)
2026-09-07T23:47:58.1499006Z #33 69.88 debconf: falling back to frontend: Readline
2026-09-07T23:47:58.3138051Z #33 69.90 debconf: unable to initialize frontend: Readline
2026-09-07T23:47:58.3139111Z #33 69.90 debconf: (This frontend requires a controlling tty.)
2026-09-07T23:47:58.3139735Z #33 69.90 debconf: falling back to frontend: Teletype
2026-09-07T23:47:58.4511988Z #33 70.18 
2026-09-07T23:47:58.4513148Z #33 70.18 Creating config file /etc/php/8.2/mods-available/sockets.ini with new version
2026-09-07T23:47:58.9085520Z #33 70.64 debconf: unable to initialize frontend: Dialog
2026-09-07T23:47:58.9087197Z #33 70.64 debconf: (TERM is not set, so the dialog frontend is not usable.)
2026-09-07T23:47:58.9088366Z #33 70.64 debconf: falling back to frontend: Readline
2026-09-07T23:47:59.0680656Z #33 70.65 debconf: unable to initialize frontend: Readline
2026-09-07T23:47:59.0682118Z #33 70.65 debconf: (This frontend requires a controlling tty.)
2026-09-07T23:47:59.0683332Z #33 70.65 debconf: falling back to frontend: Teletype
2026-09-07T23:47:59.2668932Z #33 70.84 
2026-09-07T23:47:59.2670403Z #33 70.84 Creating config file /etc/php/8.2/mods-available/sysvmsg.ini with new version
2026-09-07T23:47:59.6118317Z #33 71.34 debconf: unable to initialize frontend: Dialog
2026-09-07T23:47:59.6119856Z #33 71.34 debconf: (TERM is not set, so the dialog frontend is not usable.)
2026-09-07T23:47:59.6120897Z #33 71.34 debconf: falling back to frontend: Readline
2026-09-07T23:47:59.7710986Z #33 71.35 debconf: unable to initialize frontend: Readline
2026-09-07T23:47:59.7712061Z #33 71.35 debconf: (This frontend requires a controlling tty.)
2026-09-07T23:47:59.7712965Z #33 71.35 debconf: falling back to frontend: Teletype
2026-09-07T23:47:59.9264024Z #33 71.66 
2026-09-07T23:47:59.9265114Z #33 71.66 Creating config file /etc/php/8.2/mods-available/sysvsem.ini with new version
2026-09-07T23:48:00.4868568Z #33 72.22 debconf: unable to initialize frontend: Dialog
2026-09-07T23:48:00.4869909Z #33 72.22 debconf: (TERM is not set, so the dialog frontend is not usable.)
2026-09-07T23:48:00.4871012Z #33 72.22 debconf: falling back to frontend: Readline
2026-09-07T23:48:00.4871754Z #33 72.22 debconf: unable to initialize frontend: Readline
2026-09-07T23:48:00.4872588Z #33 72.22 debconf: (This frontend requires a controlling tty.)
2026-09-07T23:48:00.4873390Z #33 72.22 debconf: falling back to frontend: Teletype
2026-09-07T23:48:00.4874008Z #33 72.22 
2026-09-07T23:48:00.4874700Z #33 72.22 Creating config file /etc/php/8.2/mods-available/sysvshm.ini with new version
2026-09-07T23:48:01.2972456Z #33 73.03 debconf: unable to initialize frontend: Dialog
2026-09-07T23:48:01.5307539Z #33 73.03 debconf: (TERM is not set, so the dialog frontend is not usable.)
2026-09-07T23:48:01.5308741Z #33 73.03 debconf: falling back to frontend: Readline
2026-09-07T23:48:01.5309579Z #33 73.04 debconf: unable to initialize frontend: Readline
2026-09-07T23:48:01.5319453Z #33 73.04 debconf: (This frontend requires a controlling tty.)
2026-09-07T23:48:01.5320697Z #33 73.04 debconf: falling back to frontend: Teletype
2026-09-07T23:48:01.5321402Z #33 73.11 
2026-09-07T23:48:01.5322214Z #33 73.11 Creating config file /etc/php/8.2/mods-available/tokenizer.ini with new version
2026-09-07T23:48:01.8285793Z #33 73.56 Setting up php-composer-xdebug-handler (3.0.3-2+deb12u1) ...
2026-09-07T23:48:02.0580895Z #33 73.63 Setting up python3-pip-whl (23.0.1+dfsg-1) ...
2026-09-07T23:48:02.0582150Z #33 73.63 Setting up libcommons-io-java (2.11.0-2) ...
2026-09-07T23:48:02.0583036Z #33 73.64 Setting up php8.2-opcache (8.2.33-1~deb12u1) ...
2026-09-07T23:48:02.4878522Z #33 74.22 debconf: unable to initialize frontend: Dialog
2026-09-07T23:48:02.4879732Z #33 74.22 debconf: (TERM is not set, so the dialog frontend is not usable.)
2026-09-07T23:48:02.4881041Z #33 74.22 debconf: falling back to frontend: Readline
2026-09-07T23:48:02.6332457Z #33 74.24 debconf: unable to initialize frontend: Readline
2026-09-07T23:48:02.6333555Z #33 74.24 debconf: (This frontend requires a controlling tty.)
2026-09-07T23:48:02.6334612Z #33 74.24 debconf: falling back to frontend: Teletype
2026-09-07T23:48:02.6335415Z #33 74.37 
2026-09-07T23:48:02.6336218Z #33 74.37 Creating config file /etc/php/8.2/mods-available/opcache.ini with new version
2026-09-07T23:48:02.7655936Z #33 74.49 Setting up php8.2-readline (8.2.33-1~deb12u1) ...
2026-09-07T23:48:03.0350940Z #33 74.77 debconf: unable to initialize frontend: Dialog
2026-09-07T23:48:03.0351962Z #33 74.77 debconf: (TERM is not set, so the dialog frontend is not usable.)
2026-09-07T23:48:03.0352918Z #33 74.77 debconf: falling back to frontend: Readline
2026-09-07T23:48:03.2459887Z #33 74.78 debconf: unable to initialize frontend: Readline
2026-09-07T23:48:03.2460833Z #33 74.78 debconf: (This frontend requires a controlling tty.)
2026-09-07T23:48:03.2461718Z #33 74.78 debconf: falling back to frontend: Teletype
2026-09-07T23:48:03.2462385Z #33 74.83 
2026-09-07T23:48:03.2463087Z #33 74.83 Creating config file /etc/php/8.2/mods-available/readline.ini with new version
2026-09-07T23:48:03.3072668Z #33 75.04 Setting up php8.2-mbstring (8.2.33-1~deb12u1) ...
2026-09-07T23:48:03.4952524Z #33 75.23 debconf: unable to initialize frontend: Dialog
2026-09-07T23:48:03.4953538Z #33 75.23 debconf: (TERM is not set, so the dialog frontend is not usable.)
2026-09-07T23:48:03.4954422Z #33 75.23 debconf: falling back to frontend: Readline
2026-09-07T23:48:03.6428543Z #33 75.27 debconf: unable to initialize frontend: Readline
2026-09-07T23:48:03.6429566Z #33 75.27 debconf: (This frontend requires a controlling tty.)
2026-09-07T23:48:03.6430398Z #33 75.27 debconf: falling back to frontend: Teletype
2026-09-07T23:48:03.6431020Z #33 75.38 
2026-09-07T23:48:03.6431780Z #33 75.38 Creating config file /etc/php/8.2/mods-available/mbstring.ini with new version
2026-09-07T23:48:03.9268736Z #33 75.48 Setting up nss-plugin-pem:amd64 (1.0.8+1-1) ...
2026-09-07T23:48:03.9269811Z #33 75.48 Setting up php-symfony-service-contracts (2.5.5-0+deb12u1) ...
2026-09-07T23:48:03.9270773Z #33 75.49 Setting up libclang1-14 (1:14.0.6-12) ...
2026-09-07T23:48:03.9271582Z #33 75.49 Setting up libcurl3-gnutls:amd64 (7.88.1-10+deb12u15) ...
2026-09-07T23:48:03.9272349Z #33 75.49 Setting up rubygems-integration (1.18) ...
2026-09-07T23:48:03.9273018Z #33 75.50 Setting up binutils (2.40-2) ...
2026-09-07T23:48:03.9273650Z #33 75.50 Setting up php-mbstring (2:8.2+93) ...
2026-09-07T23:48:03.9274335Z #33 75.50 Setting up php8.2-intl (8.2.33-1~deb12u1) ...
2026-09-07T23:48:04.1826539Z #33 75.92 debconf: unable to initialize frontend: Dialog
2026-09-07T23:48:04.1828143Z #33 75.92 debconf: (TERM is not set, so the dialog frontend is not usable.)
2026-09-07T23:48:04.1829036Z #33 75.92 debconf: falling back to frontend: Readline
2026-09-07T23:48:04.3998533Z #33 75.93 debconf: unable to initialize frontend: Readline
2026-09-07T23:48:04.3999527Z #33 75.93 debconf: (This frontend requires a controlling tty.)
2026-09-07T23:48:04.4000371Z #33 75.93 debconf: falling back to frontend: Teletype
2026-09-07T23:48:04.4000999Z #33 75.98 
2026-09-07T23:48:04.4001719Z #33 75.98 Creating config file /etc/php/8.2/mods-available/intl.ini with new version
2026-09-07T23:48:04.7719117Z #33 76.49 Setting up php-composer-class-map-generator (1.0.0-2+deb12u1) ...
2026-09-07T23:48:04.8825642Z #33 76.50 Setting up php-intl (2:8.2+93) ...
2026-09-07T23:48:04.8826358Z #33 76.55 Setting up libmaven-resolver-java (1.6.3-1) ...
2026-09-07T23:48:04.8827233Z #33 76.55 Setting up perl (5.36.0-7+deb12u3) ...
2026-09-07T23:48:05.0848599Z #33 76.62 Setting up libtirpc-dev:amd64 (1.3.3+ds-1) ...
2026-09-07T23:48:05.0849242Z #33 76.62 Setting up llvm-14-runtime (1:14.0.6-12) ...
2026-09-07T23:48:05.0849788Z #33 76.62 Setting up gcc-12 (12.2.0-14+deb12u1) ...
2026-09-07T23:48:05.0850392Z #33 76.62 Setting up llvm-runtime:amd64 (1:14.0-55.7~deb12u1) ...
2026-09-07T23:48:05.0851444Z #33 76.63 Setting up php-symfony-filesystem (5.4.53+dfsg-0+deb12u1) ...
2026-09-07T23:48:05.0852125Z #33 76.63 Setting up libclang-common-14-dev (1:14.0.6-12) ...
2026-09-07T23:48:05.0852742Z #33 76.63 Setting up libclang-cpp14 (1:14.0.6-12) ...
2026-09-07T23:48:05.0853272Z #33 76.64 Setting up libdpkg-perl (1.21.23) ...
2026-09-07T23:48:05.0853832Z #33 76.64 Setting up libcups2:amd64 (2.4.2-3+deb12u9) ...
2026-09-07T23:48:05.0854471Z #33 76.64 Setting up php-symfony-string (5.4.53+dfsg-0+deb12u1) ...
2026-09-07T23:48:05.0855108Z #33 76.64 Setting up libcurl3-nss:amd64 (7.88.1-10+deb12u15) ...
2026-09-07T23:48:05.0855961Z #33 76.64 Setting up libnsl2:amd64 (1.3.0-2) ...
2026-09-07T23:48:05.0856455Z #33 76.65 Setting up cmake (3.25.1-1) ...
2026-09-07T23:48:05.0857157Z #33 76.65 Setting up libmaven-shared-utils-java (3.3.4-1) ...
2026-09-07T23:48:05.0857740Z #33 76.65 Setting up php8.2-cli (8.2.33-1~deb12u1) ...
2026-09-07T23:48:05.0878402Z #33 76.66 update-alternatives: using /usr/bin/php8.2 to provide /usr/bin/php (php) in auto mode
2026-09-07T23:48:05.0899161Z #33 76.66 update-alternatives: warning: skip creation of /usr/share/man/man1/php.1.gz because associated file /usr/share/man/man1/php8.2.1.gz (of link group php) doesn't exist
2026-09-07T23:48:05.0900896Z #33 76.66 update-alternatives: using /usr/bin/phar8.2 to provide /usr/bin/phar (phar) in auto mode
2026-09-07T23:48:05.0902350Z #33 76.66 update-alternatives: warning: skip creation of /usr/share/man/man1/phar.1.gz because associated file /usr/share/man/man1/phar8.2.1.gz (of link group phar) doesn't exist
2026-09-07T23:48:05.0904081Z #33 76.66 update-alternatives: using /usr/bin/phar.phar8.2 to provide /usr/bin/phar.phar (phar.phar) in auto mode
2026-09-07T23:48:05.0905858Z #33 76.67 update-alternatives: warning: skip creation of /usr/share/man/man1/phar.phar.1.gz because associated file /usr/share/man/man1/phar.phar8.2.1.gz (of link group phar.phar) doesn't exist
2026-09-07T23:48:05.1004767Z #33 76.83 debconf: unable to initialize frontend: Dialog
2026-09-07T23:48:05.3088742Z #33 76.83 debconf: (TERM is not set, so the dialog frontend is not usable.)
2026-09-07T23:48:05.3118265Z #33 76.83 debconf: falling back to frontend: Readline
2026-09-07T23:48:05.3119856Z #33 76.84 debconf: unable to initialize frontend: Readline
2026-09-07T23:48:05.3120483Z #33 76.84 debconf: (This frontend requires a controlling tty.)
2026-09-07T23:48:05.3121100Z #33 76.84 debconf: falling back to frontend: Teletype
2026-09-07T23:48:05.3121537Z #33 76.89 
2026-09-07T23:48:05.3122008Z #33 76.89 Creating config file /etc/php/8.2/cli/php.ini with new version
2026-09-07T23:48:05.6048243Z #33 ...
2026-09-07T23:48:05.6048597Z 
2026-09-07T23:48:05.6050264Z #38 [rust-tools 2/2] RUN cargo install     --git https://github.com/jelmer/debian-lsp     --rev "daee711aba7282a6e79344c71dcaf85593c54040"     --locked     --no-default-features     --features scip     --root /opt/debian-lsp     debian-lsp   && rm -rf /usr/local/cargo/git /usr/local/cargo/registry
2026-09-07T23:48:05.6052183Z #38 29.69    Compiling zerofrom v0.1.8
2026-09-07T23:48:05.6052626Z #38 29.92    Compiling yoke v0.8.3
2026-09-07T23:48:05.6053077Z #38 30.35    Compiling zerovec v0.11.6
2026-09-07T23:48:05.6053577Z #38 31.39    Compiling parking_lot v0.12.5
2026-09-07T23:48:05.6054088Z #38 32.16    Compiling zerotrie v0.2.4
2026-09-07T23:48:05.6054546Z #38 32.50    Compiling tinystr v0.8.3
2026-09-07T23:48:05.6054932Z #38 33.28    Compiling icu_locale_core v2.2.0
2026-09-07T23:48:05.6055373Z #38 33.30    Compiling potential_utf v0.1.5
2026-09-07T23:48:05.6055819Z #38 33.69    Compiling icu_collections v2.2.0
2026-09-07T23:48:05.6056327Z #38 34.17    Compiling tracing-attributes v0.1.31
2026-09-07T23:48:05.6056845Z #38 36.34    Compiling icu_provider v2.2.0
2026-09-07T23:48:05.6057510Z #38 37.95    Compiling regex-automata v0.4.14
2026-09-07T23:48:05.6058001Z #38 38.12    Compiling tokio-macros v2.7.0
2026-09-07T23:48:05.6058450Z #38 38.80    Compiling mio v1.2.1
2026-09-07T23:48:06.1233824Z #38 ...
2026-09-07T23:48:06.1234327Z 
2026-09-07T23:48:06.1236504Z #33 [runtime  3/27] RUN apt-get update && apt-get install -y --no-install-recommends     build-essential     ca-certificates     clang     cmake     composer     git     llvm     maven     ninja-build     openjdk-17-jdk-headless     php-cli     python3     python3-dev     python3-pip     python3-venv     ruby     ruby-dev     ruby-bundler     universal-ctags   && rm -rf /var/lib/apt/lists/*
2026-09-07T23:48:06.1239547Z #33 77.86 Setting up llvm-14 (1:14.0.6-12) ...
2026-09-07T23:48:06.3830059Z #33 77.86 Setting up php-symfony-console (5.4.53+dfsg-0+deb12u1) ...
2026-09-07T23:48:06.3831029Z #33 77.86 Setting up jsonlint (1.9.0-1) ...
2026-09-07T23:48:06.3831908Z #33 77.86 Setting up libpython3.11-stdlib:amd64 (3.11.2-6+deb12u8) ...
2026-09-07T23:48:06.3832734Z #33 77.87 Setting up gcc (4:12.2.0-3) ...
2026-09-07T23:48:06.3833692Z #33 77.88 Setting up dpkg-dev (1.21.23) ...
2026-09-07T23:48:06.3834518Z #33 77.92 Setting up liberror-perl (0.17029-2) ...
2026-09-07T23:48:06.3835426Z #33 77.93 Setting up llvm (1:14.0-55.7~deb12u1) ...
2026-09-07T23:48:06.3836042Z #33 77.95 Setting up git (1:2.39.5-0+deb12u3) ...
2026-09-07T23:48:06.3837707Z #33 78.11 Setting up openjdk-17-jre-headless:amd64 (17.0.20.1+1-1~deb12u1) ...
2026-09-07T23:48:06.4993070Z #33 78.23 update-alternatives: using /usr/lib/jvm/java-17-openjdk-amd64/bin/java to provide /usr/bin/java (java) in auto mode
2026-09-07T23:48:06.6969098Z #33 78.23 update-alternatives: using /usr/lib/jvm/java-17-openjdk-amd64/bin/jpackage to provide /usr/bin/jpackage (jpackage) in auto mode
2026-09-07T23:48:06.6970961Z #33 78.25 update-alternatives: using /usr/lib/jvm/java-17-openjdk-amd64/bin/keytool to provide /usr/bin/keytool (keytool) in auto mode
2026-09-07T23:48:06.6972667Z #33 78.25 update-alternatives: using /usr/lib/jvm/java-17-openjdk-amd64/bin/rmiregistry to provide /usr/bin/rmiregistry (rmiregistry) in auto mode
2026-09-07T23:48:06.6974378Z #33 78.25 update-alternatives: using /usr/lib/jvm/java-17-openjdk-amd64/lib/jexec to provide /usr/bin/jexec (jexec) in auto mode
2026-09-07T23:48:06.6975642Z #33 78.26 Setting up php-cli (2:8.2+93) ...
2026-09-07T23:48:06.6976634Z #33 78.26 update-alternatives: using /usr/bin/php.default to provide /usr/bin/php (php) in auto mode
2026-09-07T23:48:06.6978528Z #33 78.26 update-alternatives: warning: skip creation of /usr/share/man/man1/php.1.gz because associated file /usr/share/man/man1/php.default.1.gz (of link group php) doesn't exist
2026-09-07T23:48:06.6980208Z #33 78.27 update-alternatives: using /usr/bin/phar.default to provide /usr/bin/phar (phar) in auto mode
2026-09-07T23:48:06.6981978Z #33 78.27 update-alternatives: warning: skip creation of /usr/share/man/man1/phar.1.gz because associated file /usr/share/man/man1/phar.default.1.gz (of link group phar) doesn't exist
2026-09-07T23:48:06.6983773Z #33 78.27 update-alternatives: using /usr/bin/phar.phar.default to provide /usr/bin/phar.phar (phar.phar) in auto mode
2026-09-07T23:48:06.6985659Z #33 78.27 update-alternatives: warning: skip creation of /usr/share/man/man1/phar.phar.1.gz because associated file /usr/share/man/man1/phar.phar.default.1.gz (of link group phar.phar) doesn't exist
2026-09-07T23:48:06.6987342Z #33 78.27 Setting up libnsl-dev:amd64 (1.3.0-2) ...
2026-09-07T23:48:06.6988013Z #33 78.27 Setting up libc6-dev:amd64 (2.36-9+deb12u14) ...
2026-09-07T23:48:06.6988703Z #33 78.27 Setting up php-json-schema (5.2.12-2) ...
2026-09-07T23:48:06.6989404Z #33 78.28 Setting up libpython3-stdlib:amd64 (3.11.2-1+b1) ...
2026-09-07T23:48:06.6990109Z #33 78.28 Setting up python3.11 (3.11.2-6+deb12u8) ...
2026-09-07T23:48:07.4953068Z #33 79.23 Setting up libpython3.11:amd64 (3.11.2-6+deb12u8) ...
2026-09-07T23:48:07.4954080Z #33 79.23 Setting up libstdc++-12-dev:amd64 (12.2.0-14+deb12u1) ...
2026-09-07T23:48:07.4954828Z #33 79.23 Setting up python3 (3.11.2-1+b1) ...
2026-09-07T23:48:07.6068454Z #33 79.34 running python rtupdate hooks for python3.11...
2026-09-07T23:48:07.6069573Z #33 79.34 running python post-rtupdate hooks for python3.11...
2026-09-07T23:48:08.1315655Z #33 79.71 Setting up libexpat1-dev:amd64 (2.5.0-1+deb12u3) ...
2026-09-07T23:48:08.1316754Z #33 79.71 Setting up zlib1g-dev:amd64 (1:1.2.13.dfsg-1) ...
2026-09-07T23:48:08.1317676Z #33 79.71 Setting up composer (2.5.5-1+deb12u5) ...
2026-09-07T23:48:08.1318282Z #33 79.71 Setting up python3-lib2to3 (3.11.2-3) ...
2026-09-07T23:48:08.2365155Z #33 79.97 Setting up g++-12 (12.2.0-14+deb12u1) ...
2026-09-07T23:48:08.2366307Z #33 79.97 Setting up python3-pkg-resources (66.1.1-1+deb12u2) ...
2026-09-07T23:48:08.8695654Z #33 80.37 Setting up python3-distutils (3.11.2-3) ...
2026-09-07T23:48:09.1139372Z #33 80.65 Setting up clang-14 (1:14.0.6-12) ...
2026-09-07T23:48:09.1140477Z #33 80.65 Setting up python3-setuptools (66.1.1-1+deb12u2) ...
2026-09-07T23:48:09.4858896Z #33 81.22 Setting up python3-wheel (0.38.4-2) ...
2026-09-07T23:48:09.8599131Z #33 81.51 Setting up python3.11-venv (3.11.2-6+deb12u8) ...
2026-09-07T23:48:09.8600051Z #33 81.59 Setting up libpython3.11-dev:amd64 (3.11.2-6+deb12u8) ...
2026-09-07T23:48:10.0257897Z #33 81.59 Setting up clang (1:14.0-55.7~deb12u1) ...
2026-09-07T23:48:10.0258948Z #33 81.61 Setting up python3-pip (23.0.1+dfsg-1) ...
2026-09-07T23:48:11.4554919Z #33 83.02 Setting up g++ (4:12.2.0-3) ...
2026-09-07T23:48:11.4555847Z #33 83.03 update-alternatives: using /usr/bin/g++ to provide /usr/bin/c++ (c++) in auto mode
2026-09-07T23:48:11.4556623Z #33 83.03 Setting up build-essential (12.9) ...
2026-09-07T23:48:11.4557507Z #33 83.03 Setting up libpython3-dev:amd64 (3.11.2-1+b1) ...
2026-09-07T23:48:11.4558263Z #33 83.04 Setting up python3.11-dev (3.11.2-6+deb12u8) ...
2026-09-07T23:48:11.4558912Z #33 83.04 Setting up python3-venv (3.11.2-1+b1) ...
2026-09-07T23:48:11.4559525Z #33 83.04 Setting up python3-dev (3.11.2-1+b1) ...
2026-09-07T23:48:11.4560216Z #33 83.05 Setting up libruby:amd64 (1:3.1) ...
2026-09-07T23:48:11.4560794Z #33 83.05 Setting up ruby-rubygems (3.3.15-2+deb12u1) ...
2026-09-07T23:48:11.4561340Z #33 83.06 Setting up ruby (1:3.1) ...
2026-09-07T23:48:11.4561813Z #33 83.07 Setting up libguava-java (31.1-1) ...
2026-09-07T23:48:11.4562298Z #33 83.07 Setting up rake (13.0.6-3) ...
2026-09-07T23:48:11.4562815Z #33 83.08 Setting up ruby-sdbm:amd64 (1.0.0-5+b1) ...
2026-09-07T23:48:11.4563404Z #33 83.08 Setting up liberror-prone-java (2.18.0-1) ...
2026-09-07T23:48:11.4564008Z #33 83.08 Setting up libruby3.1:amd64 (3.1.2-7+deb12u1) ...
2026-09-07T23:48:11.4564627Z #33 83.08 Setting up ruby-bundler (2.3.15-2+deb12u1) ...
2026-09-07T23:48:11.4565184Z #33 83.09 Setting up libguice-java (4.2.3-2) ...
2026-09-07T23:48:11.4565740Z #33 83.09 Setting up ruby3.1 (3.1.2-7+deb12u1) ...
2026-09-07T23:48:11.4566343Z #33 83.09 Setting up ruby3.1-dev:amd64 (3.1.2-7+deb12u1) ...
2026-09-07T23:48:11.4567099Z #33 83.09 Setting up libmaven3-core-java (3.8.7-1) ...
2026-09-07T23:48:11.4567659Z #33 83.10 Setting up ruby-dev:amd64 (1:3.1) ...
2026-09-07T23:48:11.4568237Z #33 83.10 Processing triggers for libc-bin (2.36-9+deb12u14) ...
2026-09-07T23:48:11.4569020Z #33 83.19 Processing triggers for ca-certificates-java (20230710~deb12u1) ...
2026-09-07T23:48:12.0588892Z #33 83.76 Adding debian:ACCVRAIZ1.pem
2026-09-07T23:48:12.1330491Z #33 83.77 Adding debian:AC_RAIZ_FNMT-RCM.pem
2026-09-07T23:48:12.1331428Z #33 83.80 Adding debian:AC_RAIZ_FNMT-RCM_SERVIDORES_SEGUROS.pem
2026-09-07T23:48:12.1332266Z #33 83.81 Adding debian:ANF_Secure_Server_Root_CA.pem
2026-09-07T23:48:12.1333009Z #33 83.81 Adding debian:Actalis_Authentication_Root_CA.pem
2026-09-07T23:48:12.1333746Z #33 83.82 Adding debian:AffirmTrust_Commercial.pem
2026-09-07T23:48:12.1334470Z #33 83.82 Adding debian:AffirmTrust_Networking.pem
2026-09-07T23:48:12.1335143Z #33 83.82 Adding debian:AffirmTrust_Premium.pem
2026-09-07T23:48:12.1335844Z #33 83.83 Adding debian:AffirmTrust_Premium_ECC.pem
2026-09-07T23:48:12.1336491Z #33 83.83 Adding debian:Amazon_Root_CA_1.pem
2026-09-07T23:48:12.1337190Z #33 83.84 Adding debian:Amazon_Root_CA_2.pem
2026-09-07T23:48:12.1337802Z #33 83.84 Adding debian:Amazon_Root_CA_3.pem
2026-09-07T23:48:12.1338801Z #33 83.84 Adding debian:Amazon_Root_CA_4.pem
2026-09-07T23:48:12.1339433Z #33 83.84 Adding debian:Atos_TrustedRoot_2011.pem
2026-09-07T23:48:12.1340195Z #33 83.85 Adding debian:Atos_TrustedRoot_Root_CA_ECC_TLS_2021.pem
2026-09-07T23:48:12.1341042Z #33 83.85 Adding debian:Atos_TrustedRoot_Root_CA_RSA_TLS_2021.pem
2026-09-07T23:48:12.1341891Z #33 83.86 Adding debian:Autoridad_de_Certificacion_Firmaprofesional_CIF_A62634068.pem
2026-09-07T23:48:12.1342798Z #33 83.86 Adding debian:BJCA_Global_Root_CA1.pem
2026-09-07T23:48:12.1343418Z #33 83.86 Adding debian:BJCA_Global_Root_CA2.pem
2026-09-07T23:48:12.1344060Z #33 83.86 Adding debian:Baltimore_CyberTrust_Root.pem
2026-09-07T23:48:12.1344725Z #33 83.87 Adding debian:Buypass_Class_2_Root_CA.pem
2026-09-07T23:48:12.2612445Z #33 83.87 Adding debian:Buypass_Class_3_Root_CA.pem
2026-09-07T23:48:12.2613624Z #33 83.87 Adding debian:CA_Disig_Root_R2.pem
2026-09-07T23:48:12.2614272Z #33 83.88 Adding debian:CFCA_EV_ROOT.pem
2026-09-07T23:48:12.2614982Z #33 83.88 Adding debian:COMODO_Certification_Authority.pem
2026-09-07T23:48:12.2615749Z #33 83.88 Adding debian:COMODO_ECC_Certification_Authority.pem
2026-09-07T23:48:12.2616878Z #33 83.89 Adding debian:COMODO_RSA_Certification_Authority.pem
2026-09-07T23:48:12.2617765Z #33 83.89 Adding debian:Certainly_Root_E1.pem
2026-09-07T23:48:12.2618376Z #33 83.89 Adding debian:Certainly_Root_R1.pem
2026-09-07T23:48:12.2618973Z #33 83.89 Adding debian:Certigna.pem
2026-09-07T23:48:12.2619535Z #33 83.90 Adding debian:Certigna_Root_CA.pem
2026-09-07T23:48:12.2620170Z #33 83.90 Adding debian:Certum_EC-384_CA.pem
2026-09-07T23:48:12.2620876Z #33 83.90 Adding debian:Certum_Trusted_Network_CA.pem
2026-09-07T23:48:12.2621621Z #33 83.91 Adding debian:Certum_Trusted_Network_CA_2.pem
2026-09-07T23:48:12.2622331Z #33 83.91 Adding debian:Certum_Trusted_Root_CA.pem
2026-09-07T23:48:12.2623089Z #33 83.92 Adding debian:CommScope_Public_Trust_ECC_Root-01.pem
2026-09-07T23:48:12.2623915Z #33 83.92 Adding debian:CommScope_Public_Trust_ECC_Root-02.pem
2026-09-07T23:48:12.2624706Z #33 83.92 Adding debian:CommScope_Public_Trust_RSA_Root-01.pem
2026-09-07T23:48:12.2625491Z #33 83.93 Adding debian:CommScope_Public_Trust_RSA_Root-02.pem
2026-09-07T23:48:12.2626266Z #33 83.93 Adding debian:Comodo_AAA_Services_root.pem
2026-09-07T23:48:12.2627098Z #33 83.94 Adding debian:D-TRUST_BR_Root_CA_1_2020.pem
2026-09-07T23:48:12.2627733Z #33 83.99 Adding debian:D-TRUST_BR_Root_CA_2_2023.pem
2026-09-07T23:48:12.2628397Z #33 83.99 Adding debian:D-TRUST_EV_Root_CA_1_2020.pem
2026-09-07T23:48:12.2629091Z #33 83.99 Adding debian:D-TRUST_EV_Root_CA_2_2023.pem
2026-09-07T23:48:12.2629920Z #33 83.99 Adding debian:D-TRUST_Root_Class_3_CA_2_2009.pem
2026-09-07T23:48:12.2630648Z #33 83.99 Adding debian:D-TRUST_Root_Class_3_CA_2_EV_2009.pem
2026-09-07T23:48:12.2631381Z #33 83.99 Adding debian:DigiCert_Assured_ID_Root_CA.pem
2026-09-07T23:48:12.2632084Z #33 83.99 Adding debian:DigiCert_Assured_ID_Root_G2.pem
2026-09-07T23:48:12.2632799Z #33 83.99 Adding debian:DigiCert_Assured_ID_Root_G3.pem
2026-09-07T23:48:12.2633502Z #33 83.99 Adding debian:DigiCert_Global_Root_CA.pem
2026-09-07T23:48:12.2634202Z #33 83.99 Adding debian:DigiCert_Global_Root_G2.pem
2026-09-07T23:48:12.2634885Z #33 83.99 Adding debian:DigiCert_Global_Root_G3.pem
2026-09-07T23:48:12.2635617Z #33 83.99 Adding debian:DigiCert_High_Assurance_EV_Root_CA.pem
2026-09-07T23:48:12.2636387Z #33 83.99 Adding debian:DigiCert_TLS_ECC_P384_Root_G5.pem
2026-09-07T23:48:12.2637248Z #33 83.99 Adding debian:DigiCert_TLS_RSA4096_Root_G5.pem
2026-09-07T23:48:12.2637985Z #33 83.99 Adding debian:DigiCert_Trusted_Root_G4.pem
2026-09-07T23:48:12.2638730Z #33 83.99 Adding debian:Entrust.net_Premium_2048_Secure_Server_CA.pem
2026-09-07T23:48:12.2639570Z #33 83.99 Adding debian:Entrust_Root_Certification_Authority.pem
2026-09-07T23:48:12.2640417Z #33 83.99 Adding debian:Entrust_Root_Certification_Authority_-_EC1.pem
2026-09-07T23:48:12.2641245Z #33 83.99 Adding debian:Entrust_Root_Certification_Authority_-_G2.pem
2026-09-07T23:48:12.2642318Z #33 83.99 Adding debian:FIRMAPROFESIONAL_CA_ROOT-A_WEB.pem
2026-09-07T23:48:12.3628601Z #33 84.00 Adding debian:GDCA_TrustAUTH_R5_ROOT.pem
2026-09-07T23:48:12.3629524Z #33 84.00 Adding debian:GLOBALTRUST_2020.pem
2026-09-07T23:48:12.3630268Z #33 84.01 Adding debian:GTS_Root_R1.pem
2026-09-07T23:48:12.3630952Z #33 84.01 Adding debian:GTS_Root_R2.pem
2026-09-07T23:48:12.3631540Z #33 84.01 Adding debian:GTS_Root_R3.pem
2026-09-07T23:48:12.3632101Z #33 84.01 Adding debian:GTS_Root_R4.pem
2026-09-07T23:48:12.3632722Z #33 84.01 Adding debian:GlobalSign_ECC_Root_CA_-_R4.pem
2026-09-07T23:48:12.3633413Z #33 84.02 Adding debian:GlobalSign_ECC_Root_CA_-_R5.pem
2026-09-07T23:48:12.3634087Z #33 84.02 Adding debian:GlobalSign_Root_CA.pem
2026-09-07T23:48:12.3634757Z #33 84.03 Adding debian:GlobalSign_Root_CA_-_R3.pem
2026-09-07T23:48:12.3635436Z #33 84.03 Adding debian:GlobalSign_Root_CA_-_R6.pem
2026-09-07T23:48:12.3636113Z #33 84.03 Adding debian:GlobalSign_Root_E46.pem
2026-09-07T23:48:12.3636773Z #33 84.04 Adding debian:GlobalSign_Root_R46.pem
2026-09-07T23:48:12.3637636Z #33 84.04 Adding debian:Go_Daddy_Class_2_CA.pem
2026-09-07T23:48:12.3638422Z #33 84.05 Adding debian:Go_Daddy_Root_Certificate_Authority_-_G2.pem
2026-09-07T23:48:12.3639494Z #33 84.05 Adding debian:HARICA_TLS_ECC_Root_CA_2021.pem
2026-09-07T23:48:12.3640246Z #33 84.06 Adding debian:HARICA_TLS_RSA_Root_CA_2021.pem
2026-09-07T23:48:12.3641106Z #33 84.06 Adding debian:Hellenic_Academic_and_Research_Institutions_ECC_RootCA_2015.pem
2026-09-07T23:48:12.3642110Z #33 84.06 Adding debian:Hellenic_Academic_and_Research_Institutions_RootCA_2015.pem
2026-09-07T23:48:12.3642939Z #33 84.07 Adding debian:HiPKI_Root_CA_-_G1.pem
2026-09-07T23:48:12.3643571Z #33 84.07 Adding debian:Hongkong_Post_Root_CA_3.pem
2026-09-07T23:48:12.3644247Z #33 84.08 Adding debian:ISRG_Root_X1.pem
2026-09-07T23:48:12.3644869Z #33 84.08 Adding debian:ISRG_Root_X2.pem
2026-09-07T23:48:12.3645564Z #33 84.09 Adding debian:IdenTrust_Commercial_Root_CA_1.pem
2026-09-07T23:48:12.3646360Z #33 84.09 Adding debian:IdenTrust_Public_Sector_Root_CA_1.pem
2026-09-07T23:48:12.3647188Z #33 84.09 Adding debian:Izenpe.com.pem
2026-09-07T23:48:12.3647842Z #33 84.10 Adding debian:Microsec_e-Szigno_Root_CA_2009.pem
2026-09-07T23:48:12.4640689Z #33 84.10 Adding debian:Microsoft_ECC_Root_Certificate_Authority_2017.pem
2026-09-07T23:48:12.4641805Z #33 84.10 Adding debian:Microsoft_RSA_Root_Certificate_Authority_2017.pem
2026-09-07T23:48:12.4642760Z #33 84.11 Adding debian:NAVER_Global_Root_Certification_Authority.pem
2026-09-07T23:48:12.4646353Z #33 84.11 Adding debian:NetLock_Arany_=Class_Gold=_Főtanúsítvány.pem
2026-09-07T23:48:12.4647292Z #33 84.12 Adding debian:OISTE_WISeKey_Global_Root_GB_CA.pem
2026-09-07T23:48:12.4647877Z #33 84.12 Adding debian:OISTE_WISeKey_Global_Root_GC_CA.pem
2026-09-07T23:48:12.4648501Z #33 84.12 Adding debian:QuoVadis_Root_CA_1_G3.pem
2026-09-07T23:48:12.4649037Z #33 84.12 Adding debian:QuoVadis_Root_CA_2.pem
2026-09-07T23:48:12.4649584Z #33 84.13 Adding debian:QuoVadis_Root_CA_2_G3.pem
2026-09-07T23:48:12.4650102Z #33 84.13 Adding debian:QuoVadis_Root_CA_3.pem
2026-09-07T23:48:12.4650666Z #33 84.13 Adding debian:QuoVadis_Root_CA_3_G3.pem
2026-09-07T23:48:12.4651252Z #33 84.13 Adding debian:SSL.com_EV_Root_Certification_Authority_ECC.pem
2026-09-07T23:48:12.4651978Z #33 84.14 Adding debian:SSL.com_EV_Root_Certification_Authority_RSA_R2.pem
2026-09-07T23:48:12.4652707Z #33 84.14 Adding debian:SSL.com_Root_Certification_Authority_ECC.pem
2026-09-07T23:48:12.4653418Z #33 84.14 Adding debian:SSL.com_Root_Certification_Authority_RSA.pem
2026-09-07T23:48:12.4654035Z #33 84.14 Adding debian:SSL.com_TLS_ECC_Root_CA_2022.pem
2026-09-07T23:48:12.4654544Z #33 84.15 Adding debian:SSL.com_TLS_RSA_Root_CA_2022.pem
2026-09-07T23:48:12.4655021Z #33 84.15 Adding debian:SZAFIR_ROOT_CA2.pem
2026-09-07T23:48:12.4655607Z #33 84.15 Adding debian:Sectigo_Public_Server_Authentication_Root_E46.pem
2026-09-07T23:48:12.4656338Z #33 84.15 Adding debian:Sectigo_Public_Server_Authentication_Root_R46.pem
2026-09-07T23:48:12.4657477Z #33 84.16 Adding debian:SecureSign_Root_CA12.pem
2026-09-07T23:48:12.4657945Z #33 84.16 Adding debian:SecureSign_Root_CA14.pem
2026-09-07T23:48:12.4658409Z #33 84.16 Adding debian:SecureSign_Root_CA15.pem
2026-09-07T23:48:12.4658867Z #33 84.16 Adding debian:SecureTrust_CA.pem
2026-09-07T23:48:12.4659341Z #33 84.17 Adding debian:Secure_Global_CA.pem
2026-09-07T23:48:12.4659875Z #33 84.17 Adding debian:Security_Communication_ECC_RootCA1.pem
2026-09-07T23:48:12.4660480Z #33 84.17 Adding debian:Security_Communication_RootCA2.pem
2026-09-07T23:48:12.4661023Z #33 84.17 Adding debian:Starfield_Class_2_CA.pem
2026-09-07T23:48:12.4661632Z #33 84.17 Adding debian:Starfield_Root_Certificate_Authority_-_G2.pem
2026-09-07T23:48:12.4662356Z #33 84.17 Adding debian:Starfield_Services_Root_Certificate_Authority_-_G2.pem
2026-09-07T23:48:12.4663021Z #33 84.18 Adding debian:SwissSign_Gold_CA_-_G2.pem
2026-09-07T23:48:12.4663583Z #33 84.18 Adding debian:T-TeleSec_GlobalRoot_Class_2.pem
2026-09-07T23:48:12.4664152Z #33 84.18 Adding debian:T-TeleSec_GlobalRoot_Class_3.pem
2026-09-07T23:48:12.4664775Z #33 84.18 Adding debian:TUBITAK_Kamu_SM_SSL_Kok_Sertifikasi_-_Surum_1.pem
2026-09-07T23:48:12.4665603Z #33 84.19 Adding debian:TWCA_CYBER_Root_CA.pem
2026-09-07T23:48:12.4666153Z #33 84.19 Adding debian:TWCA_Global_Root_CA.pem
2026-09-07T23:48:12.4666738Z #33 84.19 Adding debian:TWCA_Root_Certification_Authority.pem
2026-09-07T23:48:12.4667780Z #33 84.19 Adding debian:Telekom_Security_TLS_ECC_Root_2020.pem
2026-09-07T23:48:12.4668483Z #33 84.19 Adding debian:Telekom_Security_TLS_RSA_Root_2023.pem
2026-09-07T23:48:12.4669124Z #33 84.19 Adding debian:TeliaSonera_Root_CA_v1.pem
2026-09-07T23:48:12.5801589Z #33 84.20 Adding debian:Telia_Root_CA_v2.pem
2026-09-07T23:48:12.5802447Z #33 84.21 Adding debian:TrustAsia_Global_Root_CA_G3.pem
2026-09-07T23:48:12.5803410Z #33 84.21 Adding debian:TrustAsia_Global_Root_CA_G4.pem
2026-09-07T23:48:12.5804345Z #33 84.21 Adding debian:Trustwave_Global_Certification_Authority.pem
2026-09-07T23:48:12.5805300Z #33 84.21 Adding debian:Trustwave_Global_ECC_P256_Certification_Authority.pem
2026-09-07T23:48:12.5806221Z #33 84.21 Adding debian:Trustwave_Global_ECC_P384_Certification_Authority.pem
2026-09-07T23:48:12.5807236Z #33 84.21 Adding debian:TunTrust_Root_CA.pem
2026-09-07T23:48:12.5807911Z #33 84.21 Adding debian:UCA_Extended_Validation_Root.pem
2026-09-07T23:48:12.5808627Z #33 84.22 Adding debian:UCA_Global_G2_Root.pem
2026-09-07T23:48:12.5809466Z #33 84.22 Adding debian:USERTrust_ECC_Certification_Authority.pem
2026-09-07T23:48:12.5810265Z #33 84.22 Adding debian:USERTrust_RSA_Certification_Authority.pem
2026-09-07T23:48:12.5811051Z #33 84.22 Adding debian:XRamp_Global_CA_Root.pem
2026-09-07T23:48:12.5811702Z #33 84.23 Adding debian:certSIGN_ROOT_CA.pem
2026-09-07T23:48:12.5812337Z #33 84.23 Adding debian:certSIGN_Root_CA_G2.pem
2026-09-07T23:48:12.5813002Z #33 84.23 Adding debian:e-Szigno_Root_CA_2017.pem
2026-09-07T23:48:12.5813737Z #33 84.23 Adding debian:ePKI_Root_Certification_Authority.pem
2026-09-07T23:48:12.5814494Z #33 84.23 Adding debian:emSign_ECC_Root_CA_-_C3.pem
2026-09-07T23:48:12.5815197Z #33 84.23 Adding debian:emSign_ECC_Root_CA_-_G3.pem
2026-09-07T23:48:12.5815877Z #33 84.23 Adding debian:emSign_Root_CA_-_C1.pem
2026-09-07T23:48:12.5816521Z #33 84.24 Adding debian:emSign_Root_CA_-_G1.pem
2026-09-07T23:48:12.5817337Z #33 84.24 Adding debian:vTrus_ECC_Root_CA.pem
2026-09-07T23:48:12.5817972Z #33 84.24 Adding debian:vTrus_Root_CA.pem
2026-09-07T23:48:12.5818573Z #33 84.29 done.
2026-09-07T23:48:12.5819218Z #33 84.31 Setting up openjdk-17-jdk-headless:amd64 (17.0.20.1+1-1~deb12u1) ...
2026-09-07T23:48:12.6999354Z #33 84.32 update-alternatives: using /usr/lib/jvm/java-17-openjdk-amd64/bin/jar to provide /usr/bin/jar (jar) in auto mode
2026-09-07T23:48:12.7001243Z #33 84.33 update-alternatives: using /usr/lib/jvm/java-17-openjdk-amd64/bin/jarsigner to provide /usr/bin/jarsigner (jarsigner) in auto mode
2026-09-07T23:48:12.7003264Z #33 84.33 update-alternatives: using /usr/lib/jvm/java-17-openjdk-amd64/bin/javac to provide /usr/bin/javac (javac) in auto mode
2026-09-07T23:48:12.7004974Z #33 84.33 update-alternatives: using /usr/lib/jvm/java-17-openjdk-amd64/bin/javadoc to provide /usr/bin/javadoc (javadoc) in auto mode
2026-09-07T23:48:12.7006503Z #33 84.34 update-alternatives: using /usr/lib/jvm/java-17-openjdk-amd64/bin/javap to provide /usr/bin/javap (javap) in auto mode
2026-09-07T23:48:12.7008178Z #33 84.35 update-alternatives: using /usr/lib/jvm/java-17-openjdk-amd64/bin/jcmd to provide /usr/bin/jcmd (jcmd) in auto mode
2026-09-07T23:48:12.7009505Z #33 84.39 update-alternatives: using /usr/lib/jvm/java-17-openjdk-amd64/bin/jdb to provide /usr/bin/jdb (jdb) in auto mode
2026-09-07T23:48:12.7011111Z #33 84.39 update-alternatives: using /usr/lib/jvm/java-17-openjdk-amd64/bin/jdeprscan to provide /usr/bin/jdeprscan (jdeprscan) in auto mode
2026-09-07T23:48:12.7012718Z #33 84.40 update-alternatives: using /usr/lib/jvm/java-17-openjdk-amd64/bin/jdeps to provide /usr/bin/jdeps (jdeps) in auto mode
2026-09-07T23:48:12.7014116Z #33 84.40 update-alternatives: using /usr/lib/jvm/java-17-openjdk-amd64/bin/jfr to provide /usr/bin/jfr (jfr) in auto mode
2026-09-07T23:48:12.7015755Z #33 84.40 update-alternatives: using /usr/lib/jvm/java-17-openjdk-amd64/bin/jimage to provide /usr/bin/jimage (jimage) in auto mode
2026-09-07T23:48:12.7017484Z #33 84.40 update-alternatives: using /usr/lib/jvm/java-17-openjdk-amd64/bin/jinfo to provide /usr/bin/jinfo (jinfo) in auto mode
2026-09-07T23:48:12.9049519Z #33 84.43 update-alternatives: using /usr/lib/jvm/java-17-openjdk-amd64/bin/jlink to provide /usr/bin/jlink (jlink) in auto mode
2026-09-07T23:48:12.9051589Z #33 84.44 update-alternatives: using /usr/lib/jvm/java-17-openjdk-amd64/bin/jmap to provide /usr/bin/jmap (jmap) in auto mode
2026-09-07T23:48:12.9053192Z #33 84.44 update-alternatives: using /usr/lib/jvm/java-17-openjdk-amd64/bin/jmod to provide /usr/bin/jmod (jmod) in auto mode
2026-09-07T23:48:12.9054837Z #33 84.44 update-alternatives: using /usr/lib/jvm/java-17-openjdk-amd64/bin/jps to provide /usr/bin/jps (jps) in auto mode
2026-09-07T23:48:12.9056549Z #33 84.45 update-alternatives: using /usr/lib/jvm/java-17-openjdk-amd64/bin/jrunscript to provide /usr/bin/jrunscript (jrunscript) in auto mode
2026-09-07T23:48:12.9058522Z #33 84.45 update-alternatives: using /usr/lib/jvm/java-17-openjdk-amd64/bin/jshell to provide /usr/bin/jshell (jshell) in auto mode
2026-09-07T23:48:12.9060077Z #33 84.45 update-alternatives: using /usr/lib/jvm/java-17-openjdk-amd64/bin/jstack to provide /usr/bin/jstack (jstack) in auto mode
2026-09-07T23:48:12.9061678Z #33 84.45 update-alternatives: using /usr/lib/jvm/java-17-openjdk-amd64/bin/jstat to provide /usr/bin/jstat (jstat) in auto mode
2026-09-07T23:48:12.9063319Z #33 84.46 update-alternatives: using /usr/lib/jvm/java-17-openjdk-amd64/bin/jstatd to provide /usr/bin/jstatd (jstatd) in auto mode
2026-09-07T23:48:12.9065038Z #33 84.46 update-alternatives: using /usr/lib/jvm/java-17-openjdk-amd64/bin/serialver to provide /usr/bin/serialver (serialver) in auto mode
2026-09-07T23:48:12.9066786Z #33 84.47 update-alternatives: using /usr/lib/jvm/java-17-openjdk-amd64/bin/jhsdb to provide /usr/bin/jhsdb (jhsdb) in auto mode
2026-09-07T23:48:12.9068439Z #33 84.47 Setting up default-jre-headless (2:1.17-74) ...
2026-09-07T23:48:12.9069169Z #33 84.47 Setting up maven (3.8.7-1) ...
2026-09-07T23:48:12.9070149Z #33 84.48 update-alternatives: using /usr/share/maven/bin/mvn to provide /usr/bin/mvn (mvn) in auto mode
2026-09-07T23:48:12.9071328Z #33 84.48 Processing triggers for ca-certificates (20250419~deb12u1) ...
2026-09-07T23:48:12.9072176Z #33 84.49 Updating certificates in /etc/ssl/certs...
2026-09-07T23:48:14.1166236Z #33 85.83 0 added, 0 removed; done.
2026-09-07T23:48:14.2978750Z #33 85.83 Running hooks in /etc/ca-certificates/update.d...
2026-09-07T23:48:14.2985847Z #33 85.84 done.
2026-09-07T23:48:14.2986534Z #33 85.85 Processing triggers for php8.2-cli (8.2.33-1~deb12u1) ...
2026-09-07T23:48:14.2987978Z #33 85.85 Processing triggers for ca-certificates-java (20230710~deb12u1) ...
2026-09-07T23:48:14.2988762Z #33 85.86 done.
2026-09-07T23:48:15.1034376Z #33 DONE 86.8s
2026-09-07T23:48:15.1034957Z 
2026-09-07T23:48:15.1036868Z #38 [rust-tools 2/2] RUN cargo install     --git https://github.com/jelmer/debian-lsp     --rev "daee711aba7282a6e79344c71dcaf85593c54040"     --locked     --no-default-features     --features scip     --root /opt/debian-lsp     debian-lsp   && rm -rf /usr/local/cargo/git /usr/local/cargo/registry
2026-09-07T23:48:15.1039218Z #38 40.95    Compiling socket2 v0.6.4
2026-09-07T23:48:15.1039754Z #38 41.43    Compiling zerocopy v0.8.52
2026-09-07T23:48:15.1040274Z #38 42.15    Compiling serde_json v1.0.150
2026-09-07T23:48:15.1040812Z #38 42.90    Compiling tokio v1.52.3
2026-09-07T23:48:15.1041355Z #38 43.08    Compiling icu_normalizer v2.2.0
2026-09-07T23:48:15.1041931Z #38 43.94    Compiling icu_properties v2.2.0
2026-09-07T23:48:15.1042554Z #38 48.32    Compiling regex v1.12.4
2026-09-07T23:48:17.8568616Z #38 52.04    Compiling jobserver v0.1.34
2026-09-07T23:48:19.4401931Z #38 53.63    Compiling shlex v2.0.1
2026-09-07T23:48:19.7798382Z #38 53.97    Compiling find-msvc-tools v0.1.9
2026-09-07T23:48:22.7240367Z #38 56.91    Compiling slab v0.4.12
2026-09-07T23:48:23.1340065Z #38 57.32    Compiling cc v1.2.65
2026-09-07T23:48:24.4851088Z #38 58.67    Compiling idna_adapter v1.2.2
2026-09-07T23:48:26.8728993Z #38 60.90    Compiling futures-channel v0.3.32
2026-09-07T23:48:27.1998677Z #38 61.23    Compiling hashbrown v0.17.1
2026-09-07T23:48:28.5198368Z #38 62.55    Compiling tracing-core v0.1.36
2026-09-07T23:48:29.8002429Z #38 63.99    Compiling getrandom v0.2.17
2026-09-07T23:48:29.9350039Z #38 64.07    Compiling crossbeam-utils v0.8.21
2026-09-07T23:48:29.9352033Z #38 ...
2026-09-07T23:48:29.9352524Z 
2026-09-07T23:48:29.9353850Z #37 [go-tools 2/2] RUN GOTOOLCHAIN=auto GOBIN=/zoekt-bin     go install github.com/sourcegraph/zoekt/cmd/zoekt-index@latest &&     GOTOOLCHAIN=auto GOBIN=/zoekt-bin     go install github.com/sourcegraph/zoekt/cmd/zoekt-webserver@latest
2026-09-07T23:48:29.9355849Z #37 67.98 go: github.com/sourcegraph/zoekt@v0.0.0-20260907153830-596c362fcf13 requires go >= 1.25.9; switching to go1.26.8
2026-09-07T23:48:30.0963996Z #37 68.14 go: downloading github.com/shirou/gopsutil/v3 v3.24.5
2026-09-07T23:48:30.0965112Z #37 68.14 go: downloading github.com/sourcegraph/log v0.0.0-20241024013702-574f7079c888
2026-09-07T23:48:30.0966476Z #37 68.14 go: downloading github.com/sourcegraph/mountinfo v0.0.0-20251117172727-e9f6a87f579c
2026-09-07T23:48:30.0967708Z #37 68.14 go: downloading github.com/uber/jaeger-client-go v2.30.0+incompatible
2026-09-07T23:48:30.2733610Z #37 68.31 go: downloading go.opentelemetry.io/otel/trace v1.43.0
2026-09-07T23:48:30.4862029Z #37 68.40 go: downloading go.opentelemetry.io/otel v1.43.0
2026-09-07T23:48:30.4863136Z #37 68.41 go: downloading github.com/grpc-ecosystem/go-grpc-middleware/providers/prometheus v1.0.1
2026-09-07T23:48:30.4864606Z #37 68.41 go: downloading go.opentelemetry.io/contrib/instrumentation/google.golang.org/grpc/otelgrpc v0.63.0
2026-09-07T23:48:30.4865774Z #37 68.53 go: downloading cloud.google.com/go/profiler v0.4.2
2026-09-07T23:48:30.6009367Z #37 68.56 go: downloading github.com/pkg/errors v0.9.1
2026-09-07T23:48:30.6010586Z #37 68.60 go: downloading cloud.google.com/go v0.118.0
2026-09-07T23:48:30.6011496Z #37 68.61 go: downloading github.com/uber/jaeger-lib v2.4.1+incompatible
2026-09-07T23:48:30.6012437Z #37 68.64 go: downloading go.opentelemetry.io/contrib/propagators/jaeger v1.43.0
2026-09-07T23:48:30.7151050Z #37 68.70 go: downloading go.opentelemetry.io/contrib/propagators/ot v1.43.0
2026-09-07T23:48:30.7152460Z #37 68.74 go: downloading go.opentelemetry.io/otel/bridge/opentracing v1.43.0
2026-09-07T23:48:30.7153648Z #37 68.76 go: downloading go.opentelemetry.io/otel/exporters/otlp/otlptrace v1.43.0
2026-09-07T23:48:30.8853146Z #37 68.93 go: downloading go.opentelemetry.io/otel/exporters/otlp/otlptrace/otlptracegrpc v1.43.0
2026-09-07T23:48:31.0122733Z #37 68.93 go: downloading go.opentelemetry.io/otel/exporters/otlp/otlptrace/otlptracehttp v1.43.0
2026-09-07T23:48:31.0124438Z #37 68.93 go: downloading go.opentelemetry.io/otel/sdk v1.43.0
2026-09-07T23:48:31.0125336Z #37 68.98 go: downloading github.com/fsnotify/fsnotify v1.8.0
2026-09-07T23:48:31.0126105Z #37 68.99 go: downloading golang.org/x/sync v0.22.0
2026-09-07T23:48:31.0126917Z #37 69.00 go: downloading github.com/getsentry/sentry-go v0.31.1
2026-09-07T23:48:31.0127854Z #37 69.00 go: downloading github.com/google/go-cmp v0.7.0
2026-09-07T23:48:31.0128578Z #37 69.05 go: downloading go.uber.org/zap v1.27.0
2026-09-07T23:48:31.1241465Z #37 69.09 go: downloading github.com/moby/sys/mountinfo v0.7.2
2026-09-07T23:48:31.1242351Z #37 69.14 go: downloading go.opentelemetry.io/otel/metric v1.43.0
2026-09-07T23:48:31.1243235Z #37 69.17 go: downloading github.com/klauspost/compress v1.17.11
2026-09-07T23:48:31.3556674Z #37 69.17 go: downloading cloud.google.com/go/compute/metadata v0.9.0
2026-09-07T23:48:31.3588865Z #37 69.19 go: downloading github.com/google/pprof v0.0.0-20241210010833-40e02aabc2ad
2026-09-07T23:48:31.3589808Z #37 69.19 go: downloading github.com/googleapis/gax-go/v2 v2.14.1
2026-09-07T23:48:31.3590841Z #37 69.25 go: downloading google.golang.org/api v0.217.0
2026-09-07T23:48:31.5418044Z #37 69.58 go: downloading go.uber.org/multierr v1.11.0
2026-09-07T23:48:31.6792969Z #37 69.64 go: downloading go.opentelemetry.io/proto/otlp v1.10.0
2026-09-07T23:48:31.6794064Z #37 69.72 go: downloading github.com/go-logr/logr v1.4.3
2026-09-07T23:48:31.8376063Z #37 69.81 go: downloading github.com/google/uuid v1.6.0
2026-09-07T23:48:31.8377109Z #37 69.88 go: downloading github.com/fatih/color v1.18.0
2026-09-07T23:48:32.0488605Z #37 69.94 go: downloading github.com/cockroachdb/errors v1.11.3
2026-09-07T23:48:32.8587382Z #37 70.90 go: downloading google.golang.org/genproto/googleapis/api v0.0.0-20260414002931-afd174a4e478
2026-09-07T23:48:33.0049077Z #37 70.99 go: downloading github.com/go-logr/stdr v1.2.2
2026-09-07T23:48:33.0050133Z #37 71.05 go: downloading go.opentelemetry.io/auto/sdk v1.2.1
2026-09-07T23:48:33.1299097Z #37 71.12 go: downloading github.com/cenkalti/backoff/v5 v5.0.3
2026-09-07T23:48:33.1300037Z #37 71.17 go: downloading github.com/grpc-ecosystem/grpc-gateway/v2 v2.28.0
2026-09-07T23:48:33.4873699Z #37 71.53 go: downloading github.com/mattn/go-colorable v0.1.14
2026-09-07T23:48:33.6281141Z #37 71.59 go: downloading github.com/mattn/go-isatty v0.0.20
2026-09-07T23:48:33.6282415Z #37 71.66 go: downloading github.com/cockroachdb/logtags v0.0.0-20241215232642-bb51bb14a506
2026-09-07T23:48:33.7473844Z #37 71.72 go: downloading github.com/cockroachdb/redact v1.1.5
2026-09-07T23:48:33.7474785Z #37 71.79 go: downloading github.com/gogo/protobuf v1.3.2
2026-09-07T23:48:34.3119577Z #37 72.35 go: downloading github.com/kr/pretty v0.3.1
2026-09-07T23:48:34.4432943Z #37 72.41 go: downloading github.com/kr/text v0.2.0
2026-09-07T23:48:34.4434060Z #37 72.48 go: downloading github.com/rogpeppe/go-internal v1.14.1
2026-09-07T23:48:35.6238222Z #37 73.66 go: downloading cloud.google.com/go/auth v0.14.0
2026-09-07T23:48:35.7405830Z #37 73.67 go: downloading golang.org/x/oauth2 v0.36.0
2026-09-07T23:48:35.7406564Z #37 73.76 go: downloading cloud.google.com/go/auth/oauth2adapt v0.2.7
2026-09-07T23:48:35.8773578Z #37 73.78 go: downloading golang.org/x/time v0.14.0
2026-09-07T23:48:35.8774411Z #37 73.78 go: downloading github.com/google/s2a-go v0.1.9
2026-09-07T23:48:35.8775319Z #37 73.83 go: downloading github.com/googleapis/enterprise-certificate-proxy v0.3.4
2026-09-07T23:48:35.8776124Z #37 73.92 go: downloading golang.org/x/crypto v0.54.0
2026-09-07T23:48:39.9558924Z #37 ...
2026-09-07T23:48:39.9559174Z 
2026-09-07T23:48:39.9560786Z #38 [rust-tools 2/2] RUN cargo install     --git https://github.com/jelmer/debian-lsp     --rev "daee711aba7282a6e79344c71dcaf85593c54040"     --locked     --no-default-features     --features scip     --root /opt/debian-lsp     debian-lsp   && rm -rf /usr/local/cargo/git /usr/local/cargo/registry
2026-09-07T23:48:39.9563224Z #38 64.14    Compiling rand_core v0.6.4
2026-09-07T23:48:39.9563705Z #38 64.32    Compiling ppv-lite86 v0.2.21
2026-09-07T23:48:39.9564175Z #38 64.68    Compiling cmake v0.1.58
2026-09-07T23:48:39.9564641Z #38 65.10    Compiling idna v1.1.0
2026-09-07T23:48:39.9565109Z #38 65.21    Compiling futures-macro v0.3.32
2026-09-07T23:48:39.9565605Z #38 66.28    Compiling form_urlencoded v1.2.2
2026-09-07T23:48:39.9566097Z #38 66.67    Compiling futures-io v0.3.32
2026-09-07T23:48:39.9566575Z #38 66.93    Compiling fs_extra v1.3.0
2026-09-07T23:48:39.9567306Z #38 67.34    Compiling hashbrown v0.14.5
2026-09-07T23:48:39.9567803Z #38 68.65    Compiling new_debug_unreachable v1.0.6
2026-09-07T23:48:39.9568325Z #38 68.71    Compiling futures-task v0.3.32
2026-09-07T23:48:39.9568788Z #38 68.94    Compiling dunce v1.0.5
2026-09-07T23:48:39.9569222Z #38 69.04    Compiling aws-lc-sys v0.41.0
2026-09-07T23:48:39.9569721Z #38 69.09    Compiling futures-util v0.3.32
2026-09-07T23:48:39.9570175Z #38 69.50    Compiling url v2.5.8
2026-09-07T23:48:39.9570580Z #38 69.93    Compiling rand_chacha v0.3.1
2026-09-07T23:48:39.9571019Z #38 72.35    Compiling indexmap v2.14.0
2026-09-07T23:48:39.9571735Z #38 73.24    Compiling rand v0.8.6
2026-09-07T23:48:41.6828349Z #38 75.71    Compiling tracing v0.1.44
2026-09-07T23:48:42.2778256Z #38 76.31    Compiling rustc-hash v1.1.0
2026-09-07T23:48:42.7158852Z #38 76.75    Compiling text-size v1.1.1
2026-09-07T23:48:43.3498607Z #38 77.54    Compiling syn v1.0.109
2026-09-07T23:48:43.5729149Z #38 77.76    Compiling countme v3.0.1
2026-09-07T23:48:44.2944203Z #38 78.48    Compiling rowan v0.16.1
2026-09-07T23:48:49.2271936Z #38 83.41    Compiling hybrid-array v0.4.12
2026-09-07T23:48:50.0476615Z #38 84.23    Compiling zeroize v1.9.0
2026-09-07T23:48:50.1733174Z #38 84.36    Compiling aws-lc-rs v1.17.0
2026-09-07T23:48:50.4128389Z #38 84.60    Compiling thiserror v2.0.18
2026-09-07T23:48:50.6106730Z #38 84.80    Compiling getrandom v0.4.3
2026-09-07T23:48:50.7271463Z #38 84.91    Compiling base64 v0.22.1
2026-09-07T23:48:50.8301295Z #38 84.98    Compiling precomputed-hash v0.1.1
2026-09-07T23:48:50.8302634Z #38 85.01    Compiling iana-time-zone v0.1.65
2026-09-07T23:48:51.1138447Z #38 85.30    Compiling siphasher v0.3.11
2026-09-07T23:48:51.2683643Z #38 85.45    Compiling phf_shared v0.10.0
2026-09-07T23:48:51.4344999Z #38 85.47    Compiling chrono v0.4.45
2026-09-07T23:48:54.0699213Z #38 88.25    Compiling http v1.4.2
2026-09-07T23:48:58.0711223Z #38 92.26    Compiling phf_shared v0.11.3
2026-09-07T23:48:58.3601819Z #38 92.40    Compiling utf-8 v0.7.6
2026-09-07T23:48:58.5300258Z #38 92.56    Compiling cmov v0.5.4
2026-09-07T23:48:58.7038048Z #38 92.74    Compiling ctutils v0.4.2
2026-09-07T23:48:58.7856738Z #38 92.97    Compiling phf_generator v0.11.3
2026-09-07T23:48:59.4360261Z #38 93.62    Compiling lazy-regex-proc_macros v3.6.0
2026-09-07T23:49:00.4095303Z #38 ...
2026-09-07T23:49:00.4095905Z 
2026-09-07T23:49:00.4097377Z #37 [go-tools 2/2] RUN GOTOOLCHAIN=auto GOBIN=/zoekt-bin     go install github.com/sourcegraph/zoekt/cmd/zoekt-index@latest &&     GOTOOLCHAIN=auto GOBIN=/zoekt-bin     go install github.com/sourcegraph/zoekt/cmd/zoekt-webserver@latest
2026-09-07T23:49:00.4099116Z #37 DONE 98.5s
2026-09-07T23:49:00.6118496Z 
2026-09-07T23:49:00.6120609Z #38 [rust-tools 2/2] RUN cargo install     --git https://github.com/jelmer/debian-lsp     --rev "daee711aba7282a6e79344c71dcaf85593c54040"     --locked     --no-default-features     --features scip     --root /opt/debian-lsp     debian-lsp   && rm -rf /usr/local/cargo/git /usr/local/cargo/registry
2026-09-07T23:49:00.6122650Z #38 94.60    Compiling phf_generator v0.10.0
2026-09-07T23:49:00.6123247Z #38 94.67    Compiling rustls-pki-types v1.14.1
2026-09-07T23:49:00.6123810Z #38 94.69    Compiling block-buffer v0.12.1
2026-09-07T23:49:00.6124316Z #38 94.80    Compiling crypto-common v0.2.2
2026-09-07T23:49:01.8743580Z #38 96.02    Compiling thiserror-impl v2.0.18
2026-09-07T23:49:02.2602249Z #38 96.45    Compiling phf_shared v0.13.1
2026-09-07T23:49:02.6251816Z #38 96.81    Compiling fastrand v2.4.1
2026-09-07T23:49:02.9974306Z #38 96.98    Compiling bitflags v2.13.0
2026-09-07T23:49:02.9975243Z #38 97.03    Compiling httparse v1.10.1
2026-09-07T23:49:03.1021792Z #38 97.29    Compiling phf_generator v0.13.1
2026-09-07T23:49:03.2161015Z #38 97.40    Compiling digest v0.11.3
2026-09-07T23:49:03.4549627Z #38 97.42    Compiling phf_codegen v0.10.0
2026-09-07T23:49:03.4550520Z #38 97.45    Compiling lazy-regex v3.6.0
2026-09-07T23:49:03.4552065Z #38 97.49    Compiling string_cache_codegen v0.5.4
2026-09-07T23:49:03.9351637Z #38 97.98    Compiling
2026-09-07T23:49:03.9352657Z #38 ...
2026-09-07T23:49:03.9353100Z 
2026-09-07T23:49:03.9353568Z #39 [runtime  4/27] COPY --from=go-tools /usr/local/go /usr/local/go
2026-09-07T23:49:03.9354262Z #39 DONE 2.1s
2026-09-07T23:49:03.9354583Z 
2026-09-07T23:49:03.9355064Z #40 [runtime  5/27] COPY --from=go-tools /zoekt-bin/zoekt-index /usr/local/bin/zoekt-index
2026-09-07T23:49:03.9355873Z #40 DONE 0.0s
2026-09-07T23:49:03.9356173Z 
2026-09-07T23:49:03.9358234Z #38 [rust-tools 2/2] RUN cargo install     --git https://github.com/jelmer/debian-lsp     --rev "daee711aba7282a6e79344c71dcaf85593c54040"     --locked     --no-default-features     --features scip     --root /opt/debian-lsp     debian-lsp   && rm -rf /usr/local/cargo/git /usr/local/cargo/registry
2026-09-07T23:49:03.9360267Z #38 97.98    Compiling http-body v1.0.1
2026-09-07T23:49:04.1001441Z #38 98.11    Compiling#38 ...
2026-09-07T23:49:04.1001967Z 
2026-09-07T23:49:04.1002860Z #41 [runtime  6/27] COPY --from=go-tools /zoekt-bin/zoekt-webserver /usr/local/bin/zoekt-webserver
2026-09-07T23:49:04.1003634Z #41 DONE 0.1s
2026-09-07T23:49:04.1003897Z 
2026-09-07T23:49:04.1005387Z #38 [rust-tools 2/2] RUN cargo install     --git https://github.com/jelmer/debian-lsp     --rev "daee711aba7282a6e79344c71dcaf85593c54040"     --locked     --no-default-features     --features scip     --root /opt/debian-lsp     debian-lsp   && rm -rf /usr/local/cargo/git /usr/local/cargo/registry
2026-09-07T23:49:04.1007315Z #38 98.11    Compiling tokio-util v0.7.18
2026-09-07T23:49:04.3640150Z #38 98.40    Compiling num-integer v0.1.46
2026-09-07T23:49:05.0131861Z #38 99.05    Compiling untrusted v0.9.0
2026-09-07T23:49:05.0145151Z #38 99.20    Compiling thiserror v1.0.69
2026-09-07T23:49:05.2126504Z #38 99.40    Compiling rustls v0.23.40
2026-09-07T23:49:05.3275357Z #38 99.44    Compiling tower-service v0.3.3
2026-09-07T23:49:05.3276044Z #38 99.47    Compiling mac v0.1.1
2026-09-07T23:49:05.3276530Z #38 99.51    Compiling futf v0.1.5
2026-09-07T23:49:05.5727747Z #38 ...
2026-09-07T23:49:05.5728382Z 
2026-09-07T23:49:05.5728882Z #42 [runtime  7/27] COPY --from=node-tools /usr/local/ /usr/local/
2026-09-07T23:49:05.5729625Z #42 DONE 1.6s
2026-09-07T23:49:05.7252430Z 
2026-09-07T23:49:05.7254645Z #38 [rust-tools 2/2] RUN cargo install     --git https://github.com/jelmer/debian-lsp     --rev "daee711aba7282a6e79344c71dcaf85593c54040"     --locked     --no-default-features     --features scip     --root /opt/debian-lsp     debian-lsp   && rm -rf /usr/local/cargo/git /usr/local/cargo/registry
2026-09-07T23:49:05.7256622Z #38 99.84    Compiling num-bigint v0.4.6
2026-09-07T23:49:05.7257276Z #38 99.91    Compiling markup5ever v0.11.0
2026-09-07T23:49:06.4719321Z #38 100.7    Compiling block-buffer v0.10.4
2026-09-07T23:49:06.6975607Z #38 100.7    Compiling crypto-common v0.1.7
2026-09-07T23:49:06.9453935Z #38 101.0    Compiling thiserror-impl v1.0.69
2026-09-07T23:49:08.1310470Z #38 102.2    Compiling tinyvec_macros v0.1.1
2026-09-07T23:49:08.1311169Z #38 102.2    Compiling try-lock v0.2.5
2026-09-07T23:49:08.1311782Z #38 102.3    Compiling atomic-waker v1.1.2
2026-09-07T23:49:08.3661805Z #38 102.4    Compiling subtle v2.6.1
2026-09-07T23:49:08.6967663Z #38 102.9    Compiling heck v0.5.0
2026-09-07T23:49:08.8667340Z #38 103.0    Compiling cpufeatures v0.3.0
2026-09-07T23:49:08.8667999Z #38 103.1    Compiling fnv v1.0.7
2026-09-07T23:49:09.0571460Z #38 103.1    Compiling rand_core v0.10.1
2026-09-07T23:49:09.0572010Z #38 103.1    Compiling h2 v0.4.15
2026-09-07T23:49:10.1161947Z #38 104.3    Compiling hashbrown v0.16.1
2026-09-07T23:49:10.6932750Z #38 104.9    Compiling want v0.3.1
2026-09-07T23:49:10.8064379Z #38 105.0    Compiling tinyvec v1.11.0
2026-09-07T23:49:11.5990249Z #38 105.8    Compiling debversion v0.5.4
2026-09-07T23:49:13.3649298Z #38 107.5    Compiling string_cache v0.8.9
2026-09-07T23:49:13.7451212Z #38 107.8    Compiling digest v0.10.7
2026-09-07T23:49:14.3356487Z #38 108.4    Compiling phf v0.10.1
2026-09-07T23:49:14.3358056Z #38 108.5    Compiling tendril v0.4.3
2026-09-07T23:49:14.4870686Z #38 108.5    Compiling concurrent-queue v2.5.0
2026-09-07T23:49:14.6670188Z #38 108.7    Compiling string_cache_codegen v0.6.1
2026-09-07T23:49:14.6670754Z #38 108.7    Compiling phf_codegen v0.13.1
2026-09-07T23:49:14.8513613Z #38 109.0    Compiling sync_wrapper v1.0.2
2026-09-07T23:49:15.0599167Z #38 109.1    Compiling anyhow v1.0.102
2026-09-07T23:49:15.3148699Z #38 109.4    Compiling parking v2.2.1
2026-09-07T23:49:15.3168270Z #38 109.4    Compiling tower-layer v0.3.3
2026-09-07T23:49:15.3169002Z #38 109.5    Compiling cpufeatures v0.2.17
2026-09-07T23:49:15.3169954Z #38 109.5    Compiling ucd-trie v0.1.7
2026-09-07T23:49:15.4460234Z #38 109.6    Compiling crc-catalog v2.5.0
2026-09-07T23:49:15.4461533Z #38 109.6    Compiling utf8parse v0.2.2
2026-09-07T23:49:16.6511531Z #38 110.7    Compiling anstyle-parse v1.0.0
2026-09-07T23:49:16.7926578Z #38 110.8    Compiling crc v3.4.0
2026-09-07T23:49:16.7927841Z #38 111.0    Compiling pest v2.8.6
2026-09-07T23:49:18.0042049Z #38 112.2    Compiling sha2 v0.10.9
2026-09-07T23:49:18.1949329Z #38 112.2    Compiling tower v0.5.3
2026-09-07T23:49:18.4415795Z #38 112.5    Compiling event-listener v5.4.1
2026-09-07T23:49:18.7328233Z #38 112.8    Compiling web_atoms v0.2.5
2026-09-07T23:49:19.0346372Z #38 113.1    Compiling futures-intrusive v0.5.0
2026-09-07T23:49:19.4400861Z #38 113.6    Compiling hyper v1.10.1
2026-09-07T23:49:19.8543217Z #38 113.9    Compiling tokio-stream v0.1.18
2026-09-07T23:49:20.2078186Z #38 114.2    Compiling unicode-normalization v0.1.25
2026-09-07T23:49:20.5660977Z #38 114.6    Compiling hashlink v0.11.1
2026-09-07T23:49:20.5661760Z #38 114.8    Compiling chacha20 v0.10.0
2026-09-07T23:49:20.9113246Z #38 115.0    Compiling crossbeam-queue v0.3.12
2026-09-07T23:49:20.9114498Z #38 115.0    Compiling hmac v0.13.0
2026-09-07T23:49:20.9115096Z #38 115.1    Compiling html5ever v0.26.0
2026-09-07T23:49:20.9115637Z #38 115.1    Compiling deb822-lossless v0.5.18
2026-09-07T23:49:22.2575561Z #38 116.3    Compiling either v1.16.0
2026-09-07T23:49:22.5088806Z #38 116.7    Compiling deb822-derive v0.3.1
2026-09-07T23:49:22.9266206Z #38 117.0    Compiling encoding_rs v0.8.35
2026-09-07T23:49:23.5025104Z #38 117.7    Compiling winnow v1.0.3
2026-09-07T23:49:24.9168797Z #38 119.1    Compiling ref-cast v1.0.25
2026-09-07T23:49:25.0345324Z #38 119.2    Compiling colorchoice v1.0.5
2026-09-07T23:49:25.1799167Z #38 119.2    Compiling unicode-properties v0.1.4
2026-09-07T23:49:25.3428259Z #38 119.4    Compiling anstyle v1.0.14
2026-09-07T23:49:25.3429224Z #38 119.4    Compiling lazy_static v1.5.0
2026-09-07T23:49:25.3752395Z #38 119.6    Compiling is_terminal_polyfill v1.70.2
2026-09-07T23:49:25.5751321Z #38 119.6    Compiling openssl-probe v0.2.1
2026-09-07T23:49:25.5752617Z #38 119.6    Compiling unicode-bidi v0.3.18
2026-09-07T23:49:25.7701500Z #38 119.8    Compiling ipnet v2.12.0
2026-09-07T23:49:25.8607642Z #38 120.0    Compiling unicode-width v0.2.2
2026-09-07T23:49:26.1868359Z #38 120.3    Compiling object v0.37.3
2026-09-07T23:49:26.1869055Z #38 120.4    Compiling anstyle-query v1.1.5
2026-09-07T23:49:26.3794892Z #38 120.4    Compiling anstream v1.0.0
2026-09-07T23:49:26.8319304Z #38 120.9    Compiling hyper-util v0.1.20
2026-09-07T23:49:26.9838438Z #38 121.0    Compiling stringprep v0.1.5
2026-09-07T23:49:27.1836141Z #38 121.4    Compiling rustls-native-certs v0.8.4
2026-09-07T23:49:27.9061660Z #38 122.1    Compiling sqlx-core v0.9.0
2026-09-07T23:49:28.0179484Z #38 122.2    Compiling toml_parser v1.1.2+spec-1.1.0
2026-09-07T23:49:29.9810290Z #38 124.0    Compiling deb822-fast v0.2.3
2026-09-07T23:49:30.2406374Z #38 124.3    Compiling hkdf v0.13.0
2026-09-07T23:49:30.4531589Z #38 124.5    Compiling rand v0.10.1
2026-09-07T23:49:31.0425507Z #38 125.1    Compiling atoi v2.0.0
2026-09-07T23:49:31.1934100Z #38 125.2    Compiling pest_meta v2.8.6
2026-09-07T23:49:31.3074305Z #38 125.5    Compiling string_cache v0.9.0
2026-09-07T23:49:31.6773309Z #38 125.7    Compiling phf v0.13.1
2026-09-07T23:49:31.8283780Z #38 125.9    Compiling sha2 v0.11.0
2026-09-07T23:49:32.0062860Z #38 126.0    Compiling md-5 v0.11.0
2026-09-07T23:49:32.1823102Z #38 126.2    Compiling crossbeam-epoch v0.9.18
2026-09-07T23:49:32.5515624Z #38 126.7    Compiling ref-cast-impl v1.0.25
2026-09-07T23:49:32.8916693Z #38 126.8    Compiling memoffset v0.9.1
2026-09-07T23:49:32.8917427Z #38 126.9    Compiling clap_lex v1.1.0
2026-09-07T23:49:33.1971511Z #38 127.2    Compiling ryu v1.0.23
2026-09-07T23:49:33.1972219Z #38 127.2    Compiling strsim v0.11.1
2026-09-07T23:49:33.4558113Z #38 127.5    Compiling byteorder v1.5.0
2026-09-07T23:49:33.6197551Z #38 127.7    Compiling adler2 v2.0.1
2026-09-07T23:49:33.6198416Z #38 127.8    Compiling unicode-xid v0.2.6
2026-09-07T23:49:33.8648169Z #38 127.8    Compiling rayon-core v1.13.0
2026-09-07T23:49:33.8648790Z #38 127.9    Compiling toml_writer v1.1.1+spec-1.1.0
2026-09-07T23:49:33.8651941Z #38 127.9    Compiling hex v0.4.3
2026-09-07T23:49:33.9241929Z #38 128.1    Compiling gimli v0.32.3
2026-09-07T23:49:34.0914520Z #38 128.1    Compiling whoami v2.1.2
2026-09-07T23:49:34.0915384Z #38 128.1    Compiling dotenvy v0.15.7
2026-09-07T23:49:34.3213084Z #38 128.3    Compiling failure_derive v0.1.8
2026-09-07T23:49:34.3213880Z #38 128.4    Compiling sqlx-postgres v0.9.0
2026-09-07T23:49:36.2097867Z #38 130.2    Compiling synstructure v0.12.6
2026-09-07T23:49:36.7287710Z #38 130.8    Compiling addr2line v0.25.1
2026-09-07T23:49:37.3869737Z #38 131.4    Compiling miniz_oxide v0.8.9
2026-09-07T23:49:37.8982194Z #38 131.9    Compiling clap_builder v4.6.0
2026-09-07T23:49:38.1480304Z #38 132.2    Compiling crossbeam-deque v0.8.6
2026-09-07T23:49:38.6297941Z #38 132.8    Compiling pest_generator v2.8.6
2026-09-07T23:49:40.4658326Z #38 134.5    Compiling document_tree v0.4.2
2026-09-07T23:49:45.9397807Z #38 140.0    Compiling charset v0.1.5
2026-09-07T23:49:46.1946112Z #38 140.2    Compiling xml5ever v0.17.0
2026-09-07T23:49:46.4716752Z #38 140.7    Compiling tower-http v0.6.11
2026-09-07T23:49:47.2227390Z #38 141.4    Compiling clap_derive v4.6.1
2026-09-07T23:49:47.5002393Z #38 141.5    Compiling http-body-util v0.1.3
2026-09-07T23:49:47.7271006Z #38 141.8    Compiling tendril v0.5.0
2026-09-07T23:49:47.9936044Z #38 142.0    Compiling futures-executor v0.3.32
2026-09-07T23:49:49.0022616Z #38 143.0    Compiling toml_datetime v0.7.5+spec-1.1.0
2026-09-07T23:49:49.2128522Z #38 143.4    Compiling serde_spanned v1.1.1
2026-09-07T23:49:49.3429683Z #38 143.4    Compiling bit-vec v0.6.3
2026-09-07T23:49:49.3430554Z #38 143.5    Compiling smawk v0.3.3
2026-09-07T23:49:49.3431282Z #38 143.5    Compiling foldhash v0.1.5
2026-09-07T23:49:49.7244878Z #38 143.8    Compiling mime v0.3.17
2026-09-07T23:49:49.9441229Z #38 144.1    Compiling unicode-linebreak v0.1.5
2026-09-07T23:49:50.1100317Z #38 144.1    Compiling quoted_printable v0.5.2
2026-09-07T23:49:50.2781502Z #38 144.3    Compiling data-encoding v2.11.0
2026-09-07T23:49:50.4289850Z #38 144.5    Compiling rustc-demangle v0.1.27
2026-09-07T23:49:51.2870110Z #38 145.3    Compiling xml v1.3.0
2026-09-07T23:49:51.6353937Z #38 145.6    Compiling borrow-or-share v0.2.4
2026-09-07T23:49:51.6354770Z #38 145.7    Compiling xml-rs v0.8.28
2026-09-07T23:49:53.0937773Z #38 147.3    Compiling typeid v1.0.3
2026-09-07T23:49:53.3314585Z #38 147.4    Compiling protobuf v3.7.2
2026-09-07T23:49:53.3315335Z #38 147.5    Compiling pulldown-cmark v0.13.4
2026-09-07T23:49:53.5370946Z #38 147.6    Compiling portable-atomic v1.13.1
2026-09-07T23:49:53.6821470Z #38 147.9    Compiling winnow v0.7.15
2026-09-07T23:49:54.7139357Z #38 148.9    Compiling serde-xml-rs v0.5.1
2026-09-07T23:49:55.7598246Z #38 149.8    Compiling toml v0.9.12+spec-1.1.0
2026-09-07T23:49:56.0090501Z #38 150.0    Compiling xmltree v0.12.0
2026-09-07T23:49:56.2234500Z #38 150.3    Compiling fluent-uri v0.4.1
2026-09-07T23:49:57.3838352Z #38 151.4    Compiling backtrace v0.3.76
2026-09-07T23:49:57.7498657Z #38 151.8    Compiling mailparse v0.16.1
2026-09-07T23:50:00.8859973Z #38 154.9    Compiling textwrap v0.16.2
2026-09-07T23:50:02.6638365Z #38 156.6    Compiling hashbrown v0.15.5
2026-09-07T23:50:02.6639087Z #38 156.7    Compiling bit-set v0.5.3
2026-09-07T23:50:02.9478090Z #38 156.9    Compiling clap v4.6.1
2026-09-07T23:50:02.9479084Z #38 157.0    Compiling futures v0.3.32
2026-09-07T23:50:02.9479858Z #38 157.0    Compiling markup5ever v0.39.0
2026-09-07T23:50:03.2078172Z #38 157.2    Compiling markup5ever_rcdom v0.2.0
2026-09-07T23:50:03.8209747Z #38 157.9    Compiling pest_derive v2.8.6
2026-09-07T23:50:03.8944233Z #38 158.1    Compiling sqlx-macros-core v0.9.0
2026-09-07T23:50:05.5369494Z #38 159.7    Compiling getopts v0.2.24
2026-09-07T23:50:06.7539625Z #38 160.9    Compiling protobuf-support v3.7.2
2026-09-07T23:50:07.8184652Z #38 161.9    Compiling m_lexer v0.0.4
2026-09-07T23:50:07.9352863Z #38 162.1    Compiling csv-core v0.1.13
2026-09-07T23:50:08.4076164Z #38 162.4    Compiling upstream-ontologist v0.3.21
2026-09-07T23:50:08.5396001Z #38 162.7    Compiling pulldown-cmark-escape v0.11.0
2026-09-07T23:50:08.7618418Z #38 162.8    Compiling whoami v1.6.1
2026-09-07T23:50:09.0093745Z #38 163.2    Compiling unicase v2.9.0
2026-09-07T23:50:09.3715818Z #38 163.4    Compiling bit-vec v0.9.1
2026-09-07T23:50:09.4542901Z #38 163.6    Compiling maplit v1.0.2
2026-09-07T23:50:09.6337542Z #38 163.7    Compiling unsafe-libyaml v0.2.11
2026-09-07T23:50:10.2624049Z #38 164.3    Compiling bit-set v0.10.0
2026-09-07T23:50:10.2624880Z #38 164.4    Compiling serde_yaml v0.9.34+deprecated
2026-09-07T23:50:14.6766425Z #38 168.7    Compiling debian-changelog v0.2.24
2026-09-07T23:50:19.3710236Z #38 173.4    Compiling csv v1.4.0
2026-09-07T23:50:20.0590496Z #38 174.2    Compiling debian-watch v0.4.12
2026-09-07T23:50:25.8208158Z #38 179.9    Compiling failure v0.1.8
2026-09-07T23:50:25.9282070Z #38 180.1    Compiling sqlx-macros v0.9.0
2026-09-07T23:50:26.8951661Z #38 180.9    Compiling rayon v1.12.0
2026-09-07T23:50:29.3040006Z #38 183.3    Compiling intrusive-collections v0.9.7
2026-09-07T23:50:29.5860377Z #38 183.8    Compiling rst_parser v0.4.2
2026-09-07T23:50:41.7918400Z #38 195.8    Compiling rustls-webpki v0.103.13
2026-09-07T23:50:42.3012666Z #38 196.3    Compiling select v0.6.1
2026-09-07T23:50:46.8205637Z #38 201.0    Compiling hashlink v0.10.0
2026-09-07T23:50:47.2957317Z #38 201.3    Compiling html5ever v0.39.0
2026-09-07T23:50:48.8450273Z #38 202.9    Compiling tokio-rustls v0.26.4
2026-09-07T23:50:49.1015247Z #38 203.1    Compiling hyper-rustls v0.27.9
2026-09-07T23:50:49.4185701Z #38 203.5    Compiling rustls-platform-verifier v0.7.0
2026-09-07T23:50:50.0279598Z #38 204.1    Compiling reqwest v0.13.4
2026-09-07T23:50:58.3968441Z #38 212.4    Compiling debbugs v0.1.9
2026-09-07T23:51:02.2983330Z #38 216.3    Compiling ls-types v0.0.6
2026-09-07T23:51:03.9504534Z #38 218.0    Compiling cargo_toml v0.22.3
2026-09-07T23:51:09.2399731Z #38 223.3    Compiling rst_renderer v0.4.2
2026-09-07T23:51:10.5073473Z #38 224.5    Compiling debian-control v0.3.13
2026-09-07T23:51:11.3663237Z #38 225.4    Compiling debian-copyright v0.1.53
2026-09-07T23:51:13.7816288Z #38 227.8    Compiling sharded-slab v0.1.7
2026-09-07T23:51:14.3686734Z #38 228.4    Compiling makefile-lossless v0.3.40
2026-09-07T23:51:14.6977212Z #38 228.7    Compiling dashmap v6.2.1
2026-09-07T23:51:15.1051323Z #38 229.3    Compiling tracing-log v0.2.0
2026-09-07T23:51:15.5590449Z #38 229.6    Compiling salsa-macros v0.26.2
2026-09-07T23:51:17.3927873Z #38 231.4    Compiling async-trait v0.1.89
2026-09-07T23:51:18.1222719Z #38 232.2    Compiling semver v1.0.28
2026-09-07T23:51:18.7826312Z #38 232.8    Compiling thread_local v1.1.9
2026-09-07T23:51:18.9829159Z #38 233.1    Compiling inventory v0.3.24
2026-09-07T23:51:18.9832310Z #38 233.1    Compiling salsa-macro-rules v0.26.2
2026-09-07T23:51:19.1344983Z #38 233.2    Compiling toml_datetime v1.1.1+spec-1.1.0
2026-09-07T23:51:19.4604650Z #38 233.5    Compiling configparser v3.2.0
2026-09-07T23:51:20.5038579Z #38 234.5    Compiling thin-vec v0.2.18
2026-09-07T23:51:20.7929335Z #38 234.8    Compiling boxcar v0.2.14
2026-09-07T23:51:21.1048124Z #38 235.3    Compiling rustc-hash v2.1.2
2026-09-07T23:51:21.3264579Z #38 235.3    Compiling nu-ansi-term v0.50.3
2026-09-07T23:51:21.3265287Z #38 235.4    Compiling salsa v0.26.2
2026-09-07T23:51:21.7990867Z #38 235.8    Compiling tracing-subscriber v0.3.23
2026-09-07T23:51:25.4849479Z #38 239.5    Compiling toml_edit v0.25.12+spec-1.1.0
2026-09-07T23:51:26.9138636Z #38 240.9    Compiling tower-lsp-server v0.23.0
2026-09-07T23:51:28.9571085Z #38 243.0    Compiling scip v0.9.0
2026-09-07T23:51:31.3849176Z #38 245.4    Compiling sqlx v0.9.0
2026-09-07T23:51:32.1644165Z #38 246.2    Compiling distro-info v0.4.0
2026-09-07T23:51:32.4296778Z #38 246.5    Compiling patchkit v0.3.3
2026-09-07T23:51:37.8400239Z #38 251.9    Compiling dep3 v0.2.4
2026-09-07T23:51:39.2728615Z #38 253.3    Compiling lintian-overrides v0.1.7
2026-09-07T23:51:39.4985558Z #38 253.5    Compiling yaml-edit v0.2.2
2026-09-07T23:51:40.7661865Z #38 254.8    Compiling lru v0.18.0
2026-09-07T23:51:50.9855697Z #38 265.2    Compiling debian-lsp v0.1.10 (/usr/local/cargo/git/checkouts/debian-lsp-eefd857b6deea7d3/daee711)
2026-09-07T23:51:52.9978368Z #38 267.2 warning: function `get_code_actions` is never used
2026-09-07T23:51:52.9979816Z #38 267.2  --> src/debhelper/actions.rs:9:8
2026-09-07T23:51:52.9980471Z #38 267.2   |
2026-09-07T23:51:52.9980876Z #38 267.2 9 | pub fn get_code_actions(
2026-09-07T23:51:52.9981333Z #38 267.2   |        ^^^^^^^^^^^^^^^^
2026-09-07T23:51:52.9981879Z #38 267.2   |
2026-09-07T23:51:52.9982457Z #38 267.2   = note: `#[warn(dead_code)]` (part of `#[warn(unused)]`) on by default
2026-09-07T23:51:52.9983137Z #38 267.2 
2026-09-07T23:51:53.1489584Z #38 267.2 warning: function `format_debhelper` is never used
2026-09-07T23:51:53.1490234Z #38 267.2   --> src/debhelper/actions.rs:68:8
2026-09-07T23:51:53.1490697Z #38 267.2    |
2026-09-07T23:51:53.1491202Z #38 267.2 68 | pub fn format_debhelper(source_text: &str) -> Option<String> {
2026-09-07T23:51:53.1491762Z #38 267.2    |        ^^^^^^^^^^^^^^^^
2026-09-07T23:51:53.1492126Z #38 267.2 
2026-09-07T23:51:53.1492516Z #38 267.2 warning: struct `ParseError` is never constructed
2026-09-07T23:51:53.1493052Z #38 267.2    --> src/debhelper/parser.rs:135:12
2026-09-07T23:51:53.1493469Z #38 267.2     |
2026-09-07T23:51:53.1493778Z #38 267.2 135 | pub struct ParseError {
2026-09-07T23:51:53.1494149Z #38 267.2     |            ^^^^^^^^^^
2026-09-07T23:51:53.1494510Z #38 267.2 
2026-09-07T23:51:53.1494886Z #38 267.2 warning: enum `ParseErrorKind` is never used
2026-09-07T23:51:53.1495397Z #38 267.2    --> src/debhelper/parser.rs:142:10
2026-09-07T23:51:53.1495839Z #38 267.2     |
2026-09-07T23:51:53.1496182Z #38 267.2 142 | pub enum ParseErrorKind {
2026-09-07T23:51:53.1496623Z #38 267.2     |          ^^^^^^^^^^^^^^
2026-09-07T23:51:53.1497235Z #38 267.2 
2026-09-07T23:51:53.1497636Z #38 267.2 warning: methods `errors` and `render` are never used
2026-09-07T23:51:53.1498195Z #38 267.2    --> src/debhelper/parser.rs:155:12
2026-09-07T23:51:53.1498623Z #38 267.2     |
2026-09-07T23:51:53.1498951Z #38 267.2 151 | impl Line {
2026-09-07T23:51:53.1499409Z #38 267.2     | --------- methods in this implementation
2026-09-07T23:51:53.1499890Z #38 267.2 ...
2026-09-07T23:51:53.1500294Z #38 267.2 155 |     pub fn errors(&self) -> Vec<ParseError> {
2026-09-07T23:51:53.1500746Z #38 267.2     |            ^^^^^^
2026-09-07T23:51:53.1501080Z #38 267.2 ...
2026-09-07T23:51:53.1501477Z #38 267.2 175 |     pub fn render(&self, line: &str) -> Option<String> {
2026-09-07T23:51:53.1502523Z #38 267.2     |            ^^^^^^
2026-09-07T23:51:53.1502873Z #38 267.2 
2026-09-07T23:51:53.1503237Z #38 267.2 warning: function `wrap_and_sort` is never used
2026-09-07T23:51:53.1503745Z #38 267.2    --> src/debhelper/parser.rs:196:8
2026-09-07T23:51:53.1504160Z #38 267.2     |
2026-09-07T23:51:53.1504551Z #38 267.2 196 | pub fn wrap_and_sort(text: &str) -> String {
2026-09-07T23:51:53.1504992Z #38 267.2     |        ^^^^^^^^^^^^^
2026-09-07T23:51:53.1505325Z #38 267.2 
2026-09-07T23:51:53.1505700Z #38 267.2 warning: function `staged_candidates` is never used
2026-09-07T23:51:53.1515543Z #38 267.2   --> src/debhelper/source.rs:20:15
2026-09-07T23:51:53.1516083Z #38 267.2    |
2026-09-07T23:51:53.1516885Z #38 267.2 20 | pub(crate) fn staged_candidates(debian_dir: &Path, prefix: &str) -> Vec<CompletionItem> {
2026-09-07T23:51:53.1517922Z #38 267.2    |               ^^^^^^^^^^^^^^^^^
2026-09-07T23:51:53.1518339Z #38 267.2 
2026-09-07T23:51:53.1518726Z #38 267.2 warning: function `source_candidates` is never used
2026-09-07T23:51:53.1519266Z #38 267.2   --> src/source_scan.rs:39:8
2026-09-07T23:51:53.1519674Z #38 267.2    |
2026-09-07T23:51:53.1520518Z #38 267.2 39 | pub fn source_candidates(root: &Path, prefix: &str) -> Vec<CompletionItem> {
2026-09-07T23:51:53.1521206Z #38 267.2    |        ^^^^^^^^^^^^^^^^^
2026-09-07T23:51:53.1521596Z #38 267.2 
2026-09-07T23:52:26.4609918Z #38 300.6 warning: `debian-lsp` (bin "debian-lsp") generated 8 warnings
2026-09-07T23:52:26.4610673Z #38 300.6     Finished `release` profile [optimized] target(s) in 5m 00s
2026-09-07T23:52:26.6407165Z #38 300.7   Installing /opt/debian-lsp/bin/debian-lsp
2026-09-07T23:52:26.6408583Z #38 300.7    Installed package `debian-lsp v0.1.10 (https://github.com/jelmer/debian-lsp?rev=daee711aba7282a6e79344c71dcaf85593c54040#daee711a)` (executable `debian-lsp`)
2026-09-07T23:52:26.6544541Z #38 300.8 warning: be sure to add `/opt/debian-lsp/bin` to your PATH to be able to run the installed binaries
2026-09-07T23:52:27.2254157Z #38 DONE 301.4s
2026-09-07T23:52:27.4256800Z 
2026-09-07T23:52:27.4257654Z #43 [runtime  8/27] COPY --from=rust-tools /usr/local/cargo /usr/local/cargo
2026-09-07T23:52:27.4258196Z #43 DONE 0.0s
2026-09-07T23:52:27.8022759Z 
2026-09-07T23:52:27.8024089Z #44 [runtime  9/27] COPY --from=rust-tools /usr/local/rustup /usr/local/rustup
2026-09-07T23:52:29.2043714Z #44 DONE 1.4s
2026-09-07T23:52:29.4473973Z 
2026-09-07T23:52:29.4474803Z #45 [runtime 10/27] COPY --from=rust-tools /opt/debian-lsp/bin/debian-lsp /usr/local/bin/debian-lsp
2026-09-07T23:52:29.4475451Z #45 DONE 0.1s
2026-09-07T23:52:29.4475625Z 
2026-09-07T23:52:29.4475938Z #46 [runtime 11/27] COPY --from=dotnet-tools /usr/share/dotnet /usr/share/dotnet
2026-09-07T23:52:30.9714250Z #46 DONE 1.7s
2026-09-07T23:52:31.1227207Z 
2026-09-07T23:52:31.1227958Z #47 [runtime 12/27] COPY --from=dotnet-tools /opt/dotnet-tools /opt/dotnet-tools
2026-09-07T23:52:32.8061032Z #47 DONE 1.8s
2026-09-07T23:52:32.9573545Z 
2026-09-07T23:52:32.9574451Z #48 [runtime 13/27] COPY --from=dart-tools /usr/lib/dart /usr/lib/dart
2026-09-07T23:52:34.4071549Z #48 DONE 1.6s
2026-09-07T23:52:34.5584358Z 
2026-09-07T23:52:34.5585265Z #49 [runtime 14/27] COPY --from=dart-tools /opt/pub-cache /opt/pub-cache
2026-09-07T23:52:35.0738093Z #49 DONE 0.7s
2026-09-07T23:52:35.2253364Z 
2026-09-07T23:52:35.2254372Z #50 [runtime 15/27] COPY --from=release-tools /out/ /usr/local/bin/
2026-09-07T23:52:36.0468785Z #50 DONE 1.0s
2026-09-07T23:52:36.1977525Z 
2026-09-07T23:52:36.1979939Z #51 [runtime 16/27] RUN ln -s /usr/share/dotnet/dotnet /usr/local/bin/dotnet   && ln -s /usr/lib/dart/bin/dart /usr/local/bin/dart   && composer global require     --no-interaction     --no-progress     --prefer-dist     "davidrjenni/scip-php:0.0.2"   && ln -s /opt/composer/vendor/bin/scip-php /usr/local/bin/scip-php   && composer clear-cache   && for binary in     go node npm python3 javac mvn rustc cargo clang ruby dotnet dart php     scip-go scip-typescript scip-python scip-java scip-clang scip-ruby     scip-dotnet scip_dart scip-php debian-lsp rust-analyzer ast-grep scip;     do command -v "${binary}"; done   && ! command -v src   && ! command -v sourcegraph-cli
2026-09-07T23:52:36.2087347Z #51 0.162 Changed current directory to /opt/composer
2026-09-07T23:52:36.4174399Z #51 0.203 ./composer.json has been created
2026-09-07T23:52:36.4174903Z #51 0.217 Running composer update davidrjenni/scip-php
2026-09-07T23:52:36.4175354Z #51 0.220 Loading composer repositories with package information
2026-09-07T23:52:37.9061022Z #51 1.859 Updating dependencies
2026-09-07T23:52:38.0644744Z #51 1.863 Lock file operations: 7 installs, 0 updates, 0 removals
2026-09-07T23:52:38.0645446Z #51 1.863   - Locking composer/class-map-generator (1.7.3)
2026-09-07T23:52:38.0645849Z #51 1.863   - Locking composer/pcre (3.4.0)
2026-09-07T23:52:38.0646151Z #51 1.863   - Locking davidrjenni/scip-php (v0.0.2)
2026-09-07T23:52:38.0646456Z #51 1.863   - Locking google/protobuf (v3.25.9)
2026-09-07T23:52:38.0646795Z #51 1.863   - Locking jetbrains/phpstorm-stubs (v2022.3)
2026-09-07T23:52:38.0647281Z #51 1.863   - Locking nikic/php-parser (v4.19.5)
2026-09-07T23:52:38.0647577Z #51 1.863   - Locking symfony/finder (v7.4.17)
2026-09-07T23:52:38.0648169Z #51 1.863 Writing lock file
2026-09-07T23:52:38.0648505Z #51 1.863 Installing dependencies from lock file (including require-dev)
2026-09-07T23:52:38.0648921Z #51 1.864 Package operations: 7 installs, 0 updates, 0 removals
2026-09-07T23:52:38.0649477Z #51 1.866     Failed to download composer/pcre from dist: The zip extension and unzip/7z commands are both missing, skipping.
2026-09-07T23:52:38.0650112Z #51 1.866 Your command-line PHP is using multiple ini files. Run `php --ini` to show them.
2026-09-07T23:52:38.0650527Z #51 1.866     Now trying to download from source
2026-09-07T23:52:38.0650831Z #51 1.867   - Syncing composer/pcre (3.4.0) into cache
2026-09-07T23:52:38.6388038Z #51 2.591     Failed to download nikic/php-parser from dist: The zip extension and unzip/7z commands are both missing, skipping.
2026-09-07T23:52:38.6389006Z #51 2.591 Your command-line PHP is using multiple ini files. Run `php --ini` to show them.
2026-09-07T23:52:38.6389546Z #51 2.591     Now trying to download from source
2026-09-07T23:52:38.7891556Z #51 2.592   - Syncing nikic/php-parser (v4.19.5) into cache
2026-09-07T23:52:40.6786291Z #51 4.631     Failed to download jetbrains/phpstorm-stubs from dist: The zip extension and unzip/7z commands are both missing, skipping.
2026-09-07T23:52:40.6787952Z #51 4.631 Your command-line PHP is using multiple ini files. Run `php --ini` to show them.
2026-09-07T23:52:40.6788878Z #51 4.631     Now trying to download from source
2026-09-07T23:52:40.6789731Z #51 4.631   - Syncing jetbrains/phpstorm-stubs (v2022.3) into cache
2026-09-07T23:52:47.8477775Z #51 11.80     Failed to download google/protobuf from dist: The zip extension and unzip/7z commands are both missing, skipping.
2026-09-07T23:52:47.8478931Z #51 11.80 Your command-line PHP is using multiple ini files. Run `php --ini` to show them.
2026-09-07T23:52:47.8479685Z #51 11.80     Now trying to download from source
2026-09-07T23:52:47.9982275Z #51 11.80   - Syncing google/protobuf (v3.25.9) into cache
2026-09-07T23:52:48.7250801Z #51 12.68     Failed to download symfony/finder from dist: The zip extension and unzip/7z commands are both missing, skipping.
2026-09-07T23:52:48.7251794Z #51 12.68 Your command-line PHP is using multiple ini files. Run `php --ini` to show them.
2026-09-07T23:52:48.7252569Z #51 12.68     Now trying to download from source
2026-09-07T23:52:48.8755767Z #51 12.68   - Syncing symfony/finder (v7.4.17) into cache
2026-09-07T23:52:49.7363575Z #51 13.69     Failed to download composer/class-map-generator from dist: The zip extension and unzip/7z commands are both missing, skipping.
2026-09-07T23:52:49.7364606Z #51 13.69 Your command-line PHP is using multiple ini files. Run `php --ini` to show them.
2026-09-07T23:52:49.7365449Z #51 13.69     Now trying to download from source
2026-09-07T23:52:49.8869183Z #51 13.69   - Syncing composer/class-map-generator (1.7.3) into cache
2026-09-07T23:52:50.5993586Z #51 14.55     Failed to download davidrjenni/scip-php from dist: The zip extension and unzip/7z commands are both missing, skipping.
2026-09-07T23:52:50.5995218Z #51 14.55 Your command-line PHP is using multiple ini files. Run `php --ini` to show them.
2026-09-07T23:52:50.5995768Z #51 14.55     Now trying to download from source
2026-09-07T23:52:50.7496516Z #51 14.55   - Syncing davidrjenni/scip-php (v0.0.2) into cache
2026-09-07T23:52:52.0293649Z #51 15.79   - Installing composer/pcre (3.4.0): Cloning d5a341b3fb from cache
2026-09-07T23:52:52.0294635Z #51 15.83   - Installing nikic/php-parser (v4.19.5): Cloning 51bd93cc74 from cache
2026-09-07T23:52:52.1680252Z #51 16.12   - Installing jetbrains/phpstorm-stubs (v2022.3): Cloning 6b568c153c from cache
2026-09-07T23:52:52.6499650Z #51 16.60   - Installing google/protobuf (v3.25.9): Cloning 7430ad4744 from cache
2026-09-07T23:52:52.7909102Z #51 16.66   - Installing symfony/finder (v7.4.17): Cloning 5ce2882708 from cache
2026-09-07T23:52:52.7909884Z #51 16.74   - Installing composer/class-map-generator (1.7.3): Cloning 86d8208fc3 from cache
2026-09-07T23:52:53.0169517Z #51 16.82   - Installing davidrjenni/scip-php (v0.0.2): Cloning b12e0593cf from cache
2026-09-07T23:52:53.2026629Z #51 17.16 1 package suggestions were added by new dependencies, use `composer suggest` to see details.
2026-09-07T23:52:53.3118579Z #51 17.16 Generating autoload files
2026-09-07T23:52:53.3119176Z #51 17.16 3 packages you are using are looking for funding.
2026-09-07T23:52:53.3119678Z #51 17.16 Use the `composer fund` command to find out more!
2026-09-07T23:52:53.3120059Z #51 17.16 Found 1 security vulnerability advisory affecting 1 package.
2026-09-07T23:52:53.3120442Z #51 17.16 Run composer audit for a full list of advisories.
2026-09-07T23:52:53.3120806Z #51 17.24 Clearing cache (cache-vcs-dir): /opt/composer/cache/vcs
2026-09-07T23:52:53.3121196Z #51 17.26 Clearing cache (cache-repo-dir): /opt/composer/cache/repo
2026-09-07T23:52:53.5241570Z #51 17.27 Cache directory does not exist (cache-files-dir): 
2026-09-07T23:52:53.5242230Z #51 17.27 Clearing cache (cache-dir): /opt/composer/cache
2026-09-07T23:52:53.5242641Z #51 17.27 All caches cleared.
2026-09-07T23:52:53.5242928Z #51 17.27 /usr/local/go/bin/go
2026-09-07T23:52:53.5243221Z #51 17.27 /usr/local/bin/node
2026-09-07T23:52:53.5243494Z #51 17.27 /usr/local/bin/npm
2026-09-07T23:52:53.5243764Z #51 17.27 /usr/bin/python3
2026-09-07T23:52:53.5244014Z #51 17.27 /usr/bin/javac
2026-09-07T23:52:53.5244264Z #51 17.27 /usr/bin/mvn
2026-09-07T23:52:53.5244521Z #51 17.27 /usr/local/cargo/bin/rustc
2026-09-07T23:52:53.5244818Z #51 17.27 /usr/local/cargo/bin/cargo
2026-09-07T23:52:53.5245130Z #51 17.27 /usr/bin/clang
2026-09-07T23:52:53.5245372Z #51 17.27 /usr/bin/ruby
2026-09-07T23:52:53.5245620Z #51 17.27 /usr/local/bin/dotnet
2026-09-07T23:52:53.5245889Z #51 17.27 /usr/local/bin/dart
2026-09-07T23:52:53.5246160Z #51 17.27 /usr/bin/php
2026-09-07T23:52:53.5246418Z #51 17.27 /usr/local/bin/scip-go
2026-09-07T23:52:53.5246708Z #51 17.27 /usr/local/bin/scip-typescript
2026-09-07T23:52:53.5247300Z #51 17.27 /usr/local/bin/scip-python
2026-09-07T23:52:53.5247686Z #51 17.27 /usr/local/bin/scip-java
2026-09-07T23:52:53.5247976Z #51 17.27 /usr/local/bin/scip-clang
2026-09-07T23:52:53.5248270Z #51 17.27 /usr/local/bin/scip-ruby
2026-09-07T23:52:53.5248565Z #51 17.27 /opt/dotnet-tools/scip-dotnet
2026-09-07T23:52:53.5248877Z #51 17.27 /opt/pub-cache/bin/scip_dart
2026-09-07T23:52:53.5249178Z #51 17.27 /usr/local/bin/scip-php
2026-09-07T23:52:53.5249461Z #51 17.27 /usr/local/bin/debian-lsp
2026-09-07T23:52:53.5249768Z #51 17.27 /usr/local/cargo/bin/rust-analyzer
2026-09-07T23:52:53.5250099Z #51 17.27 /usr/local/bin/ast-grep
2026-09-07T23:52:53.5250376Z #51 17.27 /usr/local/bin/scip
2026-09-07T23:52:53.5250633Z #51 DONE 17.3s
2026-09-07T23:52:53.5250762Z 
2026-09-07T23:52:53.5250871Z #52 [runtime 17/27] WORKDIR /app
2026-09-07T23:52:53.5251446Z #52 DONE 0.0s
2026-09-07T23:52:53.5251584Z 
2026-09-07T23:52:53.5251793Z #53 [runtime 18/27] COPY --from=deps /app/node_modules ./node_modules
2026-09-07T23:52:54.8917295Z #53 DONE 1.5s
2026-09-07T23:52:55.0575137Z 
2026-09-07T23:52:55.0576098Z #54 [runtime 19/27] COPY --from=deps /app/apps/codesearch/node_modules ./apps/codesearch/node_modules
2026-09-07T23:52:55.0576704Z #54 DONE 0.0s
2026-09-07T23:52:55.0576816Z 
2026-09-07T23:52:55.0576930Z #55 [runtime 20/27] COPY tsconfig.json ./
2026-09-07T23:52:55.0579443Z #55 DONE 0.0s
2026-09-07T23:52:55.0579637Z 
2026-09-07T23:52:55.0579887Z #56 [runtime 21/27] COPY apps/codesearch/src ./apps/codesearch/src
2026-09-07T23:52:55.0580210Z #56 DONE 0.0s
2026-09-07T23:52:55.0580393Z 
2026-09-07T23:52:55.0580604Z #57 [runtime 22/27] COPY apps/codesearch/scripts ./apps/codesearch/scripts
2026-09-07T23:52:55.0580959Z #57 DONE 0.0s
2026-09-07T23:52:55.0581084Z 
2026-09-07T23:52:55.0581402Z #58 [runtime 23/27] COPY apps/codesearch/package.json ./apps/codesearch/package.json
2026-09-07T23:52:55.0581786Z #58 DONE 0.0s
2026-09-07T23:52:55.0581924Z 
2026-09-07T23:52:55.0582243Z #59 [runtime 24/27] COPY apps/codesearch/tsconfig.json ./apps/codesearch/tsconfig.json
2026-09-07T23:52:55.0582727Z #59 DONE 0.0s
2026-09-07T23:52:55.0583174Z 
2026-09-07T23:52:55.0583349Z #60 [runtime 25/27] COPY apps/codesearch/start.sh /start.sh
2026-09-07T23:52:55.0583717Z #60 DONE 0.0s
2026-09-07T23:52:55.0583889Z 
2026-09-07T23:52:55.0584032Z #61 [runtime 26/27] RUN chmod +x /start.sh
2026-09-07T23:52:55.0584286Z #61 DONE 0.1s
2026-09-07T23:52:55.1740642Z 
2026-09-07T23:52:55.1741563Z #62 [runtime 27/27] RUN mkdir -p /data/zoekt-index /data/repo-cache
2026-09-07T23:52:55.1742293Z #62 DONE 0.1s
2026-09-07T23:52:55.3277854Z 
2026-09-07T23:52:55.3278635Z #63 exporting to image
2026-09-07T23:52:55.3279459Z #63 exporting layers
2026-09-07T23:53:18.7108002Z #63 exporting layers 23.5s done
2026-09-07T23:53:18.7280055Z #63 writing image sha256:25016d2dcfbf1cde371f25c77cf51799cb40df61d18e478d4b8ff8f33ebbd1e9 done
2026-09-07T23:53:18.7286817Z #63 DONE 23.5s
2026-09-07T23:53:18.7597363Z Post job cleanup.
2026-09-07T23:53:18.9531563Z [command]/usr/bin/git version
2026-09-07T23:53:18.9576329Z git version 2.55.0
2026-09-07T23:53:18.9631699Z Temporarily overriding HOME='/home/runner/work/_temp/86a5abe2-383e-4394-96d9-3531428f9329' before making global git config changes
2026-09-07T23:53:18.9633106Z Adding repository directory to the temporary git global config as a safe directory
2026-09-07T23:53:18.9638309Z [command]/usr/bin/git config --global --add safe.directory /home/runner/work/ctxpipe/ctxpipe
2026-09-07T23:53:18.9667678Z Removing SSH command configuration
2026-09-07T23:53:18.9674746Z [command]/usr/bin/git config --local --name-only --get-regexp core\.sshCommand
2026-09-07T23:53:18.9709588Z [command]/usr/bin/git submodule foreach --recursive sh -c "git config --local --name-only --get-regexp 'core\.sshCommand' && git config --local --unset-all 'core.sshCommand' || :"
2026-09-07T23:53:18.9910073Z Removing HTTP extra header
2026-09-07T23:53:18.9916835Z [command]/usr/bin/git config --local --name-only --get-regexp http\.https\:\/\/github\.com\/\.extraheader
2026-09-07T23:53:18.9950893Z [command]/usr/bin/git submodule foreach --recursive sh -c "git config --local --name-only --get-regexp 'http\.https\:\/\/github\.com\/\.extraheader' && git config --local --unset-all 'http.https://github.com/.extraheader' || :"
2026-09-07T23:53:19.0140910Z Removing includeIf entries pointing to credentials config files
2026-09-07T23:53:19.0149950Z [command]/usr/bin/git config --local --name-only --get-regexp ^includeIf\.gitdir:
2026-09-07T23:53:19.0181631Z includeif.gitdir:/home/runner/work/ctxpipe/ctxpipe/.git.path
2026-09-07T23:53:19.0188265Z includeif.gitdir:/home/runner/work/ctxpipe/ctxpipe/.git/worktrees/*.path
2026-09-07T23:53:19.0189118Z includeif.gitdir:/github/workspace/.git.path
2026-09-07T23:53:19.0189846Z includeif.gitdir:/github/workspace/.git/worktrees/*.path
2026-09-07T23:53:19.0191840Z [command]/usr/bin/git config --local --get-all includeif.gitdir:/home/runner/work/ctxpipe/ctxpipe/.git.path
2026-09-07T23:53:19.0203404Z /home/runner/work/_temp/git-credentials-d7b5d0a6-26b1-4fb8-9a0f-0e08390d68df.config
2026-09-07T23:53:19.0219290Z [command]/usr/bin/git config --local --unset includeif.gitdir:/home/runner/work/ctxpipe/ctxpipe/.git.path /home/runner/work/_temp/git-credentials-d7b5d0a6-26b1-4fb8-9a0f-0e08390d68df.config
2026-09-07T23:53:19.0259095Z [command]/usr/bin/git config --local --get-all includeif.gitdir:/home/runner/work/ctxpipe/ctxpipe/.git/worktrees/*.path
2026-09-07T23:53:19.0263810Z /home/runner/work/_temp/git-credentials-d7b5d0a6-26b1-4fb8-9a0f-0e08390d68df.config
2026-09-07T23:53:19.0277193Z [command]/usr/bin/git config --local --unset includeif.gitdir:/home/runner/work/ctxpipe/ctxpipe/.git/worktrees/*.path /home/runner/work/_temp/git-credentials-d7b5d0a6-26b1-4fb8-9a0f-0e08390d68df.config
2026-09-07T23:53:19.0321435Z [command]/usr/bin/git config --local --get-all includeif.gitdir:/github/workspace/.git.path
2026-09-07T23:53:19.0352572Z /github/runner_temp/git-credentials-d7b5d0a6-26b1-4fb8-9a0f-0e08390d68df.config
2026-09-07T23:53:19.0408553Z [command]/usr/bin/git config --local --unset includeif.gitdir:/github/workspace/.git.path /github/runner_temp/git-credentials-d7b5d0a6-26b1-4fb8-9a0f-0e08390d68df.config
2026-09-07T23:53:19.0415071Z [command]/usr/bin/git config --local --get-all includeif.gitdir:/github/workspace/.git/worktrees/*.path
2026-09-07T23:53:19.0438386Z /github/runner_temp/git-credentials-d7b5d0a6-26b1-4fb8-9a0f-0e08390d68df.config
2026-09-07T23:53:19.0449761Z [command]/usr/bin/git config --local --unset includeif.gitdir:/github/workspace/.git/worktrees/*.path /github/runner_temp/git-credentials-d7b5d0a6-26b1-4fb8-9a0f-0e08390d68df.config
2026-09-07T23:53:19.0496368Z [command]/usr/bin/git submodule foreach --recursive git config --local --show-origin --name-only --get-regexp remote.origin.url
2026-09-07T23:53:19.0690935Z Removing credentials config '/home/runner/work/_temp/git-credentials-d7b5d0a6-26b1-4fb8-9a0f-0e08390d68df.config'
2026-09-07T23:53:19.0893153Z Cleaning up orphan processes
